prompt_id,genre,author,scorer,n_tokens,mean_lp_cond,mean_lp_uncond,sum_lp_cond
C1,code,Phi,Qwen,65,-0.5608998487930751,-0.8079325976558183,-36.45849017154988
C2,code,Phi,Qwen,205,-0.2203105196644522,-0.4823047780683039,-45.1636565312127
C3,code,Phi,Qwen,142,-0.4675558432775027,-0.558143872172258,-66.39292974540538
C4,code,Phi,Qwen,79,-0.2224366818681392,-0.9831243276417482,-17.572497867582996
C5,code,Phi,Qwen,143,-0.2814265119825283,-0.5240533680684163,-40.24399121350155
C6,code,Phi,Qwen,208,-0.4821400906765629,-0.5553433254704356,-100.28513886072508
C7,code,Phi,Qwen,110,-0.4323919855210415,-0.8788985140672573,-47.56311840731457
C8,code,Phi,Qwen,182,-0.5173327104455705,-0.708326831232832,-94.15455330109383
C9,code,Phi,Qwen,121,-0.4536732483491141,-0.5464530546535162,-54.894463050242805
C10,code,Phi,Qwen,129,-0.39136408969639236,-0.7739211169492632,-50.48596757083462
C11,code,Phi,Qwen,94,-0.20446444069052236,-0.538194739346701,-19.2196574249091
C12,code,Phi,Qwen,186,-0.16546806858710952,-0.24527649960751477,-30.77706075720237
C13,code,Phi,Qwen,96,-0.6194103860198212,-0.6176775423304494,-59.46339705790284
C14,code,Phi,Qwen,249,-0.5648314864063481,-0.7801709647768181,-140.64304011518067
C15,code,Phi,Qwen,171,-0.5790753471116352,-0.7475692208530905,-99.02188435608963
C16,code,Phi,Qwen,225,-0.49092318277091107,-0.5807193548804541,-110.45771612345499
C17,code,Phi,Qwen,238,-0.24010593766059524,-0.3304538293085825,-57.14521316322167
C18,code,Phi,Qwen,198,-0.536204183650331,-0.6378497203842798,-106.16842836276554
C19,code,Phi,Qwen,194,-0.7627804088797383,-0.9013092813507292,-147.97939932266922
C20,code,Phi,Qwen,132,-0.7233745242554638,-0.9055094729971143,-95.48543720172123
Q1,math,Phi,Qwen,251,-0.27553534075553243,-0.5819667146638249,-69.15937052963864
Q2,math,Phi,Qwen,254,-0.20845912654715593,-0.4192600169084453,-52.94861814297761
Q3,math,Phi,Qwen,346,-0.24336740500509843,-0.4979992230302209,-84.20512213176406
Q4,math,Phi,Qwen,959,-0.29742920940983475,-0.3810784487953492,-285.2346118240315
Q5,math,Phi,Qwen,263,-0.31308418036183683,-0.5468056548839544,-82.34113943516309
Q6,math,Phi,Qwen,241,-0.5727904929944927,-0.7103824504239407,-138.04250881167275
Q7,math,Phi,Qwen,379,-0.30249566343529244,-0.47411201324165314,-114.64585644197584
Q8,math,Phi,Qwen,433,-0.2724482928331018,-0.35556133264390416,-117.97011079673308
Q9,math,Phi,Qwen,377,-0.2804145811962573,-0.39224208513084485,-105.71629711098899
Q10,math,Phi,Qwen,286,-0.42338000101834866,-0.595841149065346,-121.08668029124772
Q11,math,Phi,Qwen,343,-0.3499952714036411,-0.5730188439828963,-120.04837809144891
Q12,math,Phi,Qwen,311,-0.3399161359812683,-0.4739846948103562,-105.71391829017443
Q13,math,Phi,Qwen,408,-0.34484479871736634,-0.42194437393233,-140.69667787668547
Q14,math,Phi,Qwen,414,-0.37779093380033335,-0.5101944610844369,-156.405446593338
Q15,math,Phi,Qwen,469,-0.49035327104806714,-0.6105495088087676,-229.97568412154348
Q16,math,Phi,Qwen,447,-0.47824022619683637,-0.5389801426422977,-213.77338110998585
Q17,math,Phi,Qwen,214,-0.275888352512634,-0.5190713589690191,-59.040107437703675
Q18,math,Phi,Qwen,362,-0.2714973595638696,-0.41358350820650824,-98.2820441621208
Q19,math,Phi,Qwen,369,-0.42155044321153523,-0.5266340650900194,-155.5521135450565
Q20,math,Phi,Qwen,793,-0.4395827324838318,-0.48535700860552655,-348.5891068596786
E1,prose,Phi,Qwen,392,-1.1233969812089937,-1.3436979315059807,-440.37161663392556
E2,prose,Phi,Qwen,329,-1.2323397337476025,-1.4469072797905487,-405.43977240296124
E3,prose,Phi,Qwen,410,-1.1521927638327596,-1.3560773733901226,-472.3990331714314
E4,prose,Phi,Qwen,319,-1.3692724876070643,-1.5117381955363374,-436.7979235466535
E5,prose,Phi,Qwen,436,-1.0192754260239323,-1.2997240440595135,-444.4040857464345
E6,prose,Phi,Qwen,371,-1.0261694684239497,-1.2750688197221243,-380.7088727852854
E7,prose,Phi,Qwen,265,-1.037339048748524,-1.3196453003571584,-274.89484791835883
E8,prose,Phi,Qwen,456,-1.3407523018431724,-1.5400561074605232,-611.3830496404867
E9,prose,Phi,Qwen,297,-1.2041123824244238,-1.4455130226421509,-357.62137758005383
E10,prose,Phi,Qwen,360,-1.1414485457424326,-1.374745726968421,-410.92147646727574
E11,prose,Phi,Qwen,322,-0.9881253771751222,-1.1854001428677245,-318.17637145038935
E12,prose,Phi,Qwen,406,-1.280737409474738,-1.4514987909473027,-519.9793882467436
E13,prose,Phi,Qwen,334,-1.0845645063011597,-1.4199855067824219,-362.24454510458736
E14,prose,Phi,Qwen,382,-1.1791111688949873,-1.4078191961229813,-450.42046651788513
M1,prose,Phi,Qwen,360,-1.164957583854647,-1.4966707395968457,-419.384730187673
M2,prose,Phi,Qwen,357,-1.0728484335486146,-1.475947632435758,-383.0068907768554
M3,prose,Phi,Qwen,381,-1.1244898044485505,-1.4760706759169415,-428.4306154948978
M4,prose,Phi,Qwen,408,-1.2143925840725667,-1.5848946401108668,-495.4721743016072
M5,prose,Phi,Qwen,366,-0.9871887230946279,-1.3486077115598873,-361.3110726526338
M6,prose,Phi,Qwen,295,-0.97243161644552,-1.6445150884342097,-286.8673268514284
M7,prose,Phi,Qwen,309,-1.1219819236560076,-1.6829665944870722,-346.6924144097063
M8,prose,Phi,Qwen,355,-1.2545797009280888,-1.717753972192534,-445.3757938294715
M9,prose,Phi,Qwen,440,-1.212057126350757,-1.6125815003434174,-533.305135594333
M10,prose,Phi,Qwen,440,-1.1305188169482545,-1.5096950911354525,-497.428279457232
M11,prose,Phi,Qwen,360,-1.158701366757373,-1.593639716073836,-417.1324920326542
M12,prose,Phi,Qwen,393,-1.1964004865148983,-1.5475687491465995,-470.185391200355
M13,prose,Phi,Qwen,276,-1.1630514801724972,-1.665754181533467,-321.00220852760924
H1,prose,Phi,Qwen,372,-1.2822082197299438,-2.106030841810837,-476.9814577395391
H2,prose,Phi,Qwen,403,-1.3963449345571357,-2.0137282484176184,-562.7270086265257
H3,prose,Phi,Qwen,517,-1.0449112239217355,-1.777430384072952,-540.2191027675373
H4,prose,Phi,Qwen,320,-1.326764916562166,-2.2371341057428182,-424.56477329989315
H5,prose,Phi,Qwen,507,-1.2377425807196543,-1.68446365079085,-627.5354884248648
H6,prose,Phi,Qwen,350,-1.2140892364739166,-1.9655192734985947,-424.9312327658708
H7,prose,Phi,Qwen,391,-1.107002790358408,-2.1372408841962134,-432.83809103013755
H8,prose,Phi,Qwen,369,-1.0196815859295845,-1.8920695281892157,-376.26250520801665
H9,prose,Phi,Qwen,340,-1.1413655273559147,-2.125497519167444,-388.064279301011
H10,prose,Phi,Qwen,497,-1.186259591719849,-1.9347748686733799,-589.571017084765
H11,prose,Phi,Qwen,421,-0.9764032277748221,-1.9011586494399033,-411.0657588932001
H12,prose,Phi,Qwen,388,-0.8862524025704525,-1.982241562836306,-343.86593219733555
H13,prose,Phi,Qwen,324,-1.0030728771680226,-2.37182642727041,-324.9956122024393
E15,prose,Phi,Qwen,370,-1.305895683166305,-1.6986267821065242,-483.1814027715329
E16,prose,Phi,Qwen,335,-1.2464575120924668,-1.5176181288894859,-417.5632665509764
E17,prose,Phi,Qwen,410,-1.3517032057446672,-1.6763460657333598,-554.1983143553135
E18,prose,Phi,Qwen,317,-1.339827390194701,-1.559122548589431,-424.7252826917203
E19,prose,Phi,Qwen,349,-1.3108035425211313,-1.6082665986926914,-457.4704363398748
E20,prose,Phi,Qwen,356,-1.4157088619332934,-1.5714803319813788,-503.99235484825243
E21,prose,Phi,Qwen,388,-1.2658040682102396,-1.4068703944616079,-491.13197846557296
M14,prose,Phi,Qwen,267,-1.1735181491969615,-1.8225898212795757,-313.3293458355887
M15,prose,Phi,Qwen,352,-1.2110977203323425,-1.6836404744929792,-426.30639755698456
M16,prose,Phi,Qwen,311,-1.4001827942831935,-1.8714809788073785,-435.4568490220732
M17,prose,Phi,Qwen,302,-1.1499490929799452,-1.8441064018295288,-347.28462607994345
M18,prose,Phi,Qwen,304,-1.2464276927110864,-1.5969218245890928,-378.91401858417026
M19,prose,Phi,Qwen,429,-1.214475538896826,-1.705537685747561,-521.0100061867383
M20,prose,Phi,Qwen,314,-1.0590594738341628,-1.5313476620034612,-332.5446747839271
H14,prose,Phi,Qwen,415,-1.0581723407062564,-1.7101221835010727,-439.1415213930964
H15,prose,Phi,Qwen,402,-1.1880692529176613,-1.8737445447779386,-477.6038396728998
H16,prose,Phi,Qwen,398,-1.2302681084585685,-2.2014902266646503,-489.6467071665103
H17,prose,Phi,Qwen,341,-1.1522841097609484,-2.1549406848711388,-392.9288814284834
H18,prose,Phi,Qwen,332,-1.3233709012798918,-2.095734593138779,-439.35913922492404
H19,prose,Phi,Qwen,375,-0.9468266754998702,-1.5104513893189526,-355.06000331245133
S1,short,Phi,Qwen,84,-0.8030968365783777,-1.0832036982099724,-67.46013427258373
S2,short,Phi,Qwen,73,-2.625048436347255,-2.1410843293916617,-191.6285358533496
S3,short,Phi,Qwen,90,-1.5374474450368099,-1.3495814925524487,-138.37027005331288
S4,short,Phi,Qwen,96,-1.4256211959207397,-1.0952033393455813,-136.859634808391
S5,short,Phi,Qwen,89,-1.1313816503814953,-1.1191442751076037,-100.69296688395309
S6,short,Phi,Qwen,55,-1.9743016546675787,-1.8288174787165998,-108.58659100671683
S7,short,Phi,Qwen,101,-1.4170717733297473,-1.1597396979168924,-143.1242491063045
S8,short,Phi,Qwen,81,-0.8515161873386838,-1.018787675849549,-68.97281117443339
S9,short,Phi,Qwen,112,-1.588978472002531,-1.5871996140731015,-177.9655888642835
S10,short,Phi,Qwen,88,-0.9990947124464817,-1.0681830524162534,-87.92033469529039
S11,short,Phi,Qwen,99,-2.4461562569054034,-2.0324437297068116,-242.16946943363493
S12,short,Phi,Qwen,90,-1.5169103081522524,-1.1465909020533402,-136.5219277337027
S13,short,Phi,Qwen,87,-1.6082360719844901,-1.3254021746190865,-139.91653826265065
S14,short,Phi,Qwen,95,-1.5377592087775838,-1.3094742535961215,-146.08712483387046
S15,short,Phi,Qwen,106,-1.0294676593681322,-1.1690859016296253,-109.12357189302202
S16,short,Phi,Qwen,90,-2.110100924256295,-1.4946635442670362,-189.90908318306657
S17,short,Phi,Qwen,65,-1.804953941042822,-1.4993904321243505,-117.32200616778343
S18,short,Phi,Qwen,108,-1.5582893343700006,-1.3794775342330212,-168.29524811196006
S19,short,Phi,Qwen,117,-1.3944679789403653,-0.9893807690209424,-163.15275353602274
S20,short,Phi,Qwen,85,-1.7473411655797784,-1.6586949168338054,-148.52399907428116
C1,code,Qwen,Qwen,99,-0.11040180343026443,-0.6124816621882679,-10.929778539596178
C2,code,Qwen,Qwen,221,-0.13870702409459948,-0.4761775014694614,-30.654252324906487
C3,code,Qwen,Qwen,195,-0.06437124165655136,-0.3575877215616194,-12.552392123027516
C4,code,Qwen,Qwen,133,-0.12527524056031644,-0.6521938500585382,-16.66160699452209
C5,code,Qwen,Qwen,176,-0.15083445736815593,-0.45947564677322233,-26.546864496795443
C6,code,Qwen,Qwen,157,-0.12557091722726374,-0.5034958733354034,-19.714634004680406
C7,code,Qwen,Qwen,130,-0.11284829609751632,-0.5548536477192589,-14.67027849267712
C8,code,Qwen,Qwen,206,-0.1270924824417875,-0.43122486677249183,-26.181051383008224
C9,code,Qwen,Qwen,156,-0.12473187282292546,-0.6363024949297545,-19.45817216037637
C10,code,Qwen,Qwen,209,-0.13474168658826388,-0.8357209889592279,-28.16101249694715
C11,code,Qwen,Qwen,224,-0.10847058677024493,-0.44266152518838836,-24.297411436534865
C12,code,Qwen,Qwen,267,-0.06907715300692782,-0.32385927561482913,-18.44359985284973
C13,code,Qwen,Qwen,99,-0.03985654574463784,-0.4967282119609671,-3.945798028719146
C14,code,Qwen,Qwen,242,-0.13421373940513356,-0.5345600509246348,-32.479724936042324
C15,code,Qwen,Qwen,253,-0.14648183743866064,-0.5550452503253374,-37.05990487198114
C16,code,Qwen,Qwen,238,-0.13849163391602476,-0.45839143512572317,-32.96100887201389
C17,code,Qwen,Qwen,256,-0.1430077164759119,-0.43009042390998115,-36.609975417833446
C18,code,Qwen,Qwen,236,-0.12827924402323973,-0.4021028502018529,-30.273901589484574
C19,code,Qwen,Qwen,255,-0.2092682990510549,-0.5514041795974384,-53.363416258019
C20,code,Qwen,Qwen,318,-0.05292112870803891,-0.2675047611795234,-16.828918929156373
Q1,math,Qwen,Qwen,223,-0.10249236600461412,-0.5556022328930333,-22.855797619028948
Q2,math,Qwen,Qwen,319,-0.13564536337669544,-0.4322377373862214,-43.270870917165844
Q3,math,Qwen,Qwen,331,-0.21013059137341378,-0.48515721372254306,-69.55322574459996
Q4,math,Qwen,Qwen,782,-0.12050722200694622,-0.2136962852223701,-94.23664760943194
Q5,math,Qwen,Qwen,259,-0.12710835735361356,-0.5079933489360822,-32.92106455458591
Q6,math,Qwen,Qwen,254,-0.1738550588654419,-0.5171479533678534,-44.15918495182224
Q7,math,Qwen,Qwen,307,-0.09289352261261036,-0.2791041149899265,-28.51831144207138
Q8,math,Qwen,Qwen,428,-0.18639629991875395,-0.4000088148404433,-79.77761636522669
Q9,math,Qwen,Qwen,517,-0.1144102331895533,-0.25460011160279744,-59.15009055899906
Q10,math,Qwen,Qwen,285,-0.1976552868284566,-0.6128353972563201,-56.33175674611013
Q11,math,Qwen,Qwen,309,-0.18504133166766484,-0.5423329275306431,-57.17777148530844
Q12,math,Qwen,Qwen,220,-0.1594092277286173,-0.41697536528066376,-35.0700301002958
Q13,math,Qwen,Qwen,228,-0.2288638707425669,-0.5494946619517495,-52.180962529305255
Q14,math,Qwen,Qwen,430,-0.12863545521588085,-0.33521674886577807,-55.31324574282876
Q15,math,Qwen,Qwen,423,-0.12272484969877671,-0.3600542630019666,-51.91261142258255
Q16,math,Qwen,Qwen,340,-0.22394361336399865,-0.4757275972687939,-76.14082854375954
Q17,math,Qwen,Qwen,291,-0.1353284090462307,-0.43730050454665853,-39.380567032453136
Q18,math,Qwen,Qwen,402,-0.21393879162144908,-0.5351652212432036,-86.00339423182253
Q19,math,Qwen,Qwen,404,-0.18619888434437804,-0.3609803762254485,-75.22434927512873
Q20,math,Qwen,Qwen,488,-0.3584839565460777,-0.6403894242225585,-174.9401707944859
E1,prose,Qwen,Qwen,463,-0.6639808058661713,-1.0192290142561122,-307.4231131160373
E2,prose,Qwen,Qwen,460,-0.7240613854180536,-1.0827596294820503,-333.0682372923047
E3,prose,Qwen,Qwen,444,-0.7448051148083352,-1.1902734425550672,-330.69347097490083
E4,prose,Qwen,Qwen,461,-0.7304880995256586,-1.0689450970743801,-336.75501388132864
E5,prose,Qwen,Qwen,549,-0.7085451268491696,-1.0940968970580045,-388.9912746401941
E6,prose,Qwen,Qwen,385,-0.8556378962184068,-1.3755030090868174,-329.4205900440866
E7,prose,Qwen,Qwen,451,-0.6476048647052474,-1.0843987650716158,-292.0697939820666
E8,prose,Qwen,Qwen,509,-0.7566191436817021,-1.2109414681984403,-385.11914413398637
E9,prose,Qwen,Qwen,431,-0.7892676227822164,-1.2413207384542557,-340.17434541913525
E10,prose,Qwen,Qwen,420,-0.6896917019964375,-1.0847183255372128,-289.6705148385037
E11,prose,Qwen,Qwen,515,-0.8369172791428009,-1.238624160256495,-431.0123987585425
E12,prose,Qwen,Qwen,444,-0.6866542178435562,-1.191908897416809,-304.87447272253894
E13,prose,Qwen,Qwen,378,-0.7303807522281716,-1.316508903599984,-276.08392434224885
E14,prose,Qwen,Qwen,512,-0.7421711172920742,-1.106377985686872,-379.991612053542
M1,prose,Qwen,Qwen,289,-0.6782808086277238,-1.2980273889431067,-196.02315369341216
M2,prose,Qwen,Qwen,487,-0.8131207870465854,-1.2906727686303507,-395.9898232916871
M3,prose,Qwen,Qwen,415,-0.6296689032866315,-1.1751609843084572,-261.3125948639521
M4,prose,Qwen,Qwen,429,-0.7370538601607002,-1.2727700819849428,-316.1961060089404
M5,prose,Qwen,Qwen,545,-0.5812648894492293,-1.1044519643970063,-316.78936474982993
M6,prose,Qwen,Qwen,508,-0.6744932893669083,-1.2733275717733252,-342.64259099838944
M7,prose,Qwen,Qwen,434,-0.6262898571168446,-1.2617192986851185,-271.80979798871056
M8,prose,Qwen,Qwen,465,-0.7495546175885169,-1.3490042542492129,-348.5428971786604
M9,prose,Qwen,Qwen,522,-0.7883222550561788,-1.445020025860232,-411.50421713932536
M10,prose,Qwen,Qwen,423,-0.7047896923036876,-1.3090592920017796,-298.12603984445985
M11,prose,Qwen,Qwen,530,-0.8777170856848185,-1.4264605255239071,-465.1900554129538
M12,prose,Qwen,Qwen,420,-0.6979552669078278,-1.1631462134760475,-293.1412121012877
M13,prose,Qwen,Qwen,463,-0.7563155451808774,-1.3406377669830771,-350.1740974187462
H1,prose,Qwen,Qwen,465,-0.6588401761072071,-1.3968405921144336,-306.3606818898513
H2,prose,Qwen,Qwen,663,-0.6988151695234578,-1.4606336529141,-463.3144573940525
H3,prose,Qwen,Qwen,524,-0.6765811259365753,-1.5012436134540001,-354.52850999076543
H4,prose,Qwen,Qwen,540,-0.6517597640965633,-1.567194651072077,-351.9502726121442
H5,prose,Qwen,Qwen,512,-0.6551321819394296,-1.314445057902631,-335.42767715298794
H6,prose,Qwen,Qwen,547,-0.5916421289684939,-1.4215224524503587,-323.62824454576617
H7,prose,Qwen,Qwen,570,-0.6998592418473244,-1.4907268828385125,-398.9197678529749
H8,prose,Qwen,Qwen,525,-0.6452441466328228,-1.439854083527419,-338.753176982232
H9,prose,Qwen,Qwen,445,-0.6712500885199857,-1.7121523457781795,-298.7062893913936
H10,prose,Qwen,Qwen,617,-0.681124568907932,-1.4769585147995612,-420.25385901619404
H11,prose,Qwen,Qwen,512,-0.6408169889439436,-1.7338825252382886,-328.0982983392991
H12,prose,Qwen,Qwen,541,-0.705485345941404,-1.483094138497513,-381.6675721542996
H13,prose,Qwen,Qwen,626,-0.7130598958929062,-1.6113992367412266,-446.3754948289593
E15,prose,Qwen,Qwen,499,-0.800341860043967,-1.2607974885362179,-399.37058816193957
E16,prose,Qwen,Qwen,462,-0.8374758332360246,-1.2774379060443941,-386.91383495504334
E17,prose,Qwen,Qwen,493,-0.7883587976934264,-1.4205654985342184,-388.6608872628592
E18,prose,Qwen,Qwen,469,-0.7214191740758259,-1.10258029997096,-338.34559264156235
E19,prose,Qwen,Qwen,399,-0.8452751762713653,-1.5294782560744826,-337.26479533227473
E20,prose,Qwen,Qwen,392,-0.7899860134601264,-1.2925561928360858,-309.67451727636956
E21,prose,Qwen,Qwen,457,-0.6611832559681899,-1.0403806221168774,-302.1607479774628
M14,prose,Qwen,Qwen,361,-0.7040137006379088,-1.4000236330163287,-254.1489459302851
M15,prose,Qwen,Qwen,388,-0.6681328651206289,-1.3486418166695378,-259.235551666804
M16,prose,Qwen,Qwen,501,-0.6673138212965785,-1.2488480442411432,-334.32422446958583
M17,prose,Qwen,Qwen,348,-0.7629984887282676,-1.7001497967420949,-265.52347407743713
M18,prose,Qwen,Qwen,432,-0.6818090451443546,-1.205641087916151,-294.5415075023612
M19,prose,Qwen,Qwen,407,-0.6892631851921049,-1.2752082556633697,-280.53011637318673
M20,prose,Qwen,Qwen,445,-0.7268176006059559,-1.2312294761234126,-323.4338322696504
H14,prose,Qwen,Qwen,471,-0.7150714426238222,-1.3812829343355202,-336.79864947582024
H15,prose,Qwen,Qwen,522,-0.6933620577290605,-1.5905246119102,-361.93499413456954
H16,prose,Qwen,Qwen,518,-0.7415355704509603,-1.5437183345294592,-384.11542549359746
H17,prose,Qwen,Qwen,463,-0.7129405081020398,-1.5761775169097434,-330.09145525124444
H18,prose,Qwen,Qwen,396,-0.749256143415029,-1.5797595914919942,-296.7054327923515
H19,prose,Qwen,Qwen,512,-0.6486066159579098,-1.2371251997224042,-332.0865873704498
S1,short,Qwen,Qwen,57,-0.14030784261908374,-0.9265128588193322,-7.997547029287773
S2,short,Qwen,Qwen,52,-0.2419472084260269,-1.3200024378673725,-12.581254838153399
S3,short,Qwen,Qwen,64,-0.33298792363140695,-1.4672646169032564,-21.311227112410045
S4,short,Qwen,Qwen,44,-0.19002935733625345,-0.8633251826405698,-8.361291722795151
S5,short,Qwen,Qwen,68,-0.18455430357913916,-1.0088739136701894,-12.549692643381462
S6,short,Qwen,Qwen,53,-0.08995836497989058,-0.9557190696611472,-4.767793343934201
S7,short,Qwen,Qwen,45,-0.09127748527818211,-0.634607709557961,-4.107486837518195
S8,short,Qwen,Qwen,56,-0.27350480715074305,-1.4718503532132177,-15.31626920044161
S9,short,Qwen,Qwen,52,-0.4083622024542289,-1.887415287801934,-21.234834527619903
S10,short,Qwen,Qwen,46,-0.23850700854617787,-0.95277240495343,-10.971322393124183
S11,short,Qwen,Qwen,89,-0.2917917890179104,-1.1389183262835187,-25.96946922259403
S12,short,Qwen,Qwen,61,-0.25883833345425106,-0.9820509325613481,-15.789138340709314
S13,short,Qwen,Qwen,41,-0.23059627775399172,-1.6548144495228327,-9.45444738791366
S14,short,Qwen,Qwen,50,-0.28420407082670507,-1.0328381122351262,-14.210203541335254
S15,short,Qwen,Qwen,70,-0.2956111045686116,-1.1652589637680806,-20.692777319802815
S16,short,Qwen,Qwen,41,-0.1345941217923303,-1.171793489837728,-5.518358993485542
S17,short,Qwen,Qwen,45,-0.2093424845980405,-1.4398728234148372,-9.420411806911822
S18,short,Qwen,Qwen,70,-0.28914682913832773,-1.4725546539301686,-20.24027803968294
S19,short,Qwen,Qwen,61,-0.21709423093140298,-1.0430561338774471,-13.242748086815581
S20,short,Qwen,Qwen,54,-0.2982375955187273,-1.5452209549403157,-16.104830158011275
C1,code,Mistral,Qwen,170,-0.8364935994778128,-0.6106302123022653,-142.20391191122818
C2,code,Mistral,Qwen,272,-0.5606579163962679,-0.7183924958834751,-152.49895325978488
C3,code,Mistral,Qwen,176,-0.581793352728027,-0.7069959805063072,-102.39563008013275
C4,code,Mistral,Qwen,240,-0.9179820248951372,-0.8710016188337711,-220.31568597483295
C5,code,Mistral,Qwen,235,-0.7190015667227349,-0.7416124023405151,-168.9653681798427
C6,code,Mistral,Qwen,243,-0.9657739794401788,-0.741275299101297,-234.68307700396346
C7,code,Mistral,Qwen,186,-0.9139119620445278,-0.960725239266969,-169.9876249402822
C8,code,Mistral,Qwen,305,-0.7117528227822729,-0.7121486028998089,-217.08461094859325
C9,code,Mistral,Qwen,219,-0.5795386984327928,-0.5939767205712132,-126.91897495678164
C10,code,Mistral,Qwen,215,-0.750805584372477,-0.6947122287008497,-161.42320064008257
C11,code,Mistral,Qwen,411,-0.5339279013389262,-0.5591565907817029,-219.44436745029867
C12,code,Mistral,Qwen,269,-0.8124622546646058,-0.6542661574409737,-218.55234650477894
C13,code,Mistral,Qwen,127,-0.4697460955654814,-0.7905618621524518,-59.65775413681614
C14,code,Mistral,Qwen,307,-0.6538800805239918,-0.7559922584878476,-200.7411847208655
C15,code,Mistral,Qwen,308,-0.8939407923786756,-1.0158040723215525,-275.3337640526321
C16,code,Mistral,Qwen,390,-0.5324111407934495,-0.4843147590758271,-207.6403449094453
C17,code,Mistral,Qwen,364,-0.5628620852938743,-0.5123185658953839,-204.88179904697023
C18,code,Mistral,Qwen,252,-0.5876975152645039,-0.8571130548077989,-148.09977384665498
C19,code,Mistral,Qwen,261,-0.8072966512108696,-0.8328715090657764,-210.70442596603695
C20,code,Mistral,Qwen,425,-0.7864008137481545,-0.7988517981319259,-334.2203458429657
Q1,math,Mistral,Qwen,243,-0.4148058784108326,-0.6159502502639458,-100.79782845383232
Q2,math,Mistral,Qwen,251,-0.3504950696707771,-0.5024526417922405,-87.97426248736505
Q3,math,Mistral,Qwen,426,-0.6675036406069843,-0.6200078593154956,-284.35655089857534
Q4,math,Mistral,Qwen,873,-0.24920484153200292,-0.2617299301337917,-217.55582665743856
Q5,math,Mistral,Qwen,216,-0.3082627885362696,-0.5455796254094364,-66.58476232383423
Q6,math,Mistral,Qwen,318,-0.9218948569693479,-0.8633883793184414,-293.16256451625264
Q7,math,Mistral,Qwen,329,-0.605047011546419,-0.6252852001660536,-199.06046679877187
Q8,math,Mistral,Qwen,307,-0.8185611789698973,-0.8440790801262829,-251.29828194375847
Q9,math,Mistral,Qwen,734,-0.7376741122034268,-0.6072033819001982,-541.4527983573153
Q10,math,Mistral,Qwen,327,-0.9309700025205468,-0.917596844416651,-304.4271908242188
Q11,math,Mistral,Qwen,373,-1.2467502116207465,-0.9708624284981908,-465.0378289345384
Q12,math,Mistral,Qwen,255,-0.681716708545947,-0.7776266900384554,-173.8377606792165
Q13,math,Mistral,Qwen,291,-0.6998402469096171,-0.8220182853935493,-203.65351185069858
Q14,math,Mistral,Qwen,727,-0.5881444781213461,-0.5283875159087112,-427.5810355942186
Q15,math,Mistral,Qwen,604,-0.9975479605577295,-0.8956947540416339,-602.5189681768686
Q16,math,Mistral,Qwen,389,-0.8652506162129492,-0.785272034704208,-336.58248970683724
Q17,math,Mistral,Qwen,604,-0.9825760571001351,-0.9475933850318773,-593.4759384884816
Q18,math,Mistral,Qwen,216,-0.6104021416784845,-0.8914331880172012,-131.84686260255265
Q19,math,Mistral,Qwen,262,-1.0371848142133553,-1.0106042639532486,-271.74242132389907
Q20,math,Mistral,Qwen,846,-0.7148567911840126,-0.7304792048602654,-604.7688453416746
E1,prose,Mistral,Qwen,498,-1.062117855740717,-1.223752162491418,-528.934692158877
E2,prose,Mistral,Qwen,437,-1.1785456635371279,-1.366390747502364,-515.0244549657249
E3,prose,Mistral,Qwen,566,-1.0769690454103686,-1.1430741292591415,-609.5644797022686
E4,prose,Mistral,Qwen,335,-1.1582857450551225,-1.1519440000213743,-388.02572459346607
E5,prose,Mistral,Qwen,517,-0.9578111901900257,-1.1228590573216717,-495.18838532824327
E6,prose,Mistral,Qwen,476,-1.1087434765483357,-1.2012017629066818,-527.7618948370078
E7,prose,Mistral,Qwen,499,-0.9333582078819136,-0.9586007542585564,-465.7457457330749
E8,prose,Mistral,Qwen,459,-1.1899543684489027,-1.3408529413200072,-546.1890551180463
E9,prose,Mistral,Qwen,408,-1.1215381843953498,-1.274243950401287,-457.5875792333027
E10,prose,Mistral,Qwen,354,-1.0476917945779216,-1.1193591825609515,-370.88289528058425
E11,prose,Mistral,Qwen,488,-1.0273652490233178,-1.171485709185963,-501.3542415233791
E12,prose,Mistral,Qwen,567,-1.1306399154702433,-1.2618898888554013,-641.072832071628
E13,prose,Mistral,Qwen,403,-1.1339575086393712,-1.3827050116240613,-456.98487598166656
E14,prose,Mistral,Qwen,462,-1.212254949898231,-1.3526248912845373,-560.0617868529827
M1,prose,Mistral,Qwen,514,-1.2856748690124862,-1.368852338383475,-660.8368826724179
M2,prose,Mistral,Qwen,439,-1.0083627144551321,-1.2072879196950734,-442.67123164580306
M3,prose,Mistral,Qwen,567,-1.0475923578940687,-1.240419880370606,-593.9848669259369
M4,prose,Mistral,Qwen,416,-1.1418939198364155,-1.4262129603060147,-475.02787065194883
M5,prose,Mistral,Qwen,397,-1.1818158934274872,-1.494567757713327,-469.18090969071244
M6,prose,Mistral,Qwen,474,-1.0239234641223713,-1.2277479060123524,-485.339721994004
M7,prose,Mistral,Qwen,508,-1.0200260955727665,-1.3576035443799979,-518.1732565509653
M8,prose,Mistral,Qwen,443,-1.1287619694480502,-1.4236101503770653,-500.04155246548623
M9,prose,Mistral,Qwen,461,-0.9019552952129043,-1.2171614638735766,-415.8013910931489
M10,prose,Mistral,Qwen,475,-0.9855063316856872,-1.313505959266127,-468.11550755070147
M11,prose,Mistral,Qwen,458,-1.121104691435697,-1.4293951587595586,-513.4659486775492
M12,prose,Mistral,Qwen,438,-1.1051323684957346,-1.2442194186853472,-484.04797740113173
M13,prose,Mistral,Qwen,507,-1.073771962771219,-1.2580657912927764,-544.402385125008
H1,prose,Mistral,Qwen,475,-0.881987815330024,-1.4030613471763285,-418.9442122817614
H2,prose,Mistral,Qwen,502,-1.1277249341354014,-1.625502739810824,-566.1179169359715
H3,prose,Mistral,Qwen,622,-1.0202230509604828,-1.5946472552782758,-634.5787376974203
H4,prose,Mistral,Qwen,630,-1.0040725477582226,-1.464388357658039,-632.5657050876803
H5,prose,Mistral,Qwen,596,-1.062912666246581,-1.4213797454370027,-633.4959490829623
H6,prose,Mistral,Qwen,456,-1.1022778018943984,-1.732698029078689,-502.63867766384567
H7,prose,Mistral,Qwen,549,-1.0121961239991526,-1.7411151439386876,-555.6956720755347
H8,prose,Mistral,Qwen,578,-0.8803829966107245,-1.4564707748928922,-508.8613720409988
H9,prose,Mistral,Qwen,501,-0.9599207621454902,-1.6677740029563581,-480.92030183489055
H10,prose,Mistral,Qwen,569,-0.7976093455720614,-1.4967914258717585,-453.83971763050295
H11,prose,Mistral,Qwen,476,-1.1586291517271496,-1.7030400436191317,-551.5074762221233
H12,prose,Mistral,Qwen,476,-0.8019391365346058,-1.638004338970878,-381.72302899047236
H13,prose,Mistral,Qwen,503,-0.9127095047215985,-1.7992350595310667,-459.09288087496407
E15,prose,Mistral,Qwen,535,-0.9656901656940966,-1.2087719196275046,-516.6442386463417
E16,prose,Mistral,Qwen,391,-1.2949859331681497,-1.4421348296773908,-506.33949986874654
E17,prose,Mistral,Qwen,430,-1.1130276600012043,-1.3145001616941756,-478.60189380051787
E18,prose,Mistral,Qwen,539,-1.20153004912596,-1.2072872120327591,-647.6246964788924
E19,prose,Mistral,Qwen,454,-1.2069018136469731,-1.3623658896887074,-547.9334233957258
E20,prose,Mistral,Qwen,441,-1.2322511850220155,-1.342421098150401,-543.4227725947088
E21,prose,Mistral,Qwen,415,-1.1095134088503507,-1.223814281421462,-460.4480646728955
M14,prose,Mistral,Qwen,395,-1.1587203414253238,-1.4910767650023935,-457.69453486300284
M15,prose,Mistral,Qwen,494,-1.1307334591334723,-1.4696431206520049,-558.5823288119353
M16,prose,Mistral,Qwen,451,-1.121189578977367,-1.4557299242866373,-505.65650011879245
M17,prose,Mistral,Qwen,389,-1.3023370061619748,-1.713363524577393,-506.6090953970082
M18,prose,Mistral,Qwen,463,-1.3219960279437788,-1.3921524950010047,-612.0841609379696
M19,prose,Mistral,Qwen,458,-1.0766357866270329,-1.450638598436139,-493.09919027518106
M20,prose,Mistral,Qwen,477,-1.193426695322877,-1.402382968644694,-569.2645336690123
H14,prose,Mistral,Qwen,526,-0.897923098575565,-1.3845776834264296,-472.3075498507472
H15,prose,Mistral,Qwen,521,-0.9112526543381912,-1.6783935362488405,-474.7626329101976
H16,prose,Mistral,Qwen,522,-0.8999081839634561,-1.4532369258130147,-469.7520720289241
H17,prose,Mistral,Qwen,424,-1.023809622833669,-1.7160866350535402,-434.09528008147566
H18,prose,Mistral,Qwen,466,-0.9328495129874181,-1.4314266364483454,-434.70787305213685
H19,prose,Mistral,Qwen,475,-0.8720186629718323,-1.2336289182623297,-414.2088649116203
S1,short,Mistral,Qwen,125,-1.455374905344676,-1.3667197937637598,-181.9218631680845
S2,short,Mistral,Qwen,62,-1.8598541068420549,-1.743812467704777,-115.3109546242074
S3,short,Mistral,Qwen,96,-1.5844190258160895,-1.325695067934162,-152.1042264783446
S4,short,Mistral,Qwen,168,-1.3769957739972163,-1.0046872886666889,-231.33529003153234
S5,short,Mistral,Qwen,133,-1.378836200220237,-1.1364235564904974,-183.3852146292915
S6,short,Mistral,Qwen,93,-1.7228799138917767,-1.5226048387225457,-160.22783199193523
S7,short,Mistral,Qwen,90,-1.5562097503588341,-1.282223964923943,-140.05887753229507
S8,short,Mistral,Qwen,112,-1.421053538390943,-1.0445880862090473,-159.15799629978562
S9,short,Mistral,Qwen,105,-1.828728044012528,-1.640805060207535,-192.01644462131543
S10,short,Mistral,Qwen,115,-1.5823841631220616,-1.29494838180164,-181.9741787590371
S11,short,Mistral,Qwen,106,-1.1347165901610465,-1.0691448411211153,-120.27995855707093
S12,short,Mistral,Qwen,143,-1.766552055181193,-1.0615826459309567,-252.61694389091062
S13,short,Mistral,Qwen,124,-1.6999724005453258,-1.5451457707347178,-210.7965776676204
S14,short,Mistral,Qwen,87,-2.040427748652475,-1.356614333015069,-177.5172141327653
S15,short,Mistral,Qwen,105,-2.0511712594711713,-1.8194173376283078,-215.372982244473
S16,short,Mistral,Qwen,87,-1.6017975170471062,-1.2341421830834554,-139.35638398309823
S17,short,Mistral,Qwen,83,-1.7944505477083328,-1.3750783978134788,-148.93939545979163
S18,short,Mistral,Qwen,89,-1.576693034942815,-1.3777459110031962,-140.32568010991054
S19,short,Mistral,Qwen,103,-1.792698397093428,-1.4000619501708642,-184.64793490062308
S20,short,Mistral,Qwen,75,-2.4169113923725822,-1.7019781149267785,-181.26835442794368
C1,code,Llama,Qwen,229,-0.4162283314508489,-0.569388638108974,-95.3162879022444
C2,code,Llama,Qwen,344,-0.14196850990561993,-0.4167924526028245,-48.83716740753326
C3,code,Llama,Qwen,262,-0.5585259800378317,-0.6372202055342673,-146.33380676991192
C4,code,Llama,Qwen,169,-0.5808278165456995,-0.8013144681195644,-98.15990099622321
C5,code,Llama,Qwen,258,-0.28119123451521877,-0.5346701740590992,-72.54733850492644
C6,code,Llama,Qwen,210,-0.49544483115490423,-0.8496564000176448,-104.04341454252989
C7,code,Llama,Qwen,188,-0.5452068620008391,-0.8532022480349042,-102.49889005615776
C8,code,Llama,Qwen,261,-0.31612724392047997,-0.5889237137052652,-82.50921066324527
C9,code,Llama,Qwen,232,-0.580292324563428,-0.6804820582386694,-134.6278192987153
C10,code,Llama,Qwen,256,-0.4625005710289297,-0.9278234316805872,-118.40014618340601
C11,code,Llama,Qwen,386,-0.4045119629935844,-0.5627304431994662,-156.14161771552358
C12,code,Llama,Qwen,394,-0.3610412941337567,-0.42674741475199174,-142.25026988870013
C13,code,Llama,Qwen,262,-0.41568850306350813,-0.6051960007394119,-108.91038780263914
C14,code,Llama,Qwen,312,-0.48914651484908417,-0.7531667179276506,-152.61371263291426
C15,code,Llama,Qwen,361,-0.3634007214333881,-0.6444855600706882,-131.1876604374531
C16,code,Llama,Qwen,294,-0.3473759857177606,-0.5054336519667613,-102.12853980102163
C17,code,Llama,Qwen,468,-0.4164389428277558,-0.43482020276993066,-194.89342524338971
C18,code,Llama,Qwen,382,-0.5258681878206707,-0.8039457227423629,-200.8816477474962
C19,code,Llama,Qwen,354,-0.44823608879021054,-0.6742072888157106,-158.67557543173453
C20,code,Llama,Qwen,554,-0.7509318292980524,-0.8017635890034817,-416.016233431121
Q1,math,Llama,Qwen,171,-0.24508646722811397,-0.6812883178650914,-41.90978589600749
Q2,math,Llama,Qwen,421,-0.48335401997637095,-0.5934829183899513,-203.49204241005216
Q3,math,Llama,Qwen,323,-0.2918811698393305,-0.4700327889252902,-94.27761785810375
Q4,math,Llama,Qwen,696,-0.3477868194049149,-0.3666487772478557,-242.05962630582076
Q5,math,Llama,Qwen,276,-0.3735890309909454,-0.6372038760526187,-103.11057255350093
Q6,math,Llama,Qwen,213,-0.5103663201196178,-0.6686765071708302,-108.70802618547859
Q7,math,Llama,Qwen,354,-0.4411338423951767,-0.5928010782919334,-156.16138020789256
Q8,math,Llama,Qwen,536,-0.720070264047324,-0.7636041869308683,-385.9576615293657
Q9,math,Llama,Qwen,444,-0.6852085622830615,-0.746556384519105,-304.2326016536793
Q10,math,Llama,Qwen,281,-0.3510949862192849,-0.6748645704001469,-98.65769112761906
Q11,math,Llama,Qwen,241,-0.3919752539697845,-0.6806639188679272,-94.46603620671806
Q12,math,Llama,Qwen,265,-0.48323309326447,-0.6503453215090605,-128.05676971508456
Q13,math,Llama,Qwen,261,-0.3647956920507618,-0.5944940572132666,-95.21167562524883
Q14,math,Llama,Qwen,302,-0.5064977787055834,-0.5531915208788499,-152.9623291690862
Q15,math,Llama,Qwen,446,-0.5107146658047381,-0.6208017833945919,-227.77874094891322
Q16,math,Llama,Qwen,547,-0.535788838273617,-0.5584174308246047,-293.07649453566853
Q17,math,Llama,Qwen,262,-0.41901954476673114,-0.664811308746621,-109.78312072888356
Q18,math,Llama,Qwen,449,-0.6605354559158031,-0.701713949486528,-296.5804197061956
Q19,math,Llama,Qwen,432,-0.548871989312805,-0.5842871580827375,-237.11269938313177
Q20,math,Llama,Qwen,559,-0.6902448227103258,-0.6816321170897741,-385.8468558950721
E1,prose,Llama,Qwen,410,-1.0407189837471902,-1.153766908442543,-426.694783336348
E2,prose,Llama,Qwen,327,-1.0464339381022085,-1.1807802862841414,-342.1838977594222
E3,prose,Llama,Qwen,426,-0.9511512729121396,-1.0718986388578182,-405.1904422605715
E4,prose,Llama,Qwen,396,-0.9546502004125841,-1.0901369894785042,-378.0414793633833
E5,prose,Llama,Qwen,396,-1.0746751268685244,-1.2176433210298325,-425.57135023993567
E6,prose,Llama,Qwen,357,-0.8718113212902261,-1.0471202633193737,-311.23664170061073
E7,prose,Llama,Qwen,371,-0.9531390496187524,-1.0694066616839049,-353.61458740855716
E8,prose,Llama,Qwen,404,-1.0991657618422819,-1.2356074219745525,-444.06296778428185
E9,prose,Llama,Qwen,342,-1.0355062493512266,-1.191513401362904,-354.14313727811947
E10,prose,Llama,Qwen,424,-0.9326868093750051,-1.1144138051571777,-395.4592071750022
E11,prose,Llama,Qwen,415,-1.0425249085694372,-1.1639999239458085,-432.64783705631646
E12,prose,Llama,Qwen,363,-1.0052610219247906,-1.3299850850147579,-364.90975095869896
E13,prose,Llama,Qwen,410,-1.0185039945495569,-1.2346388130531432,-417.5866377653183
E14,prose,Llama,Qwen,410,-1.010407461414275,-1.217328829928381,-414.2670591798528
M1,prose,Llama,Qwen,401,-1.0601360355859866,-1.252905029675289,-425.1145502699806
M2,prose,Llama,Qwen,480,-1.0948039596200045,-1.3952860189746028,-525.5059006176022
M3,prose,Llama,Qwen,391,-1.1181098423606102,-1.2698266196129493,-437.18094836299855
M4,prose,Llama,Qwen,387,-0.9438543379918534,-1.3137046310790672,-365.27162880284726
M5,prose,Llama,Qwen,371,-0.9954354103127051,-1.35631727640528,-369.3065372260136
M6,prose,Llama,Qwen,441,-0.9563190584624616,-1.2601999648202336,-421.73670478194555
M7,prose,Llama,Qwen,384,-1.002531252645653,-1.2917262733637729,-384.9720010159307
M8,prose,Llama,Qwen,400,-1.0579221411900612,-1.4552197039884835,-423.1688564760245
M9,prose,Llama,Qwen,401,-1.0231790475922113,-1.4217232715619617,-410.2947980844767
M10,prose,Llama,Qwen,430,-0.9069405225769515,-1.238985153544199,-389.98442470808914
M11,prose,Llama,Qwen,387,-1.1687763597634795,-1.5497514769153777,-452.3164512284665
M12,prose,Llama,Qwen,351,-0.9013104604351418,-1.136456781834453,-316.3599716127348
M13,prose,Llama,Qwen,367,-1.0795374671878828,-1.3646420684160796,-396.19025045795297
H1,prose,Llama,Qwen,481,-0.9219944406931433,-1.5429940850000867,-443.4793259734019
H2,prose,Llama,Qwen,589,-0.7426261400421742,-1.3798823246239937,-437.4067964848406
H3,prose,Llama,Qwen,893,-0.6818508983246484,-1.148345529285795,-608.892852203911
H4,prose,Llama,Qwen,389,-0.9749211273011272,-1.7925120549951699,-379.2443185201385
H5,prose,Llama,Qwen,449,-0.943839221929222,-1.4576312995526084,-423.7838106462207
H6,prose,Llama,Qwen,394,-1.0724849967431929,-1.8602991935487978,-422.559088716818
H7,prose,Llama,Qwen,436,-0.948628320953212,-1.8916959397761741,-413.60194793560044
H8,prose,Llama,Qwen,426,-0.7017216131938884,-1.7494001663277723,-298.93340722059645
H9,prose,Llama,Qwen,435,-0.8800074085757214,-1.7040616734989402,-382.8032227304388
H10,prose,Llama,Qwen,559,-0.9860640086634632,-1.7475739268626587,-551.209780842876
H11,prose,Llama,Qwen,409,-0.7926924127167335,-1.8836006767762392,-324.211196801144
H12,prose,Llama,Qwen,481,-0.8186544356065716,-1.902628481516992,-393.7727835267609
H13,prose,Llama,Qwen,607,-0.809060295954265,-1.6956897490622906,-491.0995996442388
E15,prose,Llama,Qwen,399,-1.076139121283454,-1.2939812251935954,-429.3795093920981
E16,prose,Llama,Qwen,387,-1.1239356802398597,-1.2925360748279338,-434.9631082528257
E17,prose,Llama,Qwen,375,-1.1581494942799162,-1.3645442793493843,-434.30606035496857
E18,prose,Llama,Qwen,365,-1.172208000496386,-1.2433519930839054,-427.85592018118086
E19,prose,Llama,Qwen,386,-1.206139797510083,-1.4192102798664965,-465.569961838892
E20,prose,Llama,Qwen,380,-1.3071930528631786,-1.4031818849885214,-496.7333600880078
E21,prose,Llama,Qwen,448,-0.9815196846304609,-1.0998442238845696,-439.72081871444647
M14,prose,Llama,Qwen,338,-1.2167844804650954,-1.6811322123754624,-411.27315439720223
M15,prose,Llama,Qwen,309,-1.1789789113632787,-1.4884996265032706,-364.30448361125315
M16,prose,Llama,Qwen,447,-0.9216868470769153,-1.297693911578968,-411.99402064338113
M17,prose,Llama,Qwen,446,-1.0091886959782603,-1.4209634175332704,-450.0981584063041
M18,prose,Llama,Qwen,353,-1.0267953798201759,-1.4131250125949955,-362.4587690765221
M19,prose,Llama,Qwen,380,-1.330675577990839,-1.8903331522312212,-505.6567196365188
M20,prose,Llama,Qwen,351,-1.1011115535414813,-1.4031843771019,-386.49015529305996
H14,prose,Llama,Qwen,384,-0.8839187767619233,-1.5933849007474352,-339.42481027657857
H15,prose,Llama,Qwen,480,-0.762805045903741,-1.4964624787016811,-366.14642203379566
H16,prose,Llama,Qwen,464,-0.7546232301221074,-1.6247524578761126,-350.1451787766578
H17,prose,Llama,Qwen,378,-0.8949926611573842,-1.8460277494502577,-338.3072259174912
H18,prose,Llama,Qwen,425,-0.9696308564858819,-1.600704797998446,-412.0931140064998
H19,prose,Llama,Qwen,477,-0.8519971078612499,-1.2174984116712824,-406.4026204498162
S1,short,Llama,Qwen,97,-1.6575910314171889,-1.540924323348008,-160.78633004746732
S2,short,Llama,Qwen,67,-1.6688833043181217,-1.3929481428878552,-111.81518138931415
S3,short,Llama,Qwen,78,-1.1007310713634586,-1.10079451448615,-85.85702356634977
S4,short,Llama,Qwen,79,-1.10727018286723,-1.084711001055952,-87.47434444651117
S5,short,Llama,Qwen,81,-1.2659325319715153,-1.042153404164469,-102.54053508969274
S6,short,Llama,Qwen,82,-1.575922651671535,-1.2414359021368224,-129.22565743706588
S7,short,Llama,Qwen,76,-1.4778850504055907,-1.2078550537952106,-112.3192638308249
S8,short,Llama,Qwen,73,-1.604907740958927,-1.5778199576849303,-117.15826509000166
S9,short,Llama,Qwen,75,-1.5769957516992426,-1.3072184183182294,-118.27468137744319
S10,short,Llama,Qwen,91,-1.7632230237209061,-1.3364792736302156,-160.45329515860246
S11,short,Llama,Qwen,86,-1.3025713563156842,-1.2478595005070983,-112.02113664314885
S12,short,Llama,Qwen,82,-1.624207393638777,-1.1137056257417655,-133.18500627837972
S13,short,Llama,Qwen,89,-1.3715452424926824,-1.2332120351270428,-122.06752658184874
S14,short,Llama,Qwen,96,-1.3020327160729,-1.0660570210634959,-124.99514074299839
S15,short,Llama,Qwen,94,-1.6478105334522992,-1.3974354532841218,-154.89419014451613
S16,short,Llama,Qwen,76,-1.687230617160287,-1.393810348666666,-128.22952690418182
S17,short,Llama,Qwen,86,-2.0708096166881473,-1.6901795681464993,-178.08962703518068
S18,short,Llama,Qwen,105,-1.3242955176810742,-1.2477818539261814,-139.0510293565128
S19,short,Llama,Qwen,92,-1.2426911686102944,-1.126102090445424,-114.32758751214709
S20,short,Llama,Qwen,82,-1.7550053654514486,-1.4592961154157371,-143.9104399670188
C1,code,Phi,Llama,65,-0.4805558000643268,-0.8929307761325372,-31.23612700418124
C2,code,Phi,Llama,205,-0.2935315457317708,-0.4964085691383172,-60.173966875013015
C3,code,Phi,Llama,142,-0.4778667434860909,-0.6995277733099675,-67.8570775750249
C4,code,Phi,Llama,79,-0.268962974407059,-1.0417206357567552,-21.24807497815766
C5,code,Phi,Llama,143,-0.37074598939389874,-0.5584458826131836,-53.01667648332752
C6,code,Phi,Llama,208,-0.3874916529587055,-0.578011014940073,-80.59826381541075
C7,code,Phi,Llama,110,-0.5950193886262221,-0.969252469285489,-65.45213274888442
C8,code,Phi,Llama,182,-0.5504683264812082,-0.7835000484627356,-100.1852354195799
C9,code,Phi,Llama,120,-0.46250367671772047,-0.6609584930269534,-55.50044120612645
C10,code,Phi,Llama,129,-0.3348866280499562,-0.8130381269288957,-43.200375018444355
C11,code,Phi,Llama,94,-0.3698250845139317,-0.6628890743804974,-34.76355794430958
C12,code,Phi,Llama,172,-0.21964429102104135,-0.32232467499395023,-37.77881805561911
C13,code,Phi,Llama,96,-0.5817003762568854,-0.6799747149888695,-55.843236120661
C14,code,Phi,Llama,249,-0.5748327675114026,-0.7258341654985296,-143.13335911033923
C15,code,Phi,Llama,168,-0.647106937898664,-0.756127769956709,-108.71396556697556
C16,code,Phi,Llama,225,-0.3903864322512229,-0.5086676706794708,-87.83694725652515
C17,code,Phi,Llama,238,-0.2669229222085027,-0.402017499997833,-63.527655485623654
C18,code,Phi,Llama,198,-0.579546100479871,-0.7704196472921724,-114.75012789501446
C19,code,Phi,Llama,194,-0.6404336236078858,-0.9144449689837835,-124.24412297992984
C20,code,Phi,Llama,132,-0.684507299835373,-0.8706164687972419,-90.35496357826923
Q1,math,Phi,Llama,235,-0.5035582231447936,-0.7511842073286004,-118.33618243902649
Q2,math,Phi,Llama,232,-0.3138353956001529,-0.5747231191607305,-72.80981177923547
Q3,math,Phi,Llama,333,-0.3697377153103245,-0.5490540932652532,-123.12265919833806
Q4,math,Phi,Llama,877,-0.37214738929013913,-0.4148762695224988,-326.373260407452
Q5,math,Phi,Llama,233,-0.376164685120911,-0.6437924363753308,-87.64637163317227
Q6,math,Phi,Llama,233,-0.5422613188012265,-0.7601041307602047,-126.34688728068579
Q7,math,Phi,Llama,349,-0.570086700090289,-0.7019497527861557,-198.96025833151083
Q8,math,Phi,Llama,424,-0.3636512045870542,-0.48230831385844597,-154.18811074491097
Q9,math,Phi,Llama,338,-0.2810647224168358,-0.4313311979684956,-94.9998761768905
Q10,math,Phi,Llama,257,-0.6755814853070143,-0.9152251237799307,-173.6244417239027
Q11,math,Phi,Llama,323,-0.4805417748762447,-0.6633578844359748,-155.21499328502705
Q12,math,Phi,Llama,292,-0.43188526030134033,-0.574565108486779,-126.11049600799137
Q13,math,Phi,Llama,368,-0.34109474930305184,-0.4652723420063117,-125.52286774352308
Q14,math,Phi,Llama,376,-0.48336426890718676,-0.6059614296946474,-181.74496510910222
Q15,math,Phi,Llama,445,-0.4863501401066011,-0.7247330077069633,-216.4258123474375
Q16,math,Phi,Llama,432,-0.6377636719346061,-0.7138595037604349,-275.51390627574983
Q17,math,Phi,Llama,200,-0.498958531719627,-0.7982470784665884,-99.7917063439254
Q18,math,Phi,Llama,309,-0.41289914139377354,-0.5787560599920273,-127.58583469067602
Q19,math,Phi,Llama,330,-0.4878536016863501,-0.6332541305343511,-160.99168855649555
Q20,math,Phi,Llama,680,-0.4741537882852722,-0.5614537663999359,-322.4245760339851
E1,prose,Phi,Llama,392,-1.1694650860755254,-1.3772954365096315,-458.43031374160597
E2,prose,Phi,Llama,329,-1.2416417715103332,-1.4761787415297882,-408.5001428268996
E3,prose,Phi,Llama,410,-1.2678957991891333,-1.4386617106138884,-519.8372776675446
E4,prose,Phi,Llama,319,-1.3443664848171666,-1.4704588447837232,-428.8529086566761
E5,prose,Phi,Llama,436,-1.1791059286812544,-1.3979851988477636,-514.090184905027
E6,prose,Phi,Llama,371,-1.1217849211465258,-1.3885538446126513,-416.1822057453611
E7,prose,Phi,Llama,265,-1.1946162574407322,-1.4030655278582234,-316.57330822179404
E8,prose,Phi,Llama,456,-1.3521042644641295,-1.5971450551647717,-616.559544595643
E9,prose,Phi,Llama,297,-1.3924508854546156,-1.6375269986521654,-413.55791298002083
E10,prose,Phi,Llama,360,-1.2859794156922675,-1.4353282275627357,-462.9525896492163
E11,prose,Phi,Llama,322,-0.9800002048205451,-1.287670526744246,-315.5600659522155
E12,prose,Phi,Llama,406,-1.5066639597210618,-1.6990865576278311,-611.7055676467511
E13,prose,Phi,Llama,334,-1.2283723200946892,-1.6748004807030716,-410.2763549116262
E14,prose,Phi,Llama,382,-1.2599365374368634,-1.4475164473235187,-481.2957573008818
M1,prose,Phi,Llama,360,-1.1999344610159417,-1.5344788809044227,-431.97640596573905
M2,prose,Phi,Llama,357,-1.1025611444626302,-1.6379156595842836,-393.614328573159
M3,prose,Phi,Llama,381,-1.2643155466649012,-1.5833520208174678,-481.7042232793274
M4,prose,Phi,Llama,408,-1.20882335710462,-1.5776788967071689,-493.199929698685
M5,prose,Phi,Llama,366,-0.9796623440655926,-1.3605589856013844,-358.5564179280069
M6,prose,Phi,Llama,295,-1.1247604598021859,-1.7487692254208045,-331.80433564164485
M7,prose,Phi,Llama,309,-1.227410256493472,-1.7836670717699594,-379.26976925648285
M8,prose,Phi,Llama,355,-1.3600732176162043,-1.944969700163902,-482.8259922537525
M9,prose,Phi,Llama,440,-1.2819198510210352,-1.6914977455566393,-564.0447344492555
M10,prose,Phi,Llama,438,-1.2232749490343882,-1.6203100121873308,-535.794427677062
M11,prose,Phi,Llama,360,-1.125973466971744,-1.652362502907023,-405.3504481098278
M12,prose,Phi,Llama,393,-1.1989456597906514,-1.516993255891649,-471.18564429772596
M13,prose,Phi,Llama,276,-1.0559091152351185,-1.6674934012428728,-291.4309158048927
H1,prose,Phi,Llama,372,-1.2727758696607239,-2.061366671557309,-473.47262351378924
H2,prose,Phi,Llama,403,-1.3857043851831883,-2.02978102368697,-558.4388672288248
H3,prose,Phi,Llama,517,-1.023282465785558,-1.7376833577787152,-529.0370348111335
H4,prose,Phi,Llama,320,-1.2003868738985588,-2.124764888337313,-384.1237996475388
H5,prose,Phi,Llama,507,-1.3346797340693788,-1.757654150554688,-676.6826251731751
H6,prose,Phi,Llama,350,-1.3373746899402668,-2.0716649833420653,-468.0811414790934
H7,prose,Phi,Llama,391,-1.2177858819496639,-2.1697711451364636,-476.15427984231854
H8,prose,Phi,Llama,369,-1.0887442496025432,-1.9208276055878668,-401.7466281033385
H9,prose,Phi,Llama,340,-1.1705615491405694,-2.0274180548715006,-397.9909267077936
H10,prose,Phi,Llama,497,-1.1948188615579562,-1.8934356010732645,-593.8249741943042
H11,prose,Phi,Llama,421,-0.9844059583575306,-1.8766816684675347,-414.4349084685204
H12,prose,Phi,Llama,388,-0.8470045584333088,-2.0040642083513096,-328.6377686721238
H13,prose,Phi,Llama,324,-0.8632331610064901,-2.3464222249286077,-279.6875441661028
E15,prose,Phi,Llama,370,-1.3948524574716636,-1.7154358730432275,-516.0954092645155
E16,prose,Phi,Llama,335,-1.3653279799437963,-1.658162221375897,-457.38487328117174
E17,prose,Phi,Llama,410,-1.3384900832729627,-1.6958511775128744,-548.7809341419147
E18,prose,Phi,Llama,317,-1.4697629252167603,-1.618070687310203,-465.914847293713
E19,prose,Phi,Llama,349,-1.466200558944946,-1.757754515934846,-511.7039950717862
E20,prose,Phi,Llama,356,-1.2789106046363374,-1.5612923763750577,-455.29217525053616
E21,prose,Phi,Llama,388,-1.3840511345404347,-1.526513599803272,-537.0118402016886
M14,prose,Phi,Llama,267,-1.0399219940945195,-1.809157277230744,-277.65917242323667
M15,prose,Phi,Llama,352,-1.279124171168078,-1.7519283473032023,-450.2517082511635
M16,prose,Phi,Llama,311,-1.3611303977586662,-1.8295116662631752,-423.31155370294516
M17,prose,Phi,Llama,302,-1.1593033955659573,-1.8330821838316058,-350.1096254609191
M18,prose,Phi,Llama,304,-1.3050197949167768,-1.7552276940249385,-396.7260176547002
M19,prose,Phi,Llama,429,-1.2574717740674521,-1.7103249582527924,-539.455391074937
M20,prose,Phi,Llama,314,-1.148041542675293,-1.5680642225843575,-360.485044400042
H14,prose,Phi,Llama,415,-1.0697103519909337,-1.7325537679902074,-443.9297960762375
H15,prose,Phi,Llama,402,-1.2298272832973147,-1.9263175766158716,-494.3905678855205
H16,prose,Phi,Llama,398,-1.2698787468294068,-2.2408929588106443,-505.4117412381039
H17,prose,Phi,Llama,341,-1.15273689782859,-2.17573451505864,-393.0832821595492
H18,prose,Phi,Llama,332,-1.3948825453335902,-2.1803396150315706,-463.10100505075195
H19,prose,Phi,Llama,375,-0.8959876384484008,-1.548716696989897,-335.9953644181503
S1,short,Phi,Llama,84,-0.979740675413177,-1.200689468739819,-82.29821673470687
S2,short,Phi,Llama,73,-1.6709603115478062,-2.055527287424137,-121.98010274298986
S3,short,Phi,Llama,90,-1.5689853696058083,-1.6821583346849365,-141.20868326452273
S4,short,Phi,Llama,95,-1.1186621080064516,-1.1805517730633208,-106.2729002606129
S5,short,Phi,Llama,89,-1.1045127147535334,-1.2552705637285675,-98.30163161306447
S6,short,Phi,Llama,55,-1.9110361752409435,-2.0969780830817233,-105.10698963825189
S7,short,Phi,Llama,101,-1.335422893664293,-1.352580089278669,-134.87771226009357
S8,short,Phi,Llama,81,-0.573496120535341,-1.2531650398319292,-46.453185763362626
S9,short,Phi,Llama,110,-1.4813174143176933,-1.7244494426283132,-162.94491557494626
S10,short,Phi,Llama,88,-0.9425473398767362,-1.1579088781952371,-82.94416590915279
S11,short,Phi,Llama,99,-1.7707475391623209,-1.8703561789002516,-175.30400637706975
S12,short,Phi,Llama,90,-1.0626429856190927,-1.2620014422858123,-95.63786870571835
S13,short,Phi,Llama,87,-1.0618870029853438,-1.4132257730719477,-92.3841692597249
S14,short,Phi,Llama,94,-1.404463831983811,-1.577004412799068,-132.01960020647823
S15,short,Phi,Llama,106,-1.231163131399414,-1.3990735320675292,-130.5032919283379
S16,short,Phi,Llama,90,-1.4267707511251337,-1.5888482979938594,-128.40936760126203
S17,short,Phi,Llama,65,-1.220784284330753,-1.5850820617685923,-79.35097848149894
S18,short,Phi,Llama,108,-1.247733710133834,-1.394173606077486,-134.75524069445407
S19,short,Phi,Llama,117,-1.1941546372595206,-1.0283681435249514,-139.71609255936391
S20,short,Phi,Llama,85,-1.1103393848942937,-1.2991276240243357,-94.37884771601497
C1,code,Qwen,Llama,99,-0.489110898131323,-0.9866815008604847,-48.42197891500098
C2,code,Qwen,Llama,221,-0.3554987773106364,-0.5975691331861926,-78.56522978565064
C3,code,Qwen,Llama,195,-0.35025358937441853,-0.4885392107525569,-68.29944992801161
C4,code,Qwen,Llama,133,-0.486777258638722,-0.8080314861476938,-64.74137539895003
C5,code,Qwen,Llama,176,-0.5210272981265249,-0.6811466565474636,-91.7008044702684
C6,code,Qwen,Llama,157,-0.4951525812087226,-0.7091566247134969,-77.73895524976945
C7,code,Qwen,Llama,130,-0.45541260127056027,-0.7434747999098127,-59.20363816517283
C8,code,Qwen,Llama,206,-0.3732062964214409,-0.5386856359335196,-76.88049706281681
C9,code,Qwen,Llama,154,-0.5060962659800937,-0.7874586567870333,-77.93882496093443
C10,code,Qwen,Llama,209,-0.530452120689035,-0.9486053133958152,-110.86449322400833
C11,code,Qwen,Llama,224,-0.40417004901968884,-0.5998679536502068,-90.5340909804103
C12,code,Qwen,Llama,253,-0.3154321121062145,-0.5195026919904281,-79.80432436287228
C13,code,Qwen,Llama,99,-0.33168718444975326,-0.5426710951543844,-32.83703126052557
C14,code,Qwen,Llama,242,-0.3810341818144916,-0.6149187547911124,-92.21027199910696
C15,code,Qwen,Llama,250,-0.4080014928258813,-0.6830900578452788,-102.00037320647031
C16,code,Qwen,Llama,238,-0.5775425552844846,-0.6741948950092124,-137.45512815770735
C17,code,Qwen,Llama,256,-0.518715320505335,-0.6541701245554137,-132.79112204936575
C18,code,Qwen,Llama,236,-0.359767751346646,-0.4828286129823538,-84.90518931780846
C19,code,Qwen,Llama,255,-0.6130268930859608,-0.8285639449675246,-156.32185773692
C20,code,Qwen,Llama,318,-0.2485756091743199,-0.3682617124457582,-79.04704371743372
Q1,math,Qwen,Llama,206,-0.380984465260963,-0.799493514011981,-78.48279984375839
Q2,math,Qwen,Llama,301,-0.3623547179459078,-0.5851878040262649,-109.06877010171824
Q3,math,Qwen,Llama,318,-0.4708189181365529,-0.6587693633580959,-149.72041596742383
Q4,math,Qwen,Llama,695,-0.2960627457967459,-0.36149553782740845,-205.7636083287384
Q5,math,Qwen,Llama,234,-0.47138737446938533,-0.7806193028352064,-110.30464562583617
Q6,math,Qwen,Llama,247,-0.47222480799573896,-0.7289042277230003,-116.63952757494752
Q7,math,Qwen,Llama,277,-0.34924430998591993,-0.4742605557023925,-96.74067386609983
Q8,math,Qwen,Llama,416,-0.4534483331010524,-0.6280725083382875,-188.63450657003781
Q9,math,Qwen,Llama,490,-0.3122071773173963,-0.40247182856978814,-152.98151688552417
Q10,math,Qwen,Llama,262,-0.5241397974017578,-0.8374128863368048,-137.32462691926054
Q11,math,Qwen,Llama,286,-0.5675436231386171,-0.768972754458662,-162.31747621764447
Q12,math,Qwen,Llama,202,-0.36998314067342775,-0.5506879928567897,-74.7365944160324
Q13,math,Qwen,Llama,198,-0.5535097090617769,-0.8347751872616488,-109.59492239423182
Q14,math,Qwen,Llama,397,-0.38559516416070755,-0.5073379275442529,-153.0812801718009
Q15,math,Qwen,Llama,403,-0.32865203331466536,-0.5636286451948165,-132.44676942581015
Q16,math,Qwen,Llama,313,-0.4555230727011023,-0.6870666186939419,-142.57872175544503
Q17,math,Qwen,Llama,275,-0.4111422173726766,-0.5816229568021494,-113.06410977748607
Q18,math,Qwen,Llama,367,-0.5568577761161237,-0.7305853784426566,-204.36680383461743
Q19,math,Qwen,Llama,359,-0.48656830571085197,-0.6116473542261038,-174.67802175019585
Q20,math,Qwen,Llama,422,-0.9700918897354763,-1.118158868211159,-409.378777468371
E1,prose,Qwen,Llama,463,-1.3548339786118135,-1.4744825927409684,-627.2881320972697
E2,prose,Qwen,Llama,460,-1.3152708427531363,-1.4766849488268137,-605.0245876664427
E3,prose,Qwen,Llama,444,-1.5020124549026002,-1.7045843248298007,-666.8935299767545
E4,prose,Qwen,Llama,461,-1.4211694457246504,-1.5020715466346262,-655.1591144790639
E5,prose,Qwen,Llama,549,-1.3729205916829847,-1.5291172989875896,-753.7334048339586
E6,prose,Qwen,Llama,385,-1.5528373228437118,-1.7032462509477027,-597.842369294829
E7,prose,Qwen,Llama,451,-1.3941765031988815,-1.4917033671182915,-628.7736029426956
E8,prose,Qwen,Llama,509,-1.5407461108342198,-1.7800109743820127,-784.2397704146179
E9,prose,Qwen,Llama,431,-1.454397294690165,-1.6454647632539419,-626.8452340114611
E10,prose,Qwen,Llama,420,-1.3225521166264689,-1.5222198525702604,-555.471888983117
E11,prose,Qwen,Llama,515,-1.5823406013845778,-1.6417865270290561,-814.9054097130576
E12,prose,Qwen,Llama,444,-1.4596132164997486,-1.6271790705123392,-648.0682681258884
E13,prose,Qwen,Llama,378,-1.5215676134803915,-1.7632833018378828,-575.152557895588
E14,prose,Qwen,Llama,512,-1.414140072086331,-1.5459904512706348,-724.0397169082015
M1,prose,Qwen,Llama,289,-1.366914356333596,-1.5479202438547628,-395.0382489804092
M2,prose,Qwen,Llama,487,-1.484497340685154,-1.7142181943590493,-722.9502049136701
M3,prose,Qwen,Llama,415,-1.3085820050279589,-1.4730614156347699,-543.0615320866029
M4,prose,Qwen,Llama,429,-1.4148358755622912,-1.6667759091622956,-606.964590616223
M5,prose,Qwen,Llama,542,-1.0330347268756634,-1.330091422858405,-559.9048219666096
M6,prose,Qwen,Llama,508,-1.3431950660175047,-1.5856158310282873,-682.3430935368924
M7,prose,Qwen,Llama,434,-1.2680118558462414,-1.5661662242081797,-550.3171454372688
M8,prose,Qwen,Llama,465,-1.5467812460818187,-1.8397040739660686,-719.2532794280456
M9,prose,Qwen,Llama,522,-1.455635012881221,-1.8201107522551423,-759.8414767239974
M10,prose,Qwen,Llama,423,-1.2736534104198836,-1.588803598356185,-538.7553926076107
M11,prose,Qwen,Llama,530,-1.6420181103541098,-1.9108934020186732,-870.2695984876782
M12,prose,Qwen,Llama,420,-1.415590719306952,-1.5827392834261387,-594.5481021089198
M13,prose,Qwen,Llama,463,-1.430676637221119,-1.6963356699278986,-662.4032830333781
H1,prose,Qwen,Llama,465,-1.2846152166229858,-1.7348516346997438,-597.3460757296884
H2,prose,Qwen,Llama,663,-1.2920243319493074,-1.7645350636302115,-856.6121320823909
H3,prose,Qwen,Llama,524,-1.2909826966116573,-1.859525174917067,-676.4749330245085
H4,prose,Qwen,Llama,540,-1.4331126345210465,-1.9566609294405006,-773.8808226413652
H5,prose,Qwen,Llama,512,-1.3220254521109562,-1.6836240261079354,-676.8770314808096
H6,prose,Qwen,Llama,547,-1.2135049722225342,-1.8186633355189237,-663.7872198057262
H7,prose,Qwen,Llama,570,-1.3368253347461523,-1.8842252543212261,-761.9904408053068
H8,prose,Qwen,Llama,525,-1.26525494149408,-1.7643051012732722,-664.2588442843919
H9,prose,Qwen,Llama,445,-1.378919784764745,-2.0271379574056487,-613.6193042203115
H10,prose,Qwen,Llama,617,-1.3422793571280356,-1.8317029694250535,-828.1863633479979
H11,prose,Qwen,Llama,512,-1.2029166519361336,-2.0031000847884606,-615.8933257913004
H12,prose,Qwen,Llama,541,-1.3838848309478897,-1.8945849147260623,-748.6816935428084
H13,prose,Qwen,Llama,626,-1.3320064613286056,-1.9232269069171322,-833.8360447917071
E15,prose,Qwen,Llama,499,-1.4878183293826688,-1.7370052909487468,-742.4213463619517
E16,prose,Qwen,Llama,462,-1.4927387793272435,-1.65388606007293,-689.6453160491865
E17,prose,Qwen,Llama,493,-1.5430544807460023,-1.7639469340935867,-760.7258590077791
E18,prose,Qwen,Llama,469,-1.4573451545260485,-1.6025770605006462,-683.4948774727168
E19,prose,Qwen,Llama,399,-1.6462618765781845,-1.8677922885422835,-656.8584887546956
E20,prose,Qwen,Llama,392,-1.6733680331493177,-1.7890845838129577,-655.9602689945325
E21,prose,Qwen,Llama,457,-1.249873262742872,-1.3879171316375625,-571.1920810734924
M14,prose,Qwen,Llama,361,-1.4901415081350726,-1.8738360598781785,-537.9410844367612
M15,prose,Qwen,Llama,388,-1.3886322602542047,-1.682275557809988,-538.7893169786314
M16,prose,Qwen,Llama,501,-1.3053243623209476,-1.6834685103665674,-653.9675055227948
M17,prose,Qwen,Llama,348,-1.5370778799706533,-1.9224729421502338,-534.9031022297874
M18,prose,Qwen,Llama,432,-1.4061038002396582,-1.6196910035728282,-607.4368417035323
M19,prose,Qwen,Llama,407,-1.3295897711271725,-1.6347397489272082,-541.1430368487592
M20,prose,Qwen,Llama,445,-1.442174144420432,-1.6747467630151138,-641.7674942670922
H14,prose,Qwen,Llama,471,-1.335606356589085,-1.7716178261747344,-629.070593953459
H15,prose,Qwen,Llama,522,-1.4108170988143833,-1.9682456318546262,-736.4465255811081
H16,prose,Qwen,Llama,518,-1.3538832037797515,-1.8755551688474152,-701.3114995579112
H17,prose,Qwen,Llama,463,-1.435018008628198,-2.0082918497477684,-664.4133379948557
H18,prose,Qwen,Llama,396,-1.4215393056122116,-1.9648532698947587,-562.9295650224358
H19,prose,Qwen,Llama,512,-1.1677468137672764,-1.5609991646362715,-597.8863686488455
S1,short,Qwen,Llama,57,-1.005756655949927,-1.284035688098157,-57.32812938914583
S2,short,Qwen,Llama,52,-0.9646746781567652,-1.7326145982347394,-50.163083264151794
S3,short,Qwen,Llama,64,-1.8198558659270638,-2.035538476378747,-116.47077541933209
S4,short,Qwen,Llama,44,-1.044722389327943,-1.2906799918286693,-45.96778513042949
S5,short,Qwen,Llama,68,-1.165712802174347,-1.3953365010354044,-79.2684705478556
S6,short,Qwen,Llama,53,-0.9727227462475851,-1.516566057721063,-51.55430555112201
S7,short,Qwen,Llama,45,-0.6718619422759161,-1.0387145130875675,-30.233787402416226
S8,short,Qwen,Llama,56,-0.9295641510868303,-1.8260963271189081,-52.0555924608625
S9,short,Qwen,Llama,52,-1.5429831225418542,-1.90882563386549,-80.23512237217642
S10,short,Qwen,Llama,46,-0.9771909865828227,-1.1986853236626105,-44.95078538280984
S11,short,Qwen,Llama,88,-1.4003507886829722,-1.5549633938019476,-123.23086940410155
S12,short,Qwen,Llama,61,-1.2193030699011924,-1.6033329550481257,-74.37748726397274
S13,short,Qwen,Llama,41,-1.0507274613566673,-1.9410360443190013,-43.07982591562336
S14,short,Qwen,Llama,50,-1.0946650405516118,-1.5662262432603165,-54.73325202758059
S15,short,Qwen,Llama,70,-1.200368302739034,-1.6817755931381595,-84.02578119173238
S16,short,Qwen,Llama,41,-1.1419645962394236,-1.5897136703041304,-46.82054844581637
S17,short,Qwen,Llama,45,-0.9871410895105176,-2.0472435916929195,-44.42134902797329
S18,short,Qwen,Llama,70,-1.6658071458639385,-1.9415238991121961,-116.6065002104757
S19,short,Qwen,Llama,61,-1.5466053284041854,-1.4813803067012428,-94.34292503265532
S20,short,Qwen,Llama,54,-0.9163405910248512,-1.6242165114311287,-49.482391915341964
C1,code,Mistral,Llama,170,-0.6126920851624076,-0.662902351266049,-104.1576544776093
C2,code,Mistral,Llama,272,-0.4511910221992679,-0.7563743445096885,-122.72395803820086
C3,code,Mistral,Llama,176,-0.4318614563891447,-0.7118436359526132,-76.00761632448946
C4,code,Mistral,Llama,240,-0.7291716865385155,-0.8760711046673616,-175.0012047692437
C5,code,Mistral,Llama,235,-0.5957347558960445,-0.8361852999796108,-139.99766763557045
C6,code,Mistral,Llama,243,-0.7937581429182953,-0.8038207340006523,-192.88322872914574
C7,code,Mistral,Llama,186,-0.8357487453015877,-1.0319016075048189,-155.44926662609532
C8,code,Mistral,Llama,305,-0.6283664838249597,-0.776369549694769,-191.65177756661274
C9,code,Mistral,Llama,217,-0.5856740042616349,-0.644383293660511,-127.09125892477476
C10,code,Mistral,Llama,215,-0.7524054489167605,-0.8200828407713289,-161.76717151710352
C11,code,Mistral,Llama,411,-0.4021317664222373,-0.5599385314534712,-165.27615599953953
C12,code,Mistral,Llama,261,-0.6269385518092745,-0.6633542952656691,-163.63096202222064
C13,code,Mistral,Llama,127,-0.34526528846273735,-0.9908561951810825,-43.84869163476765
C14,code,Mistral,Llama,307,-0.5861513617381671,-0.797074855925315,-179.9484680536173
C15,code,Mistral,Llama,297,-0.8012812203809137,-1.08133104466342,-237.98052245313136
C16,code,Mistral,Llama,390,-0.43060251754638085,-0.5177670348518241,-167.93498184308854
C17,code,Mistral,Llama,364,-0.5006294868309062,-0.5795906360266689,-182.22913320644986
C18,code,Mistral,Llama,252,-0.466949959973977,-0.8343592214589932,-117.6713899134422
C19,code,Mistral,Llama,261,-0.6955394655313453,-0.8716682013690827,-181.53580050368112
C20,code,Mistral,Llama,425,-0.7470184836790571,-0.8222286579140093,-317.4828555635993
Q1,math,Mistral,Llama,227,-0.4613028870264097,-0.78428025012166,-104.715755354995
Q2,math,Mistral,Llama,235,-0.42849189402811083,-0.6906963927269278,-100.69559509660604
Q3,math,Mistral,Llama,408,-0.5077188251009155,-0.6859536888309865,-207.1492806411735
Q4,math,Mistral,Llama,669,-0.3157521879062173,-0.34378260017620615,-211.23821370925936
Q5,math,Mistral,Llama,190,-0.251592190805204,-0.5689594641735216,-47.80251625298877
Q6,math,Mistral,Llama,306,-0.6761557768070944,-0.8128836581890699,-206.9036677029709
Q7,math,Mistral,Llama,298,-0.5119183003687449,-0.717944567820659,-152.55165350988597
Q8,math,Mistral,Llama,278,-0.6592223187823623,-0.913250083474876,-183.26380462149672
Q9,math,Mistral,Llama,672,-0.6047105019248568,-0.6413631610836265,-406.3654572935037
Q10,math,Mistral,Llama,289,-0.8358426493038857,-1.06092399672104,-241.55852564882298
Q11,math,Mistral,Llama,340,-1.0648749241228408,-1.091700096444198,-362.05747420176584
Q12,math,Mistral,Llama,238,-0.6591017884646939,-0.9189357275571018,-156.86622565459714
Q13,math,Mistral,Llama,255,-0.7067849389520992,-0.8786121297499021,-180.23015943278529
Q14,math,Mistral,Llama,693,-0.4962816903133468,-0.50944399964619,-343.9232113871493
Q15,math,Mistral,Llama,569,-0.8688209886200055,-0.9920345317020215,-494.3591425247831
Q16,math,Mistral,Llama,374,-0.7532227977699897,-0.8922776316198736,-281.70532636597613
Q17,math,Mistral,Llama,561,-0.8371507799244864,-0.9394451645487772,-469.64158753763684
Q18,math,Mistral,Llama,199,-0.6769690760910394,-0.9499410327330909,-134.71684614211685
Q19,math,Mistral,Llama,242,-1.0104354941371203,-1.1875807661297977,-244.5253895811831
Q20,math,Mistral,Llama,805,-0.631722319531583,-0.6763214170575954,-508.53646722292433
E1,prose,Mistral,Llama,498,-1.0644267407308037,-1.3120678760874573,-530.0845168839402
E2,prose,Mistral,Llama,436,-1.127321129843654,-1.3254492846473247,-491.51201261183314
E3,prose,Mistral,Llama,566,-1.0630746981403676,-1.2561150384279942,-601.7002791474481
E4,prose,Mistral,Llama,335,-1.1538696385990137,-1.2619715779425829,-386.5463289306696
E5,prose,Mistral,Llama,517,-0.9786486259769764,-1.2508882148573792,-505.9613396300968
E6,prose,Mistral,Llama,476,-1.0327065091708147,-1.2294059700243853,-491.5682983653078
E7,prose,Mistral,Llama,499,-0.9574477081579182,-1.0610399769693257,-477.7664063708012
E8,prose,Mistral,Llama,459,-1.0979811807903483,-1.3762200382911298,-503.97336198276986
E9,prose,Mistral,Llama,408,-1.144662972993477,-1.3650254755077773,-467.0224929813386
E10,prose,Mistral,Llama,354,-0.9302642318766424,-1.1537386507100675,-329.3135380843314
E11,prose,Mistral,Llama,488,-1.0073033204841781,-1.2632453752398407,-491.5640203962789
E12,prose,Mistral,Llama,567,-1.1396820374595822,-1.3637197389180804,-646.199715239583
E13,prose,Mistral,Llama,403,-0.9781756815972655,-1.442529957776994,-394.204799683698
E14,prose,Mistral,Llama,462,-1.2073147612270894,-1.4637576372341843,-557.7794196869153
M1,prose,Mistral,Llama,514,-1.1628392150483546,-1.4528950855346425,-597.6993565348542
M2,prose,Mistral,Llama,439,-0.8938564191172302,-1.2583398037516527,-392.4029679924641
M3,prose,Mistral,Llama,558,-1.0518624161356134,-1.3237307846160657,-586.9392282036723
M4,prose,Mistral,Llama,416,-1.057717036114966,-1.4999733800951516,-440.01028702382587
M5,prose,Mistral,Llama,397,-1.0529715196999165,-1.5290122236613246,-418.02969332086684
M6,prose,Mistral,Llama,474,-0.9955576480627248,-1.3483468223228878,-471.8943251817316
M7,prose,Mistral,Llama,508,-0.9845610439159217,-1.3790107693490288,-500.15701030928824
M8,prose,Mistral,Llama,443,-1.1068197302390974,-1.595905869961075,-490.3211404959202
M9,prose,Mistral,Llama,461,-0.916740014896185,-1.350567813262637,-422.6171468671413
M10,prose,Mistral,Llama,473,-0.9165661667896636,-1.3573355492629415,-433.53579689151087
M11,prose,Mistral,Llama,458,-1.0283613929763116,-1.5326883902473738,-470.9895179831507
M12,prose,Mistral,Llama,438,-1.019509711623813,-1.2753265284101298,-446.5452536912301
M13,prose,Mistral,Llama,507,-0.939977291392132,-1.3456411171155216,-476.56848673581095
H1,prose,Mistral,Llama,475,-0.8329919372260622,-1.3303911679228715,-395.67117018237957
H2,prose,Mistral,Llama,502,-1.095521590001161,-1.685345432952429,-549.9518381805829
H3,prose,Mistral,Llama,610,-1.0248904502789238,-1.727489368858819,-625.1831746701434
H4,prose,Mistral,Llama,630,-0.8469262597993702,-1.3491493996135058,-533.5635436736032
H5,prose,Mistral,Llama,596,-0.9217985530544847,-1.4193064358001668,-549.3919376204728
H6,prose,Mistral,Llama,456,-1.0157324947392896,-1.7415441143663053,-463.1740176011161
H7,prose,Mistral,Llama,549,-0.9548703754328414,-1.773514999922053,-524.2238361126299
H8,prose,Mistral,Llama,578,-0.7875363612655705,-1.4628892689401123,-455.19601681149976
H9,prose,Mistral,Llama,501,-0.8094375722927503,-1.6751234682826865,-405.5282237186679
H10,prose,Mistral,Llama,569,-0.7274661538934791,-1.493807009075188,-413.9282415653896
H11,prose,Mistral,Llama,476,-1.030772557384762,-1.6883652997009198,-490.6477373151467
H12,prose,Mistral,Llama,476,-0.6459334566243657,-1.595647936382199,-307.4643253531981
H13,prose,Mistral,Llama,503,-0.8714508581271767,-1.8077268049416595,-438.3397816379699
E15,prose,Mistral,Llama,535,-0.9648180269552321,-1.2783341741916472,-516.1776444210492
E16,prose,Mistral,Llama,391,-1.2430512603184056,-1.550256476328021,-486.0330427844966
E17,prose,Mistral,Llama,430,-1.1238269674967216,-1.3519844206066673,-483.2455960235903
E18,prose,Mistral,Llama,539,-1.142056796238867,-1.3074417140258308,-615.5686131727493
E19,prose,Mistral,Llama,454,-1.1604111588937207,-1.407105393013921,-526.8266661377492
E20,prose,Mistral,Llama,441,-1.2088804597348524,-1.376204822949233,-533.1162827430699
E21,prose,Mistral,Llama,415,-1.1690178822038424,-1.306290623621023,-485.1424211145946
M14,prose,Mistral,Llama,395,-1.0312600186441048,-1.5283997384981525,-407.34770736442135
M15,prose,Mistral,Llama,494,-1.1411994313572549,-1.5816023965223711,-563.7525190904839
M16,prose,Mistral,Llama,451,-1.1023647391893732,-1.5362552173935733,-497.1664973744073
M17,prose,Mistral,Llama,389,-1.2428311277882533,-1.746648490519397,-483.46130870963054
M18,prose,Mistral,Llama,463,-1.226311073451663,-1.4973716448212537,-567.7820270081199
M19,prose,Mistral,Llama,458,-1.0367550518466784,-1.4836790846906063,-474.83381374577874
M20,prose,Mistral,Llama,475,-1.0955714984266025,-1.4097646949300504,-520.3964617526362
H14,prose,Mistral,Llama,526,-0.7477583718879361,-1.3092146411451615,-393.32090361305444
H15,prose,Mistral,Llama,521,-0.9533640149940791,-1.711805386990188,-496.7026518119152
H16,prose,Mistral,Llama,522,-0.8891916924177192,-1.4760343521183614,-464.1580634420494
H17,prose,Mistral,Llama,424,-0.9271007692343626,-1.762964592708731,-393.09072615536974
H18,prose,Mistral,Llama,466,-0.8473859118861774,-1.455724656258924,-394.88183493895866
H19,prose,Mistral,Llama,475,-0.8675136135099866,-1.2870773272561071,-412.06896641724364
S1,short,Mistral,Llama,125,-1.252597263308354,-1.4593068847561372,-156.57465791354426
S2,short,Mistral,Llama,62,-1.3149052929417955,-2.083222309072528,-81.52412816239132
S3,short,Mistral,Llama,96,-1.509624139767441,-1.6055493735995394,-144.92391741767435
S4,short,Mistral,Llama,167,-0.9368321234477144,-1.0071410829542227,-156.4509646157683
S5,short,Mistral,Llama,133,-1.0634607873795547,-1.101686232901625,-141.4402847214808
S6,short,Mistral,Llama,93,-1.1631217415042174,-1.5699961309600334,-108.17032195989222
S7,short,Mistral,Llama,90,-1.2753216845160675,-1.4116031655149224,-114.77895160644607
S8,short,Mistral,Llama,112,-0.7587790608863594,-1.1815591562918988,-84.98325481927225
S9,short,Mistral,Llama,105,-1.3562122611676592,-1.609745857262992,-142.40228742260422
S10,short,Mistral,Llama,115,-1.2485472477642559,-1.314730896395011,-143.58293349288942
S11,short,Mistral,Llama,106,-0.9010152163833505,-1.1957859117675533,-95.50761293663516
S12,short,Mistral,Llama,142,-1.3661287040450423,-1.265449818114883,-193.990275974396
S13,short,Mistral,Llama,124,-1.2508996092477966,-1.4352165908682266,-155.1115515467268
S14,short,Mistral,Llama,87,-1.387384883960383,-1.5518576656859921,-120.70248490455333
S15,short,Mistral,Llama,104,-1.5972366617057103,-1.7885681085648195,-166.11261281739388
S16,short,Mistral,Llama,87,-1.0600128988337225,-1.3037761234666285,-92.22112219853386
S17,short,Mistral,Llama,83,-0.9666452727356402,-1.4116304846962981,-80.23155763705813
S18,short,Mistral,Llama,89,-1.3497722870774438,-1.5496139859996823,-120.1297335498925
S19,short,Mistral,Llama,103,-1.6569989525410298,-1.4353387554665549,-170.67089211172606
S20,short,Mistral,Llama,75,-1.405181314789091,-1.6476594509458422,-105.38859860918183
C1,code,Llama,Llama,229,-0.08972770505403099,-0.4970645543773933,-20.547644457373096
C2,code,Llama,Llama,344,-0.04805461480688845,-0.41365218909754353,-16.530787493569626
C3,code,Llama,Llama,262,-0.14252349278517734,-0.42139486381039737,-37.34115510971646
C4,code,Llama,Llama,169,-0.14170931345053217,-0.5831832460032323,-23.94887397313994
C5,code,Llama,Llama,258,-0.10358131777067701,-0.4492481984985049,-26.72397998483467
C6,code,Llama,Llama,210,-0.1061176928969809,-0.6763682151364795,-22.28471550836599
C7,code,Llama,Llama,188,-0.13339858839377197,-0.7062989621135198,-25.07893461802913
C8,code,Llama,Llama,261,-0.12862203809603032,-0.4808915684560353,-33.57035194306391
C9,code,Llama,Llama,230,-0.1778686808606631,-0.4463197019806881,-40.909796597952514
C10,code,Llama,Llama,256,-0.12911421568257261,-0.784073754952411,-33.05323921473859
C11,code,Llama,Llama,386,-0.10588806488965109,-0.3625257534794518,-40.872793047405324
C12,code,Llama,Llama,378,-0.11195565680688764,-0.3448021729142291,-42.31923827300353
C13,code,Llama,Llama,262,-0.13197675045895932,-0.5121190030653852,-34.57790862024734
C14,code,Llama,Llama,312,-0.18816816228473926,-0.547839238529274,-58.70846663283865
C15,code,Llama,Llama,358,-0.12098312652256069,-0.5647172488988783,-43.311959295076726
C16,code,Llama,Llama,294,-0.06920259305883643,-0.3009341841755118,-20.345562359297908
C17,code,Llama,Llama,468,-0.10452029040879704,-0.26653916685650414,-48.91549591131702
C18,code,Llama,Llama,382,-0.15356288525440354,-0.5414443020193158,-58.66102216718215
C19,code,Llama,Llama,354,-0.15126340263360188,-0.47205606108203324,-53.54724453229507
C20,code,Llama,Llama,554,-0.2790933983038484,-0.44623779285463383,-154.617742660332
Q1,math,Llama,Llama,157,-0.1488904236435016,-0.8039268736634119,-23.37579651202975
Q2,math,Llama,Llama,369,-0.21278934461197194,-0.508349278048331,-78.51926816181765
Q3,math,Llama,Llama,307,-0.16596302972715307,-0.4020576772699298,-50.95065012623599
Q4,math,Llama,Llama,610,-0.18184435759513062,-0.3154008785686654,-110.92505813302968
Q5,math,Llama,Llama,243,-0.18893619444851528,-0.5805562291781676,-45.91149525098921
Q6,math,Llama,Llama,205,-0.15439706764422806,-0.6224737615903395,-31.651398867066753
Q7,math,Llama,Llama,322,-0.17858858409186884,-0.4487978626872602,-57.50552407758177
Q8,math,Llama,Llama,519,-0.31481449933634803,-0.5178842371696601,-163.38872515556463
Q9,math,Llama,Llama,432,-0.28252732775910483,-0.5049005780217423,-122.05180559193329
Q10,math,Llama,Llama,259,-0.20997035644343884,-0.7726904234955995,-54.38232231885066
Q11,math,Llama,Llama,217,-0.15909404081079234,-0.6127491495670314,-34.523406855941936
Q12,math,Llama,Llama,250,-0.2603120218850019,-0.5332124758989212,-65.07800547125048
Q13,math,Llama,Llama,232,-0.17835315324826279,-0.5995557033676346,-41.377931553596966
Q14,math,Llama,Llama,275,-0.17394882131733794,-0.416046688308234,-47.835925862267935
Q15,math,Llama,Llama,413,-0.2789698384345699,-0.6425157525908722,-115.21454327347737
Q16,math,Llama,Llama,504,-0.2583846372684444,-0.4546608104714719,-130.22585718329597
Q17,math,Llama,Llama,248,-0.16404579066381067,-0.5853078000377848,-40.683356084625046
Q18,math,Llama,Llama,386,-0.38480356435618096,-0.6929839071888615,-148.53417584148585
Q19,math,Llama,Llama,387,-0.3037146441335663,-0.5041589805740082,-117.53756727969017
Q20,math,Llama,Llama,533,-0.3602409720160312,-0.561619985682024,-192.00843808454465
E1,prose,Llama,Llama,410,-0.38224985200043887,-0.8046956466502513,-156.72243932017994
E2,prose,Llama,Llama,327,-0.4343377484424238,-0.9076696361397466,-142.02844374067257
E3,prose,Llama,Llama,426,-0.3713611190196964,-0.8115209160119615,-158.19983670239066
E4,prose,Llama,Llama,396,-0.3841895410693036,-0.7378797292272735,-152.1390582634442
E5,prose,Llama,Llama,396,-0.3999273248761413,-0.943236090477781,-158.37122065095195
E6,prose,Llama,Llama,357,-0.29880774614606115,-0.7424315536812915,-106.67436537414383
E7,prose,Llama,Llama,371,-0.38467285742614626,-0.822787670416795,-142.71363010510026
E8,prose,Llama,Llama,404,-0.43730421091148897,-0.9412750164352965,-176.67090120824153
E9,prose,Llama,Llama,342,-0.41839558072745736,-1.0951024337856266,-143.09128860879042
E10,prose,Llama,Llama,424,-0.38099605231186806,-0.8212559320389399,-161.54232618023207
E11,prose,Llama,Llama,415,-0.45104826110644225,-0.9129200309696556,-187.18502835917354
E12,prose,Llama,Llama,363,-0.39176694289504366,-1.1429805407257165,-142.21140027090084
E13,prose,Llama,Llama,410,-0.3788224257228987,-1.0187937553564885,-155.31719454638846
E14,prose,Llama,Llama,410,-0.3723476591901055,-0.9469069310666888,-152.66254026794326
M1,prose,Llama,Llama,401,-0.48688355341034506,-1.133739874674553,-195.24030491754837
M2,prose,Llama,Llama,480,-0.43958142436458125,-1.177979388709243,-210.999083694999
M3,prose,Llama,Llama,391,-0.4302719738037789,-1.0251973882352796,-168.23634175727756
M4,prose,Llama,Llama,385,-0.33837625727969317,-1.0828810412409415,-130.27485905268188
M5,prose,Llama,Llama,371,-0.4110507683914615,-1.2033460046091182,-152.49983507323222
M6,prose,Llama,Llama,441,-0.3771121255462188,-1.061001634357365,-166.3064473658825
M7,prose,Llama,Llama,384,-0.3359850314762333,-1.0345994299522918,-129.0182520868736
M8,prose,Llama,Llama,400,-0.5278489506033742,-1.2644784394198474,-211.1395802413497
M9,prose,Llama,Llama,401,-0.4304117238683832,-1.2232550572475314,-172.59510127122167
M10,prose,Llama,Llama,428,-0.36078131582726264,-1.0665635617314169,-154.4144031740684
M11,prose,Llama,Llama,387,-0.6145477385664649,-1.2896044385275882,-237.82997482522194
M12,prose,Llama,Llama,351,-0.3674877231091772,-0.961942405226353,-128.9881908113212
M13,prose,Llama,Llama,367,-0.42573592220799544,-1.1812929940196542,-156.24508345033433
H1,prose,Llama,Llama,481,-0.4040567220789082,-1.2486513635681933,-194.35128331995483
H2,prose,Llama,Llama,589,-0.2697396234669711,-1.193176979933071,-158.87663822204598
H3,prose,Llama,Llama,893,-0.3152101290199035,-0.9351265282773094,-281.4826452147738
H4,prose,Llama,Llama,389,-0.4190482653432441,-1.6170625640611362,-163.00977521852195
H5,prose,Llama,Llama,449,-0.3814669588029122,-1.2604678557677806,-171.27866450250758
H6,prose,Llama,Llama,394,-0.5601738626673058,-1.6389278613102534,-220.7085018909185
H7,prose,Llama,Llama,436,-0.39101548422953253,-1.7310524643748857,-170.48275112407617
H8,prose,Llama,Llama,426,-0.3349462275283025,-1.6406405067531002,-142.68709292705685
H9,prose,Llama,Llama,435,-0.3669151559800222,-1.6100535954853763,-159.60809285130966
H10,prose,Llama,Llama,559,-0.5178020979385504,-1.5246475551619403,-289.45137274764966
H11,prose,Llama,Llama,409,-0.32840031369949085,-1.633162133871779,-134.31572830309176
H12,prose,Llama,Llama,481,-0.34115553505737817,-1.6399240210813406,-164.0958123625989
H13,prose,Llama,Llama,607,-0.45667943928694504,-1.6041041229843256,-277.20441964717565
E15,prose,Llama,Llama,399,-0.4799259210780132,-1.0757548920191378,-191.49044251012725
E16,prose,Llama,Llama,387,-0.4755199377128335,-1.0313921466938774,-184.02621589486657
E17,prose,Llama,Llama,372,-0.4264737521532817,-1.1083026462634802,-158.6482358010208
E18,prose,Llama,Llama,365,-0.3760431590785809,-0.954746235942122,-137.25575306368202
E19,prose,Llama,Llama,386,-0.46069290887767156,-1.1363865986317099,-177.82746282678121
E20,prose,Llama,Llama,380,-0.49943432081731054,-1.0828007275747686,-189.785041910578
E21,prose,Llama,Llama,448,-0.42751521608396015,-0.850292370363853,-191.52681680561415
M14,prose,Llama,Llama,338,-0.483309491917833,-1.4306364641748943,-163.35860826822756
M15,prose,Llama,Llama,309,-0.4742756552939468,-1.2601670117535686,-146.55117748582956
M16,prose,Llama,Llama,447,-0.4282960224945988,-1.103236194444876,-191.44832205508567
M17,prose,Llama,Llama,446,-0.4818330449896145,-1.2905172595380663,-214.89753806536805
M18,prose,Llama,Llama,353,-0.46390741413157216,-1.2844520392703942,-163.75931718844498
M19,prose,Llama,Llama,380,-0.6315565112804122,-1.468258180334315,-239.99147428655664
M20,prose,Llama,Llama,351,-0.40555158099330657,-1.1293059399561547,-142.34860492865062
H14,prose,Llama,Llama,384,-0.33161477995478844,-1.3798285461155306,-127.34007550263877
H15,prose,Llama,Llama,480,-0.30493142305924054,-1.3497947637160286,-146.36708306843545
H16,prose,Llama,Llama,464,-0.371047716670162,-1.49925021055936,-172.16614053495516
H17,prose,Llama,Llama,378,-0.3700542558266502,-1.5970085726313017,-139.88050870247378
H18,prose,Llama,Llama,425,-0.457830223047659,-1.3407602585992873,-194.5778447952551
H19,prose,Llama,Llama,477,-0.39575480186195094,-1.0746037191796816,-188.7750404881506
S1,short,Llama,Llama,97,-0.31366780620755136,-0.8003877950220917,-30.42577720213248
S2,short,Llama,Llama,67,-0.48462002942376464,-1.2117960234485399,-32.46954197139223
S3,short,Llama,Llama,78,-0.19987369687219933,-0.802209446381032,-15.590148356031548
S4,short,Llama,Llama,78,-0.241034948928068,-0.8704177258864664,-18.800726016389305
S5,short,Llama,Llama,81,-0.2801528478058466,-0.7864055333966798,-22.692380672273572
S6,short,Llama,Llama,82,-0.36028463671401345,-1.0597236365062666,-29.543340210549104
S7,short,Llama,Llama,76,-0.2055975140282776,-0.7067575286588468,-15.625411066149098
S8,short,Llama,Llama,73,-0.5637310034332511,-1.540539034372371,-41.15236325062733
S9,short,Llama,Llama,75,-0.4457229228844911,-1.1396400632119428,-33.42921921633683
S10,short,Llama,Llama,91,-0.43179975294413375,-1.047334370025495,-39.29377751791617
S11,short,Llama,Llama,86,-0.42520249553773526,-1.0513637848907185,-36.56741461624523
S12,short,Llama,Llama,81,-0.33018051164740914,-0.889887264322843,-26.74462144344014
S13,short,Llama,Llama,89,-0.3288021909720823,-0.9234941042785967,-29.263394996515323
S14,short,Llama,Llama,95,-0.28783470203596656,-0.6733238118733617,-27.344296693416823
S15,short,Llama,Llama,94,-0.4206796584742694,-0.9738574869377462,-39.543887896581325
S16,short,Llama,Llama,76,-0.2988506982113168,-0.9989086804964341,-22.712653064060078
S17,short,Llama,Llama,86,-0.40625584185651964,-1.2411592463642254,-34.93800239966069
S18,short,Llama,Llama,105,-0.25230146173730106,-0.7657804011508623,-26.49165348241661
S19,short,Llama,Llama,92,-0.34885855124959597,-1.0662705526480314,-32.09498671496283
S20,short,Llama,Llama,80,-0.3789273109540872,-1.1028304784034844,-30.314184876326976
C1,code,Phi,Mistral,85,-0.4330981288011739,-0.770459844312459,-36.81334094809978
C2,code,Phi,Mistral,254,-0.3378063219200231,-0.4673305750201011,-85.80280576768587
C3,code,Phi,Mistral,177,-0.476571774889103,-0.5570481900226735,-84.35320415537123
C4,code,Phi,Mistral,105,-0.2289445642973924,-0.8128689838890425,-24.0391792512262
C5,code,Phi,Mistral,178,-0.43751688950193235,-0.6357827086882624,-77.87800633134395
C6,code,Phi,Mistral,269,-0.45289537643529776,-0.4979743203773698,-121.8288562610951
C7,code,Phi,Mistral,139,-0.42680360151221636,-0.8686109109109637,-59.325700610198076
C8,code,Phi,Mistral,234,-0.45013798116454007,-0.6635375342496886,-105.33228759250238
C9,code,Phi,Mistral,158,-0.5489238420055488,-0.621599540120182,-86.7299670368767
C10,code,Phi,Mistral,164,-0.3407346983832154,-0.6282336570972626,-55.880490534847326
C11,code,Phi,Mistral,106,-0.22583501785026688,-0.48267993953448,-23.93851189212829
C12,code,Phi,Mistral,216,-0.3849702043279875,-0.3552194817572938,-83.1535641348453
C13,code,Phi,Mistral,132,-0.5111188708029806,-0.5922506012723316,-67.46769094599344
C14,code,Phi,Mistral,302,-0.9001365160422315,-0.7927836142835799,-271.8412278447539
C15,code,Phi,Mistral,197,-0.6761511234696317,-0.7338991102065954,-133.20177132351745
C16,code,Phi,Mistral,259,-0.5854346990126926,-0.5976865538332694,-151.6275870442874
C17,code,Phi,Mistral,286,-0.3850083507249288,-0.4022403200307098,-110.11238830732964
C18,code,Phi,Mistral,254,-0.5336405420282705,-0.5858663315679756,-135.54469767518071
C19,code,Phi,Mistral,249,-0.9021809923662584,-0.9033176712611354,-224.64306709919833
C20,code,Phi,Mistral,160,-1.1918916854747295,-0.9566940025708277,-190.7026696759567
Q1,math,Phi,Mistral,285,-0.4324144436090847,-0.6904933222730849,-123.23811642858914
Q2,math,Phi,Mistral,288,-0.32298474837213015,-0.6251006633546614,-93.01960753117348
Q3,math,Phi,Mistral,383,-0.33609145929235607,-0.5202384285394829,-128.72302890897237
Q4,math,Phi,Mistral,1065,-0.4157829441117017,-0.43421560161776424,-442.8088354789623
Q5,math,Phi,Mistral,293,-0.42565215290871933,-0.6297906261141327,-124.71608080225477
Q6,math,Phi,Mistral,265,-0.6153381740774486,-0.723051376377159,-163.0646161305239
Q7,math,Phi,Mistral,419,-0.5454503332360362,-0.6841041718074119,-228.54368962589916
Q8,math,Phi,Mistral,480,-0.4081969839216859,-0.5186096863024855,-195.93455228240924
Q9,math,Phi,Mistral,415,-0.3045218308127484,-0.43157517251544153,-126.3765597872906
Q10,math,Phi,Mistral,323,-0.6815400250927861,-0.8639411375619456,-220.1374281049699
Q11,math,Phi,Mistral,371,-0.4650610425420401,-0.6499815910551541,-172.53764678309687
Q12,math,Phi,Mistral,348,-0.5218966685742975,-0.6012024052072458,-181.62004066385555
Q13,math,Phi,Mistral,460,-0.3316360906901492,-0.44780955493460783,-152.55260171746863
Q14,math,Phi,Mistral,457,-0.631008170706308,-0.6805537497399656,-288.37073401278275
Q15,math,Phi,Mistral,504,-0.6287976991486421,-0.7974747656189598,-316.91404037091564
Q16,math,Phi,Mistral,482,-0.8096467716178758,-0.9115479940147078,-390.2497439198161
Q17,math,Phi,Mistral,225,-0.6299395103239865,-0.9128641828480148,-141.73638982289697
Q18,math,Phi,Mistral,389,-0.44845706708401223,-0.5935015002832079,-174.44979909568076
Q19,math,Phi,Mistral,388,-0.6424353967187357,-0.7688250188328952,-249.26493392686945
Q20,math,Phi,Mistral,873,-0.46668185899814285,-0.524832934742319,-407.4132629053787
E1,prose,Phi,Mistral,438,-1.0251722461914992,-1.2455401865141718,-449.02544383187666
E2,prose,Phi,Mistral,383,-1.1709970371062828,-1.3066222758453463,-448.49186521170634
E3,prose,Phi,Mistral,481,-1.0293978304285771,-1.217518634950545,-495.1403564361456
E4,prose,Phi,Mistral,345,-1.2696173434428313,-1.415725355482646,-438.0179834877768
E5,prose,Phi,Mistral,478,-0.9808645845625658,-1.2557174287065103,-468.8532714209064
E6,prose,Phi,Mistral,400,-0.9826062591728578,-1.1773400960572744,-393.0425036691431
E7,prose,Phi,Mistral,298,-1.1487291473320882,-1.26720704067451,-342.3212859049623
E8,prose,Phi,Mistral,509,-1.2713351487433553,-1.434614796352469,-647.1095907103678
E9,prose,Phi,Mistral,333,-1.1644731297773325,-1.4469639502138467,-387.7695522158517
E10,prose,Phi,Mistral,416,-1.0301766518771134,-1.1982895499900512,-428.55348718087913
E11,prose,Phi,Mistral,350,-0.8864182590776801,-1.1245538821418704,-310.24639067718806
E12,prose,Phi,Mistral,450,-1.317218579132056,-1.500219188779028,-592.7483606094253
E13,prose,Phi,Mistral,370,-1.0011502173749913,-1.3280713635806314,-370.4255804287468
E14,prose,Phi,Mistral,418,-1.2157512127630903,-1.3634231526660685,-508.1840069349717
M1,prose,Phi,Mistral,412,-1.0846538973132502,-1.3605135336363154,-446.8774056930591
M2,prose,Phi,Mistral,401,-0.9839693458440419,-1.502539051781071,-394.57170768346083
M3,prose,Phi,Mistral,429,-1.044369598648193,-1.4073064576265346,-448.0345578200747
M4,prose,Phi,Mistral,455,-1.1818913500375134,-1.4611892356838605,-537.7605642670686
M5,prose,Phi,Mistral,413,-0.8661300020393466,-1.286758571516942,-357.71169084225016
M6,prose,Phi,Mistral,334,-1.0023893981298073,-1.5641876004189776,-334.7980589753556
M7,prose,Phi,Mistral,361,-1.0652818632329015,-1.47652590888555,-384.56675262707745
M8,prose,Phi,Mistral,403,-1.1397875595440472,-1.6411164192443952,-459.33438649625106
M9,prose,Phi,Mistral,502,-1.0635567927677563,-1.455212304846719,-533.9055099694136
M10,prose,Phi,Mistral,488,-1.1402621288666785,-1.50258877888816,-556.4479188869391
M11,prose,Phi,Mistral,408,-1.0485612111216278,-1.4908509591436623,-427.8129741376241
M12,prose,Phi,Mistral,447,-1.132514619401038,-1.3790573436425246,-506.23403487226403
M13,prose,Phi,Mistral,306,-1.1486087758602193,-1.561434689422494,-351.4742854132271
H1,prose,Phi,Mistral,425,-1.1757489084905532,-1.840927965477897,-499.69328610848515
H2,prose,Phi,Mistral,452,-1.3352512206429332,-1.7807313170630759,-603.5335517306058
H3,prose,Phi,Mistral,584,-0.8967304363658356,-1.543687463313926,-523.690574837648
H4,prose,Phi,Mistral,358,-1.1734473615348013,-1.9490039953245482,-420.09415542945885
H5,prose,Phi,Mistral,569,-1.2559112342228131,-1.6286173863996034,-714.6134922727807
H6,prose,Phi,Mistral,408,-1.2646878468276825,-1.8148388124688466,-515.9926415056945
H7,prose,Phi,Mistral,448,-1.0235007983873685,-1.9704961183401148,-458.5283576775411
H8,prose,Phi,Mistral,411,-0.9527534240788196,-1.776419851504215,-391.58165729639484
H9,prose,Phi,Mistral,388,-1.0290438292736577,-1.8639529223941886,-399.2690057581792
H10,prose,Phi,Mistral,564,-1.081965487604618,-1.6870901495196078,-610.2285350090046
H11,prose,Phi,Mistral,461,-0.9509721633026921,-1.7494516749403983,-438.39816728254107
H12,prose,Phi,Mistral,445,-0.8141326144612339,-1.801271693969939,-362.28901343524905
H13,prose,Phi,Mistral,386,-0.7579883269992044,-1.9022661331545017,-292.5834942216929
E15,prose,Phi,Mistral,400,-1.328798449940922,-1.5862758812081341,-531.5193799763688
E16,prose,Phi,Mistral,367,-1.2422881321017631,-1.4695306599049784,-455.91974448134704
E17,prose,Phi,Mistral,466,-1.2337453147799142,-1.508929978870035,-574.92531668744
E18,prose,Phi,Mistral,369,-1.2579586529932525,-1.4527987235140616,-464.1867429545102
E19,prose,Phi,Mistral,389,-1.3412430605663193,-1.568637906819705,-521.7435505602982
E20,prose,Phi,Mistral,390,-1.1829132583905764,-1.4746711953460887,-461.33617077232475
E21,prose,Phi,Mistral,446,-1.11722836929965,-1.2857125063542558,-498.2838527076439
M14,prose,Phi,Mistral,310,-0.9126835887945681,-1.554354212102252,-282.9319125263161
M15,prose,Phi,Mistral,393,-1.0908401605693108,-1.5075850594070106,-428.70018310373916
M16,prose,Phi,Mistral,350,-1.2564219957044183,-1.622753650816246,-439.7476984965464
M17,prose,Phi,Mistral,332,-1.1030708851058488,-1.6957779964059316,-366.21953385514183
M18,prose,Phi,Mistral,336,-1.236009988978047,-1.6488015846686892,-415.2993562966238
M19,prose,Phi,Mistral,486,-1.19339042786351,-1.4972826656534797,-579.9877479416658
M20,prose,Phi,Mistral,359,-1.0518633065241538,-1.415667741619061,-377.6189270421712
H14,prose,Phi,Mistral,462,-0.9440806593739839,-1.5260258106632396,-436.16526463078054
H15,prose,Phi,Mistral,453,-1.1348438896280426,-1.712623427494994,-514.0842820015033
H16,prose,Phi,Mistral,450,-1.17867188420182,-1.9832536586873057,-530.402347890819
H17,prose,Phi,Mistral,373,-1.076380124111997,-2.0233239669856524,-401.4897862937749
H18,prose,Phi,Mistral,374,-1.2999506882859528,-2.0175233327594997,-486.18155741894634
H19,prose,Phi,Mistral,445,-0.7989080581668869,-1.294461539880296,-355.51408588426466
S1,short,Phi,Mistral,91,-0.6732039889905441,-1.047330139832431,-61.26156299813951
S2,short,Phi,Mistral,80,-1.7594417564776106,-1.9752533743070217,-140.75534051820884
S3,short,Phi,Mistral,101,-1.217503748343606,-1.384439830586263,-122.9678785827042
S4,short,Phi,Mistral,105,-1.1111359050914653,-1.343752010708483,-116.66927003460387
S5,short,Phi,Mistral,99,-1.26449651944717,-1.260212623132137,-125.18515542526984
S6,short,Phi,Mistral,65,-1.3857422947382956,-1.590040880707294,-90.07324915798921
S7,short,Phi,Mistral,105,-1.0325137888006743,-1.0967638609092318,-108.41394782407082
S8,short,Phi,Mistral,85,-0.5095372853544042,-1.0632048279175499,-43.31066925512436
S9,short,Phi,Mistral,124,-1.2702351855304408,-1.4211291605294953,-157.50916300577467
S10,short,Phi,Mistral,101,-0.762828138853215,-0.9155099580532114,-77.04564202417471
S11,short,Phi,Mistral,110,-1.791214334215618,-1.7734564288017614,-197.03357676371797
S12,short,Phi,Mistral,100,-0.9987904584639798,-1.0933697212616789,-99.87904584639799
S13,short,Phi,Mistral,94,-1.4354488916038701,-1.2978133731175647,-134.9321958107638
S14,short,Phi,Mistral,100,-1.2292804015686158,-1.2912386775704545,-122.92804015686158
S15,short,Phi,Mistral,110,-1.0658785619462852,-1.3066415244665388,-117.24664181409136
S16,short,Phi,Mistral,97,-1.1498706102402174,-1.4666913978167593,-111.53744919330109
S17,short,Phi,Mistral,72,-1.0775549740544175,-1.3649049300248004,-77.58395813191805
S18,short,Phi,Mistral,116,-1.1930119638324665,-1.3066642116469012,-138.38938780456613
S19,short,Phi,Mistral,128,-0.7529772195379112,-0.9124576736232184,-96.38108410085263
S20,short,Phi,Mistral,101,-1.0050040252758559,-1.2217796336734232,-101.50540655286144
C1,code,Qwen,Mistral,126,-0.6322291243888396,-0.8123865328189057,-79.66086967299378
C2,code,Qwen,Mistral,275,-0.37221812459907566,-0.5695380184630815,-102.3599842647458
C3,code,Qwen,Mistral,236,-0.596217005231996,-0.5460586581460523,-140.70721323475104
C4,code,Qwen,Mistral,168,-0.5182909831782458,-0.7873029476187308,-87.07288517394531
C5,code,Qwen,Mistral,227,-0.8468961985790513,-0.8093870498550012,-192.24543707744465
C6,code,Qwen,Mistral,208,-0.6480211634261891,-0.7522959591086837,-134.78840199264732
C7,code,Qwen,Mistral,166,-0.4895749982794792,-0.7308877993298902,-81.26944971439355
C8,code,Qwen,Mistral,260,-0.6789076744682478,-0.6626476400554413,-176.51599536174444
C9,code,Qwen,Mistral,203,-0.5673747086916375,-0.7400527232596019,-115.17706586440241
C10,code,Qwen,Mistral,259,-0.7373083046763618,-0.9676960110599412,-190.9628509111777
C11,code,Qwen,Mistral,255,-0.6231435393120283,-0.673059190408612,-158.9016025245672
C12,code,Qwen,Mistral,317,-0.5037949949674585,-0.5346385694057737,-159.70301340468433
C13,code,Qwen,Mistral,135,-0.48953616838247266,-0.5023759665166672,-66.08738273163381
C14,code,Qwen,Mistral,301,-0.6841706582835189,-0.702904512618151,-205.93536814333916
C15,code,Qwen,Mistral,307,-0.6661679890035096,-0.726272985319569,-204.51357262407745
C16,code,Qwen,Mistral,281,-0.8334421942855539,-0.8228849779222848,-234.19725659424063
C17,code,Qwen,Mistral,316,-0.6316213388758487,-0.6638826992245741,-199.59234308476817
C18,code,Qwen,Mistral,301,-0.526572507822335,-0.5291541650212924,-158.49832485452282
C19,code,Qwen,Mistral,318,-0.5842335919341712,-0.6897207722515613,-185.78628223506647
C20,code,Qwen,Mistral,388,-0.48906521376273737,-0.42737860175018944,-189.7573029399421
Q1,math,Qwen,Mistral,255,-0.32893427156350874,-0.7041790986397838,-83.87823924869473
Q2,math,Qwen,Mistral,342,-0.331800968818971,-0.5823169344335818,-113.47593133608808
Q3,math,Qwen,Mistral,365,-0.5331094486813189,-0.7109436072318546,-194.58494876868141
Q4,math,Qwen,Mistral,858,-0.33040646307634314,-0.369371427232429,-283.4887453195024
Q5,math,Qwen,Mistral,284,-0.43597042995511415,-0.6887151403343905,-123.81560210725242
Q6,math,Qwen,Mistral,279,-0.60172057512541,-0.7958475372335464,-167.88004045998937
Q7,math,Qwen,Mistral,341,-0.4356387781728406,-0.5175468755035564,-148.55282335693863
Q8,math,Qwen,Mistral,463,-0.5332811308047207,-0.6668227673387846,-246.90916356258572
Q9,math,Qwen,Mistral,562,-0.4336717057706175,-0.5392870237206373,-243.72349864308703
Q10,math,Qwen,Mistral,305,-0.45713676323473895,-0.756609541009047,-139.42671278659537
Q11,math,Qwen,Mistral,330,-0.730945074618836,-0.8300905010866035,-241.21187462421588
Q12,math,Qwen,Mistral,253,-0.38932274638683606,-0.5447490608258446,-98.49865483586953
Q13,math,Qwen,Mistral,254,-0.5570371643002197,-0.7107895180165625,-141.48743973225578
Q14,math,Qwen,Mistral,466,-0.6046991631304824,-0.6519726356795225,-281.7898100188048
Q15,math,Qwen,Mistral,451,-0.44408349883699005,-0.6042913689257225,-200.28165797548252
Q16,math,Qwen,Mistral,374,-0.5509771347492629,-0.6755067210758275,-206.06544839622433
Q17,math,Qwen,Mistral,316,-0.5745424423552296,-0.7277769700300611,-181.55541178425253
Q18,math,Qwen,Mistral,446,-0.5493615122247472,-0.6989707348730179,-245.01523445223722
Q19,math,Qwen,Mistral,428,-0.6211968367298477,-0.6982339503341561,-265.8722461203748
Q20,math,Qwen,Mistral,522,-1.0187340684349244,-1.018755155505174,-531.7791837230305
E1,prose,Qwen,Mistral,516,-1.209057174468921,-1.3355880655251824,-623.8735020259631
E2,prose,Qwen,Mistral,534,-1.1574193077336385,-1.311357581991997,-618.061910329763
E3,prose,Qwen,Mistral,509,-1.33251751624207,-1.5384848553288513,-678.2514157672136
E4,prose,Qwen,Mistral,509,-1.2796865463668239,-1.3974451684578557,-651.3604521007134
E5,prose,Qwen,Mistral,609,-1.2380868457735887,-1.4355925846854032,-753.9948890761156
E6,prose,Qwen,Mistral,422,-1.3803032999123943,-1.5948397505078058,-582.4879925630304
E7,prose,Qwen,Mistral,522,-1.1118993490797942,-1.306021102298469,-580.4114602196526
E8,prose,Qwen,Mistral,571,-1.3482572582622585,-1.561877835428966,-769.8548944677495
E9,prose,Qwen,Mistral,460,-1.328728042768104,-1.5091162313653705,-611.2148996733279
E10,prose,Qwen,Mistral,473,-1.174979601195396,-1.3404186699698477,-555.7653513654222
E11,prose,Qwen,Mistral,570,-1.414511056965894,-1.5967917406479677,-806.2713024705596
E12,prose,Qwen,Mistral,507,-1.285453562728219,-1.4561841098544162,-651.724956303207
E13,prose,Qwen,Mistral,408,-1.3980564068532946,-1.6138709756829386,-570.4070139961442
E14,prose,Qwen,Mistral,564,-1.2469115371878223,-1.4240756205452325,-703.2581069739318
M1,prose,Qwen,Mistral,309,-1.3544158962710124,-1.5022903696841203,-418.51451194774285
M2,prose,Qwen,Mistral,540,-1.3802674233846353,-1.6025997023638676,-745.344408627703
M3,prose,Qwen,Mistral,469,-1.149688222444455,-1.3292016172649208,-539.2037763264493
M4,prose,Qwen,Mistral,485,-1.3138667698465063,-1.5519632795302638,-637.2253833755556
M5,prose,Qwen,Mistral,593,-1.0155992363190391,-1.324164190338081,-602.2503471371903
M6,prose,Qwen,Mistral,567,-1.1524742812306144,-1.4029407340467088,-653.4529174577583
M7,prose,Qwen,Mistral,492,-1.1277791387929332,-1.4021601338167198,-554.8673362861232
M8,prose,Qwen,Mistral,522,-1.269424305900854,-1.5589987471692743,-662.6394876802458
M9,prose,Qwen,Mistral,586,-1.320678004709983,-1.6285134152160234,-773.9173107600501
M10,prose,Qwen,Mistral,470,-1.250165001467841,-1.45093810224466,-587.5775506898852
M11,prose,Qwen,Mistral,575,-1.5622808691215593,-1.8054903956499813,-898.3114997448965
M12,prose,Qwen,Mistral,471,-1.2184614941290468,-1.4141526900930022,-573.8953637347811
M13,prose,Qwen,Mistral,515,-1.3597928531139243,-1.5418929370313974,-700.293319353671
H1,prose,Qwen,Mistral,524,-1.096304885246879,-1.5316869518577279,-574.4637598693646
H2,prose,Qwen,Mistral,716,-1.2992441230982632,-1.7230515602154677,-930.2587921383565
H3,prose,Qwen,Mistral,585,-1.1435202132049644,-1.6674376436185452,-668.9593247249043
H4,prose,Qwen,Mistral,599,-1.2131008662285614,-1.7639688525803017,-726.6474188709083
H5,prose,Qwen,Mistral,559,-1.184704871427329,-1.5362311803332716,-662.2500231278768
H6,prose,Qwen,Mistral,629,-1.1131660757585395,-1.6409976916286724,-700.1814616521214
H7,prose,Qwen,Mistral,631,-1.151518462793335,-1.726597722472361,-726.6081500225944
H8,prose,Qwen,Mistral,583,-1.1150851258281385,-1.5975188082873975,-650.0946283578047
H9,prose,Qwen,Mistral,513,-1.2330994115534895,-1.7671014161553984,-632.57999812694
H10,prose,Qwen,Mistral,693,-1.2259210636589601,-1.6630020819736626,-849.5632971156593
H11,prose,Qwen,Mistral,580,-1.1064884913367055,-1.8200778652702598,-641.7633249752892
H12,prose,Qwen,Mistral,604,-1.3409967693295632,-1.8127038666887578,-809.9620486750562
H13,prose,Qwen,Mistral,734,-1.2120327629764114,-1.6531116043547236,-889.6320480246859
E15,prose,Qwen,Mistral,549,-1.3620528516609862,-1.5592457500449692,-747.7670155618814
E16,prose,Qwen,Mistral,515,-1.4051275656015882,-1.549249940216896,-723.640696284818
E17,prose,Qwen,Mistral,522,-1.4763080157341275,-1.631866338317879,-770.6327842132146
E18,prose,Qwen,Mistral,536,-1.237651515038614,-1.4046518293931627,-663.3812120606971
E19,prose,Qwen,Mistral,437,-1.5115307121067754,-1.6511481404128012,-660.5389211906609
E20,prose,Qwen,Mistral,421,-1.475517813337806,-1.6725411202401228,-621.1929994152163
E21,prose,Qwen,Mistral,516,-1.1701761867737828,-1.3091983976665016,-603.8109123752719
M14,prose,Qwen,Mistral,420,-1.286102075078648,-1.6106214217820443,-540.1628715330322
M15,prose,Qwen,Mistral,423,-1.3710873298306765,-1.6626362703331252,-579.9699405183761
M16,prose,Qwen,Mistral,544,-1.1684871106127792,-1.5000668527927816,-635.6569881733519
M17,prose,Qwen,Mistral,388,-1.4844452988785724,-1.763888936850522,-575.964775964886
M18,prose,Qwen,Mistral,475,-1.2529246779680203,-1.4899117038473573,-595.1392220348097
M19,prose,Qwen,Mistral,464,-1.1763302282049177,-1.431149145444633,-545.8172258870818
M20,prose,Qwen,Mistral,519,-1.2508331497217238,-1.4584295517973294,-649.1824047055746
H14,prose,Qwen,Mistral,507,-1.2577880123615806,-1.6171662487737137,-637.6985222673213
H15,prose,Qwen,Mistral,590,-1.222600261320573,-1.7405100320661404,-721.3341541791381
H16,prose,Qwen,Mistral,562,-1.3042387060066487,-1.734911698613081,-732.9821527757366
H17,prose,Qwen,Mistral,513,-1.313265286403479,-1.8296800213035467,-673.7050919249848
H18,prose,Qwen,Mistral,439,-1.241137530287776,-1.8099866845198145,-544.8593757963337
H19,prose,Qwen,Mistral,603,-1.025914066129765,-1.3489352316222931,-618.6261818762483
S1,short,Qwen,Mistral,61,-0.9586275576618846,-1.202502632357977,-58.47628101737496
S2,short,Qwen,Mistral,57,-0.9801492706985236,-1.5406265358911984,-55.86850842981585
S3,short,Qwen,Mistral,70,-1.578532389982612,-1.6412294828529932,-110.49726729878284
S4,short,Qwen,Mistral,46,-0.851848033260605,-1.2722779432423246,-39.18500952998783
S5,short,Qwen,Mistral,73,-0.9788672056421616,-1.3884921258362712,-71.45730601187779
S6,short,Qwen,Mistral,60,-0.8106177940557501,-1.1097172768333006,-48.637067643345006
S7,short,Qwen,Mistral,48,-0.5657402723321211,-0.8604732420617438,-27.15553307194181
S8,short,Qwen,Mistral,60,-1.057710777577112,-1.6586440579602821,-63.462646654626724
S9,short,Qwen,Mistral,58,-1.2986734708577619,-1.6700039327845624,-75.32306130975019
S10,short,Qwen,Mistral,53,-1.131971624328373,-1.1801938267846348,-59.99449608940377
S11,short,Qwen,Mistral,94,-1.2527924373463317,-1.3721712482906794,-117.76248911055518
S12,short,Qwen,Mistral,70,-1.2371062916916402,-1.4278569680894309,-86.59744041841482
S13,short,Qwen,Mistral,43,-1.3211463210892165,-1.920041632473988,-56.80929180683631
S14,short,Qwen,Mistral,54,-0.8552247924747491,-1.2022064500506742,-46.182138793636454
S15,short,Qwen,Mistral,76,-1.0415817631179487,-1.386183719686241,-79.1602139969641
S16,short,Qwen,Mistral,45,-1.1414317363542394,-1.4038594021284956,-51.36442813594078
S17,short,Qwen,Mistral,48,-0.7559068559710868,-1.5624631675012022,-36.28352908661216
S18,short,Qwen,Mistral,74,-1.704691257846969,-1.772503801547164,-126.14715308067571
S19,short,Qwen,Mistral,67,-0.9317357308668319,-1.217291994698093,-62.42629396807774
S20,short,Qwen,Mistral,60,-1.152948918889175,-1.4164598614064743,-69.1769351333505
C1,code,Mistral,Mistral,216,-0.166190831857514,-0.4151539384314073,-35.89721968122302
C2,code,Mistral,Mistral,319,-0.13872652954904813,-0.5283561034565705,-44.25376292614635
C3,code,Mistral,Mistral,215,-0.05699620656728954,-0.41209562302079034,-12.254184411967252
C4,code,Mistral,Mistral,268,-0.22570563719857986,-0.5409024835135517,-60.4891107692194
C5,code,Mistral,Mistral,273,-0.15646775925622075,-0.513184411686176,-42.71569827694827
C6,code,Mistral,Mistral,298,-0.2432984062452724,-0.4871423940466475,-72.50292506109118
C7,code,Mistral,Mistral,241,-0.24550398690834815,-0.6621721205694038,-59.1664608449119
C8,code,Mistral,Mistral,357,-0.18598865045098664,-0.5168098337159852,-66.39794821100223
C9,code,Mistral,Mistral,279,-0.17187377986025176,-0.4159816436725157,-47.95278458101024
C10,code,Mistral,Mistral,259,-0.21103592956786504,-0.5218071425273005,-54.65830575807705
C11,code,Mistral,Mistral,465,-0.1548109345110198,-0.36407696213430973,-71.9870845476242
C12,code,Mistral,Mistral,307,-0.1717746170037661,-0.4230377001208836,-52.73480742015619
C13,code,Mistral,Mistral,172,-0.061908307678069895,-0.6688205553045347,-10.648228920628021
C14,code,Mistral,Mistral,369,-0.1795788619149102,-0.4546230001319553,-66.26460004660187
C15,code,Mistral,Mistral,358,-0.2544482271965059,-0.6467030789034544,-91.09246533634911
C16,code,Mistral,Mistral,450,-0.14933028218518177,-0.3420096764116779,-67.19862698333179
C17,code,Mistral,Mistral,436,-0.1756050045680927,-0.3525314772861992,-76.56378199168842
C18,code,Mistral,Mistral,321,-0.10475563265158655,-0.5117672004345968,-33.62655808115928
C19,code,Mistral,Mistral,318,-0.24268018804443883,-0.46540057244829786,-77.17229979813155
C20,code,Mistral,Mistral,507,-0.26731355277283886,-0.4687050527512393,-135.5279712558293
Q1,math,Mistral,Mistral,279,-0.14270560488720632,-0.4822143591549323,-39.81486376353056
Q2,math,Mistral,Mistral,281,-0.14886948426210284,-0.45715357588488653,-41.8323250776509
Q3,math,Mistral,Mistral,461,-0.20274253868543674,-0.4500722568614941,-93.46431033398633
Q4,math,Mistral,Mistral,900,-0.07500971637196364,-0.1755209740277954,-67.50874473476728
Q5,math,Mistral,Mistral,235,-0.1274811269391717,-0.5270298735229071,-29.958064830705354
Q6,math,Mistral,Mistral,350,-0.21727719101717086,-0.4892547223791972,-76.0470168560098
Q7,math,Mistral,Mistral,361,-0.15018961441852766,-0.3810654487683478,-54.21845080508848
Q8,math,Mistral,Mistral,325,-0.21827680968227417,-0.5280502532313358,-70.9399631467391
Q9,math,Mistral,Mistral,776,-0.26411604700062724,-0.3750276933219871,-204.95405247248675
Q10,math,Mistral,Mistral,356,-0.2841520203298642,-0.6989933072641027,-101.15811923743166
Q11,math,Mistral,Mistral,407,-0.3500861309267732,-0.5568012539076945,-142.4850552871967
Q12,math,Mistral,Mistral,278,-0.21544130697528752,-0.5655331860646806,-59.89268333912993
Q13,math,Mistral,Mistral,316,-0.24520585693672112,-0.549484270775778,-77.48505079200388
Q14,math,Mistral,Mistral,759,-0.1540689927294961,-0.24785095633376825,-116.93836548168753
Q15,math,Mistral,Mistral,654,-0.3067665251282269,-0.6488514163486223,-200.6253074338604
Q16,math,Mistral,Mistral,422,-0.258113384219509,-0.5078902589765644,-108.92384814063281
Q17,math,Mistral,Mistral,651,-0.3301687199936974,-0.589484844323942,-214.939836715897
Q18,math,Mistral,Mistral,238,-0.20262258894059568,-0.695919964453483,-48.22417616786177
Q19,math,Mistral,Mistral,276,-0.3238263912628084,-0.7272040141992188,-89.37608398853511
Q20,math,Mistral,Mistral,900,-0.22350320356230882,-0.35755165429308866,-201.15288320607795
E1,prose,Mistral,Mistral,579,-0.5179202764253035,-0.8961927519321526,-299.8758400502507
E2,prose,Mistral,Mistral,517,-0.5047263357842855,-0.8718506904795803,-260.9435156004756
E3,prose,Mistral,Mistral,653,-0.47889291740656603,-0.7643405621888469,-312.7170750664876
E4,prose,Mistral,Mistral,382,-0.5026668206710054,-0.8661870642799406,-192.01872549632407
E5,prose,Mistral,Mistral,583,-0.4313188900375765,-0.8342744099067302,-251.45891289190712
E6,prose,Mistral,Mistral,520,-0.4806552005460843,-0.8186734053748282,-249.94070428396384
E7,prose,Mistral,Mistral,584,-0.4229260135313598,-0.6272491814872738,-246.98879190231412
E8,prose,Mistral,Mistral,522,-0.49621857091725213,-0.9473339096723064,-259.0260940188056
E9,prose,Mistral,Mistral,446,-0.4570348495688925,-0.8947159911853916,-203.83754290772606
E10,prose,Mistral,Mistral,412,-0.3566830999482817,-0.7180345145740292,-146.95343717869204
E11,prose,Mistral,Mistral,546,-0.42005033220741694,-0.8053644891037384,-229.34748138524967
E12,prose,Mistral,Mistral,638,-0.49656449299494637,-0.8475143219827166,-316.8081465307758
E13,prose,Mistral,Mistral,451,-0.4257527865112724,-1.0276509970928314,-192.01450671658387
E14,prose,Mistral,Mistral,533,-0.5480253144847976,-0.977161746735169,-292.09749262039713
M1,prose,Mistral,Mistral,577,-0.48420217584916697,-0.9154222286273876,-279.38465546496934
M2,prose,Mistral,Mistral,492,-0.3581935315097049,-0.9267022100168457,-176.2312175027748
M3,prose,Mistral,Mistral,632,-0.4819972209055495,-0.8664868711358539,-304.6222436123073
M4,prose,Mistral,Mistral,467,-0.47593241694907773,-1.1050110093499101,-222.2604387152193
M5,prose,Mistral,Mistral,461,-0.48778600214871864,-1.109346672378525,-224.8693469905593
M6,prose,Mistral,Mistral,533,-0.4049208772579848,-0.9112318402107861,-215.8228275785059
M7,prose,Mistral,Mistral,591,-0.42241114280392733,-0.9573926958262993,-249.64498539712105
M8,prose,Mistral,Mistral,508,-0.4991189889077796,-1.1194922615009861,-253.55244636515204
M9,prose,Mistral,Mistral,520,-0.3918533040267096,-0.9517731675729606,-203.763718093889
M10,prose,Mistral,Mistral,532,-0.4080903473829259,-1.067396476586515,-217.10406480771655
M11,prose,Mistral,Mistral,514,-0.46188144236169315,-1.064762440661474,-237.40706137391027
M12,prose,Mistral,Mistral,501,-0.44024798038972174,-0.869308476109076,-220.56423817525058
M13,prose,Mistral,Mistral,568,-0.42306520973038186,-0.9947314494140486,-240.3010391268569
H1,prose,Mistral,Mistral,540,-0.30968161326482907,-1.0728128350515493,-167.2280711630077
H2,prose,Mistral,Mistral,567,-0.4468462138742054,-1.2616034061460832,-253.36180326667449
H3,prose,Mistral,Mistral,698,-0.3951741715454874,-1.1813668783288935,-275.8315717387502
H4,prose,Mistral,Mistral,689,-0.34422636220805275,-1.012658038983832,-237.17196356134835
H5,prose,Mistral,Mistral,664,-0.37170104546362054,-1.01805913664736,-246.80949418784405
H6,prose,Mistral,Mistral,534,-0.3728069466210419,-1.306848477486219,-199.07890949563637
H7,prose,Mistral,Mistral,618,-0.3908939588247581,-1.4016703024444246,-241.57246655370048
H8,prose,Mistral,Mistral,634,-0.33346578225574636,-1.2342740689884644,-211.4173059501432
H9,prose,Mistral,Mistral,574,-0.37418824352903474,-1.2661186139082816,-214.78405178566595
H10,prose,Mistral,Mistral,629,-0.27201494125976106,-1.2257037055402633,-171.0973980523897
H11,prose,Mistral,Mistral,535,-0.4003766788060514,-1.382480596042699,-214.20152316123747
H12,prose,Mistral,Mistral,530,-0.2597731472125443,-1.3558056211558593,-137.6797680226485
H13,prose,Mistral,Mistral,606,-0.3026637868478695,-1.3439121859481764,-183.4142548298089
E15,prose,Mistral,Mistral,596,-0.45641248018693836,-0.8649746655436265,-272.02183819141527
E16,prose,Mistral,Mistral,447,-0.5451548875330238,-1.0062400516830996,-243.68423472726164
E17,prose,Mistral,Mistral,474,-0.4789356311226141,-0.9420038588478672,-227.0154891521191
E18,prose,Mistral,Mistral,631,-0.5151747729033708,-0.8543476765071104,-325.075281702027
E19,prose,Mistral,Mistral,526,-0.43196531882421596,-0.8526036057900317,-227.2137577015376
E20,prose,Mistral,Mistral,493,-0.5346562287019208,-0.9322162860080233,-263.58552075004695
E21,prose,Mistral,Mistral,481,-0.3916370478333119,-0.7875632967112622,-188.37742000782302
M14,prose,Mistral,Mistral,464,-0.4312041308646132,-1.081645692085038,-200.0787167211805
M15,prose,Mistral,Mistral,561,-0.5165879864411907,-1.0684332078348309,-289.805860393508
M16,prose,Mistral,Mistral,496,-0.4709739461615784,-1.0880030228820323,-233.60307729614289
M17,prose,Mistral,Mistral,437,-0.5319323961828112,-1.312252435066719,-232.4544571318885
M18,prose,Mistral,Mistral,524,-0.6059540079039287,-1.063413508156353,-317.51990014165864
M19,prose,Mistral,Mistral,540,-0.4113510323731606,-1.0136577701304141,-222.12955748150674
M20,prose,Mistral,Mistral,548,-0.5343861462230074,-1.0240184154400487,-292.84360813020805
H14,prose,Mistral,Mistral,581,-0.3184564662441076,-1.0805129771501076,-185.02320688782652
H15,prose,Mistral,Mistral,586,-0.3084739985732686,-1.328247807554388,-180.76576316393542
H16,prose,Mistral,Mistral,574,-0.34076514739628594,-1.231921076071294,-195.59919460546814
H17,prose,Mistral,Mistral,467,-0.4352135130332805,-1.5439942007493244,-203.244710586542
H18,prose,Mistral,Mistral,515,-0.3594871434597835,-1.145608504341996,-185.1358788817885
H19,prose,Mistral,Mistral,576,-0.36959641202377264,-0.8616374787372497,-212.88753332569303
S1,short,Mistral,Mistral,140,-0.2999664418860381,-0.7444583503111959,-41.99530186404534
S2,short,Mistral,Mistral,69,-0.47209991147663516,-1.3980002652821493,-32.574893891887825
S3,short,Mistral,Mistral,109,-0.3576846213439713,-0.8670021741113029,-38.98762372649287
S4,short,Mistral,Mistral,190,-0.3065382666532653,-0.5995732743023316,-58.242270664120404
S5,short,Mistral,Mistral,145,-0.3654315531574741,-0.7947890208712234,-52.98757520783374
S6,short,Mistral,Mistral,106,-0.39357935123384596,-1.0565655633935087,-41.71941123078767
S7,short,Mistral,Mistral,96,-0.39320031046423765,-1.04819658748562,-37.747229804566814
S8,short,Mistral,Mistral,123,-0.3373323691702971,-0.7327135593153844,-41.49188140794654
S9,short,Mistral,Mistral,116,-0.46345017817575423,-1.1620020917491964,-53.76022066838749
S10,short,Mistral,Mistral,134,-0.3292382103806278,-0.885705871049941,-44.117920191004124
S11,short,Mistral,Mistral,117,-0.2912629421457554,-0.8394863987557314,-34.07776423105338
S12,short,Mistral,Mistral,165,-0.4004137534827418,-0.7651703277696883,-66.06826932465239
S13,short,Mistral,Mistral,131,-0.3670572423534373,-0.9784986965508824,-48.084498748300284
S14,short,Mistral,Mistral,93,-0.2945826551095231,-1.020192249636867,-27.396186925185646
S15,short,Mistral,Mistral,117,-0.43928207419841103,-1.2408717209094917,-51.39600268121409
S16,short,Mistral,Mistral,93,-0.4653077094047756,-1.0355897366179532,-43.273616974644135
S17,short,Mistral,Mistral,88,-0.41687549820819375,-1.0508798708024962,-36.68504384232105
S18,short,Mistral,Mistral,96,-0.4165018051109719,-1.077393797709514,-39.9841732906533
S19,short,Mistral,Mistral,119,-0.4574186322576052,-0.9981348481365525,-54.43281723865502
S20,short,Mistral,Mistral,83,-0.37105632586101794,-1.1947897120768307,-30.79767504646449
C1,code,Llama,Mistral,261,-0.3857419061265673,-0.5443659556185224,-100.67863749903405
C2,code,Llama,Mistral,384,-0.21765553452416,-0.43824892853360947,-83.57972525727745
C3,code,Llama,Mistral,295,-0.544231048138343,-0.6445212214970031,-160.5481592008112
C4,code,Llama,Mistral,214,-0.38100387491547116,-0.6770516031941854,-81.53482923191083
C5,code,Llama,Mistral,286,-0.49929856855832977,-0.6220398489221027,-142.7993906076823
C6,code,Llama,Mistral,262,-0.33277759033403287,-0.674764320290135,-87.18772866751661
C7,code,Llama,Mistral,235,-0.6340387184146442,-0.8243528544390345,-148.9990988274414
C8,code,Llama,Mistral,308,-0.2835225171035646,-0.5972251104088545,-87.32493526789789
C9,code,Llama,Mistral,284,-0.5398867017449535,-0.6458591121281039,-153.3278232955668
C10,code,Llama,Mistral,300,-0.4767881307369601,-0.8074466176544581,-143.03643922108802
C11,code,Llama,Mistral,428,-0.24544360897791478,-0.4422763971989772,-105.04986464254753
C12,code,Llama,Mistral,470,-0.4119191150308297,-0.46983689709251997,-193.60198406448995
C13,code,Llama,Mistral,307,-0.5116500248710842,-0.676387491212067,-157.07655763542286
C14,code,Llama,Mistral,381,-0.5338171593909155,-0.6539392729313211,-203.38433772793877
C15,code,Llama,Mistral,402,-0.5255938877106161,-0.6626870224063464,-211.28874285966768
C16,code,Llama,Mistral,336,-0.34177422677209907,-0.4971438117019185,-114.83614019542529
C17,code,Llama,Mistral,538,-0.36164369224558907,-0.4315175732661806,-194.5643064281269
C18,code,Llama,Mistral,463,-0.3762348184870064,-0.6082339430172841,-174.19672095948397
C19,code,Llama,Mistral,437,-0.4984564787948851,-0.6046206146494841,-217.82548123336477
C20,code,Llama,Mistral,644,-0.7399544621933184,-0.7647826943470546,-476.53067365249706
Q1,math,Llama,Mistral,195,-0.3369096864298724,-0.7011392657838829,-65.69738885382512
Q2,math,Llama,Mistral,452,-0.4427378686811414,-0.5948364740438158,-200.11751664387592
Q3,math,Llama,Mistral,353,-0.34448294841418314,-0.5195221166450854,-121.60248079020664
Q4,math,Llama,Mistral,753,-0.4917501116788585,-0.512871326717789,-370.2878340941805
Q5,math,Llama,Mistral,302,-0.5154975371470873,-0.69369334260542,-155.68025621842037
Q6,math,Llama,Mistral,231,-0.4822423728852039,-0.6478180051567294,-111.3979881364821
Q7,math,Llama,Mistral,393,-0.39718496168105033,-0.5505355031141124,-156.09368994065278
Q8,math,Llama,Mistral,576,-0.6894773727937034,-0.7799235817024821,-397.13896672917315
Q9,math,Llama,Mistral,473,-0.666803345160195,-0.7445236559876126,-315.39798226077227
Q10,math,Llama,Mistral,313,-0.45823377193248027,-0.7594938278819521,-143.42717061486633
Q11,math,Llama,Mistral,265,-0.5584550061306712,-0.6855285808545745,-147.99057662462786
Q12,math,Llama,Mistral,310,-0.7883294722955024,-0.8721281338417135,-244.38213641160576
Q13,math,Llama,Mistral,275,-0.5827732253376315,-0.7287598693678373,-160.26263696784866
Q14,math,Llama,Mistral,328,-0.8584774503582691,-0.889081061580576,-281.58060371751225
Q15,math,Llama,Mistral,486,-0.6312188467166374,-0.838569179110271,-306.77235950428576
Q16,math,Llama,Mistral,598,-0.5670397543385571,-0.6499360686558807,-339.08977309445714
Q17,math,Llama,Mistral,282,-0.43690326055151046,-0.7593193230800876,-123.20671947552594
Q18,math,Llama,Mistral,496,-0.7228281049222574,-0.8730049301386711,-358.52274004143965
Q19,math,Llama,Mistral,447,-0.7060855477499164,-0.7014960042625938,-315.6202398442126
Q20,math,Llama,Mistral,607,-0.7052447422765723,-0.6921624763098728,-428.0835585618794
E1,prose,Llama,Mistral,458,-0.9086008594292392,-1.047236423092958,-416.13919361859155
E2,prose,Llama,Mistral,377,-0.9790106320329436,-1.027655244613663,-369.08700827641974
E3,prose,Llama,Mistral,483,-0.8285321315139533,-0.9328771495483332,-400.1810195212395
E4,prose,Llama,Mistral,430,-0.8360167120906467,-1.0008575194942115,-359.48718619897807
E5,prose,Llama,Mistral,440,-0.8900091065577778,-1.0863731279725106,-391.6040068854222
E6,prose,Llama,Mistral,388,-0.7843115778455573,-0.9826765752728636,-304.3128922040762
E7,prose,Llama,Mistral,404,-0.8017878534016932,-1.028939907702271,-323.9222927742841
E8,prose,Llama,Mistral,445,-0.927117841345824,-1.142762593645021,-412.5674393988917
E9,prose,Llama,Mistral,373,-0.9596825155103463,-1.185912174030415,-357.96157828535917
E10,prose,Llama,Mistral,475,-0.8662392127170383,-1.0556451808637992,-411.46362604059317
E11,prose,Llama,Mistral,447,-0.9776358617845844,-1.1394354491407683,-437.00323021770924
E12,prose,Llama,Mistral,402,-0.8749887519233698,-1.2468748272676098,-351.74547827319464
E13,prose,Llama,Mistral,433,-0.8980401487617605,-1.245284035459249,-388.8513844138423
E14,prose,Llama,Mistral,448,-1.0324987468399056,-1.164116591421559,-462.55943858427776
M1,prose,Llama,Mistral,453,-0.9236105278199498,-1.1704140430338927,-418.39556910243726
M2,prose,Llama,Mistral,522,-0.9002995769525429,-1.2829241162132006,-469.95637916922743
M3,prose,Llama,Mistral,435,-0.954482451591232,-1.2839303648137623,-415.1998664421859
M4,prose,Llama,Mistral,415,-0.7662273188062649,-1.1884269897081794,-317.98433730459993
M5,prose,Llama,Mistral,400,-0.9048909309131138,-1.2895916940034178,-361.9563723652455
M6,prose,Llama,Mistral,487,-0.764835656979415,-1.1335095472541998,-372.4749649489751
M7,prose,Llama,Mistral,416,-0.9117684214710351,-1.2767497239380985,-379.2956633319506
M8,prose,Llama,Mistral,454,-0.9104751160746172,-1.3224802869929906,-413.3557026978762
M9,prose,Llama,Mistral,440,-0.8945808176759621,-1.2758104222300537,-393.6155597774233
M10,prose,Llama,Mistral,477,-0.7560524046756388,-1.201924575348662,-360.6369970302797
M11,prose,Llama,Mistral,414,-1.0942540336384687,-1.4634949907184032,-453.021169926326
M12,prose,Llama,Mistral,386,-0.72736344870147,-1.0489182611461465,-280.7622911987674
M13,prose,Llama,Mistral,402,-0.9575933002383317,-1.310914916673776,-384.95250669580935
H1,prose,Llama,Mistral,549,-0.7950428788193862,-1.348821536825635,-436.478540471843
H2,prose,Llama,Mistral,661,-0.6912467932948576,-1.276447620133548,-456.9141303679009
H3,prose,Llama,Mistral,1014,-0.5812697078237063,-0.9881517399816222,-589.4074837332382
H4,prose,Llama,Mistral,428,-0.766567077930032,-1.56141449780878,-328.0907093540537
H5,prose,Llama,Mistral,494,-0.8586266688174086,-1.2832915207027473,-424.16157439579985
H6,prose,Llama,Mistral,446,-0.944713747981715,-1.6552307218204325,-421.3423315998449
H7,prose,Llama,Mistral,484,-0.8356516062806127,-1.7981407386126134,-404.4553774398166
H8,prose,Llama,Mistral,472,-0.6364370419574994,-1.5016596783224243,-300.3982838039397
H9,prose,Llama,Mistral,490,-0.7229349964413013,-1.5523257243637272,-354.23814825623765
H10,prose,Llama,Mistral,613,-0.9164502443387159,-1.5530264872037733,-561.7839997796328
H11,prose,Llama,Mistral,451,-0.8163784002188395,-1.7297030231421526,-368.1866584986966
H12,prose,Llama,Mistral,533,-0.717364538239744,-1.711322378545077,-382.35529888178354
H13,prose,Llama,Mistral,707,-0.7210686991477461,-1.4973268897677607,-509.7955702974565
E15,prose,Llama,Mistral,447,-0.9223671903805302,-1.1648740822947985,-412.298134100097
E16,prose,Llama,Mistral,428,-0.963613316538347,-1.220028207412279,-412.42649947841255
E17,prose,Llama,Mistral,412,-0.9487223409131709,-1.2304780239565916,-390.8736044562264
E18,prose,Llama,Mistral,415,-0.8872943961966859,-1.1317219192821302,-368.2271744216247
E19,prose,Llama,Mistral,430,-1.0812127318303746,-1.3136138894243592,-464.92147468706105
E20,prose,Llama,Mistral,416,-1.0804814408454106,-1.326880543950551,-449.48027939169083
E21,prose,Llama,Mistral,500,-0.9418183420632633,-1.0704529181916151,-470.9091710316317
M14,prose,Llama,Mistral,383,-0.8524807050915546,-1.3887116950001899,-326.5001100500654
M15,prose,Llama,Mistral,335,-0.9511866924045341,-1.3640500736089596,-318.64754195551893
M16,prose,Llama,Mistral,478,-0.8126115157702274,-1.2178263223970736,-388.4283045381687
M17,prose,Llama,Mistral,474,-0.8981119339054736,-1.3666613198392201,-425.7050566711945
M18,prose,Llama,Mistral,397,-0.8824493470644622,-1.3174575672505566,-350.3323907845915
M19,prose,Llama,Mistral,434,-1.0774092273524019,-1.5890227283737683,-467.5956046709424
M20,prose,Llama,Mistral,394,-0.914394638789963,-1.308609700732189,-360.2714876832454
H14,prose,Llama,Mistral,425,-0.6954771644304949,-1.3380731272768176,-295.57779488296035
H15,prose,Llama,Mistral,530,-0.6731854157970423,-1.3129186265700752,-356.7882703724324
H16,prose,Llama,Mistral,499,-0.7324715852186784,-1.5557184465747906,-365.5033210241205
H17,prose,Llama,Mistral,412,-0.7825032836048926,-1.7161635788978626,-322.39135284521575
H18,prose,Llama,Mistral,466,-0.8431044667654484,-1.432478502443117,-392.88668151269894
H19,prose,Llama,Mistral,554,-0.7095493556773653,-1.0986379929703456,-393.0903430452604
S1,short,Llama,Mistral,104,-1.3916135673452534,-1.437073243676353,-144.72781100390637
S2,short,Llama,Mistral,69,-1.2411291483394105,-1.5455358385658748,-85.63791123541932
S3,short,Llama,Mistral,85,-0.9214782780179259,-1.1158279793159775,-78.3256536315237
S4,short,Llama,Mistral,81,-0.8688646203401302,-1.1497886109158975,-70.37803424755054
S5,short,Llama,Mistral,90,-1.070602445623965,-1.2180273711572125,-96.35422010615684
S6,short,Llama,Mistral,98,-1.1556796179231477,-1.2729672851059526,-113.25660255646847
S7,short,Llama,Mistral,83,-0.9533547540045355,-1.1049181210215158,-79.12844458237645
S8,short,Llama,Mistral,76,-1.005931137463326,-1.681974179627368,-76.45076644721277
S9,short,Llama,Mistral,80,-1.2052050370212783,-1.2638422651072687,-96.41640296170226
S10,short,Llama,Mistral,106,-1.0639905930827978,-1.1878584444335203,-112.78300286677656
S11,short,Llama,Mistral,92,-0.9072687756061449,-1.2233369807864698,-83.46872735576534
S12,short,Llama,Mistral,91,-0.9209643560627142,-1.0378470463998073,-83.807756401707
S13,short,Llama,Mistral,95,-1.2652370472126977,-1.2744865229167945,-120.19751948520627
S14,short,Llama,Mistral,100,-0.829863372887338,-0.9133282229404859,-82.98633728873381
S15,short,Llama,Mistral,102,-1.2246144235689065,-1.3504920297686756,-124.91067120402846
S16,short,Llama,Mistral,81,-1.1683872748881312,-1.354228305306269,-94.63936926593863
S17,short,Llama,Mistral,98,-0.9400933982059366,-1.240505553964442,-92.12915302418179
S18,short,Llama,Mistral,110,-1.0189432934514053,-1.253042120625601,-112.0837622796546
S19,short,Llama,Mistral,100,-1.0471770474524758,-1.1942736537046017,-104.71770474524757
S20,short,Llama,Mistral,94,-0.9765084411709358,-1.1427713596116607,-91.79179347006797
C1,code,Phi,Phi,66,-0.15925159622367235,-1.0577387078034821,-10.510605350762376
C2,code,Phi,Phi,205,-0.12838501107031755,-0.6244705963993245,-26.3189272694151
C3,code,Phi,Phi,142,-0.1297082380713476,-0.6344395017529607,-18.41856980613136
C4,code,Phi,Phi,79,-0.13001589864477037,-1.2351438821986196,-10.271255992936858
C5,code,Phi,Phi,142,-0.11348978070089313,-0.6008738775912011,-16.115548859526825
C6,code,Phi,Phi,209,-0.1957265125299673,-0.5466430086884294,-40.90684111876317
C7,code,Phi,Phi,110,-0.24087785581212778,-1.0596066756835378,-26.496564139334055
C8,code,Phi,Phi,184,-0.1694536277161312,-0.6324017435350077,-31.179467499768144
C9,code,Phi,Phi,120,-0.13573065311446347,-0.6244390156365095,-16.287678373735616
C10,code,Phi,Phi,129,-0.17965694497077267,-0.9264756093773256,-23.175745901229675
C11,code,Phi,Phi,94,-0.08491362051405059,-0.8546410101254752,-7.981880328320756
C12,code,Phi,Phi,175,-0.0720427444191239,-0.44620633973530793,-12.607480273346681
C13,code,Phi,Phi,97,-0.14455128646859908,-0.798117665709447,-14.02147478745411
C14,code,Phi,Phi,253,-0.18265729035810296,-0.5929911660418928,-46.21229446060005
C15,code,Phi,Phi,172,-0.2191461865324321,-0.7363245460976804,-37.69314408357832
C16,code,Phi,Phi,225,-0.18690517263757123,-0.48291170710593545,-42.05366384345353
C17,code,Phi,Phi,238,-0.08589899376253224,-0.3842861055523973,-20.443960515482672
C18,code,Phi,Phi,201,-0.1140570197054368,-0.619837554541495,-22.925460960792797
C19,code,Phi,Phi,194,-0.3168967317193632,-0.8228230800742757,-61.47796595355646
C20,code,Phi,Phi,134,-0.18749228579950464,-0.8411267463756873,-25.12396629713362
Q1,math,Phi,Phi,234,-0.17936654663726526,-0.5854137207795235,-41.97177191312007
Q2,math,Phi,Phi,231,-0.16235146144815665,-0.5836353739796003,-37.503187594524185
Q3,math,Phi,Phi,329,-0.1694812562330544,-0.4509233751373461,-55.7593333006749
Q4,math,Phi,Phi,872,-0.19166573620361085,-0.2969472081430498,-167.13252196954866
Q5,math,Phi,Phi,232,-0.19797028133790928,-0.5927434882318338,-45.929105270394956
Q6,math,Phi,Phi,232,-0.3312294493885005,-0.6931709089908705,-76.84523225813211
Q7,math,Phi,Phi,348,-0.24461409302453635,-0.5367287222251179,-85.12570437253865
Q8,math,Phi,Phi,423,-0.14928868244139284,-0.3661729962602152,-63.14911267270917
Q9,math,Phi,Phi,339,-0.15548403786269338,-0.4134585055322786,-52.70908883545305
Q10,math,Phi,Phi,255,-0.30945282582920947,-0.7677667823241826,-78.91047058644841
Q11,math,Phi,Phi,321,-0.22598185492746628,-0.5508212124593257,-72.54017543171668
Q12,math,Phi,Phi,294,-0.25010193003772624,-0.5523208080651832,-73.5299674310915
Q13,math,Phi,Phi,365,-0.19831404785947498,-0.4526840562374726,-72.38462746870837
Q14,math,Phi,Phi,376,-0.2482425998675696,-0.46665768820673387,-93.33921755020617
Q15,math,Phi,Phi,446,-0.3003874854037996,-0.5777500736617848,-133.97281849009462
Q16,math,Phi,Phi,431,-0.2862086346628591,-0.5461460695136187,-123.35592153969228
Q17,math,Phi,Phi,201,-0.21225498377810947,-0.6008511488576486,-42.6632517394
Q18,math,Phi,Phi,307,-0.20998741051954423,-0.47944383667684454,-64.46613502950008
Q19,math,Phi,Phi,328,-0.28606590559777606,-0.5578461214467729,-93.82961703607054
Q20,math,Phi,Phi,683,-0.2932118230640164,-0.4175202793897038,-200.26367515272318
E1,prose,Phi,Phi,389,-0.7047811082571105,-1.1120713178039625,-274.159851112016
E2,prose,Phi,Phi,324,-0.7300724886751542,-1.2201199076719627,-236.54348633074994
E3,prose,Phi,Phi,408,-0.661192208225827,-1.029216108666793,-269.76642095613744
E4,prose,Phi,Phi,313,-0.7387818444605606,-1.280966565000693,-231.2387173161555
E5,prose,Phi,Phi,434,-0.6555057006875589,-1.1668822791094322,-284.48947409840054
E6,prose,Phi,Phi,362,-0.6010268288007209,-1.1891322970848364,-217.57171202586096
E7,prose,Phi,Phi,263,-0.5585379693267851,-1.1997907875736948,-146.8954859329445
E8,prose,Phi,Phi,452,-0.7779125513973819,-1.2794241446077264,-351.6164732316166
E9,prose,Phi,Phi,295,-0.7819143247435677,-1.3589143234945862,-230.66472579935248
E10,prose,Phi,Phi,352,-0.589712736121313,-1.045561151710031,-207.5788831147022
E11,prose,Phi,Phi,319,-0.6054789809319026,-1.1457625274123926,-193.1477949172769
E12,prose,Phi,Phi,400,-0.823047741853004,-1.238415520964004,-329.2190967412016
E13,prose,Phi,Phi,330,-0.6338389839897218,-1.260498869900678,-209.1668647166082
E14,prose,Phi,Phi,379,-0.7670066608707165,-1.2290550488401346,-290.69552447000154
M1,prose,Phi,Phi,359,-0.6568239859298354,-1.333048915221314,-235.7998109488109
M2,prose,Phi,Phi,352,-0.6467331234264498,-1.4286158736643713,-227.65005944611033
M3,prose,Phi,Phi,373,-0.6545932656290887,-1.2742019482966718,-244.16328807965007
M4,prose,Phi,Phi,404,-0.7217069113729788,-1.4022881648450398,-291.5695921946834
M5,prose,Phi,Phi,363,-0.5551867930787141,-1.173561937802997,-201.5328058875732
M6,prose,Phi,Phi,293,-0.5986674710319337,-1.5517241386911174,-175.40956901235657
M7,prose,Phi,Phi,303,-0.7115138577003682,-1.6291636041065496,-215.58869888321158
M8,prose,Phi,Phi,350,-0.7448881574894745,-1.5799269200167432,-260.71085512131606
M9,prose,Phi,Phi,434,-0.7393535879060638,-1.3447932147672985,-320.8794571512317
M10,prose,Phi,Phi,429,-0.748098785691628,-1.3849441921096188,-320.9343790617084
M11,prose,Phi,Phi,358,-0.6756518920634044,-1.5174289406257526,-241.88337735869877
M12,prose,Phi,Phi,389,-0.6811183601912072,-1.32101180836004,-264.9550421143796
M13,prose,Phi,Phi,275,-0.6677570141036101,-1.5412141874821497,-183.63317887849277
H1,prose,Phi,Phi,368,-0.7522615461842292,-1.824522932682706,-276.83224899579636
H2,prose,Phi,Phi,396,-0.8133418836196642,-1.828320501772134,-322.083385913387
H3,prose,Phi,Phi,506,-0.5780869050661082,-1.5754926337945234,-292.5119739634507
H4,prose,Phi,Phi,319,-0.7115832324798159,-2.024048905069367,-226.99505116106127
H5,prose,Phi,Phi,505,-0.7241852888219384,-1.4415496372573298,-365.7135708550789
H6,prose,Phi,Phi,352,-0.7755666336511751,-1.7295128248886442,-272.9994550452136
H7,prose,Phi,Phi,391,-0.6570790453769515,-2.067329101018534,-256.917906742388
H8,prose,Phi,Phi,363,-0.5899908512338922,-1.718031969648648,-214.16667899790286
H9,prose,Phi,Phi,336,-0.6594771239488835,-1.9192705955402267,-221.58431364682485
H10,prose,Phi,Phi,496,-0.6574986153144159,-1.7047332607801924,-326.11931319595027
H11,prose,Phi,Phi,416,-0.5802414144607606,-1.7515197479398654,-241.3804284156764
H12,prose,Phi,Phi,390,-0.4895868247804901,-1.8505803319668652,-190.93886166439114
H13,prose,Phi,Phi,320,-0.5469093284653851,-2.371282800158963,-175.01098510892322
E15,prose,Phi,Phi,362,-0.8186220940942193,-1.5448557954852369,-296.34119806210737
E16,prose,Phi,Phi,332,-0.7294657396520515,-1.3503641536662725,-242.1826255644811
E17,prose,Phi,Phi,408,-0.7751497360171642,-1.402248449075213,-316.261092295003
E18,prose,Phi,Phi,307,-0.7309201306345369,-1.3012325101290738,-224.39248010480281
E19,prose,Phi,Phi,346,-0.8193718245876914,-1.4160643607647636,-283.50265130734124
E20,prose,Phi,Phi,349,-0.7681381705469382,-1.3192615690229148,-268.0802215208814
E21,prose,Phi,Phi,375,-0.764485381472711,-1.281596285010198,-286.6820180522666
M14,prose,Phi,Phi,265,-0.6038603597662704,-1.71609948908126,-160.02299533806166
M15,prose,Phi,Phi,346,-0.6736355671242283,-1.4415264049751129,-233.077906224983
M16,prose,Phi,Phi,310,-0.7419496404079514,-1.6802914122006887,-230.00438852646494
M17,prose,Phi,Phi,298,-0.6172143657423373,-1.6841655251169356,-183.92988099121652
M18,prose,Phi,Phi,296,-0.6967226490658165,-1.644620032042796,-206.22990412348167
M19,prose,Phi,Phi,427,-0.7065963155549825,-1.3985863740408158,-301.7166267419775
M20,prose,Phi,Phi,311,-0.5803101170513151,-1.4050122734769008,-180.476446402959
H14,prose,Phi,Phi,411,-0.5933212024255129,-1.6109842057571138,-243.8550141968858
H15,prose,Phi,Phi,399,-0.6836733677303124,-1.700381469188532,-272.78567372439466
H16,prose,Phi,Phi,389,-0.73079659881308,-2.0873065775061392,-284.2798769382881
H17,prose,Phi,Phi,340,-0.6133117521969731,-1.9597221842690915,-208.52599574697086
H18,prose,Phi,Phi,332,-0.7331421978049175,-1.9570218625529334,-243.40320967123262
H19,prose,Phi,Phi,371,-0.5153111092083752,-1.337491730168394,-191.1804215163072
S1,short,Phi,Phi,83,-0.3538399360478465,-1.2370621351394044,-29.368714691971263
S2,short,Phi,Phi,72,-0.9282566759825603,-1.9092327919142917,-66.83448067074434
S3,short,Phi,Phi,87,-0.7006319127375165,-1.4503603064132775,-60.95497640816393
S4,short,Phi,Phi,95,-0.43775697342598974,-1.1645287975342256,-41.58691247546903
S5,short,Phi,Phi,86,-0.4872234623651812,-1.3625694048331605,-41.90121776340558
S6,short,Phi,Phi,54,-0.692568374037499,-2.12725276983757,-37.398692198024946
S7,short,Phi,Phi,101,-0.3971011653283572,-1.029195472962162,-40.10721769816408
S8,short,Phi,Phi,81,-0.2993784282509315,-1.1274470206771194,-24.249652688325455
S9,short,Phi,Phi,108,-0.7095730136245746,-1.468492342453222,-76.63388547145405
S10,short,Phi,Phi,87,-0.4252706749275629,-1.124166768436466,-36.99854871869797
S11,short,Phi,Phi,95,-0.7785425560241358,-1.66686046092578,-73.9615428222929
S12,short,Phi,Phi,89,-0.4665981949584513,-1.3079567606794043,-41.527239351302164
S13,short,Phi,Phi,84,-0.5906547886561817,-1.4173146417314932,-49.615002247119264
S14,short,Phi,Phi,93,-0.5398266831978602,-1.3232836622071342,-50.203881537401
S15,short,Phi,Phi,107,-0.4667350287518891,-1.1292753856250783,-49.940648076452135
S16,short,Phi,Phi,90,-0.6260641337758848,-1.4801611852851542,-56.345772039829626
S17,short,Phi,Phi,65,-0.4793422612420657,-1.7740111850396663,-31.15724698073427
S18,short,Phi,Phi,107,-0.5581802177363427,-1.3430152230745913,-59.72528329778868
S19,short,Phi,Phi,116,-0.3596652459585626,-0.9647408438834132,-41.72116853119326
S20,short,Phi,Phi,84,-0.5546976765470186,-1.2113116008888265,-46.59460482994956
C1,code,Qwen,Phi,101,-0.3698412236158028,-0.9855651150419182,-37.353963585196084
C2,code,Qwen,Phi,221,-0.3292795792694518,-0.727632856666036,-72.77078701854884
C3,code,Qwen,Phi,195,-0.21081506460682803,-0.5595570757818141,-41.108937598331465
C4,code,Qwen,Phi,134,-0.3378197491422618,-0.9404747311503193,-45.26784638506308
C5,code,Qwen,Phi,176,-0.2798385790090085,-0.6514246152440784,-49.25158990558549
C6,code,Qwen,Phi,158,-0.43015197328361265,-0.8059810301409338,-67.9640117788108
C7,code,Qwen,Phi,132,-0.31294149241845887,-0.8254995708462978,-41.30827699923657
C8,code,Qwen,Phi,208,-0.2541916824154936,-0.560645752054711,-52.87186994242268
C9,code,Qwen,Phi,154,-0.4394362680766778,-0.9018253205822712,-67.67318528380838
C10,code,Qwen,Phi,209,-0.42447535994056584,-0.9820891416800883,-88.71535022757826
C11,code,Qwen,Phi,224,-0.32328657209545525,-0.737799380045867,-72.41619214938197
C12,code,Qwen,Phi,253,-0.2972121715096814,-0.5932766625246019,-75.19467939194939
C13,code,Qwen,Phi,101,-0.22811458254913664,-0.7652048613650282,-23.0395728374628
C14,code,Qwen,Phi,248,-0.30739052615056867,-0.6497135127481555,-76.23285048534103
C15,code,Qwen,Phi,255,-0.3829625717448897,-0.7641588400593576,-97.65545579494687
C16,code,Qwen,Phi,239,-0.5290772974315049,-0.7927187431995754,-126.44947408612967
C17,code,Qwen,Phi,256,-0.5727956968441257,-0.7849621673942935,-146.63569839209617
C18,code,Qwen,Phi,239,-0.2672828552432211,-0.5515338375244222,-63.88060240312984
C19,code,Qwen,Phi,257,-0.5275669148623793,-0.8053995627655053,-135.58469711963147
C20,code,Qwen,Phi,320,-0.24530485867900217,-0.47026237544755,-78.4975547772807
Q1,math,Qwen,Phi,208,-0.2298616971569576,-0.6559150078585199,-47.81123300864718
Q2,math,Qwen,Phi,300,-0.21526563678379446,-0.559213063778233,-64.57969103513834
Q3,math,Qwen,Phi,321,-0.3430350741639741,-0.6269532507906043,-110.11425880663569
Q4,math,Qwen,Phi,694,-0.2128424026016863,-0.2986717312991025,-147.7126274055703
Q5,math,Qwen,Phi,233,-0.3060397931699043,-0.7109823866542131,-71.3072718085877
Q6,math,Qwen,Phi,247,-0.3814863333663086,-0.7322691601701004,-94.22712434147823
Q7,math,Qwen,Phi,277,-0.18458951447081043,-0.4463591471963372,-51.13129550841449
Q8,math,Qwen,Phi,417,-0.32729890036428355,-0.593707318468827,-136.48364145190624
Q9,math,Qwen,Phi,491,-0.21687004078682054,-0.37631193902176124,-106.48319002632888
Q10,math,Qwen,Phi,260,-0.4368617324396837,-0.7982219347825041,-113.58405043431776
Q11,math,Qwen,Phi,284,-0.43778372799749793,-0.715969387067422,-124.33057875128941
Q12,math,Qwen,Phi,202,-0.2627036997868275,-0.565189501436895,-53.066147356939155
Q13,math,Qwen,Phi,198,-0.44891015942505447,-0.8431880218381134,-88.88421156616079
Q14,math,Qwen,Phi,397,-0.26105858914661667,-0.4574652111123824,-103.64025989120682
Q15,math,Qwen,Phi,403,-0.2731340352272045,-0.5356283105391806,-110.0730161965634
Q16,math,Qwen,Phi,315,-0.38697863544668853,-0.6810463749414527,-121.89827016570689
Q17,math,Qwen,Phi,279,-0.25260422472066907,-0.552413759688822,-70.47657869706667
Q18,math,Qwen,Phi,367,-0.4470217723474166,-0.6777998754608265,-164.0569904515019
Q19,math,Qwen,Phi,357,-0.3320055929129614,-0.5460531165676068,-118.52599666992722
Q20,math,Qwen,Phi,423,-0.8287287860465687,-1.0858402047992892,-350.5522764976986
E1,prose,Qwen,Phi,458,-1.3240554933291957,-1.576799263674743,-606.4174159447716
E2,prose,Qwen,Phi,455,-1.276678608969509,-1.5761760389044406,-580.8887670811266
E3,prose,Qwen,Phi,438,-1.3941264607112736,-1.686547363844537,-610.6273897915378
E4,prose,Qwen,Phi,458,-1.3351209649659774,-1.5689044826591254,-611.4854019544176
E5,prose,Qwen,Phi,545,-1.325000301290267,-1.6116316023989343,-722.1251642031955
E6,prose,Qwen,Phi,380,-1.484144787452868,-1.7718255429104732,-563.9750192320898
E7,prose,Qwen,Phi,448,-1.1213692710534304,-1.4101616672276975,-502.37343343193686
E8,prose,Qwen,Phi,501,-1.4426764849802225,-1.7773188845977546,-722.7809189750915
E9,prose,Qwen,Phi,431,-1.4218688064257008,-1.7350862243599154,-612.8254555694771
E10,prose,Qwen,Phi,418,-1.2075227888836828,-1.5817077372602917,-504.74452575337943
E11,prose,Qwen,Phi,509,-1.5292377753186994,-1.8093087531133476,-778.382027637218
E12,prose,Qwen,Phi,441,-1.3532313418563697,-1.6700161283516617,-596.775021758659
E13,prose,Qwen,Phi,375,-1.395937070977329,-1.8811619114142377,-523.4764016164984
E14,prose,Qwen,Phi,506,-1.3460924883383487,-1.5590651872599655,-681.1227990992045
M1,prose,Qwen,Phi,286,-1.290117926528407,-1.7526243699942305,-368.97372698712445
M2,prose,Qwen,Phi,479,-1.465529952185463,-1.832152869125971,-701.9888470968368
M3,prose,Qwen,Phi,410,-1.2140242511944719,-1.5168118068621923,-497.7499429897334
M4,prose,Qwen,Phi,426,-1.3838212894141673,-1.782453331347458,-589.5078692904352
M5,prose,Qwen,Phi,540,-1.093347002469252,-1.4566510131882784,-590.4073813333961
M6,prose,Qwen,Phi,504,-1.268561745246163,-1.7442194809945437,-639.3551196040662
M7,prose,Qwen,Phi,429,-1.1927069228491913,-1.6748495548664835,-511.67126990230304
M8,prose,Qwen,Phi,462,-1.4189659161379278,-1.8856504172165554,-655.5622532557227
M9,prose,Qwen,Phi,510,-1.4505648155983863,-1.990025196706098,-739.788055955177
M10,prose,Qwen,Phi,414,-1.2886291208501528,-1.7236568451510477,-533.4924560319632
M11,prose,Qwen,Phi,526,-1.5277029718793855,-1.9412644897725122,-803.5717632085568
M12,prose,Qwen,Phi,417,-1.2798606130594674,-1.608252257208109,-533.7018756457979
M13,prose,Qwen,Phi,461,-1.41676525027072,-1.819769012427,-653.1287803748019
H1,prose,Qwen,Phi,463,-1.2520255071539874,-1.791808569275612,-579.6878098122962
H2,prose,Qwen,Phi,650,-1.3819394445856552,-1.910922721641855,-898.2606389806758
H3,prose,Qwen,Phi,515,-1.2551093881989015,-2.006996702189726,-646.3813349224342
H4,prose,Qwen,Phi,539,-1.3104099658484727,-2.003730364691381,-706.3109715923267
H5,prose,Qwen,Phi,509,-1.3159682286356722,-1.7615164294205155,-669.8278283755571
H6,prose,Qwen,Phi,548,-1.1663566163012062,-1.8938811944493255,-639.163425733061
H7,prose,Qwen,Phi,567,-1.3291997876751411,-1.9464195983299755,-753.656279611805
H8,prose,Qwen,Phi,521,-1.2019913725084328,-1.828912190685249,-626.2375050768935
H9,prose,Qwen,Phi,444,-1.2787250933075978,-2.054538743333667,-567.7539414285734
H10,prose,Qwen,Phi,615,-1.274075965447619,-1.89890214840529,-783.5567187502857
H11,prose,Qwen,Phi,500,-1.1771671720802004,-2.1613777862444405,-588.5835860401002
H12,prose,Qwen,Phi,542,-1.4109724524035128,-2.0128409389438073,-764.7470692027039
H13,prose,Qwen,Phi,621,-1.2987509834436708,-1.9721246863534658,-806.5243607185196
E15,prose,Qwen,Phi,497,-1.4260623450835597,-1.7298958363195414,-708.7529855065292
E16,prose,Qwen,Phi,456,-1.433729686235264,-1.8148476634441968,-653.7807369232804
E17,prose,Qwen,Phi,489,-1.503293524657769,-1.7958210915771844,-735.1105335576491
E18,prose,Qwen,Phi,460,-1.3767832910143936,-1.7069718719368498,-633.3203138666211
E19,prose,Qwen,Phi,397,-1.454699491581489,-1.974617370942614,-577.5156981578511
E20,prose,Qwen,Phi,385,-1.5336700858618946,-1.876972512586366,-590.4629830568294
E21,prose,Qwen,Phi,451,-1.2816339143733495,-1.6196468142623057,-578.0168953823807
M14,prose,Qwen,Phi,359,-1.3335212177399918,-1.9502059619205225,-478.734117168657
M15,prose,Qwen,Phi,387,-1.3389597342097617,-1.851953429605582,-518.1774171391778
M16,prose,Qwen,Phi,496,-1.2705225485028833,-1.7917293656122668,-630.1791840574301
M17,prose,Qwen,Phi,344,-1.5530262710341738,-2.118798998917153,-534.2410372357558
M18,prose,Qwen,Phi,428,-1.2864792232334585,-1.7407018802216228,-550.6131075439203
M19,prose,Qwen,Phi,404,-1.3278635191805774,-1.7722545511758943,-536.4568617489533
M20,prose,Qwen,Phi,442,-1.3162872330074509,-1.7504151465817324,-581.7989569892933
H14,prose,Qwen,Phi,468,-1.2687875114721092,-1.809239858674398,-593.7925553689471
H15,prose,Qwen,Phi,519,-1.35475124490493,-2.1315827251998662,-703.1158961056586
H16,prose,Qwen,Phi,514,-1.354084685832556,-1.966210151145625,-695.9995285179338
H17,prose,Qwen,Phi,460,-1.3588124490268596,-2.0701384829930167,-625.0537265523554
H18,prose,Qwen,Phi,393,-1.3583561291436372,-2.065505195110699,-533.8339587534495
H19,prose,Qwen,Phi,514,-1.134265488527934,-1.590903655795796,-583.0124611033581
S1,short,Qwen,Phi,56,-1.0151152324019026,-1.9260532142057596,-56.84645301450655
S2,short,Qwen,Phi,51,-1.0909846954977598,-2.027142209149258,-55.640219470385745
S3,short,Qwen,Phi,63,-1.6775605826576303,-2.279868311927578,-105.6863167074307
S4,short,Qwen,Phi,45,-0.6420167652910677,-1.7432434255292821,-28.890754438098043
S5,short,Qwen,Phi,65,-1.2965415455878184,-1.9877784306380468,-84.2752004632082
S6,short,Qwen,Phi,51,-0.7806996072474118,-2.0003265186655437,-39.815679969618
S7,short,Qwen,Phi,46,-0.5461747318166124,-1.4879916459919473,-25.124037663564167
S8,short,Qwen,Phi,56,-0.9053409812228657,-1.9040233755927798,-50.69909494848048
S9,short,Qwen,Phi,51,-1.3888291031169693,-2.350063336032387,-70.83028425896543
S10,short,Qwen,Phi,46,-0.828344442495756,-1.7635922394616974,-38.10384435480478
S11,short,Qwen,Phi,85,-1.3745777874217793,-2.001885297703971,-116.83911193085123
S12,short,Qwen,Phi,61,-0.9663986185478809,-2.004456971888192,-58.95031573142074
S13,short,Qwen,Phi,39,-0.9712381718237187,-2.7031591700125808,-37.87828870112503
S14,short,Qwen,Phi,50,-0.7175597601719346,-1.9125495013815816,-35.87798800859673
S15,short,Qwen,Phi,71,-0.9108918165751908,-1.6279454266591882,-64.67331897683854
S16,short,Qwen,Phi,41,-1.0226095001256044,-2.0640452598766763,-41.92698950514978
S17,short,Qwen,Phi,45,-0.9750102083726637,-2.479087042664307,-43.87545937676987
S18,short,Qwen,Phi,69,-1.25458234952085,-2.2017036852345844,-86.56618211693865
S19,short,Qwen,Phi,61,-0.9133933625094481,-1.8447467438935314,-55.71699511307634
S20,short,Qwen,Phi,53,-1.072114681645867,-1.8730920109049998,-56.82207812723095
C1,code,Mistral,Phi,172,-0.6150427973112993,-0.7766722187377423,-105.78736113754348
C2,code,Mistral,Phi,272,-0.4847386054765073,-0.8545042478023374,-131.84890068961
C3,code,Mistral,Phi,176,-0.5506427325100997,-0.8491188184433853,-96.91312092177753
C4,code,Mistral,Phi,240,-0.7018764680755927,-0.948019632287469,-168.45035233814224
C5,code,Mistral,Phi,235,-0.6229873207441888,-0.8968838249762107,-146.4020203748844
C6,code,Mistral,Phi,243,-0.8103677655461878,-0.9237107884680716,-196.91936702772364
C7,code,Mistral,Phi,188,-0.634247585049951,-1.067848537149767,-119.23854598939079
C8,code,Mistral,Phi,306,-0.5905013104599259,-0.784895861718368,-180.69340100073734
C9,code,Mistral,Phi,216,-0.5202630206333609,-0.7547003573476003,-112.37681245680596
C10,code,Mistral,Phi,215,-0.6850975246765386,-0.8508565920963012,-147.2959678054558
C11,code,Mistral,Phi,411,-0.44203747877806443,-0.670783326253199,-181.6774037777845
C12,code,Mistral,Phi,260,-0.621707404892241,-0.7369642307743621,-161.64392527198265
C13,code,Mistral,Phi,130,-0.3685158585155097,-0.9251167415711892,-47.90706160701626
C14,code,Mistral,Phi,314,-0.5778089522396694,-0.7901610816437691,-181.4320110032562
C15,code,Mistral,Phi,302,-0.8429689487810906,-1.1878487302335197,-254.57662253188937
C16,code,Mistral,Phi,392,-0.45080281402015004,-0.5459251728789758,-176.7147030958988
C17,code,Mistral,Phi,364,-0.5477686004550418,-0.6374958711587705,-199.3877705656352
C18,code,Mistral,Phi,256,-0.4465506702744766,-0.8729374232892617,-114.31697159026601
C19,code,Mistral,Phi,266,-0.6398592527653024,-0.8521302548016177,-170.20256123557044
C20,code,Mistral,Phi,425,-0.7331237727213327,-0.9197169826129132,-311.57760340656637
Q1,math,Mistral,Phi,225,-0.3949868538234158,-0.694274627587447,-88.87204211026855
Q2,math,Mistral,Phi,233,-0.3163415621117639,-0.6625075909613484,-73.707583972041
Q3,math,Mistral,Phi,405,-0.48578176525497613,-0.6391596061725516,-196.74161492826534
Q4,math,Mistral,Phi,668,-0.2954735187696178,-0.37491717765480204,-197.3763105381047
Q5,math,Mistral,Phi,186,-0.29778854612042793,-0.6671234851635822,-55.3886695783996
Q6,math,Mistral,Phi,305,-0.6804275960264095,-0.8599216612842473,-207.53041678805488
Q7,math,Mistral,Phi,300,-0.5604450090617632,-0.7602652442386708,-168.13350271852897
Q8,math,Mistral,Phi,278,-0.6869391110958692,-0.9285872121792641,-190.96907288465167
Q9,math,Mistral,Phi,669,-0.6544926883092449,-0.6952817182710894,-437.85560847888485
Q10,math,Mistral,Phi,288,-0.7603062973824615,-1.1236824081269612,-218.9682136461489
Q11,math,Mistral,Phi,335,-1.04642741344546,-1.1554660691057275,-350.55318350422914
Q12,math,Mistral,Phi,236,-0.5767943800841532,-0.926823333239341,-136.12347369986014
Q13,math,Mistral,Phi,253,-0.6189331645055809,-0.9124392705044865,-156.59009061991196
Q14,math,Mistral,Phi,693,-0.5568581723503814,-0.5842121811058487,-385.9027134388143
Q15,math,Mistral,Phi,570,-0.8977047151907214,-1.02635697593458,-511.6916876587112
Q16,math,Mistral,Phi,374,-0.7393045691349515,-0.9062256601219343,-276.49990885647185
Q17,math,Mistral,Phi,553,-0.9130499609792476,-0.9778217490843693,-504.9166284215239
Q18,math,Mistral,Phi,197,-0.5572003085473246,-0.9889561169610793,-109.76846078382295
Q19,math,Mistral,Phi,241,-0.9105529872047694,-1.1891155458363292,-219.44326991634944
Q20,math,Mistral,Phi,796,-0.6664817167820476,-0.7533406937830486,-530.5194465585099
E1,prose,Mistral,Phi,492,-1.187419524641227,-1.4039465728960923,-584.2104061234836
E2,prose,Mistral,Phi,433,-1.151575382173414,-1.4241851008454554,-498.63214048108824
E3,prose,Mistral,Phi,559,-1.2142869816942712,-1.3963550176951396,-678.7864227670976
E4,prose,Mistral,Phi,331,-1.1596261619861084,-1.3499645856993174,-383.8362596174019
E5,prose,Mistral,Phi,517,-1.0648126107846638,-1.3261947193667003,-550.5081197756712
E6,prose,Mistral,Phi,457,-1.11843139086748,-1.344332243027295,-511.1231456264383
E7,prose,Mistral,Phi,497,-0.8975965222852218,-1.0810104049965898,-446.10547157575525
E8,prose,Mistral,Phi,454,-1.2100337870971198,-1.475371999473242,-549.3553393420924
E9,prose,Mistral,Phi,407,-1.1524211530204678,-1.4503986322947249,-469.0354092793304
E10,prose,Mistral,Phi,348,-0.9415431354769294,-1.2234164874498674,-327.6570111459714
E11,prose,Mistral,Phi,474,-1.0926191082098917,-1.3262221460584744,-517.9014572914887
E12,prose,Mistral,Phi,558,-1.209226119896299,-1.4487384768147251,-674.7481749021349
E13,prose,Mistral,Phi,395,-1.0641952160226003,-1.5220132332466487,-420.3571103289271
E14,prose,Mistral,Phi,452,-1.3052402823153324,-1.466952722688946,-589.9686076065302
M1,prose,Mistral,Phi,510,-1.2086428410262742,-1.4430901848275808,-616.4078489233998
M2,prose,Mistral,Phi,432,-0.9562218299761326,-1.3701301032006739,-413.0878305496893
M3,prose,Mistral,Phi,552,-1.138241901392258,-1.4271138750084398,-628.3095295685264
M4,prose,Mistral,Phi,409,-1.1447744531262958,-1.6887193738755715,-468.212751328655
M5,prose,Mistral,Phi,390,-1.212546803444608,-1.650896683914825,-472.8932533433972
M6,prose,Mistral,Phi,470,-1.0127886104201151,-1.390174261463897,-476.01064689745414
M7,prose,Mistral,Phi,501,-0.9626131716799694,-1.3743695720558808,-482.2691990116647
M8,prose,Mistral,Phi,436,-1.2098875632373707,-1.654230395041996,-527.5109775714936
M9,prose,Mistral,Phi,452,-0.9751973571678465,-1.4065293098985654,-440.78920543986663
M10,prose,Mistral,Phi,458,-0.9883977127684698,-1.4492327189585332,-452.68615244795916
M11,prose,Mistral,Phi,453,-1.1214277120320095,-1.5525812284906941,-508.0067535505003
M12,prose,Mistral,Phi,432,-0.9756100061081175,-1.2797292577549124,-421.46352263870676
M13,prose,Mistral,Phi,501,-1.0651465512676346,-1.4026767097531734,-533.6384221850849
H1,prose,Mistral,Phi,467,-0.923666833494816,-1.5126652506511882,-431.3524112420791
H2,prose,Mistral,Phi,495,-1.1265866139977734,-1.7649794157110223,-557.6603739288978
H3,prose,Mistral,Phi,594,-1.1511181911159105,-1.838254501193611,-683.7642055228508
H4,prose,Mistral,Phi,624,-0.9677331974229867,-1.5195182578052289,-603.8655151919437
H5,prose,Mistral,Phi,588,-1.076328013928262,-1.5606334585497208,-632.8808721898181
H6,prose,Mistral,Phi,458,-1.125837704609994,-1.8010589492510345,-515.6336687113773
H7,prose,Mistral,Phi,546,-0.99981725964248,-1.8441049668156093,-545.9002237647941
H8,prose,Mistral,Phi,562,-0.9675767016009509,-1.5892455048603027,-543.7781062997344
H9,prose,Mistral,Phi,496,-0.9413066675185644,-1.7232055926471965,-466.88810708920795
H10,prose,Mistral,Phi,562,-0.7565572735992447,-1.580201022724334,-425.1851877627755
H11,prose,Mistral,Phi,471,-1.1158636110009224,-1.8226483292681497,-525.5717607814345
H12,prose,Mistral,Phi,478,-0.7639155973698004,-1.781653226432046,-365.1516555427646
H13,prose,Mistral,Phi,491,-0.83429069863867,-1.8556913184302342,-409.63673303158697
E15,prose,Mistral,Phi,528,-1.0233601845405063,-1.3094518979219192,-540.3341774373873
E16,prose,Mistral,Phi,385,-1.3499390716998194,-1.638958520673637,-519.7265426044305
E17,prose,Mistral,Phi,429,-1.1605751739258658,-1.4836334438654915,-497.88674961419645
E18,prose,Mistral,Phi,517,-1.2435228596729373,-1.4363639044714367,-642.9013184509085
E19,prose,Mistral,Phi,442,-1.2087539973466377,-1.5028632307815384,-534.2692668272139
E20,prose,Mistral,Phi,434,-1.2974693491462153,-1.5099109578717917,-563.1016975294574
E21,prose,Mistral,Phi,405,-1.1579100068023065,-1.4186895820219545,-468.9535527549341
M14,prose,Mistral,Phi,392,-1.1193582290438198,-1.654772833562396,-438.78842578517737
M15,prose,Mistral,Phi,486,-1.2429918658176313,-1.613791349227223,-604.0940467873688
M16,prose,Mistral,Phi,440,-1.1975488859639376,-1.684807565112998,-526.9215098241325
M17,prose,Mistral,Phi,384,-1.3140069113501098,-1.92061427367067,-504.57865395844215
M18,prose,Mistral,Phi,455,-1.3442346787408495,-1.6505651525867566,-611.6267788270865
M19,prose,Mistral,Phi,452,-1.0374363642823128,-1.498448796443809,-468.9212366556054
M20,prose,Mistral,Phi,471,-1.2016130255131874,-1.5317474642192164,-565.9597350167113
H14,prose,Mistral,Phi,521,-0.8545643060093242,-1.4637797114285582,-445.2280034308579
H15,prose,Mistral,Phi,517,-0.9543305984323982,-1.833837936225177,-493.38891938954987
H16,prose,Mistral,Phi,510,-0.9700106413629735,-1.5845046566770642,-494.70542709511653
H17,prose,Mistral,Phi,424,-1.0257232243546592,-1.9075748693854484,-434.90664712637556
H18,prose,Mistral,Phi,460,-0.9257447825615022,-1.6305218633824394,-425.842599978291
H19,prose,Mistral,Phi,479,-0.9139893684028391,-1.3336341890161947,-437.8009074649599
S1,short,Mistral,Phi,124,-1.0838597354636696,-1.4676216338714678,-134.39860719749504
S2,short,Mistral,Phi,62,-1.1966084964217825,-2.0328078611660936,-74.18972677815051
S3,short,Mistral,Phi,93,-1.213781620693079,-1.71500803043572,-112.88169072445635
S4,short,Mistral,Phi,165,-0.8050367334176247,-1.1020139311407646,-132.83106101390808
S5,short,Mistral,Phi,132,-1.111291921925389,-1.4767432157987197,-146.69053369415133
S6,short,Mistral,Phi,90,-1.2883025121421472,-2.020665199294606,-115.94722609279324
S7,short,Mistral,Phi,88,-1.276389593608124,-1.6890194229093718,-112.3222842375149
S8,short,Mistral,Phi,112,-1.014685626659274,-1.4330738309140543,-113.6447901858387
S9,short,Mistral,Phi,105,-1.2599935754116955,-1.8987171928905202,-132.29932541822802
S10,short,Mistral,Phi,114,-1.176211895125572,-1.4045783426008391,-134.0881560443152
S11,short,Mistral,Phi,102,-0.9256220482992692,-1.4939959025578349,-94.41344892652546
S12,short,Mistral,Phi,142,-1.104512800746946,-1.3380105807275828,-156.84081770606633
S13,short,Mistral,Phi,119,-1.429590623520932,-1.9680308878545048,-170.1212841989909
S14,short,Mistral,Phi,86,-1.37931733158051,-1.873736869380674,-118.62129051592387
S15,short,Mistral,Phi,104,-1.5482620636056699,-1.982612037028568,-161.01925461498968
S16,short,Mistral,Phi,87,-0.9622692549863121,-1.601075519323911,-83.71742518380915
S17,short,Mistral,Phi,83,-0.9939165713657783,-1.7674159285940612,-82.4950754233596
S18,short,Mistral,Phi,89,-0.992126967473386,-1.6441858367019286,-88.29930010513135
S19,short,Mistral,Phi,102,-1.4633550921462914,-1.961653741274609,-149.26221939892173
S20,short,Mistral,Phi,75,-1.3391421494087725,-1.9740924006172766,-100.43566120565794
C1,code,Llama,Phi,229,-0.41024102242298754,-0.7369319061712121,-93.94519413486415
C2,code,Llama,Phi,344,-0.13849544968488434,-0.5325002462516086,-47.642434691600215
C3,code,Llama,Phi,262,-0.502301248146152,-0.7430792029462514,-131.60292701429182
C4,code,Llama,Phi,169,-0.39969330387577545,-0.8564427834152998,-67.54816835500606
C5,code,Llama,Phi,257,-0.33254761676748773,-0.709398493210365,-85.46473750924434
C6,code,Llama,Phi,211,-0.37806612572973675,-0.9189654791096158,-79.77195252897445
C7,code,Llama,Phi,188,-0.42647375017153577,-0.9769000207949076,-80.17706503224872
C8,code,Llama,Phi,263,-0.3140632343269764,-0.6848245338003769,-82.5986306279948
C9,code,Llama,Phi,231,-0.6272293527013554,-0.9150445051628197,-144.8899804740131
C10,code,Llama,Phi,256,-0.3313553980653803,-0.9247392359656867,-84.82698190473735
C11,code,Llama,Phi,386,-0.35772174845782345,-0.6350637911516279,-138.08059490471985
C12,code,Llama,Phi,379,-0.2950464001977198,-0.5418515335578685,-111.82258567493581
C13,code,Llama,Phi,264,-0.41920687472388074,-0.7473249601523255,-110.67061492710451
C14,code,Llama,Phi,317,-0.5101002738945413,-0.8044954571319699,-161.70178682456958
C15,code,Llama,Phi,362,-0.353844033451098,-0.7627960694302355,-128.09154010929748
C16,code,Llama,Phi,294,-0.30102692666819564,-0.5756448490484379,-88.50191644044952
C17,code,Llama,Phi,468,-0.3631624268793543,-0.5057305818935633,-169.9600157795378
C18,code,Llama,Phi,387,-0.4768855693118349,-0.8332775769547226,-184.5547153236801
C19,code,Llama,Phi,357,-0.4616693838211371,-0.7723299694744351,-164.81597002414594
C20,code,Llama,Phi,560,-0.7223332047593153,-0.8446825811460817,-404.50659466521654
Q1,math,Llama,Phi,154,-0.303819474970788,-0.8542031767376261,-46.78819914550135
Q2,math,Llama,Phi,367,-0.4358157543988467,-0.6447714185099265,-159.94438186437674
Q3,math,Llama,Phi,301,-0.2881361061418898,-0.5296684634799915,-86.72896794870883
Q4,math,Llama,Phi,604,-0.35811102176511816,-0.46579283298198854,-216.29905714613136
Q5,math,Llama,Phi,243,-0.44798941326607866,-0.748240932350982,-108.86142742365712
Q6,math,Llama,Phi,203,-0.38864390035409035,-0.7240484310564596,-78.89471177188034
Q7,math,Llama,Phi,323,-0.5019279100411518,-0.7247604883562377,-162.122714943292
Q8,math,Llama,Phi,519,-0.6227993186741406,-0.7573222126355041,-323.232846391879
Q9,math,Llama,Phi,429,-0.563747864470331,-0.7063105614364634,-241.847833857772
Q10,math,Llama,Phi,259,-0.39850496951142667,-0.8402385204537853,-103.2127871034595
Q11,math,Llama,Phi,217,-0.4169361553561143,-0.7915664185374883,-90.4751457122768
Q12,math,Llama,Phi,248,-0.4978979844734498,-0.7504653824703511,-123.47870014941554
Q13,math,Llama,Phi,230,-0.362032285451309,-0.7264265253680867,-83.26742565380107
Q14,math,Llama,Phi,274,-0.3848714765872451,-0.6037788581897122,-105.45478458490516
Q15,math,Llama,Phi,413,-0.5377977423500768,-0.7507511786569888,-222.11046759058172
Q16,math,Llama,Phi,506,-0.48893973209049707,-0.6366179943148016,-247.40350443779153
Q17,math,Llama,Phi,246,-0.3669836788747658,-0.6188717035850585,-90.27798500319238
Q18,math,Llama,Phi,386,-0.6372461500167643,-0.8306624886637791,-245.97701390647103
Q19,math,Llama,Phi,387,-0.507011779389199,-0.6990699930979716,-196.21355862361997
Q20,math,Llama,Phi,529,-0.6048603154742952,-0.7581562540236589,-319.97110688590215
E1,prose,Llama,Phi,401,-1.11568832239286,-1.375084111180116,-447.39101727953687
E2,prose,Llama,Phi,319,-1.1272798074180763,-1.4725629638865672,-359.60225856636634
E3,prose,Llama,Phi,418,-1.0094279114894749,-1.208978598923384,-421.9408670026005
E4,prose,Llama,Phi,390,-1.0682360099270707,-1.262177492299281,-416.6120438715576
E5,prose,Llama,Phi,384,-1.068437106909433,-1.3901088523511096,-410.2798490532223
E6,prose,Llama,Phi,340,-0.9838432635162693,-1.3208636378387062,-334.50670959553156
E7,prose,Llama,Phi,367,-1.0476909864943083,-1.290072051053863,-384.50259204341114
E8,prose,Llama,Phi,396,-1.151299105120444,-1.456958866961757,-455.9144456276958
E9,prose,Llama,Phi,335,-1.2235514298454058,-1.5484332905396214,-409.8897289982109
E10,prose,Llama,Phi,417,-1.1337314547696786,-1.3836919278301554,-472.766016638956
E11,prose,Llama,Phi,408,-1.1370001630709523,-1.4519575851726247,-463.89606653294857
E12,prose,Llama,Phi,361,-1.0243337900054303,-1.5168943367160086,-369.7844981919603
E13,prose,Llama,Phi,407,-1.037038527377903,-1.4506675222246184,-422.0746806428065
E14,prose,Llama,Phi,399,-1.0795868836042544,-1.375421497346892,-430.75516655809747
M1,prose,Llama,Phi,399,-1.0879206572116142,-1.4738545544426496,-434.0803422274341
M2,prose,Llama,Phi,472,-1.123627713509144,-1.553155161628499,-530.352280776316
M3,prose,Llama,Phi,384,-1.1342229874770957,-1.4795241632706961,-435.5416271912047
M4,prose,Llama,Phi,382,-0.8743596624282336,-1.48992675663119,-334.00539104758525
M5,prose,Llama,Phi,370,-1.0124701165538792,-1.5419000135189669,-374.6139431249353
M6,prose,Llama,Phi,438,-0.9670188973936218,-1.4593543082570504,-423.55427705840634
M7,prose,Llama,Phi,382,-0.9511709538918204,-1.4894958475106725,-363.3473043866754
M8,prose,Llama,Phi,395,-1.179111254522839,-1.649053345684739,-465.74894553652143
M9,prose,Llama,Phi,392,-1.0189662583099797,-1.628926595129644,-399.434773257512
M10,prose,Llama,Phi,420,-0.9825049509543197,-1.4325830028361193,-412.6520794008143
M11,prose,Llama,Phi,385,-1.2511041696034269,-1.74614516035476,-481.6751052973193
M12,prose,Llama,Phi,347,-0.9129015684242687,-1.3660510612574814,-316.77684424322126
M13,prose,Llama,Phi,366,-1.011318184137298,-1.553781746649546,-370.1424553942511
H1,prose,Llama,Phi,476,-0.9600437096426948,-1.6840715607735348,-456.9808057899227
H2,prose,Llama,Phi,585,-0.7679073268345761,-1.5057022998529996,-449.225786198227
H3,prose,Llama,Phi,876,-0.6631300382731065,-1.1723706697262026,-580.9019135272413
H4,prose,Llama,Phi,386,-0.9686104163718186,-2.032479453735797,-373.88362071952196
H5,prose,Llama,Phi,448,-0.9126827703437759,-1.6232895884332055,-408.8818811140116
H6,prose,Llama,Phi,395,-1.1759468446920633,-1.9770909489307915,-464.499003653365
H7,prose,Llama,Phi,434,-0.9931301116491978,-2.116521462337135,-431.0184684557519
H8,prose,Llama,Phi,418,-0.8520640470446526,-1.9425599501088882,-356.1627716646648
H9,prose,Llama,Phi,434,-0.9686592323449723,-1.875956981596414,-420.398106837718
H10,prose,Llama,Phi,552,-1.173997693109567,-1.9677818703524221,-648.046726596481
H11,prose,Llama,Phi,402,-0.8228406995179361,-1.9701449172854013,-330.7819612062103
H12,prose,Llama,Phi,480,-0.8221679362727831,-2.009509135381366,-394.6406094109359
H13,prose,Llama,Phi,602,-0.9171300195552574,-1.9386435660924153,-552.112271772265
E15,prose,Llama,Phi,396,-1.1661012390653953,-1.4956502264795835,-461.7760906698966
E16,prose,Llama,Phi,383,-1.1645029741728326,-1.456851070937493,-446.0046391081949
E17,prose,Llama,Phi,358,-1.1576105074137049,-1.5922207606868524,-414.42456165410636
E18,prose,Llama,Phi,356,-1.197475038341046,-1.4888715437891886,-426.3011136494124
E19,prose,Llama,Phi,381,-1.2334514222052133,-1.5880643621400428,-469.9449918601863
E20,prose,Llama,Phi,372,-1.283267018794006,-1.632796275647941,-477.3753309913702
E21,prose,Llama,Phi,437,-1.100684462277804,-1.388331973151251,-480.99911001540033
M14,prose,Llama,Phi,336,-1.1921057055427007,-1.8370770540167152,-400.5475170623474
M15,prose,Llama,Phi,306,-1.1005449130933378,-1.662525444090076,-336.7667434065614
M16,prose,Llama,Phi,446,-0.9416593219919729,-1.4745177953304704,-419.9800576084199
M17,prose,Llama,Phi,445,-1.1640501024175802,-1.7134478504523265,-518.0022955758232
M18,prose,Llama,Phi,351,-1.1086349194763592,-1.686776496860469,-389.1308567362021
M19,prose,Llama,Phi,380,-1.254549926597647,-1.8359863532245526,-476.72897210710585
M20,prose,Llama,Phi,348,-1.0569484727773726,-1.5659251158492027,-367.8180685265257
H14,prose,Llama,Phi,384,-0.8958194075706435,-1.6994019938857197,-343.9946525071271
H15,prose,Llama,Phi,480,-0.7998230159154256,-1.6899019833394733,-383.9150476394043
H16,prose,Llama,Phi,450,-0.819413470496045,-1.8035941973165124,-368.73606172322025
H17,prose,Llama,Phi,379,-0.9935554289040516,-2.0171270172872084,-376.55750755463555
H18,prose,Llama,Phi,425,-0.9655865744542569,-1.7746341386353273,-410.37429414305916
H19,prose,Llama,Phi,477,-0.9206438555022735,-1.3697897216737172,-439.14711907458445
S1,short,Llama,Phi,96,-1.44894897217155,-1.8727520315872728,-139.0991013284688
S2,short,Llama,Phi,67,-1.2992043933704764,-2.001448296589313,-87.04669435582193
S3,short,Llama,Phi,76,-0.8005654522275748,-1.3601838464466327,-60.84297436929569
S4,short,Llama,Phi,79,-0.7645286845850404,-1.5610885439059128,-60.3977660822182
S5,short,Llama,Phi,79,-1.048473452290176,-1.7350065465509057,-82.8294027309239
S6,short,Llama,Phi,80,-1.1096252275398455,-1.9595129945337249,-88.77001820318765
S7,short,Llama,Phi,76,-1.2564006417738975,-1.8257331917576314,-95.48644877481621
S8,short,Llama,Phi,73,-1.0808989509010836,-1.957897602249581,-78.9056234157791
S9,short,Llama,Phi,73,-1.092818053941148,-1.8371930185178464,-79.7757179377038
S10,short,Llama,Phi,91,-1.1360084496316252,-1.6297151102882088,-103.37676891647789
S11,short,Llama,Phi,84,-1.0450075468054454,-1.7407277288201017,-87.7806339316574
S12,short,Llama,Phi,81,-1.004056936578837,-1.599678556121405,-81.3286118628858
S13,short,Llama,Phi,84,-1.1447191027154986,-1.9585479103698162,-96.15640462810188
S14,short,Llama,Phi,94,-1.0384594997520114,-1.3830863681584387,-97.61519297668906
S15,short,Llama,Phi,95,-1.2232035440434634,-1.7016372541396874,-116.20433668412903
S16,short,Llama,Phi,75,-1.0838610821568788,-1.7907456492454124,-81.28958116176591
S17,short,Llama,Phi,86,-1.107025589575938,-1.9531548844747597,-95.20420070353066
S18,short,Llama,Phi,106,-1.1374534512685144,-1.5685531996357482,-120.57006583446253
S19,short,Llama,Phi,92,-1.4178648906639193,-1.8862213682156794,-130.44356994108057
S20,short,Llama,Phi,80,-1.1446498415022688,-1.6555064664838937,-91.5719873201815
