prompt_id,genre,tier,model,model_id,sample,seed,n_tokens,hit_limit,word_count,text
C1,code,Easy,Qwen,unsloth/Qwen2.5-7B-Instruct-bnb-4bit,2,2000,130,0,85,"```python
def is_palindrome(s: str) -> bool:
    """"""
    Returns True if the input string s reads the same forwards and backwards,
    after converting it to lowercase and removing non-alphanumeric characters.
    
    :param s: Input string to check
    :return: True if s is a palindrome under the described conditions, False otherwise
    """"""
    # Convert the string to lowercase and filter out non-alphanumeric characters
    filtered = ''.join(c.lower() for c in s if c.isalnum())
    
    # Check if the filtered string is equal to its reverse
    return filtered == filtered[::-1]
```"
C2,code,Easy,Qwen,unsloth/Qwen2.5-7B-Instruct-bnb-4bit,2,2000,156,0,89,"```python
def fizzbuzz(n: int) -> list[str]:
    """"""
    Generates a list of strings based on the FizzBuzz problem for numbers from 1 to n.
    
    Parameters:
    n (int): The upper limit of the sequence (inclusive).
    
    Returns:
    list[str]: A list of strings representing the FizzBuzz sequence up to n.
    """"""
    if n < 1:
        return []
    return [
        ""FizzBuzz"" if i % 15 == 0 else
        ""Fizz"" if i % 3 == 0 else
        ""Buzz"" if i % 5 == 0 else
        str(i)
        for i in range(1, n + 1)
    ]
```"
C3,code,Easy,Qwen,unsloth/Qwen2.5-7B-Instruct-bnb-4bit,2,2000,139,0,75,"```python
def sieve_primes(n: int) -> list[int]:
    """"""Return all prime numbers <= n in increasing order using the Sieve of Eratosthenes.""""""
    if n < 2:
        return []
    
    is_prime = [True] * (n + 1)
    p = 2
    while p * p <= n:
        if is_prime[p]:
            for i in range(p * p, n + 1, p):
                is_prime[i] = False
        p += 1
    
    primes = [p for p in range(2, n + 1) if is_prime[p]]
    return primes
```"
C4,code,Easy,Qwen,unsloth/Qwen2.5-7B-Instruct-bnb-4bit,2,2000,110,0,64,"```python
def second_largest(nums: list[int]) -> int | None:
    """"""
    Returns the second largest distinct value from the given list.
    
    :param nums: List of integers
    :return: The second largest distinct integer or None if there are less than two distinct values
    """"""
    unique_nums = set(nums)  # Remove duplicates
    if len(unique_nums) < 2:
        return None
    else:
        return sorted(unique_nums)[-2]  # Sort and return second last element
```"
C5,code,Easy,Qwen,unsloth/Qwen2.5-7B-Instruct-bnb-4bit,2,2000,147,0,71,"```python
def run_length_encode(s: str) -> str:
    """"""
    Compresses a string using run-length encoding.
    
    Args:
        s (str): The input string to encode.
        
    Returns:
        str: The run-length encoded string.
    """"""
    if not s:
        return """"
    
    encoded_str = []
    count = 1
    for i in range(1, len(s) + 1):
        if i < len(s) and s[i] == s[i - 1]:
            count += 1
        else:
            encoded_str.append(s[i - 1] + str(count))
            count = 1
            
    return ''.join(encoded_str)
```"
C6,code,Easy,Qwen,unsloth/Qwen2.5-7B-Instruct-bnb-4bit,2,2000,162,0,97,"```python
def valid_brackets(s: str) -> bool:
    """"""
    Checks if the input string s contains well-formed, correctly nested brackets.
    
    Args:
        s (str): The input string containing brackets and possibly other characters.
    
    Returns:
        bool: True if every opening bracket has a matching closing bracket in the correct order; False otherwise.
    """"""
    stack = []
    bracket_map = {')': '(', ']': '[', '}': '{'}
    
    for char in s:
        if char in bracket_map.values():
            stack.append(char)
        elif char in bracket_map.keys():
            if not stack or stack.pop() != bracket_map[char]:
                return False
    return not stack  # True if stack is empty, meaning all brackets were matched
```"
C7,code,Easy,Qwen,unsloth/Qwen2.5-7B-Instruct-bnb-4bit,2,2000,134,0,75,"```python
def flatten(nested: list) -> list:
    """"""
    Flattens a list of arbitrarily nested lists into a flat list of non-list elements.
    
    Args:
        nested (list): A list that may contain lists nested to any depth, along with other types.

    Returns:
        list: A flat list of all non-list elements from the input, in left-to-right order.
    """"""
    flat_list = []
    for item in nested:
        if isinstance(item, list):
            # Recursively flatten the sublist
            flat_list.extend(flatten(item))
        else:
            flat_list.append(item)
    return flat_list
```"
C8,code,Medium,Qwen,unsloth/Qwen2.5-7B-Instruct-bnb-4bit,2,2000,219,0,109,"```python
def merge_intervals(intervals: list[tuple[int, int]]) -> list[tuple[int, int]]:
    """"""
    Merges overlapping or touching intervals and returns a sorted list of merged intervals.
    
    Args:
    intervals: A list of tuples representing closed intervals [start, end].
    
    Returns:
    A list of tuples representing the merged intervals, sorted by their start.
    """"""
    if not intervals:
        return []
    
    # Sort intervals based on the start time
    intervals.sort(key=lambda x: x[0])
    
    merged = []
    current_start, current_end = intervals[0]
    
    for start, end in intervals[1:]:
        if start <= current_end:  # Overlapping or touching interval
            current_end = max(current_end, end)
        else:  # Non-overlapping interval
            merged.append((current_start, current_end))
            current_start, current_end = start, end
    
    # Append the last interval
    merged.append((current_start, current_end))
    
    return merged
```"
C9,code,Medium,Qwen,unsloth/Qwen2.5-7B-Instruct-bnb-4bit,2,2000,156,0,75,"```python
def rotate_matrix(matrix: list[list[int]]) -> list[list[int]]:
    """"""
    Rotate an n-by-n square matrix 90 degrees clockwise.
    
    Args:
        matrix (list[list[int]]): The input n-by-n square matrix.
        
    Returns:
        list[list[int]]: The rotated matrix.
    """"""
    n = len(matrix)
    # Create a new matrix to hold the rotated result
    rotated = [[0]*n for _ in range(n)]
    for r in range(n):
        for c in range(n):
            # Place element at (r, c) in the new position (c, n-1-r)
            rotated[c][n-1-r] = matrix[r][c]
    return rotated
```"
C10,code,Medium,Qwen,unsloth/Qwen2.5-7B-Instruct-bnb-4bit,2,2000,207,0,116,"```python
from collections import Counter

def top_k_words(text: str, k: int) -> list[tuple[str, int]]:
    """"""
    Extracts and counts words from the text, then returns the k most frequent words.
    
    Parameters:
        text (str): The input text to process.
        k (int): The number of top frequent words to return.
    
    Returns:
        list[tuple[str, int]]: A list of (word, count) tuples for the top k words.
    """"""
    # Lowercase the text
    text = text.lower()
    # Import regex for word extraction
    import re
    # Find all words using regex, matching sequences of letters and apostrophes
    words = re.findall(r""[a-z]+['a-z]*"", text)
    # Count occurrences of each word
    word_counts = Counter(words)
    # Get the k most common words, sorted by frequency and alphabetically
    return word_counts.most_common(k)
```"
C11,code,Medium,Qwen,unsloth/Qwen2.5-7B-Instruct-bnb-4bit,2,2000,140,0,78,"```python
def leftmost_index(arr: list[int], target: int) -> int:
    left, right = 0, len(arr) - 1
    
    while left <= right:
        mid = left + (right - left) // 2
        
        if arr[mid] < target:
            left = mid + 1
        elif arr[mid] > target:
            right = mid - 1
        else:
            # Found a target, check if it's the leftmost one
            if mid == left or arr[mid - 1] != target:
                return mid
            else:
                right = mid - 1
                
    return -1
```"
C12,code,Medium,Qwen,unsloth/Qwen2.5-7B-Instruct-bnb-4bit,2,2000,274,0,126,"```python
def roman_to_int(s: str) -> int:
    """"""
    Convert a valid uppercase Roman numeral to an integer.
    
    Args:
        s (str): The Roman numeral string.

    Returns:
        int: The integer value of the Roman numeral.
    """"""
    # Define the mapping of Roman numerals to integers
    roman_values = {'I': 1, 'V': 5, 'X': 10, 'L': 50, 'C': 100, 'D': 500, 'M': 1000,
                    'IV': 4, 'IX': 9, 'XL': 40, 'XC': 90, 'CD': 400, 'CM': 900}
    
    # Initialize the result and index
    result = 0
    i = 0
    
    # Process each character in the string
    while i < len(s):
        # Check for a subtractive pair first
        if i + 1 < len(s) and s[i:i+2] in roman_values:
            result += roman_values[s[i:i+2]]
            i += 2
        else:
            result += roman_values[s[i]]
            i += 1
    
    return result
```"
C13,code,Medium,Qwen,unsloth/Qwen2.5-7B-Instruct-bnb-4bit,2,2000,140,0,68,"```python
def max_subarray_sum(nums: list[int]) -> int:
    """"""
    Returns the maximum sum of any non-empty contiguous subarray.
    
    Args:
        nums (list[int]): The input list of integers.
        
    Returns:
        int: The maximum subarray sum.
        
    Raises:
        ValueError: If nums is empty.
    """"""
    if not nums:
        raise ValueError(""Input list cannot be empty"")
    
    current_sum = max_sum = nums[0]
    
    for num in nums[1:]:
        current_sum = max(num, current_sum + num)
        max_sum = max(max_sum, current_sum)
        
    return max_sum
```"
C14,code,Medium,Qwen,unsloth/Qwen2.5-7B-Instruct-bnb-4bit,2,2000,213,0,127,"```python
def moving_average(values: list[float], window: int) -> list[float]:
    if window < 1:
        raise ValueError(""Window size must be at least 1"")
    if window > len(values):
        return []
    
    # Initialize variables
    n = len(values)
    running_sum = 0
    result = []
    
    # Calculate the sum of the first window-sized segment
    for i in range(window):
        running_sum += values[i]
    
    # Add the first moving average to the result
    result.append(running_sum / window)
    
    # Slide the window across the array and update the running sum
    for i in range(1, n - window + 1):
        # Subtract the element going out of the window and add the new element
        running_sum -= values[i - 1]
        running_sum += values[i + window - 1]
        # Append the new average to the result
        result.append(running_sum / window)
    
    return result
```"
C15,code,Medium,Qwen,unsloth/Qwen2.5-7B-Instruct-bnb-4bit,2,2000,297,0,140,"```python
def parse_duration(s: str) -> int:
    """"""
    Convert a duration string to total number of seconds.

    Args:
        s (str): Duration string in format [hh]h[mm]m[ss}s

    Returns:
        int: Total number of seconds represented by the string.

    Raises:
        ValueError: If the string is invalid.
    """"""
    if not s or any(c not in '0123456789hms' for c in s):
        raise ValueError(""Invalid duration string"")

    parts = s.split('h')
    if len(parts) > 1 and any(c not in '0123456789m' for c in parts[1]):
        raise ValueError(""Invalid duration string"")

    parts = parts[1].split('m')
    if len(parts) > 1 and any(c not in '0123456789s' for c in parts[1]):
        raise ValueError(""Invalid duration string"")

    hours = int(parts[0]) if 'h' in s else 0
    minutes = int(parts[1]) if len(parts) > 1 else 0
    seconds = int(parts[2]) if len(parts) > 1 and 'm' in s else 0

    return hours * 3600 + minutes * 60 + seconds
```"
C16,code,Hard,Qwen,unsloth/Qwen2.5-7B-Instruct-bnb-4bit,2,2000,243,0,143,"```python
def longest_common_subsequence(a: str, b: str) -> int:
    """"""
    Returns the length of the longest common subsequence of strings a and b.
    
    :param a: First input string
    :param b: Second input string
    :return: Length of the longest common subsequence
    """"""
    if len(a) < len(b):
        a, b = b, a  # Ensure a is the longer or equal length string
    
    # Initialize the dp array to store lengths of subsequences
    dp = [0] * len(b)
    
    for i in range(len(a)):
        prev = 0  # Previous diagonal value in the DP table
        for j in range(len(b)):
            temp = dp[j]  # Store current cell value
            if a[i] == b[j]:
                dp[j] = prev + 1  # Update the current cell
            else:
                dp[j] = max(dp[j], dp[j - 1]) if j > 0 else dp[j]  # Update without match
            prev = temp  # Update previous cell value
    
    return dp[-1]
```"
C17,code,Hard,Qwen,unsloth/Qwen2.5-7B-Instruct-bnb-4bit,2,2000,263,0,140,"```python
def edit_distance(a: str, b: str) -> int:
    """"""
    Computes the Levenshtein distance between two strings a and b.
    
    :param a: First string
    :param b: Second string
    :return: Minimum number of single-character edits (insertions, deletions or substitutions)
             required to change one string into the other.
    """"""
    if len(a) < len(b):
        a, b = b, a  # Ensure a is always the longer string for optimization
    
    prev_row = list(range(len(b) + 1))  # Base case: editing an empty string
    
    for i, c1 in enumerate(a):
        curr_row = [i + 1]  # Base case: deleting all characters from a[0:i+1]
        for j, c2 in enumerate(b):
            ins = prev_row[j + 1] + 1  # Cost of insertion
            del_ = curr_row[j] + 1  # Cost of deletion
            sub = prev_row[j] + (c1 != c2)  # Cost of substitution
            curr_row.append(min(ins, del_, sub))
        prev_row = curr_row
    
    return prev_row[-1]
```"
C18,code,Hard,Qwen,unsloth/Qwen2.5-7B-Instruct-bnb-4bit,2,2000,332,0,204,"```python
import heapq

def shortest_paths(graph: dict[str, list[tuple[str, int]]], source: str) -> dict[str, int]:
    """"""
    Finds the shortest paths from a source node to all other nodes using Dijkstra's algorithm.
    
    :param graph: A dictionary representing the graph where keys are nodes and values are lists of tuples (neighbor, weight).
    :param source: The starting node for the shortest path computation.
    :return: A dictionary with keys as nodes and values as the shortest path lengths from the source.
    """"""
    # Initialize distances dictionary with infinity for all nodes except the source node which is 0
    distances = {node: float('inf') for node in graph}
    distances[source] = 0
    
    # Priority queue to store (distance, node) tuples, starting with the source node
    priority_queue = [(0, source)]
    
    while priority_queue:
        # Pop the node with the smallest distance
        current_distance, current_node = heapq.heappop(priority_queue)
        
        # Nodes can come up in the priority queue multiple times. Only consider it if the found path is shorter.
        if current_distance > distances[current_node]:
            continue
        
        # Explore neighbors
        for neighbor, weight in graph[current_node]:
            distance = current_distance + weight
            
            # If a new shortest path is found, add it to the priority queue and update the distances dictionary
            if distance < distances[neighbor]:
                distances[neighbor] = distance
                heapq.heappush(priority_queue, (distance, neighbor))
                
    return distances
```"
C19,code,Hard,Qwen,unsloth/Qwen2.5-7B-Instruct-bnb-4bit,2,2000,249,0,138,"```python
from collections import deque, defaultdict

def topological_order(graph: dict[str, list[str]]) -> list[str]:
    """"""
    Returns a topological ordering of a directed graph.
    
    :param graph: A dictionary where keys are node names and values are lists of nodes that have edges coming into them.
    :return: A list of nodes in topological order.
    :raises ValueError: If the graph contains a cycle.
    """"""
    # Initialize in-degree count for all nodes
    in_degree = defaultdict(int)
    for edges in graph.values():
        for node in edges:
            in_degree[node] += 1
    
    # Initialize queue with all nodes that have no incoming edges
    queue = deque([node for node in graph if node not in in_degree])
    ordered = []
    
    while queue:
        node = queue.popleft()
        ordered.append(node)
        for neighbor in graph[node]:
            in_degree[neighbor] -= 1
            if in_degree[neighbor] == 0:
                queue.append(neighbor)
                del in_degree[neighbor]
    
    if len(ordered) != len(graph):
        raise ValueError(""Graph contains a cycle"")
    
    return ordered
```"
C20,code,Hard,Qwen,unsloth/Qwen2.5-7B-Instruct-bnb-4bit,2,2000,313,0,149,"```python
def count_n_queens(n: int) -> int:
    if n < 0:
        raise ValueError(""n must be a non-negative integer"")
    if n == 0:
        return 1

    def is_safe(board, row, col):
        # Check this row on left side
        for i in range(col):
            if board[row][i]:
                return False
        
        # Check upper diagonal on left side
        for i, j in zip(range(row, -1, -1), range(col, -1, -1)):
            if board[i][j]:
                return False
        
        # Check lower diagonal on left side
        for i, j in zip(range(row, n, 1), range(col, -1, -1)):
            if board[i][j]:
                return False
        
        return True

    def solve_n_queens_util(board, col):
        if col == n:
            return 1
        count = 0
        for i in range(n):
            if is_safe(board, i, col):
                # Place queen
                board[i][col] = 1
                # Recur to place rest of the queens
                count += solve_n_queens_util(board, col + 1)
                # Backtrack
                board[i][col] = 0
        return count

    board = [[0 for _ in range(n)] for _ in range(n)]
    return solve_n_queens_util(board, 0)
```
```"
Q1,math,Easy,Qwen,unsloth/Qwen2.5-7B-Instruct-bnb-4bit,2,2000,167,0,94,"First, we calculate the cost of the notebooks. Maria buys 4 notebooks at $3.00 each. So, the total cost for the notebooks is:

\[ 4 \times 3.00 = 12.00 \]

Next, we calculate the cost of the pens. Maria buys 6 pens at $1.25 each. So, the total cost for the pens is:

\[ 6 \times 1.25 = 7.50 \]

Now, we add the cost of the notebooks and the pens to find the total amount Maria spends:

\[ 12.00 + 7.50 = 19.50 \]

Therefore, Maria spends a total of $19.50.

Answer: 19.50"
Q2,math,Easy,Qwen,unsloth/Qwen2.5-7B-Instruct-bnb-4bit,2,2000,235,0,169,"To solve this problem, we need to calculate the distance traveled during each segment of the journey and then sum these distances.

First, let's look at the first part of the journey:
- The train travels at a speed of 72 kilometers per hour.
- It travels for 2.5 hours.

The distance covered in this segment can be calculated using the formula: Distance = Speed × Time.

So, for the first segment:
Distance = 72 km/h × 2.5 h = 180 km

Next, we'll calculate the distance covered during the second part of the journey:
- The train travels at a speed of 90 kilometers per hour.
- It travels for 1.5 hours.

Again, using the same formula:
Distance = 90 km/h × 1.5 h = 135 km

Now, to find the total distance traveled, we simply add the distances from both segments together:
Total Distance = Distance from First Segment + Distance from Second Segment
Total Distance = 180 km + 135 km = 315 km

Answer: 315"
Q3,math,Easy,Qwen,unsloth/Qwen2.5-7B-Instruct-bnb-4bit,2,2000,314,0,197,"Let's start by defining the dimensions of the rectangle. We'll call the width of the rectangle \(W\) and the length \(L\). According to the problem, the length is 5 cm more than the width, so we can express the length as \(L = W + 5\).

The formula for the perimeter of a rectangle is \(2 \times (Length + Width)\), and we know that the perimeter of this rectangle is 46 cm. So, we can set up the equation:

\[2(W + L) = 46\]

Substituting \(L = W + 5\) into the equation gives us:

\[2(W + W + 5) = 46\]

This simplifies to:

\[2(2W + 5) = 46\]

Dividing both sides by 2 to simplify further:

\[2W + 5 = 23\]

Subtracting 5 from both sides:

\[2W = 18\]

Then dividing both sides by 2:

\[W = 9\]

Now that we have the width, we can find the length using \(L = W + 5\):

\[L = 9 + 5 = 14\]

The area of a rectangle is given by the formula \(Length \times Width\). Therefore, the area of this rectangle is:

\[Area = W \times L = 9 \times 14 = 126\]

Answer: 126"
Q4,math,Medium,Qwen,unsloth/Qwen2.5-7B-Instruct-bnb-4bit,2,2000,642,0,354,"To solve this problem, we need to find the sum of all integers from 1 to 200 that are divisible by either 3 or 5.

First, let's find how many numbers from 1 to 200 are divisible by 3. A number divisible by 3 can be represented as \(3n\), where \(n\) is an integer. The largest multiple of 3 within 200 is \(3 \times 66 = 198\). So, there are 66 such numbers.

Next, we calculate the sum of these numbers. The sequence of multiples of 3 from 3 to 198 is an arithmetic series where the first term \(a_1 = 3\), the last term \(a_n = 198\), and the number of terms \(n = 66\). The sum \(S\) of an arithmetic series can be calculated using the formula \(S = \frac{n}{2} (a_1 + a_n)\). Substituting the values, we get:
\[ S = \frac{66}{2} (3 + 198) = 33 \times 201 = 6633 \]

Now, let's find how many numbers from 1 to 200 are divisible by 5. A number divisible by 5 can be represented as \(5m\), where \(m\) is an integer. The largest multiple of 5 within 200 is \(5 \times 40 = 200\). So, there are 40 such numbers.

The sum of these numbers, following the same arithmetic series method, is:
\[ S = \frac{40}{2} (5 + 200) = 20 \times 205 = 4100 \]

However, we have counted some numbers twice because they are divisible by both 3 and 5, i.e., they are divisible by 15. To avoid double-counting, we need to subtract the sum of numbers divisible by 15 from our total.

There are \( \frac{200}{15} = 13 \) multiples of 15 between 1 and 200 (since 15 \times 13 = 195 and 15 \times 14 = 210 which is more than 200).

The sum of these multiples of 15 is:
\[ S = \frac{13}{2} (15 + 195) = \frac{13}{2} \times 210 = 13 \times 105 = 1365 \]

Therefore, the total sum of all integers from 1 to 200 that are divisible by 3 or 5 is:
\[ 6633 + 4100 - 1365 = 9368 \]

Answer: 9368"
Q5,math,Easy,Qwen,unsloth/Qwen2.5-7B-Instruct-bnb-4bit,2,2000,230,0,134,"First, we calculate the discount on the shirt. The shirt is priced at $40 and it is discounted by 25 percent. To find the amount of the discount, we multiply $40 by 25 percent (or 0.25):

$40 * 0.25 = $10

So, the discount amount is $10. We subtract this from the original price to get the discounted price:

$40 - $10 = $30

Next, we need to add an 8 percent sales tax to the discounted price of $30. To find the sales tax amount, we multiply $30 by 8 percent (or 0.08):

$30 * 0.08 = $2.40

This means the sales tax is $2.40. We add this to the discounted price to get the final price:

$30 + $2.40 = $32.40

Therefore, the final price of the shirt is $32.40.

Answer: 32.40"
Q6,math,Medium,Qwen,unsloth/Qwen2.5-7B-Instruct-bnb-4bit,2,2000,334,0,237,"To solve this problem, let's start by identifying all the possible outcomes when two six-sided dice are rolled. Each die has 6 sides, so there are a total of \(6 \times 6 = 36\) possible outcomes.

Next, we need to find which of these outcomes result in the sum of the two numbers being 8. We can list them out:

- The first die shows a 2, and the second die shows a 6 (2 + 6 = 8)
- The first die shows a 3, and the second die shows a 5 (3 + 5 = 8)
- The first die shows a 4, and the second die shows a 4 (4 + 4 = 8)
- The first die shows a 5, and the second die shows a 3 (5 + 3 = 8)
- The first die shows a 6, and the second die shows a 2 (6 + 2 = 8)

So, there are 5 outcomes where the sum of the numbers on the two dice is 8.

The probability of an event is given by the number of favorable outcomes divided by the total number of possible outcomes. In this case, the number of favorable outcomes is 5, and the total number of possible outcomes is 36. Therefore, the probability is:

\[ \frac{5}{36} \]

Converting this to a decimal and rounding to four decimal places:

\[ \frac{5}{36} \approx 0.1389 \]

Answer: 0.1389"
Q7,math,Medium,Qwen,unsloth/Qwen2.5-7B-Instruct-bnb-4bit,2,2000,321,0,191,"To solve this problem, we need to understand how compound interest works. When money is deposited and earns compound interest, it means the interest earned each year is added to the principal, and then the next year's interest is calculated based on this new total. This process repeats for each year.

The formula for calculating the future value (FV) when you have a principal (P), an annual interest rate (r), and a number of years (t) compounded annually is:

\[ FV = P \times (1 + r)^t \]

Here:
- \( P = \$5,000 \)
- \( r = 4\% = 0.04 \) (as a decimal)
- \( t = 3 \) years

Now let's plug these values into the formula:

\[ FV = 5000 \times (1 + 0.04)^3 \]

First, calculate the term inside the parentheses:

\[ 1 + 0.04 = 1.04 \]

Next, raise this to the power of 3:

\[ 1.04^3 = 1.124864 \]

Then multiply this result by the principal amount:

\[ 5000 \times 1.124864 = 5624.32 \]

So, after rounding to the nearest cent, the amount in the account after 3 years is \$5624.32.

Answer: \$5624.32"
Q8,math,Medium,Qwen,unsloth/Qwen2.5-7B-Instruct-bnb-4bit,2,2000,350,0,191,"To solve this, we first need to determine how much of the fence each person can paint in one hour when working alone.

Ana can paint the entire fence in 6 hours, so in one hour, she paints \(1/6\) of the fence. Similarly, Ben can paint the entire fence in 4 hours, meaning he paints \(1/4\) of the fence in one hour.

When working together, the amount of fence painted per hour is the sum of what each can paint individually. So, in one hour, they can paint \(\frac{1}{6} + \frac{1}{4}\) of the fence.

To add these fractions, we find a common denominator, which is 12. Thus, \(\frac{1}{6}\) becomes \(\frac{2}{12}\) and \(\frac{1}{4}\) becomes \(\frac{3}{12}\). Adding these gives us \(\frac{2}{12} + \frac{3}{12} = \frac{5}{12}\).

This means that together, Ana and Ben can paint \(\frac{5}{12}\) of the fence in one hour. To find out how long it takes for them to paint the whole fence together, we consider the reciprocal of \(\frac{5}{12}\), because if they paint \(\frac{5}{12}\) of the fence in one hour, it will take \(\frac{12}{5}\) hours to paint the whole fence.

Therefore, \(\frac{12}{5}\) hours is equal to 2.4 hours.

Answer: 2.4"
Q9,math,Easy,Qwen,unsloth/Qwen2.5-7B-Instruct-bnb-4bit,2,2000,411,0,229,"To solve this problem, we need to determine the number of ways to select 3 members out of 10 without considering the order of selection. This is a classic combination problem.

The formula for combinations, often written as ""n choose k"", is given by:

\[ \text{Number of combinations} = \frac{n!}{k!(n-k)!} \]

Here, \( n \) is the total number of items (in this case, 10 members), and \( k \) is the number of items to choose (in this case, 3 members). So, we substitute \( n = 10 \) and \( k = 3 \):

\[ \text{Number of combinations} = \frac{10!}{3!(10-3)!} = \frac{10!}{3!7!} \]

Now, let's simplify this expression. We know that \( 10! = 10 \times 9 \times 8 \times 7! \). Notice that \( 7! \) appears in both the numerator and the denominator, so they cancel each other out:

\[ \text{Number of combinations} = \frac{10 \times 9 \times 8 \times 7!}{3! \times 7!} = \frac{10 \times 9 \times 8}{3!} \]

Next, we calculate \( 3! \), which is \( 3 \times 2 \times 1 = 6 \):

\[ \text{Number of combinations} = \frac{10 \times 9 \times 8}{6} \]

Now we perform the multiplication and division:

\[ \text{Number of combinations} = \frac{720}{6} = 120 \]

Therefore, the number of different ways the club can choose a committee of 3 members from 10 members is:

Answer: 120"
Q10,math,Medium,Qwen,unsloth/Qwen2.5-7B-Instruct-bnb-4bit,2,2000,283,0,198,"To solve this problem, let's break it down step by step.

First, we need to determine the net rate at which the water level in the tank is changing. Since water is flowing into the tank at 30 liters per minute and leaking out at 12 liters per minute, the net gain in water per minute is:

\[ 30 - 12 = 18 \text{ liters per minute} \]

Next, we know that the tank can hold a total of 1,200 liters, and it currently contains 300 liters. This means there is a difference of:

\[ 1200 - 300 = 900 \text{ liters} \]

that needs to be added to the current amount in the tank for it to be full.

Now, knowing that the net gain in water is 18 liters per minute, we can calculate how long it will take to add the remaining 900 liters by dividing the total liters needed by the net rate of change:

\[ \frac{900}{18} = 50 \text{ minutes} \]

This calculation tells us that it will take 50 minutes for the tank to fill up from its current state of 300 liters to its full capacity of 1,200 liters.

Answer: 50"
Q11,math,Easy,Qwen,unsloth/Qwen2.5-7B-Instruct-bnb-4bit,2,2000,239,0,162,"To find the fifth number, we first need to understand that the average of the five numbers is 18. This means that if we add up all five numbers and then divide by 5, we should get 18.

Step 1: Calculate the total sum of the five numbers.
Since the average of these five numbers is 18, their total sum can be found by multiplying 18 by 5:
\[ 18 \times 5 = 90 \]
So, the sum of the five numbers is 90.

Step 2: Add up the four known numbers.
We know four of the numbers: 12, 15, 20, and 22. Adding these together gives:
\[ 12 + 15 + 20 + 22 = 69 \]

Step 3: Determine the fifth number.
To find the fifth number, we subtract the sum of the four known numbers from the total sum of all five numbers:
\[ 90 - 69 = 21 \]
Therefore, the fifth number must be 21.

Answer: 21"
Q12,math,Easy,Qwen,unsloth/Qwen2.5-7B-Instruct-bnb-4bit,2,2000,276,0,148,"To find the 25th term of an arithmetic sequence, we start with the formula for the nth term of an arithmetic sequence, which is given as:

\[a_n = a_1 + (n-1)d\]

Here, \(a_n\) is the nth term, \(a_1\) is the first term, \(n\) is the term number, and \(d\) is the common difference.

In this case, we have:
- The first term (\(a_1\)) = 7
- The common difference (\(d\)) = 4
- We want to find the 25th term, so \(n = 25\)

Plugging these values into the formula gives us:

\[a_{25} = 7 + (25-1) \times 4\]

First, calculate \(25-1\), which equals 24.

Then multiply 24 by the common difference, 4, to get \(24 \times 4 = 96\).

Finally, add the first term, 7, to this product:

\[a_{25} = 7 + 96 = 103\]

So, the 25th term of the arithmetic sequence is 103. 

Answer: 103"
Q13,math,Medium,Qwen,unsloth/Qwen2.5-7B-Instruct-bnb-4bit,2,2000,354,0,208,"To find the value of the car after 2 years, we need to calculate how much it loses each year and then apply that loss over two years.

1. First, we calculate the value lost in the first year:
   - The car loses 15% of its value.
   - 15% of $24,000 is calculated as \( 0.15 \times 24,000 = 3,600 \) dollars.

2. Next, we subtract this loss from the original price to get the value at the end of the first year:
   - Value at end of Year 1 = Original Price - Loss in Year 1
   - Value at end of Year 1 = $24,000 - $3,600 = $20,400

3. Now, we repeat the process for the second year. The car again loses 15% of its value.
   - 15% of $20,400 is \( 0.15 \times 20,400 = 3,060 \) dollars.

4. We subtract this second-year loss from the value at the end of the first year to get the final value:
   - Value at end of Year 2 = Value at end of Year 1 - Loss in Year 2
   - Value at end of Year 2 = $20,400 - $3,060 = $17,340

So, the value of the car after 2 years is $17,340. Answer: $17,340."
Q14,math,Medium,Qwen,unsloth/Qwen2.5-7B-Instruct-bnb-4bit,2,2000,495,0,250,"To determine how many positive integers divide 360 exactly, we first need to find its prime factorization.

1. Start by dividing 360 by the smallest prime number, which is 2:
   \[360 \div 2 = 180\]
   So, we have one factor of 2. We continue:
   \[180 \div 2 = 90\]
   Another factor of 2. We keep going:
   \[90 \div 2 = 45\]
   One more factor of 2. Now we move to the next smallest prime, which is 3:
   \[45 \div 3 = 15\]
   A factor of 3. Next,
   \[15 \div 3 = 5\]
   Another factor of 3. Finally, 5 is a prime number, so:
   \[5 \div 5 = 1\]
   We have one factor of 5.

2. Putting it all together, the prime factorization of 360 is:
   \[360 = 2^3 \times 3^2 \times 5^1\]

3. To find how many divisors there are, we use the formula for the number of divisors based on the prime factorization. If a number \( n \) has a prime factorization of \( p_1^{e_1} \times p_2^{e_2} \times \cdots \times p_k^{e_k} \), then the total number of divisors is given by:
   \[(e_1 + 1)(e_2 + 1) \cdots (e_k + 1)\]

4. Applying this formula to our prime factorization \( 2^3 \times 3^2 \times 5^1 \):
   \[(3 + 1)(2 + 1)(1 + 1) = 4 \times 3 \times 2\]

5. Multiplying these together gives us:
   \[4 \times 3 = 12\]
   \[12 \times 2 = 24\]

Therefore, the number of positive integers that divide 360 exactly is 24. Answer: 24"
Q15,math,Hard,Qwen,unsloth/Qwen2.5-7B-Instruct-bnb-4bit,2,2000,399,0,268,"To solve this problem, we first establish the initial position of the ladder. Given that the ladder is 25 feet long and its foot is 7 feet from the base of the wall, we can use the Pythagorean theorem to find the height at which the ladder touches the wall initially.

The Pythagorean theorem states that for a right-angled triangle, the square of the hypotenuse (the ladder) is equal to the sum of the squares of the other two sides (the distance from the wall and the height up the wall). Let's denote the initial height as \( h \).

\[ 25^2 = 7^2 + h^2 \]
\[ 625 = 49 + h^2 \]
\[ h^2 = 576 \]
\[ h = \sqrt{576} = 24 \]

So, the ladder initially reaches 24 feet up the wall.

Next, we account for the change where the top of the ladder slides down by 4 feet. This means the new height up the wall is \( 24 - 4 = 20 \) feet.

Now, we need to find the new distance of the ladder's foot from the wall. Again, using the Pythagorean theorem:

\[ 25^2 = x^2 + 20^2 \]
\[ 625 = x^2 + 400 \]
\[ x^2 = 225 \]
\[ x = \sqrt{225} = 15 \]

So, the new distance of the ladder's foot from the wall is 15 feet. 

The original distance was 7 feet, so the ladder's foot moved away from the wall by:

\[ 15 - 7 = 8 \]

Thus, the foot of the ladder moves 8 feet away from the wall.

Answer: 8"
Q16,math,Hard,Qwen,unsloth/Qwen2.5-7B-Instruct-bnb-4bit,2,2000,449,0,257,"Let's start by defining what we know:

1. We have 10 liters of a 20% acid solution.
2. We need to add an unknown amount of a 60% acid solution to this.
3. The goal is to produce a new solution that is 40% acid.

First, let's figure out how much acid is in each solution before mixing:

- In the 10 liters of 20% acid solution, there are \(10 \times 0.20 = 2\) liters of pure acid.
- Let's say we add \(x\) liters of a 60% acid solution. This means we add \(0.60x\) liters of pure acid from this solution.

When these two solutions are mixed together, the total volume becomes \(10 + x\) liters, and the total amount of acid is \(2 + 0.60x\) liters. We want this final mixture to be a 40% acid solution. So, the equation representing the concentration after mixing is:

\[
\frac{2 + 0.60x}{10 + x} = 0.40
\]

Now, let's solve this equation for \(x\):

1. Multiply both sides by \(10 + x\) to clear the denominator:
\[
2 + 0.60x = 0.40(10 + x)
\]
2. Expand the right side:
\[
2 + 0.60x = 4 + 0.40x
\]
3. Subtract \(0.40x\) from both sides:
\[
2 + 0.20x = 4
\]
4. Subtract 2 from both sides:
\[
0.20x = 2
\]
5. Divide both sides by 0.20:
\[
x = \frac{2}{0.20} = 10
\]

So, we need to add 10 liters of the 60% acid solution to achieve the desired 40% acid solution.

Answer: 10"
Q17,math,Medium,Qwen,unsloth/Qwen2.5-7B-Instruct-bnb-4bit,2,2000,241,0,151,"To determine when the three lighthouses will next flash together, we need to find the least common multiple (LCM) of their flashing intervals. The intervals are 12 seconds, 18 seconds, and 30 seconds.

First, we factorize each number into its prime factors:
- 12 = 2 × 2 × 3
- 18 = 2 × 3 × 3
- 30 = 2 × 3 × 5

Next, we take the highest power of each prime that appears in these factorizations:
- The highest power of 2 is 2² (from 12)
- The highest power of 3 is 3² (from 18)
- The highest power of 5 is 5 (from 30)

Now, we multiply these together to get the LCM:
- LCM = 2² × 3² × 5 = 4 × 9 × 5 = 36 × 5 = 180

Therefore, the lighthouses will next flash together after 180 seconds.

Answer: 180"
Q18,math,Medium,Qwen,unsloth/Qwen2.5-7B-Instruct-bnb-4bit,2,2000,304,0,168,"To solve this problem, let's break it down step by step:

1. **Initial Population**: We start with 150 bacteria.

2. **Doubling Time**: The population doubles every 20 minutes. This means that if we have a certain number of bacteria at any given time, after 20 minutes, we will have twice as many.

3. **Time Frame**: We need to find out how many bacteria there are after 2 hours. Since there are 60 minutes in an hour, 2 hours is equivalent to 120 minutes.

4. **Calculating Doublings**: To find out how many times the population doubles in 120 minutes, we divide the total time by the doubling time:
   \[
   \frac{120 \text{ minutes}}{20 \text{ minutes}} = 6 \text{ doublings}
   \]

5. **Population Growth**: Each doubling increases the population by a factor of 2. So, after 6 doublings, the population will be:
   \[
   150 \times 2^6
   \]
   Let's calculate \(2^6\):
   \[
   2^6 = 64
   \]
   Therefore, the population after 6 doublings is:
   \[
   150 \times 64 = 9600
   \]

Answer: 9600"
Q19,math,Hard,Qwen,unsloth/Qwen2.5-7B-Instruct-bnb-4bit,2,2000,407,0,265,"To find the smaller angle between the hour hand and the minute hand at 3:40 on an analog clock, we need to calculate the positions of both hands separately and then determine the difference.

First, let's figure out where the minute hand is:
- There are 60 minutes in an hour and 360 degrees in a full circle.
- So, each minute represents 360/60 = 6 degrees.
- At 40 minutes, the minute hand is at 40 * 6 = 240 degrees from the 12 o'clock position.

Next, let's find the position of the hour hand:
- The hour hand moves 360 degrees in 12 hours, so each hour represents 360/12 = 30 degrees.
- At 3 o'clock, the hour hand is at 3 * 30 = 90 degrees.
- However, the hour hand also moves as the minutes pass. For every minute, the hour hand moves 30/60 = 0.5 degrees.
- At 40 minutes past 3, the hour hand has moved an additional 40 * 0.5 = 20 degrees from its 3 o'clock position.
- Therefore, the hour hand is at 90 + 20 = 110 degrees from the 12 o'clock position.

Now, we calculate the angle between the two hands:
- The difference between the positions of the minute hand and the hour hand is |240 - 110| = 130 degrees.
- Since we're looking for the smaller angle, we consider the angle on the other side of the clock, which would be 360 - 130 = 230 degrees. However, 130 degrees is smaller than 230 degrees, so that's our answer.

Answer: 130"
Q20,math,Hard,Qwen,unsloth/Qwen2.5-7B-Instruct-bnb-4bit,2,2000,465,0,314,"To solve this problem, we can use a complementary counting approach. Instead of directly counting all numbers that contain at least one digit 7, we can count the numbers that do not contain any digit 7 and then subtract this from the total number of integers from 1 to 1000.

First, let's determine how many numbers there are from 1 to 1000:
- There are 1000 numbers in total (from 1 to 1000).

Next, let's find out how many numbers do not contain any digit 7 from 1 to 1000.

For single-digit numbers (1 to 9):
- There are no such numbers since they all contain digits other than 7.

For two-digit numbers (10 to 99):
- Each digit can be anything from 0 to 9 except 7, so there are 8 choices for each digit.
- Therefore, the total number of two-digit numbers without a digit 7 is \(8 \times 8 = 64\).

For three-digit numbers (100 to 999):
- The first digit can be any digit from 1 to 9 except 7, so there are 8 choices.
- Each of the remaining two digits can be any digit from 0 to 9 except 7, so there are 9 choices for each.
- Therefore, the total number of three-digit numbers without a digit 7 is \(8 \times 9 \times 9 = 648\).

Adding these together, the total number of numbers from 1 to 999 without any digit 7 is \(0 + 64 + 648 = 712\).

Now, we need to consider the number 1000, which does not contain the digit 7. So, there are no additional numbers to add here.

Therefore, the number of integers from 1 to 1000 that contain at least one digit 7 is the total number of integers minus the number of integers that do not contain the digit 7:
\[ 1000 - 712 = 288 \]

Answer: 288"
E1,prose,Easy,Qwen,unsloth/Qwen2.5-7B-Instruct-bnb-4bit,2,2000,555,0,478,"Each night when you allow yourself the gift of sufficient sleep, your brain begins a remarkable process of restoration and rejuvenation that directly impacts how well you can function the following day. The first and perhaps most critical effect is on your cognitive abilities, particularly your capacity for sharp focus and memory retention. As you drift into slumber, your brain consolidates memories from the day, essentially filing away information and experiences in ways that enhance recall and understanding. This nightly activity is crucial for learning new skills or absorbing complex concepts; without adequate rest, you may struggle to concentrate during the day, find it difficult to retain what you've learned, and face challenges in problem-solving tasks. Moreover, sleep deprivation can cause what neuroscientists term ""cognitive fog,"" a state where your mind feels clouded and less able to process information efficiently, leading to decreased productivity and decision-making capabilities.

Alongside cognitive improvements, getting enough sleep also plays a significant role in emotional well-being and mood regulation. During the deep stages of sleep, your body produces hormones like serotonin and melatonin, which not only help you feel more rested but also stabilize your mood. People who consistently get insufficient sleep often report feeling irritable, anxious, and emotionally unstable. They might react more harshly to stressors and have trouble managing their emotions effectively. Adequate sleep acts as a natural buffer against these negative emotional responses, allowing you to approach life’s challenges with greater calm and resilience. It also helps in reducing symptoms of depression and anxiety by promoting emotional stability and helping to regulate the levels of neurotransmitters involved in mood regulation.

Lastly, the impact of sufficient sleep on physical energy cannot be overstated. When you wake up after a good night's rest, you feel ready to tackle the day, full of vigor and stamina. Sleep provides your body with the necessary time to repair and rebuild muscle tissue, replenish energy stores, and recover from the physical demands of daily life. Individuals who do not get enough sleep tend to feel fatigued, experience a decrease in physical performance, and are more prone to experiencing physical discomfort or pain. This is because sleep is essential for hormone regulation, including those that influence appetite and metabolism. Without sufficient sleep, you may experience fluctuations in hunger and energy levels, making it harder to maintain a healthy diet and exercise routine. Additionally, chronic lack of sleep can lead to a higher risk of developing conditions such as obesity, diabetes, and cardiovascular diseases due to the disruption of metabolic processes.

In essence, ensuring you receive the recommended seven to nine hours of sleep per night not only enhances your cognitive functions but also contributes to emotional balance and physical vitality. Each night of quality sleep lays the groundwork for a more productive and fulfilling day ahead, setting the stage for optimal functioning across all aspects of life."
E2,prose,Easy,Qwen,unsloth/Qwen2.5-7B-Instruct-bnb-4bit,2,2000,303,0,261,"Maintaining a consistent hydration level throughout the day can significantly enhance your physical energy levels as water is essential for numerous bodily functions including transporting nutrients to cells and removing waste. When you drink enough water, it helps to maintain an optimal blood volume and ensures that your heart does not have to work as hard to pump blood efficiently around your body. This efficiency translates into feeling more energetic and less fatigued during your daily activities. Additionally, staying hydrated can boost your mental focus and concentration. Water aids in maintaining proper blood flow and oxygen delivery to the brain, which supports cognitive function. Many people experience a mental fog or difficulty concentrating when dehydrated, but once they rehydrate, their mind becomes clearer and sharper, allowing them to tackle complex tasks with ease. Furthermore, drinking adequate amounts of water can lead to clearer skin and an overall more appealing appearance. The human skin is the largest organ and acts as a barrier against external environmental factors. When hydrated from within, skin cells are plumper and better able to retain moisture, reducing dryness and flakiness. This not only makes skin look healthier but also diminishes the appearance of fine lines and wrinkles, giving you a more youthful and radiant look. As water flushes out toxins through sweat and urine, it promotes healthy skin function and reduces the likelihood of breakouts. By ensuring you drink water regularly, you are not just quenching thirst but enhancing your overall well-being, from boosting your physical stamina and mental clarity to improving your skin's texture and appearance."
E3,prose,Easy,Qwen,unsloth/Qwen2.5-7B-Instruct-bnb-4bit,2,2000,394,0,342,"Venturing into the great outdoors daily can be a refreshing escape from the confines of our modern lives, offering a myriad of benefits that go far beyond mere physical activity. First and foremost, spending time outside significantly reduces stress and anxiety levels, enveloping us in a serene environment that soothes the soul. Nature's tranquil settings provide a natural buffer against the chaos of everyday life, allowing our minds to relax and wander freely without the constant barrage of information and pressures that digital devices often impose. The calming effect of being surrounded by trees, birdsong, and gentle breezes can lower cortisol levels, the hormone associated with stress, and promote a state of mental calmness that is crucial for overall well-being. Furthermore, stepping into the sunlight each day exposes us to Vitamin D, which not only strengthens bones but also has a direct impact on our mood and mental health. Studies have shown that adequate sunlight exposure can elevate serotonin levels, the neurotransmitter responsible for regulating mood, leading to an overall sense of happiness and contentment. This connection between sunlight and improved mood underscores the importance of integrating regular outdoor activities into our routines, as it can help combat Seasonal Affective Disorder and other forms of depression linked to lack of light. Lastly, dedicating time to be away from screens and indoor spaces offers a much-needed respite from the sedentary lifestyle that often accompanies modern living. Our eyes and bodies thrive when given a break from the repetitive motions of typing or scrolling, and the fresh air and physical exertion that come with outdoor pursuits can enhance cognitive function and creativity. Engaging in activities like hiking, cycling, or simply walking can be incredibly rejuvenating, providing a sense of accomplishment and grounding that is hard to find elsewhere. By integrating these outdoor practices into our daily schedules, we not only improve our mental health but also foster a deeper connection with the natural world around us, enriching our lives in ways that extend far beyond the immediate benefits of reduced stress and enhanced mood."
E4,prose,Easy,Qwen,unsloth/Qwen2.5-7B-Instruct-bnb-4bit,2,2000,443,0,378,"Cooking meals at home offers a multitude of health benefits that far surpass those of dining out frequently. The primary advantage lies in the ability to control the ingredients used in your dishes. When you cook at home, you have the power to choose high-quality, fresh foods free from excessive sodium, preservatives, and artificial additives that are commonly found in restaurant meals. This control ensures that your diet includes more balanced nutrition with a greater variety of vegetables, lean proteins, and whole grains, all of which contribute to overall better health. Furthermore, home-cooked meals often involve fewer processed foods and sugars, reducing the risk of developing conditions like diabetes and heart disease associated with high sugar and fat intake.

Another significant benefit of cooking at home is the financial savings it provides compared to eating out. Restaurant meals, especially those from popular or gourmet establishments, can be quite expensive. By shopping for groceries in bulk, utilizing coupons, and preparing meals at home, you can save a considerable amount of money each month. This cost-effectiveness becomes even more pronounced when you consider the additional expenses incurred when dining out regularly, such as parking fees, service charges, and drinks that often accompany restaurant meals. These savings can add up significantly over time, allowing you to allocate funds towards other important aspects of your life, such as saving for education, travel, or investing in your future.

Lastly, cooking at home nurtures essential life skills that are invaluable for personal development and independence. Learning to prepare meals not only enhances your culinary abilities but also fosters a sense of accomplishment and self-reliance. Each recipe mastered contributes to a growing skill set that can be applied in various situations, whether you’re preparing for a dinner party or simply wanting to enjoy a homemade meal on a busy weeknight. Moreover, these skills extend beyond just cooking; they include budgeting, time management, and understanding nutrition—all of which are crucial components of living independently. As you gain experience in the kitchen, you learn to plan meals, shop efficiently, and understand how different foods interact to form a well-rounded diet. These experiences lay a strong foundation for future generations, teaching them the importance of healthy eating habits and the joy of creating delicious, nutritious meals from scratch."
E5,prose,Easy,Qwen,unsloth/Qwen2.5-7B-Instruct-bnb-4bit,2,2000,446,0,380,"A regular daily routine, much like the steady rhythm of the ocean tides, offers a calming structure that subtly but significantly reduces the stress levels one might otherwise experience. By systematically removing the mental burden of daily decisions, this routine creates a predictable environment where the mind can more easily navigate the day. Each morning begins with familiar tasks—whether it's a quick meditation, a healthy breakfast, or a short jog—and these rituals become a comforting anchor, grounding one in a sense of control and order. This consistent start to each day alleviates the anxiety often felt when faced with an array of choices about what to do next, as every action follows a pre-determined sequence that feels both manageable and reassuring.

Moreover, this routine plays a vital role in improving sleep quality by regulating the body’s internal clock, or circadian rhythm. A regular bedtime and wake-up time helps align the body's natural rhythms with the external environment, enhancing the depth and duration of sleep. As the body gets used to this pattern, it becomes easier to fall asleep faster and enjoy deeper rest, which is crucial for overall health and stress resilience. The absence of irregular hours and late-night activities, common in less structured lives, contributes to this enhanced sleep quality. This regulation of sleep patterns not only ensures that you are well-rested but also sets the stage for improved cognitive function, better mood regulation, and increased energy levels throughout the day.

Finally, integrating exercise and self-care into a regular routine makes them non-negotiable aspects of daily life rather than optional add-ons. Starting your day with a morning walk or yoga session, followed perhaps by a brief period of quiet reflection or reading, sets a positive tone and provides necessary physical activity and mental respite. These activities, when made routine, become integral to your well-being and help combat the stresses of modern life. Whether it’s dedicating time for hobbies, journaling, or simply taking moments to breathe deeply, these small but meaningful actions contribute significantly to emotional and physical health. They offer a tangible break from the demands of daily life, allowing for personal growth and reducing feelings of overwhelm. Thus, a regular routine not only shapes the day but also lays the foundation for a healthier and less stressed lifestyle."
E6,prose,Easy,Qwen,unsloth/Qwen2.5-7B-Instruct-bnb-4bit,2,2000,424,0,364,"Learning to budget your money each month may seem like a tedious task but its benefits are immeasurable and far-reaching. First and foremost, budgeting prevents you from spending more than you earn, which can lead to a dangerous cycle of debt. Without a clear plan, it's easy to overspend on unnecessary items or services without realizing how much you’ve spent until it’s too late. A budget, however, gives you a detailed roadmap of your income and expenses, allowing you to see where your money goes each month. This awareness is crucial because it stops impulse purchases that could otherwise deplete your savings or increase your credit card balances. By sticking to a budget, you avoid the anxiety that comes with owing money to multiple creditors or struggling to make ends meet.

Moreover, building savings over time through disciplined budgeting is one of the most rewarding outcomes of this practice. When you create a budget, you allocate a portion of your income specifically for savings, whether it’s for an emergency fund, a vacation, or retirement. This process encourages frugality and helps you prioritize long-term goals rather than short-term gratification. Over time, as you consistently save a small amount each month, those savings grow significantly, providing a financial cushion against unforeseen expenses or a safety net when you need it most. The satisfaction of watching your savings grow, even if slowly at first, can be incredibly motivating and gives you a sense of control over your finances.

Lastly, reducing financial stress cannot be overstated. Living paycheck to paycheck without a budget often means constant worry about bills, debt, and future expenses. Budgeting alleviates this stress by giving you a clear picture of what you can afford and helping you manage your money effectively. With a budget in place, you know exactly how much you have available to spend, which allows you to make choices that align with your financial goals and reduce unnecessary stress. It provides peace of mind knowing that you are in control of your finances and can handle any unexpected expenses that arise. This mental relief can improve your overall well-being and make you feel more secure and capable in your financial life."
E7,prose,Easy,Qwen,unsloth/Qwen2.5-7B-Instruct-bnb-4bit,2,2000,481,0,398,"Regular physical exercise serves as a beacon of hope for mental well-being, offering a multifaceted approach to enhancing one's psychological state beyond mere physical fitness. Firstly, it releases a cascade of mood-boosting chemicals in the brain such as endorphins, serotonin, and dopamine, which are often referred to as the body’s natural feel-good hormones. These chemicals act as natural antidepressants, flooding the brain with positive emotions and reducing feelings of stress and sadness. The release of these chemicals during exercise triggers a state of euphoria known colloquially as a ""runner’s high,"" which can be particularly beneficial for those suffering from mild to moderate forms of depression or anxiety. Moreover, engaging in regular physical activity can significantly alter an individual’s perception of their daily challenges, providing them with a sense of control and mastery over their lives.

Secondly, regular exercise has a profound impact on reducing symptoms of anxiety and depression. It works by promoting the growth of new neural connections within the brain, particularly in regions responsible for emotional regulation and memory formation. This process, often referred to as neurogenesis, helps in alleviating symptoms of depression and anxiety by improving cognitive function and emotional resilience. Additionally, the rhythmic nature of most physical activities provides a calming effect, similar to meditation, helping to calm the mind and reduce racing thoughts that often accompany anxiety disorders. Over time, as individuals engage in consistent physical activity, they may notice a decrease in the frequency and intensity of their anxious episodes, fostering a more stable and peaceful mental state.

Lastly, the benefits of regular exercise extend to improving self-confidence over time. As one commits to a fitness routine, whether it be jogging, yoga, or weightlifting, they begin to see tangible results, such as increased strength, improved endurance, and enhanced physical appearance. These visible changes serve as powerful affirmations of personal growth and achievement, boosting self-esteem and fostering a positive self-image. Furthermore, setting and achieving fitness goals can instill a sense of purpose and direction, contributing to overall life satisfaction. Over time, this cumulative effect of small but significant improvements in physical capabilities can lead to a marked increase in self-worth and confidence, empowering individuals to face life’s challenges with greater resilience and optimism. Thus, regular physical exercise stands out as a holistic and effective method for supporting mental health, offering both immediate and long-term benefits for those seeking to improve their psychological well-being."
E8,prose,Easy,Qwen,unsloth/Qwen2.5-7B-Instruct-bnb-4bit,2,2000,591,0,513,"In an era where screens dominate our leisure time, the act of picking up a book for pleasure remains a sanctuary of sorts—an oasis from the digital whirlwind. Reading offers a profound connection to language and storytelling that is often unparalleled by screen-based activities; it builds a vocabulary that is not just extensive but also nuanced, allowing for richer and more complex expressions of ideas and emotions. As one delves into the pages of a novel, the mind is exposed to a wide array of words and phrases, each contributing to a broader lexicon and a deeper understanding of how language can convey subtle nuances and shades of meaning. This exposure fosters a natural progression towards better communication skills as one learns to articulate thoughts more effectively, both in writing and speech. The ability to communicate clearly and persuasively is enhanced through the practice of reading, as the mind becomes adept at interpreting and using language in a way that resonates with others.

Moreover, reading books for pleasure significantly contributes to reducing stress, far surpassing the calming effects of screen-based activities such as watching television or scrolling through social media. A study published in the journal *Science* highlighted that engaging with fiction can lower cortisol levels, the hormone associated with stress, more effectively than passive activities. When immersed in a book, one’s mind is transported to another world, free from the immediate pressures and concerns of daily life. This mental escape allows for a form of emotional release and relaxation that is deeply restorative. Books often contain stories of overcoming adversity or achieving success, which can inspire and motivate, providing a positive outlook even when real-life challenges loom large. Additionally, the cognitive engagement required to follow a narrative and understand its complexities keeps the mind occupied, diverting attention away from stressful thoughts and towards more constructive and enjoyable pursuits.

Lastly, reading books is an invaluable tool for enhancing empathy, offering a unique perspective that few other activities can match. When one steps into the shoes of a character in a book, whether they are facing personal struggles or experiencing joyous moments, the mind is exercised in understanding and relating to those experiences. This form of vicarious experience allows individuals to build a repertoire of empathetic responses and reactions to real-life situations. Characters in literature often grapple with a range of emotions and dilemmas that mirror human conditions, making it easier for readers to identify with and understand diverse emotional states. This heightened capacity for empathy can lead to better relationships, more compassionate interactions, and a greater ability to connect with others on a deeper level. In essence, the act of reading opens up the mind to a spectrum of human experiences, fostering a more compassionate and understanding worldview.

Thus, even amidst the busiest schedules, the value of reading for pleasure cannot be overstated. It enriches language and communication, provides a powerful mechanism for reducing stress, and nurtures empathy and understanding. These benefits collectively contribute to a more fulfilling and meaningful life, making the time spent with a good book well worth the effort."
E9,prose,Easy,Qwen,unsloth/Qwen2.5-7B-Instruct-bnb-4bit,2,2000,456,0,392,"Imagine stepping into your home one morning, the sun just peeking through your window, casting a warm light on your cluttered desk. It feels like an insurmountable task to clear everything off and start anew; yet, think about how much time you could save if those papers and documents were neatly organized instead of scattered across every surface. By keeping your living space tidy, you waste significantly less time in the morning trying to find your keys, your favorite book, or even your spare change. This isn't just about saving minutes here and there—it's about reclaiming your mornings, those precious hours that can be spent on leisure, exercise, or simply enjoying a cup of coffee without the stress of a hunt that could last half an hour.

Moreover, the psychological impact of a clean environment cannot be overstated. Have you ever noticed how quickly you can slip into a state of calm when you enter a room that is well-kept? The absence of clutter allows your mind to breathe, to relax. In a world where we are constantly bombarded with information and demands, a clean living space serves as a sanctuary—a reminder that you have control over at least this aspect of your life. This reduced background stress can lead to better mental health and more effective problem-solving abilities throughout the day. You might find yourself more patient, more focused, and less reactive to the myriad challenges that come your way.

Lastly, consider the significant benefit that comes from having a space that supports your productivity. Whether you're studying for exams, working on a project, or simply reading a book, a tidy environment enhances your ability to concentrate. Clutter can be a major distraction—think of all those unfinished tasks, bills, or emails that linger on your desk. When your surroundings are clean and organized, your mind is free to engage fully with what needs to be done, rather than being sidetracked by the visual and mental reminders of undone tasks. This clarity of thought can lead to increased efficiency and a greater sense of accomplishment. So, the next time you feel overwhelmed by the sheer volume of tasks before you, take a moment to tidy up your workspace. You might be surprised at how much clearer your mind becomes, and how much easier it is to tackle each item on your list."
E10,prose,Easy,Qwen,unsloth/Qwen2.5-7B-Instruct-bnb-4bit,2,2000,451,0,386,"Reducing time spent on social media significantly enhances overall well-being as it addresses several critical aspects of modern life. Firstly, it diminishes the relentless cycle of comparing oneself to others which is a common pitfall on platforms like Instagram and Facebook. Constantly scrolling through highlight reels of friends' lives can lead to feelings of inadequacy and low self-esteem, especially when one's own life seems mundane in comparison. By limiting this exposure, individuals can maintain a healthier perspective on their own achievements and personal growth, fostering a more positive self-image without the need for external validation. Moreover, freeing up time from social media allows individuals to engage in more meaningful and enriching activities both offline and within their local communities. Whether it’s reading a book, starting a new hobby, or simply spending quality time with loved ones, these alternatives offer a direct counterpoint to the superficiality often present on digital platforms. Engaging in such activities not only provides personal satisfaction but also strengthens social bonds and contributes positively to mental health by reducing isolation and fostering a sense of belonging.

Secondly, decreasing reliance on social media also directly benefits sleep quality. The blue light emitted by screens, particularly during late-night use, disrupts the production of melatonin, a hormone crucial for regulating sleep cycles. Spending less time on devices in the evenings means less interference with natural circadian rhythms, leading to better sleep patterns and higher quality rest. This improvement in sleep has wide-ranging effects on overall well-being, affecting everything from mood and energy levels to cognitive function and immune system health. In addition, the absence of constant notifications and the ability to switch off mentally from the online world allow for a more relaxed transition into sleep, further enhancing its restorative properties. As a result, individuals report feeling more refreshed and energized each morning, which positively impacts their daily functioning and productivity throughout the day.

In summary, cutting down on social media use not only mitigates the negative effects of constant comparison and superficial interactions but also opens up space for more fulfilling offline activities and significantly improves sleep quality by reducing screen time before bed. These combined benefits contribute to a greater sense of contentment and well-being, demonstrating the clear advantages of allocating less time to digital distractions in favor of more enriching and restful pursuits."
E11,prose,Easy,Qwen,unsloth/Qwen2.5-7B-Instruct-bnb-4bit,2,2000,455,0,393,"In the quiet corners of our homes where we often find ourselves, pets fill these spaces with a kind of living warmth that can ease the burdens of loneliness and isolation, offering a form of companionship that is unaltered by the complexities of human relationships. The presence of a pet can be a constant companion, providing comfort and a listening ear when no one else does. This companionship is particularly valuable during challenging times when social connections may be strained or distant. Studies have shown that having a pet can significantly reduce feelings of loneliness, especially among those who might otherwise lack human interaction.

Furthermore, the act of caring for a pet encourages routines that can be beneficial to both body and mind. Feeding time, playtime, and walks become structured parts of each day, which can help establish a sense of order and purpose. For many, this routine provides structure and a clear set of responsibilities that can be rewarding and fulfilling. Taking a pet for a walk, for example, requires moving from the home and into the world, often leading to more physical activity than one might engage in otherwise. This increased movement can lead to better cardiovascular health, improved mood through endorphin release, and even weight management. Moreover, the simple task of pet grooming or playing fetch can offer a low-impact yet enjoyable form of exercise, contributing positively to overall well-being without the pressure of a formal workout regimen.

Lastly, the bond formed with a pet is deeply emotional and can have significant physiological effects on the human body. Research has indicated that spending time with pets can lower levels of cortisol, the hormone associated with stress. Interacting with a pet can also increase levels of oxytocin, often referred to as the 'love hormone,' which contributes to feelings of bonding and trust. This interaction can be particularly healing after a stressful event or in times of emotional turmoil. A pet's unconditional love and presence can serve as a calming influence, reducing anxiety and promoting a state of calmness. This emotional support can be invaluable in maintaining mental health, especially during periods of high stress or depression. Thus, the companionship, routine establishment, and emotional support provided by pets contribute significantly to enhancing overall happiness and health, making them not just beloved members of the family but also essential contributors to personal well-being."
E12,prose,Easy,Qwen,unsloth/Qwen2.5-7B-Instruct-bnb-4bit,2,2000,465,0,397,"Reflecting upon the daily routine, it often seems that the days pass in a blur of challenges and disappointments, each one lingering like a shadow on the next until they accumulate into an overwhelming sense of disarray and frustration. Yet, what if we shifted our gaze? What if, instead of focusing on every obstacle encountered along the way, we chose to notice and acknowledge the elements of our lives that work well, the moments of joy, kindness, and achievement? This act of turning our attention towards the positive aspects not only enriches our immediate experience but also subtly changes how we perceive the world around us. It's a simple yet powerful practice that can transform our mindset and, by extension, our overall quality of life.

Moreover, expressing gratitude has a profound impact on our interpersonal relationships. When we share our appreciation with others, whether through words of thanks or thoughtful gestures, we strengthen the bonds between us. This sharing of positivity creates a ripple effect that extends beyond ourselves; it fosters empathy, understanding, and connection. As we become more attuned to the good in our lives, we also become more aware of the good in others, amplifying their positive attributes and encouraging them to share their own blessings. This mutual exchange of gratitude deepens trust and intimacy, making our relationships more resilient and fulfilling. In essence, gratitude acts as a lubricant for our social interactions, smoothing out potential friction and creating a more harmonious environment.

Lastly, scientific research consistently supports the notion that regular expression of gratitude measurably improves one’s mood over time. Studies have shown that individuals who maintain a daily practice of gratitude, such as keeping a journal where they write down things they are thankful for, report higher levels of happiness and satisfaction with their lives. These individuals also tend to experience fewer symptoms of stress, anxiety, and depression. The mechanism behind this improvement appears to be multifaceted; it could be due to the distraction from negative thoughts, the increase in positive emotions, or the strengthening of social connections. Regardless of the exact reasons, the cumulative effect of these small but consistent acts of thankfulness leads to a more optimistic outlook and a greater sense of contentment. Thus, by simply taking the time to recognize and express gratitude, we not only enhance our own well-being but also contribute to the collective positivity around us."
E13,prose,Easy,Qwen,unsloth/Qwen2.5-7B-Instruct-bnb-4bit,2,2000,447,0,389,"Taking short breaks during extended periods of work not only aids in maintaining productivity but also significantly enhances overall efficiency and output. The first point to consider is how brief pauses prevent mental fatigue from accumulating. As one delves into a task for an extended duration, cognitive functions such as attention, focus, and decision-making can begin to suffer, leading to diminished performance and increased errors. Stepping away for even a few minutes allows the brain to reset and reenergize. During these breaks, the mind has the chance to rest and process information, which can lead to a renewed sense of clarity upon returning to work. This periodic reset prevents the buildup of mental fatigue that could otherwise slow down progress and decrease quality.

Secondly, stepping away from a problem often leads to better solutions when one returns. Engaging deeply with a challenging task can sometimes create cognitive blocks where one becomes too fixated on a particular approach or solution. Taking a break allows the brain to disengage from the problem and potentially find new angles or insights once it returns to the task. This phenomenon is akin to allowing the subconscious mind to work on the problem in the background while one's conscious effort is directed elsewhere. When the mind returns to the task, these fresh perspectives can lead to innovative solutions or breakthroughs that might not have been apparent while working continuously.

Lastly, regular breaks maintain motivation across the full work period. Continuous work without breaks can lead to burnout and a significant drop in morale and enthusiasm. Short breaks act as natural rewards that punctuate the workday, providing moments of respite and enjoyment. These breaks can be as simple as a quick walk around the office or a moment to reflect on what has been accomplished. Such interruptions help sustain positive emotions and a sense of achievement, crucial components of sustained motivation. By interspersing work with these brief respites, individuals can maintain higher levels of engagement throughout the day, thereby enhancing overall productivity and satisfaction with the work being done.

In summary, incorporating short breaks into a work schedule offers substantial benefits in preventing mental fatigue, facilitating better problem-solving through disengagement, and maintaining high levels of motivation over time. These advantages collectively contribute to a more productive and fulfilling work experience, ultimately leading to greater overall accomplishments."
E14,prose,Easy,Qwen,unsloth/Qwen2.5-7B-Instruct-bnb-4bit,2,2000,466,0,404,"Engaging in volunteer work not only enriches the lives of those you assist but significantly enhances your own personal and professional growth. Through such efforts, you build an array of new skills that can be invaluable in your career and personal life alike. Whether it involves learning how to manage a team, understanding complex organizational processes, or developing communication skills, these experiences provide a real-world education that cannot be matched by formal schooling alone. Furthermore, volunteering opens up a vast professional network that can lead to unexpected opportunities and connections. As you engage with people from various backgrounds and industries, you expand your reach far beyond your immediate professional circles, potentially leading to mentorship, sponsorship, or even direct job offers. This network can serve as a powerful support system, offering advice, encouragement, and even job leads when needed.

Beyond the professional benefits, volunteering also profoundly impacts your sense of purpose and meaning in life. Contributing to a cause you believe in and seeing tangible results can give you a deep sense of fulfillment and satisfaction that is hard to replicate through other means. It allows you to make a difference in the world, which can be incredibly motivating and rewarding. This sense of contribution is particularly crucial during challenging times; knowing that you are making a positive impact can boost your resilience and overall well-being. Moreover, this sense of purpose can be transformative, helping you to define your identity beyond your professional achievements and providing a broader context for your life's work.

Finally, the act of giving back can have a profound effect on your mental health, significantly reducing feelings of isolation and loneliness. In a world where social connections are often virtual and shallow, engaging in meaningful activities with others creates strong bonds and a supportive community. Volunteering requires interaction and collaboration, fostering relationships based on shared goals and values. These interactions provide emotional support and can alleviate stress and anxiety. Additionally, the physical activity involved in many volunteer roles, such as gardening or construction projects, can release endorphins, improving mood and reducing symptoms of depression. The routine and structure that volunteering provides can also help establish a sense of normalcy and routine, which is especially beneficial for those dealing with mental health issues. Thus, while volunteering certainly benefits the recipients, the individuals who give their time and energy find immeasurable personal gains in skill development, sense of purpose, and improved mental health."
M1,prose,Medium,Qwen,unsloth/Qwen2.5-7B-Instruct-bnb-4bit,2,2000,416,0,359,"Remote work, when implemented effectively, indeed offers significant advantages to both employees and employers. The primary gain for employees is an enhancement in productivity and focus. Eliminating the daily commute not only saves valuable time but also removes the stress and potential disruptions that often accompany travel. This extra time allows individuals to concentrate more deeply on their tasks without the constant interruptions that can occur in open-plan office settings. Furthermore, the absence of physical office distractions, such as colleagues engaging in non-work-related discussions or loud noises, contributes to a more focused work environment where employees can achieve better outcomes with less effort.

Employers, on the other hand, stand to gain substantially from the shift towards remote work. By harnessing the power of technology, businesses can now tap into a global talent pool without being limited by geographical constraints. This expansion of potential candidates leads to higher quality hiring decisions and innovative ideas brought in from diverse backgrounds. Additionally, the cost savings associated with reduced real-estate overhead cannot be overstated. Companies save on rent, utilities, maintenance, and even the costs related to providing a workspace, which can be reinvested into other critical areas of the business. These financial benefits, combined with the ability to scale operations more efficiently, make the transition to remote work a financially sound decision for many organizations.

Lastly, flexible work arrangements have a profound impact on employee retention rates and reduce the costly turnover that companies often face. By offering the flexibility to work from home or choose their working hours, employers demonstrate a commitment to work-life balance, which is increasingly important to modern workers. This arrangement allows individuals to manage personal responsibilities more effectively, leading to lower levels of burnout and job dissatisfaction. As a result, employees are more likely to stay with their current employer longer, fostering a sense of loyalty and stability within the organization. Moreover, the cost of recruiting, onboarding, and training new hires is significantly reduced when existing staff members remain satisfied and engaged over the long term. Thus, the benefits of remote work extend beyond just the immediate operational efficiencies; they contribute to a more sustainable and successful workforce."
M2,prose,Medium,Qwen,unsloth/Qwen2.5-7B-Instruct-bnb-4bit,2,2000,526,0,448,"Public libraries stand as beacons of equal opportunity in an era where digital technology often mirrors socioeconomic divides. They offer free access to high-speed Internet and computers, a lifeline for those unable to afford their own devices or subscriptions. This access is crucial for basic needs such as online job applications, educational resources, and telehealth services. Moreover, libraries provide a stable environment where people can engage with technology without the distractions and potential dangers of the open web. In the heart of communities, libraries serve as hubs for job seekers, hosting workshops on resume writing, interview skills, and essential software training. For children and families, these spaces offer literacy programs, homework help, and engaging storytimes that foster a love of reading from an early age. The physical presence of a library ensures that everyone, regardless of socioeconomic status, can participate in these enriching activities.

Beyond digital access and educational programming, libraries also act as vital community anchors, providing a safe and welcoming space that transcends age and ability. These centers offer a wide array of services that support personal growth and development. For instance, many libraries host job assistance programs, including resume workshops, interview preparation, and access to employment databases. Additionally, libraries host various events such as book clubs, art exhibitions, and cultural festivals, fostering a sense of belonging and community engagement. Child literacy programs, from storytime sessions to summer reading challenges, not only encourage academic achievement but also build a lifelong appreciation for books and learning. Libraries' role in creating a communal atmosphere where people can gather, learn, and grow cannot be overstated.

The role of professional librarians in curating and verifying information is another critical aspect of their value. In today's digital age, where information is abundant yet often unverified, the skill of a librarian in guiding patrons towards reliable sources and helping them critically evaluate information has never been more important. Librarians possess extensive knowledge about a wide range of subjects and can provide context and background that may not be readily available online. They can help users navigate complex or controversial topics, ensuring that the information accessed is accurate and relevant. Furthermore, librarians can assist individuals in understanding the nuances of copyright laws, helping them to legally and ethically use the information they find. This curation and verification service is particularly valuable for research projects, academic work, and personal inquiries where the quality and reliability of information are paramount. In sum, while the digital age presents new opportunities and challenges, public libraries remain indispensable institutions that offer free, equitable access to information technology, serve as vibrant community centers, and provide a professional touch in navigating the vast and sometimes overwhelming world of digital information."
M3,prose,Medium,Qwen,unsloth/Qwen2.5-7B-Instruct-bnb-4bit,2,2000,496,0,415,"Learning a second language offers profound cognitive and professional benefits that extend far beyond mere linguistic competence. Bilingualism significantly enhances executive functions such as cognitive flexibility and the ability to switch between tasks efficiently. When individuals learn a second language, they train their brains to process multiple sets of rules, sounds, and meanings simultaneously. This dual-task management not only strengthens neural pathways involved in attention and inhibition but also improves overall mental agility. In cognitive flexibility studies, bilingual individuals often outperform monolingual counterparts on tasks requiring them to switch between different types of information or actions. These enhanced executive functions translate into improved problem-solving skills, quicker decision-making, and better multitasking abilities, all of which are highly valued in today’s fast-paced and complex work environments.

Moreover, multilingual individuals demonstrate distinct advantages in abstract reasoning and metalinguistic awareness, skills that are crucial for advanced cognitive processes. Abstract reasoning involves the ability to understand and manipulate concepts that do not have physical existence, an ability that is particularly important in fields like mathematics, science, and philosophy. By learning a second language, individuals develop a deeper understanding of how language works and its relationship with thought and reality, enhancing their metalinguistic awareness. This heightened sensitivity to language structure and meaning can lead to more nuanced thinking and innovative problem-solving approaches. In practical terms, these cognitive gains translate into better communication skills, greater cultural empathy, and enhanced critical thinking, all of which are essential for navigating diverse and complex professional landscapes.

Proficiency in a second language substantially broadens professional opportunities in a globalized labor market where linguistic skills are increasingly becoming a necessity rather than a luxury. Multilingual individuals are often more competitive candidates for jobs that require international collaboration, client relations, or business development. For instance, knowing a second language can open up job opportunities in multinational corporations, diplomatic services, or international non-governmental organizations. Additionally, the ability to speak another language can be a decisive factor in securing roles that involve travel, negotiation, or working with diverse cultural backgrounds. In sectors such as healthcare, education, and technology, where global reach and cultural sensitivity are key, bilingual employees are often seen as valuable assets capable of bridging cultural gaps and facilitating smoother operations. Furthermore, the demand for multilingual professionals is expected to grow, making language skills an increasingly vital part of the professional toolkit. Thus, learning a second language not only enriches one's cognitive abilities but also equips individuals with the skills necessary to thrive in a globally interconnected world."
M4,prose,Medium,Qwen,unsloth/Qwen2.5-7B-Instruct-bnb-4bit,2,2000,260,0,230,"Investing in the professional development of current employees offers a multitude of long-term benefits that often outweigh the initial costs associated with external hiring. By preserving the wealth of institutional knowledge that resides within an organization, companies can avoid the costly and time-consuming process of onboarding new hires who must familiarize themselves with internal procedures, industry-specific practices, and company culture. This internal development ensures that the unique blend of skills and insights accumulated over years within the organization remains intact, fostering a more cohesive and efficient workplace environment. Moreover, when a company visibly commits to its employees' growth and advancement, it sends a powerful message that stays with the team, significantly improving retention rates. This investment not only reduces the financial burden of frequent turnover but also diminishes the need for costly advertising, interview processes, and initial training phases that are inherent in hiring from outside. Furthermore, the process of upskilling existing employees tends to be both faster and less expensive than conducting a full external recruitment cycle. The familiar work environment and understanding of organizational goals allow for targeted, efficient training programs that focus on specific needs without the extensive groundwork required for a new hire. This streamlined approach ensures that the company achieves its desired outcomes more quickly and with fewer resources, ultimately leading to a more agile and adaptable workforce capable of tackling complex challenges more effectively."
M5,prose,Medium,Qwen,unsloth/Qwen2.5-7B-Instruct-bnb-4bit,2,2000,480,0,413,"Regular physical exercise measurably reduces long-term healthcare costs at both the individual and societal levels, particularly through its impact on preventable chronic diseases. Active individuals enjoy significantly lower rates of type 2 diabetes and cardiovascular disease, conditions that impose substantial financial burdens on healthcare systems worldwide. For instance, type 2 diabetes often necessitates ongoing medical management and monitoring, which can be expensive, while cardiovascular events such as heart attacks and strokes require intensive and potentially lifelong treatment and rehabilitation. Engaging in regular physical activities such as walking, cycling, or team sports not only helps in maintaining a healthy weight but also improves insulin sensitivity and cardiovascular health, thereby reducing the risk of developing these conditions. Consequently, fewer individuals will require costly treatments and medications, leading to significant savings for both individuals and healthcare providers.

Moreover, exercise plays a crucial role in mitigating the frequency and severity of mental health conditions, a growing share of healthcare expenditure. Mental health disorders like depression and anxiety are increasingly recognized as major contributors to overall healthcare costs. Regular physical activity has been shown to enhance mood, reduce stress, and improve cognitive function, all of which can help mitigate the onset and progression of these conditions. Physical exercise triggers the release of endorphins, often referred to as ""feel-good"" hormones, which can alleviate symptoms of depression and anxiety. Additionally, it promotes better sleep quality and increases energy levels, further supporting overall well-being. By reducing the incidence of mental health issues, society can see a decrease in the need for psychiatric services, hospitalizations, and long-term medication, thus lowering the financial strain on healthcare systems.

Population-level physical activity programs have consistently demonstrated cost-effectiveness across various national healthcare systems. These programs not only promote healthier lifestyles but also contribute to significant reductions in healthcare costs over time. For example, in countries where such initiatives have been implemented, there is evidence of reduced spending on emergency room visits for cardiovascular emergencies and fewer hospital admissions related to diabetes complications. Publicly funded campaigns and policies encouraging physical activity can lead to long-term savings by preventing the development of chronic conditions that would otherwise require extensive and expensive treatments. Moreover, these programs foster a culture of health and wellness, leading to improved overall public health outcomes and reduced reliance on reactive medical interventions. The economic benefits of these programs become evident when the savings from reduced healthcare expenditures are compared against the initial investment required to implement and maintain them, often showing positive net returns."
M6,prose,Medium,Qwen,unsloth/Qwen2.5-7B-Instruct-bnb-4bit,2,2000,456,0,401,"The absence of financial education in secondary schools has been closely linked to the alarming rates of consumer debt and financial vulnerability among young adults entering adulthood. Without foundational knowledge about budgeting, saving, and understanding the intricacies of credit scores, many individuals are ill-prepared to navigate the complexities of modern finance. This lack of understanding often leads to poor decision-making, such as taking on high-interest student loans, falling victim to predatory lending practices, and accumulating significant levels of debt for necessities like housing and healthcare. As a result, young adults frequently find themselves struggling to achieve financial stability, which can have long-lasting impacts on their overall well-being and future economic prospects.

Financial literacy is not merely an optional add-on but a universal life skill that benefits all students, regardless of their income or career path. Just as reading and writing are fundamental to communication and understanding, basic financial knowledge is essential for managing one's own resources effectively. Whether a student plans to pursue a career in science, technology, art, or business, they will inevitably face financial decisions that affect their daily lives and long-term security. For example, understanding how to manage a budget, assess the costs and benefits of different financial products, and plan for future expenses can help ensure that young adults make informed choices that align with their goals and values. Moreover, financial literacy fosters a sense of responsibility and empowerment, enabling individuals to take control of their financial futures rather than feeling overwhelmed by financial systems and decisions.

Schools stand uniquely positioned as institutions capable of reaching every young person before they encounter the critical junctures where financial decisions can have lifelong consequences. Unlike households or communities, which may vary widely in their financial education and support systems, schools provide a consistent and accessible environment where the entire student population can receive standardized and comprehensive financial education. By integrating financial literacy into the curriculum, schools can instill fundamental concepts and skills from an early age, allowing students to build a strong foundation in financial management over time. This approach ensures that no student is left behind due to a lack of exposure to financial matters, thereby leveling the playing field and promoting equitable outcomes. Additionally, involving parents and community members in financial literacy programs within schools can further reinforce these lessons and create a supportive network for students as they grow and develop their financial habits and skills."
M7,prose,Medium,Qwen,unsloth/Qwen2.5-7B-Instruct-bnb-4bit,2,2000,543,0,469,"Urban green spaces and parks are not merely aesthetic additions to cityscapes but they serve as vital public health resources that significantly benefit community well-being and longevity. Access to green spaces has been consistently linked to reduced rates of cardiovascular disease, obesity, and stress-related illnesses. Studies have shown that individuals who live closer to parks or green areas tend to engage in more physical activities, such as walking and cycling, which directly contributes to lower blood pressure and cholesterol levels, thereby reducing the risk of heart disease. Furthermore, the presence of green spaces encourages a healthier lifestyle through increased physical activity, which can help manage weight and prevent obesity, thus lowering the incidence of related health issues like type 2 diabetes and certain cancers. Stress, a known risk factor for numerous health conditions including hypertension and depression, can be mitigated by spending time in natural settings. Research indicates that exposure to nature decreases cortisol levels, the primary hormone associated with stress, leading to better overall mental and physical health outcomes.

Beyond physical health, parks and green spaces play a crucial role in supporting mental health by offering restorative environments that buffer against anxiety and depression. Urban areas often expose residents to constant stimuli and environmental stressors, which can exacerbate mental health issues. In contrast, green spaces provide a calming backdrop that allows individuals to reconnect with nature, reducing psychological strain and promoting relaxation. This restorative effect is particularly pronounced when people engage in activities within these spaces, such as gardening or simply sitting among trees and plants. Numerous studies have found that regular visits to parks or spending time in natural settings improve mood, increase feelings of well-being, and enhance cognitive function. These benefits are especially important in urban environments where residents face higher levels of psychological distress due to noise, pollution, and overcrowding.

Moreover, urban green spaces contribute to public health by acting as green infrastructure that reduces the urban heat island effect and air pollution, both of which have direct respiratory health consequences. As cities continue to grow and urbanize, the concentration of buildings and roads increases, trapping heat and pollutants near the surface. This phenomenon, known as the urban heat island effect, raises temperatures in built-up areas, especially in densely populated zones without adequate green cover. By providing shade and cooling through evapotranspiration, trees and parks can mitigate these temperature spikes, making urban environments more comfortable and safer during hot weather. Additionally, green infrastructure captures and filters air pollutants, improving air quality and reducing the inhalation of harmful substances. This is particularly beneficial for vulnerable populations such as children, older adults, and those with pre-existing respiratory conditions like asthma. The reduction in air pollution from green spaces leads to fewer cases of respiratory infections and chronic obstructive pulmonary disease, enhancing overall public health in urban settings."
M8,prose,Medium,Qwen,unsloth/Qwen2.5-7B-Instruct-bnb-4bit,2,2000,471,0,399,"Reading literary fiction nurtures empathy and enhances social understanding in profound ways, starting with the fundamental requirement it places on its readers. Literary fiction often presents characters whose lives, backgrounds, and emotions are vastly different from those of the reader. This necessitates an active engagement with the narrative, where one must step into these characters' shoes, experiencing their worlds, fears, desires, and conflicts as if they were one's own. This process of inhabitation is not merely passive consumption but an active cognitive exercise that trains the mind to understand and empathize with experiences and perspectives that diverge significantly from one's own. By repeatedly engaging with such characters, readers develop a robust capacity for perspective-taking, a skill that is crucial for navigating complex social interactions.

Supporting this claim, numerous experimental studies have shown that reading literary fiction can lead to measurable improvements in theory-of-mind skills, at least in the short term. Theory-of-mind refers to the ability to attribute mental states—beliefs, intents, desires, emotions—to oneself and others. In one notable study, participants who read a short story featuring complex characters showed increased performance on subsequent tests of theory-of-mind compared to those who read nonfiction or no reading material at all. These findings suggest that literary fiction not only provides rich emotional and psychological landscapes to explore but also actively enhances one's ability to understand the mental states of others, a key component of empathy and social cognition.

Moreover, the psychological complexity and ambiguity inherent in literary fiction play a critical role in developing a deeper tolerance for uncertainty, a trait that underlies much of real-world social competence. Literary works often present characters and situations that do not neatly fit into clear-cut categories or solutions. Instead, they challenge readers to consider multiple viewpoints and the nuances of human behavior. This exposure to the intricacies of character development and the multifaceted nature of relationships fosters a mindset that is more adaptable and open to the unpredictable aspects of social interactions. Individuals who can navigate and understand the complexities of human relationships without feeling the need for absolute certainty are better equipped to handle the uncertainties of real-life social scenarios, whether in personal relationships or professional settings. Thus, while literary fiction may not provide explicit instruction on social skills, its implicit portrayal of psychological depth and the exploration of ambiguous moral landscapes contribute to a more nuanced and empathetic understanding of the social world."
M9,prose,Medium,Qwen,unsloth/Qwen2.5-7B-Instruct-bnb-4bit,2,2000,487,0,404,"Mentorship programs serve as catalysts for early-career professionals by accelerating their skill development through access to tacit professional knowledge that is often not fully captured in formal training. This transfer of wisdom from seasoned experts to novices occurs in informal settings and through experiential learning, enabling mentees to navigate complex workplace dynamics more adeptly. Such knowledge encompasses everything from the unwritten rules of office politics to deep insights into industry trends and technical skills that can be applied in innovative ways. For instance, a mentee might learn how to approach a project from an unconventional angle, or how to negotiate better with clients based on past experiences shared by their mentor. This kind of mentorship not only quickens the learning curve but also fosters a sense of belonging and confidence among mentees, which are crucial for their professional growth.

Moreover, mentored employees stand out when it comes to career advancement. Studies consistently show that individuals who have mentors are significantly more likely to secure promotions and salary increases within just five years of their entry into the workforce. The reasons for this success rate are multifaceted. Mentors often provide direct advocacy to key decision-makers, helping to champion their mentees' achievements and potential. Additionally, mentors offer guidance on navigating the corporate ladder effectively, such as when to take on additional responsibilities or how to prepare for leadership roles. They also serve as a sounding board for career decisions, ensuring that mentees make informed choices that align with both their aspirations and organizational needs. Consequently, mentees benefit from their mentors’ strategic insights and personal connections, which can open up opportunities that would otherwise remain hidden.

Finally, mentorship relationships profoundly impact the expansion of professional networks, creating durable long-term career advantages. Through these connections, mentees are introduced to a diverse range of industry leaders, peers, and potential collaborators, expanding their reach and influence. These networks become invaluable resources throughout a professional’s career, providing support during challenging times and facilitating new opportunities. Moreover, strong mentor-mentee relationships often evolve into lifelong friendships and professional partnerships, further broadening one's network and reinforcing its value over time. For example, a mentee might leverage their mentor’s connections to join a prestigious industry conference or collaborate on a high-profile project, both of which can significantly enhance their visibility and credibility within the field. Thus, the lasting impact of mentorship extends far beyond immediate career milestones, laying a robust foundation for sustained professional success."
M10,prose,Medium,Qwen,unsloth/Qwen2.5-7B-Instruct-bnb-4bit,2,2000,485,0,397,"Diversification across various asset classes fundamentally alters the risk profile for ordinary savers by significantly reducing their exposure to the unpredictable failures of any single investment. Imagine a portfolio heavily weighted in just one asset class—say, equities—that suffers a downturn due to a specific company's financial mismanagement or market volatility. This concentrated holding can lead to substantial losses and heightened stress for the investor. However, when investments are spread across different asset classes such as stocks, bonds, real estate, and commodities, the impact of any one underperforming area is diluted. If equities experience a downturn, the gains from bonds or real estate might offset some of those losses, thus stabilizing overall returns and mitigating the negative impact of individual asset failures.

Historical evidence overwhelmingly supports the notion that diversified portfolios outperform concentrated holdings over time, particularly when viewed through the lens of risk-adjusted returns. Studies have consistently shown that while concentrated portfolios may offer higher absolute returns in some periods, they also carry greater volatility and risk. In contrast, diversified portfolios tend to deliver more stable growth with lower volatility, which is crucial for long-term wealth accumulation. For instance, during economic recessions or market crashes, a well-diversified portfolio is less likely to suffer catastrophic losses because different sectors or assets often perform differently. Over decades, this approach can lead to superior compound growth, allowing investors to weather storms and maintain their purchasing power better than those who rely on high-risk, high-reward strategies.

Moreover, low-cost index funds have democratized genuine diversification, making it accessible even to investors without specialized financial knowledge. Traditional active management often involves high fees and complex strategies that are beyond the reach of many individuals. In contrast, index funds replicate the performance of broad market indices, such as the S&P 500 or MSCI World Index, at a fraction of the cost. By investing in a single low-cost index fund, an investor can achieve broad diversification across thousands of securities in a single transaction. This simplicity not only makes it easier for ordinary savers to manage their investments but also ensures they benefit from the natural diversification inherent in market indices, thereby reducing the likelihood of significant losses due to the idiosyncrasies of any single investment. Thus, through these means, index funds serve as powerful tools for enhancing the risk-adjusted returns of ordinary investors' portfolios, fostering a more secure and sustainable path toward financial security."
M11,prose,Medium,Qwen,unsloth/Qwen2.5-7B-Instruct-bnb-4bit,2,2000,414,0,365,"The foundational role of robust public transportation systems in enhancing a city's economic vitality cannot be overstated. Efficient transit networks significantly increase labor market access by bridging the gap between residential areas and workplaces, thereby expanding the pool of potential employees for employers across the metropolitan region. This connectivity allows for a more equitable distribution of work opportunities, especially in underserved communities, which can lead to increased productivity as workers gain better access to a broader range of employment options. In turn, this expansion of the labor market enhances the overall economic efficiency and competitiveness of the city, fostering an environment where businesses can thrive and attract talent from diverse geographic areas.

Moreover, strong public transportation systems substantially reduce per-capita car dependency, which in turn lowers household transportation costs for residents. With fewer cars on the road, individuals save money that would otherwise be spent on fuel, maintenance, insurance, and parking fees. This financial relief allows households to allocate more of their disposable income towards other essential needs such as education, healthcare, and savings. Additionally, reduced reliance on personal vehicles decreases traffic congestion and air pollution, leading to improved quality of life and a healthier urban environment. These factors collectively contribute to an overall increase in household discretionary spending, boosting local retail sectors and further stimulating the economy.

Furthermore, the development of transit-oriented districts directly impacts property values and generates substantial tax revenues for the city. As public transportation improves, real estate near transit hubs becomes more desirable due to enhanced accessibility and convenience. This increased demand often leads to higher property values in these areas, benefiting both owners and the municipal coffers through higher property taxes. Moreover, the influx of new residents and businesses attracted by efficient public transportation systems can drive up the value of surrounding properties and stimulate additional economic activity. The tax revenues generated from these increased property values and associated economic growth can then be reinvested into maintaining and expanding the public transportation network, creating a virtuous cycle of economic development and infrastructure improvement. Thus, while initial investments in public transportation may seem costly, they ultimately prove to be a wise and sustainable economic strategy that pays dividends over time."
M12,prose,Medium,Qwen,unsloth/Qwen2.5-7B-Instruct-bnb-4bit,2,2000,449,0,395,"Companies that prioritize diversity and inclusion within their teams stand to gain significant advantages across multiple dimensions of their operations. Firstly, when teams are composed of individuals from varied backgrounds and experiences, they naturally bring a broader spectrum of perspectives to problem-solving efforts. This diversity of thought challenges the homogeneity that can lead to groupthink, where consensus is valued over critical examination of all options. By fostering an environment where everyone’s voice is heard and valued, organizations can avoid the pitfalls of tunnel vision and instead explore innovative solutions that might otherwise be overlooked. This approach not only enhances decision-making processes but also leads to more robust and well-rounded strategies, as the team can consider a wider array of factors and potential outcomes.

Secondly, creating an inclusive workplace culture significantly boosts employee engagement and retention rates. Inclusive environments where employees feel respected, understood, and supported tend to foster a sense of belonging and commitment to the organization. When team members know their contributions are appreciated and their identities are recognized, they are more likely to stay with the company long-term. This stability reduces the costs associated with frequent turnover, including the time and resources required to recruit, train, and integrate new hires. Moreover, high levels of engagement among staff members contribute to increased productivity, innovation, and overall job satisfaction. As a result, businesses can enjoy the benefits of a highly motivated workforce without the disruptions caused by high turnover rates.

Lastly, a diverse workforce plays a crucial role in an organization's ability to understand and serve its customers effectively. In today’s global market, customers come from a wide range of backgrounds and have unique needs and preferences. Companies with employees who reflect this diversity are better positioned to empathize with their customers and anticipate their requirements. This understanding allows for more effective marketing strategies and product development tailored to specific segments of the population. For instance, a company with diverse teams might identify niche markets or cultural trends that could inform the design of a product or service, thus gaining a competitive edge in the marketplace. Furthermore, such a workforce can help in creating customer experience policies that resonate with a broader audience, leading to higher customer satisfaction and loyalty. Thus, diversity within the workforce not only enriches the organizational culture but also directly impacts the bottom line through improved market reach and customer interaction."
M13,prose,Medium,Qwen,unsloth/Qwen2.5-7B-Instruct-bnb-4bit,2,2000,391,0,343,"High-quality early childhood education programs lay a robust foundation for cognitive development and literacy that not only enhances immediate learning outcomes but also significantly impacts a child's educational journey throughout primary school. Research consistently demonstrates that children who participate in such programs exhibit superior reading and math skills by the time they enter first grade. This initial advantage often persists, with ongoing studies revealing that these children continue to outperform their peers in subsequent academic years. Furthermore, these early gains in cognitive abilities contribute to better problem-solving skills and critical thinking, which are essential for success in advanced studies and beyond. The long-term benefits extend well into adolescence and adulthood, with longitudinal studies highlighting that individuals who benefited from early childhood education are more likely to complete high school, pursue higher education, and secure stable employment. These participants often demonstrate higher levels of academic achievement and vocational skills, leading to increased job opportunities and better-paying careers. As adults, they tend to experience greater financial stability and security, contributing positively to their communities and society as a whole.

Moreover, the broader societal benefits of investing in early childhood education are substantial and far-reaching. Longitudinal research provides compelling evidence that individuals who attended high-quality early childhood programs are less likely to require remedial education services later in life. They are also less likely to engage in criminal activities or require social welfare assistance. These outcomes indicate a direct correlation between early education investments and reduced long-term social costs. Economists have calculated the return on investment in early childhood education, finding that for every dollar spent, there is an estimated return of several additional dollars due to the reduction in remedial education and social welfare expenses. This financial benefit alone makes a strong case for public investment in early childhood programs. Additionally, the positive impacts on individual health, such as improved mental health and physical well-being, further underscore the value of such initiatives. By fostering a healthier, more educated, and more productive population, early childhood education programs contribute to a stronger and more prosperous society overall."
H1,prose,Hard,Qwen,unsloth/Qwen2.5-7B-Instruct-bnb-4bit,2,2000,614,0,517,"The history of science unequivocally supports the view that scientific knowledge is best understood as provisional and fallible rather than as a body of established certainties. This perspective emerges from the evolution of theories such as Newtonian mechanics and classical thermodynamics. Initially, these theories were highly successful and widely accepted, explaining a broad range of phenomena with remarkable precision. However, their foundational status has not remained unchallenged. As new evidence accumulated, particularly through the advent of quantum mechanics and relativity, these theories were not merely replaced but were also substantially revised to accommodate new insights and observations. For instance, Newtonian mechanics, while still accurate for everyday phenomena, fails to describe the behavior of subatomic particles at high speeds or low energies, thus revealing its limitations. Similarly, classical thermodynamics's understanding of heat and energy flow was fundamentally altered by the introduction of statistical mechanics, which provided a more nuanced and probabilistic description of systems. These revisions demonstrate that even theories once considered as certainties are subject to change when faced with new evidence or when applied in different contexts, thereby underscoring the fallibilist stance that scientific knowledge is provisional and inherently limited.

Further substantiating this fallibilist view is the Duhem-Quine thesis, which asserts that no single hypothesis can be conclusively falsified in isolation. This thesis highlights the interconnectedness and interdependence of scientific theories and their auxiliary assumptions or hypotheses. When an experiment does not yield expected results, it is not possible to attribute failure solely to the tested hypothesis without considering the auxiliary hypotheses that support it. Any experimental outcome can be explained by modifying the auxiliary hypotheses instead of rejecting the main hypothesis. For example, if a proposed chemical reaction does not occur as predicted, the chemist might adjust the temperature, concentration, or catalyst, rather than discard the entire reaction mechanism. This interdependency means that scientific knowledge cannot be reduced to isolated, definitive statements but must be viewed as part of a larger, holistic framework. Consequently, scientific theories are not absolute truths but rather the best explanations available given the current evidence, subject to revision upon further inquiry or new data, thus reinforcing the fallibilist perspective on scientific knowledge.

Moreover, the underdetermination of theory by evidence further challenges the notion of scientific knowledge as a body of established certainties. This principle posits that any finite dataset can be interpreted in multiple ways, consistent with an infinite number of theoretical frameworks. For instance, given a set of astronomical observations, several different models can explain the observed phenomena, each with varying degrees of complexity and predictive power. The choice among these models often depends on additional criteria beyond direct empirical validation, such as simplicity, coherence with existing theories, or predictive success in future scenarios. This means that empirical confirmation alone cannot fully justify a particular theoretical claim as absolute truth but rather provides a degree of support that is always partial and contingent on further testing and refinement. Thus, scientific knowledge must be seen as provisional, continually open to revision and refinement based on new evidence and theoretical advancements, highlighting the fallibility inherent in our quest for scientific understanding."
H2,prose,Hard,Qwen,unsloth/Qwen2.5-7B-Instruct-bnb-4bit,2,2000,587,0,480,"Moral responsibility inherently demands a robust and meaningful conception of agency that transcends mere causal mechanisms, for ascriptions of responsibility presuppose an agent's capacity to have acted otherwise. This presupposition, known as the counterfactual competence condition, is fundamentally at odds with the deterministic view that sees actions as outcomes of unalterable causal chains. In the deterministic framework, every event, including human actions, is the result of prior events, creating a chain of causes and effects where free choice is merely an illusion. However, this mechanical worldview fails to capture the normative dimension required for moral responsibility. To hold someone morally responsible means more than just identifying a cause-and-effect relationship; it necessitates acknowledging that the agent had genuine alternatives available to them, thus imbuing their actions with a normative significance that deterministic accounts cannot provide without adding a normative surplus that the purely causal-mechanical description lacks.

Moreover, the emotional reactions that form the bedrock of our moral interactions—resentment, indignation, and gratitude—are only intelligible within a framework that recognizes agents as autonomous beings capable of responding to reasons. Resentment, for instance, is a reaction to perceived injustice and implies that the agent could have acted differently if they had chosen otherwise. Indignation similarly expresses outrage against an action that could have been avoided, indicating a moral judgment about what ought to have been done. These reactive attitudes presuppose a level of agency that goes beyond mere causality; they demand an understanding of agents as rational and value-responsive entities who can deliberate and choose between different courses of action. Such an understanding is essential for attributing responsibility and making moral judgments, as it allows us to assess whether an action was justifiable or whether it could have been better, all of which is lost in a strictly deterministic view that reduces agency to a series of inevitable consequences of past events.

Finally, compatibilist attempts to reconcile freedom and determinism within the concept of moral responsibility often reframe ""could have done otherwise"" in dispositional rather than categorical terms. This approach aims to preserve the linguistic form of responsibility attribution while accommodating the idea of free will under determinism. Yet, this shift effectively changes the meaning of ""could have done otherwise"" from a categorical possibility that aligns with moral responsibility to a dispositional capacity that aligns with psychological reality but not necessarily with moral accountability. By redefining the concept in this way, compatibilists maintain the surface-level language of moral responsibility but undermine its core normative content. The original formulation of ""could have done otherwise"" as a normative claim—that an agent's actions were guided by their own choices and values rather than mere external forces—is crucial for holding individuals morally accountable. Thus, while the compatibilist approach may seem to offer a resolution, it ultimately dilutes the very notion of moral responsibility by severing its connection to the normative competencies that are essential for its meaningful application."
H3,prose,Hard,Qwen,unsloth/Qwen2.5-7B-Instruct-bnb-4bit,2,2000,466,0,380,"Language fundamentally shapes—the rather than merely expresses—the structure of human thought and cognition, as evidenced through extensive cross-linguistic research in various domains including spatial cognition, color categorization, and number representation. These studies demonstrate a systematic covariation between linguistic categories and non-linguistic cognitive performance, indicating that linguistic distinctions significantly influence the granularity of conceptual representations. For instance, speakers of languages with specific spatial terminology, such as English with its left-right distinctions versus Navajo which uses front-back relative to the speaker, show differing spatial cognition patterns. This suggests that the very act of naming and classifying space in one's native tongue shapes how individuals perceive and interact with their environment, underscoring the deep interplay between language and cognition.

Furthermore, language acquisition in early childhood does not merely label pre-existing content but actively restructures the child's representational system. This restructuring can be observed in infants approaching the critical period for language acquisition, where they exhibit category-learning differences between linguistic and non-linguistic tasks. For example, studies have shown that infants who are exposed to a language with a particular phonological distinction can more easily learn to discriminate stimuli based on that distinction compared to infants who are not. This phenomenon extends beyond speech sounds to conceptual categories, revealing that language not only labels but also creates and refines cognitive structures. Such findings highlight the active role of language in shaping cognitive development and the representational systems within the mind.

Finally, even internal deliberative thought is partially constituted by linguistic representation, owing to the sequential and negation-permitting structure of natural language, which enables forms of reasoning that non-linguistic cognitive systems cannot support. The ability to form complex propositions and arguments, to negate statements, and to chain together multiple thoughts into coherent narratives—all hallmarks of human rationality—are deeply intertwined with linguistic capabilities. Indeed, when individuals think about complex problems, they often engage in mental speech or ""inner dialogue,"" using the syntactical and logical structures of language to organize and evaluate their thoughts. This linguistic framework allows for a level of precision and complexity in thought that would be otherwise impossible without the constraints and affordances provided by language itself. Thus, the very fabric of our innermost thoughts is woven from the threads of language, demonstrating how language fundamentally shapes the structure of human thought and cognition."
H4,prose,Hard,Qwen,unsloth/Qwen2.5-7B-Instruct-bnb-4bit,2,2000,552,0,466,"The argument that aesthetic value cannot be coherently reduced to purely subjective preference or individual psychological response asserts that the experience of beauty involves more than just personal taste or immediate emotional reaction. When we declare something as beautiful, we often imply that others should agree with us, suggesting an inherent normative dimension to our judgments. This implicit call for consensus means that we engage in a form of intersubjective validation, where the beauty of a work is not merely a private feeling but something that can be shared and understood across different individuals. A purely subjectivist approach fails to capture this aspect because it confines aesthetic value to the private experiences of individuals, ignoring the potential for agreement and disagreement among different observers. This normative aspect of aesthetic judgment suggests that there is more to aesthetic value than individual preference alone.

Furthermore, the practice of aesthetic criticism, with its complex apparatus of reasons, standards, and educational processes, further underscores the idea that aesthetic assessments must account for factors beyond mere individual response. Criticism involves providing reasoned arguments for why certain works are considered beautiful or aesthetically valuable, and these arguments often appeal to objective criteria such as formal properties, historical context, or emotional impact. The very existence of aesthetic criticism implies that there are better-informed and less-informed ways of responding to art, and that some interpretations or evaluations may be more compelling than others. This suggests that aesthetic judgments are not merely subjective preferences but are informed by a broader set of considerations that go beyond individual sentiment. Thus, the practice of aesthetic criticism not only highlights the role of objective criteria but also indicates that aesthetic assessments are open to rational discussion and evaluation.

Lastly, aesthetic relativism, which posits that all aesthetic preferences are equally valid, faces a significant problem known as the regress argument. If every individual's aesthetic preference is considered equally valid, then the preference for pluralism over dogmatism itself becomes just another subjective opinion. In this scenario, the normative force of aesthetic relativism—its claim to being a universally applicable principle—collapses into a mere preference among many others. For instance, if someone advocates for pluralism in aesthetics, they would need to justify this preference against the backdrop of equal validity of all preferences. However, if this justification relies on the same subjective criteria as the original preferences it seeks to evaluate, it remains subject to the same relativistic critique. Therefore, the preference for pluralism over dogmatism, like any other aesthetic preference, becomes subject to the same relativistic scrutiny, leading to an infinite regress where each step undermines the previous one. This regress shows that aesthetic relativism, while seemingly inclusive, ultimately undermines its own normative force from within, thus revealing its incoherence when viewed through the lens of intersubjective validity and objective criteria."
H5,prose,Hard,Qwen,unsloth/Qwen2.5-7B-Instruct-bnb-4bit,2,2000,459,0,392,"The explanatory challenge posed by consciousness to current physicalist and functionalist frameworks is profound and multifaceted, primarily due to the distinction between the ""easy"" and ""hard"" problems of understanding mental phenomena. The easy problems focus on explaining how the brain performs its cognitive functions, such as perception, reasoning, and decision-making. Functional accounts of mind, which describe how the brain operates and processes information, effectively tackle these issues. However, they fail to address the hard problem, which concerns the subjective quality of experience—the ""what it is like"" aspect of consciousness. This problem remains untouched because functional descriptions can fully specify the outputs of neural mechanisms without necessitating the presence of subjective experience. In other words, the functionalist approach elucidates the what of cognition but not the how it feels to have those experiences.

Moreover, the conceptual space between physical processes and subjective experiences is further highlighted by the conceivability of philosophical zombies. These hypothetical beings are physically identical to conscious humans but lack any form of subjective experience or qualia. The ability to imagine such creatures underscores the logical possibility that the physical world could exist without phenomenal consciousness, implying that phenomenal consciousness is not a necessary feature of physical processes. This suggests that there is no inherent, a priori connection between physical states and their corresponding conscious states, challenging the assumption of a strict identity between them. Any identity between physical and phenomenal properties must be considered contingent rather than necessary, as it cannot be deduced from the physical alone.

Finally, the thought experiment of Mary the color scientist, who has mastered all the physical aspects of color through black-and-white sensory experience, yet gains new insights when she first sees color, highlights another aspect of this explanatory gap. If Mary already possesses all the relevant physical knowledge about colors before experiencing them, her subsequent gain of new knowledge upon seeing colors indicates that there are aspects of consciousness that go beyond mere physical knowledge. This experiment demonstrates that complete physical knowledge does not necessarily entail complete knowledge of phenomenal properties, suggesting that phenomenal facts are epistemically irreducible to physical facts. While this does not necessitate ontological dualism, it does reveal that there are aspects of consciousness that are fundamentally different from and cannot be reduced to physical processes alone, thus posing a significant challenge to both physicalist and functionalist explanations of consciousness."
H6,prose,Hard,Qwen,unsloth/Qwen2.5-7B-Instruct-bnb-4bit,2,2000,549,0,473,"The assertion that distributive justice requires a substantive focus on the patterns of outcomes rather than just on the fairness of the procedures that generate them is grounded in the recognition that even the most procedurally fair processes can produce outcome distributions that are substantively unjust. This is because these processes often incorporate and amplify pre-existing structural inequalities, such as differential access to education and inherited wealth. Procedural fairness, while essential, is insufficient on its own to ensure just outcomes; it is necessary but not sufficient. This means that while a fair procedure ensures that everyone has an equal opportunity to participate in the distribution process, it does not guarantee that the resulting distribution will be just if that process starts from an inherently unequal position.

To elaborate on this point, consider the work of philosopher John Rawls, who posits that inequalities should be permitted only if they serve to improve the position of the least advantaged members of society. This principle, known as the difference principle, provides a principled criterion for evaluating whether outcome patterns are just. According to Rawls, inequalities are justifiable if they lead to a greater overall benefit for those who are worst off, thereby ensuring that no one is left behind. This principle underscores the importance of not just having fair procedures but also of ensuring that the outcomes of those procedures are equitable and just.

Furthermore, the challenge of determining what constitutes a fair starting point for procedurally legitimate exchange highlights the necessity of a substantive approach to justice. The baseline problem—deciding how to allocate initial resources or opportunities—cannot be resolved solely through procedural criteria. Any choice of baseline presupposes a prior substantive judgment about what individuals are entitled to, which itself involves making value judgments about what constitutes a fair and just starting point. This means that even if we have a perfectly fair process for distributing resources or opportunities, we must still decide on what those starting points should be, and this decision cannot be made purely within the bounds of procedural fairness alone. It requires broader considerations about justice and equality, underscoring the need for a substantive focus on the outcomes of these processes.

In summary, while procedural fairness is crucial, it must be complemented by a substantive focus on the patterns of outcomes to ensure that justice is achieved. Procedural fairness is necessary but not sufficient for justice; it must be coupled with a principled evaluation of outcomes based on the maximization of benefits for the least advantaged, as per Rawls's difference principle. Additionally, the baseline problem—determining a fair starting point—cannot be solved through procedural means alone, as it inherently involves substantive judgments about entitlement and justice. Therefore, a holistic approach to distributive justice that considers both procedural fairness and the substantive patterns of outcomes is essential for achieving true justice in society."
H7,prose,Hard,Qwen,unsloth/Qwen2.5-7B-Instruct-bnb-4bit,2,2000,570,0,491,"Technological systems, particularly those that have grown to scale, exhibit what Winner terms 'politics built into design.' This concept underscores how the very fabric of platform architecture—be it in the form of algorithms, user interfaces, or network protocols—embeds specific distributions of agency and dependency that are often invisible to individual users. These embedded dynamics, such as the prioritization of certain content over others, the degree of control users have over their personal data, or the level of privacy they can expect, are deeply rooted in the technical choices made during the system's development. Users, who lack the technical knowledge or resources to alter these fundamental aspects of the system, thus find themselves bound by the design constraints imposed on them, rendering any individual attempts to shape the technology’s impact largely futile.

Network externalities, switching costs, and data-compounding effects further exacerbate this challenge, effectively creating structural lock-in that makes market competition insufficient as a governance mechanism. As more users join a platform, the value of the service increases for each individual within the network, fostering an environment where existing platforms gain a significant advantage over potential new entrants. Switching costs, whether financial or psychological, act as barriers to user migration, reinforcing the dominance of established players. Data compounding effects mean that the more data a platform has, the more valuable it becomes, as it can leverage this information to enhance its services and create a virtuous cycle of growth and data accumulation. Together, these factors render the theoretical availability of alternatives largely irrelevant in practice, as users are locked into the most dominant platforms due to the cumulative benefits they offer. This structural lock-in means that even if alternative platforms exist, they struggle to gain traction, and the monopolistic nature of the existing systems becomes entrenched, leaving market competition as an insufficient means of governance.

The pace at which technological deployment outstrips the capacity of regulatory institutions to develop adequate oversight frameworks also creates a persistent governance gap that individual adaptation alone cannot close. Technological advancements often move at an unprecedented speed, with innovations being introduced before the necessary regulatory frameworks can be established. This gap between the rapid evolution of technologies and the slow process of legal and regulatory development leaves a vacuum where unchecked power and influence can flourish. Individuals, no matter how adaptive or well-intentioned, face significant limitations in responding to these rapid changes. They may adopt new practices or tools to mitigate adverse effects but cannot keep up with the rate of change, nor can they alter the fundamental conditions under which these technologies operate. Regulatory bodies, burdened by the complexity and pace of technological innovation, often struggle to keep pace, leading to a situation where the governance mechanisms needed to ensure fair and equitable outcomes lag behind the technological realities. This persistent governance gap highlights the systemic challenges posed by the rapid deployment of advanced technologies and underscores the need for more proactive and adaptive regulatory approaches."
H8,prose,Hard,Qwen,unsloth/Qwen2.5-7B-Instruct-bnb-4bit,2,2000,570,0,479,"Wimsatt and Beardsley's concept of the intentional fallacy fundamentally shifts our understanding of literary texts from the author's perspective to a more communal one. Once a text is composed, it transforms into a linguistic artifact, its meaning shaped by the interpretive conventions and practices of the language community in which it exists. This means that while an author may have had certain intentions when they wrote, the very nature of the text as a piece of language, governed by rules and norms established within the community, places constraints on how it can be understood and interpreted. The author loses control over how their words will be read and reinterpreted by subsequent generations, thus the meanings derived from a text are not solely or even primarily determined by the author's original intentions.

The hermeneutic gap between an author's conscious intentions and the semantic encoding of a text is a crucial aspect of this argument. When an author writes something, they do so with a particular context, set of ideas, and perhaps even personal emotions in mind. However, the text itself, when read, does not just reflect those intentions but also allows for a range of interpretations. Linguistic tokens can be open to multiple readings, each of which might align with different contexts or perspectives. This openness means that the meaning of a text is not fully determined by the author's original intentions; instead, it emerges through the interpretative process where the text interacts with the reader's own knowledge, experiences, and cultural background. In this sense, the text's meaning is not simply a reflection of the author's mind but a product of the interaction between text and reader.

Barthes's notion of the 'death of the author' is often misunderstood as an assertion that authors no longer matter or that their work can be interpreted without reference to them. However, when read as a statement about interpretive authority, it highlights the active role of the reader in bringing a text to life. For Barthes, the death of the author signifies the end of the author's monopolization of the meaning of their work and the beginning of the reader's engagement with the text. The reader’s competences—such as their linguistic skills, cultural knowledge, and personal experiences—come into play when they interpret a text. These competences vary widely among readers and change over time, meaning that the activation of a text's meaning is always a contemporary and individual act. Original intentions, therefore, become irrelevant because they are neither accessible nor necessary for understanding the text. What matters is how the reader, situated in their own historical and cultural moment, engages with the text and brings to it their unique interpretive abilities and perspectives. Thus, the meaning of a text is continually reconstituted through the dynamic relationship between the text and the reader, rather than being fixed by the author's intentions at the time of composition."
H9,prose,Hard,Qwen,unsloth/Qwen2.5-7B-Instruct-bnb-4bit,2,2000,653,0,563,"Democratic legitimacy demands more than mere majority rule or the mere satisfaction of aggregated preferences because these foundational principles alone can lead to significant injustices and undermine the very essence of democracy. Unrestricted majority rule, while seemingly democratic, often results in the tyranny of the majority—a phenomenon where the will of the majority becomes so powerful that it systematically excludes permanent minorities who have historically faced structural barriers to representation and whose interests are often marginalized or entirely ignored within the framework of majoritarian decision-making processes. This tyranny is particularly evident when minority groups face long-term marginalization due to entrenched systemic inequalities, such as those based on race, gender, or socioeconomic status. In such cases, the majority may not only fail to adequately represent the interests of these minorities but might actively work against them through the very mechanisms of majority rule. To prevent this, constitutional rights protections and counter-majoritarian institutions become essential components of a genuine democratic system. These constraints on majority rule are not limitations on democracy but rather necessary safeguards to ensure that the voices of all segments of society are heard and that the fundamental rights of individuals and groups are respected and protected.

Furthermore, the theories of deliberative democracy advanced by philosophers like Jürgen Habermas and Joshua Cohen underscore the importance of reason-giving and rational discourse in legitimizing political decisions. According to these theorists, legitimate political decisions must be made through an open exchange of reasons among equals, where each participant is recognized as having equal standing and where the possibility exists for rational revision based on new information or arguments. This approach highlights that the mere act of majority rule, without the engagement of reasoned deliberation, falls short of what is required for true democratic legitimacy. Deliberative democracy insists on the conditions of equality, mutual recognition, and openness to rational change, which are not inherently satisfied by majority rule alone. Majority rule can be a blunt instrument that overlooks the nuances of complex social issues and the diverse perspectives that should inform decision-making. Deliberative democracy, with its emphasis on dialogue and reason-giving, provides a richer and more justifiable basis for political decisions, ensuring that they are not only reflective of the majority's will but also deeply considerate of the diverse interests and viewpoints present in society.

Additionally, the epistemic argument for democracy emphasizes that the quality of deliberation is crucial to the legitimacy of democratic authority. Democratic decisions must be grounded in accurate and reliable information, free from manipulation or misinformation. When majorities make decisions based on systemic misinformation or deliberate manipulation, the legitimacy of those decisions is severely compromised. This is because the very purpose of democracy is to harness collective wisdom and knowledge to arrive at better policies and outcomes. If this process is undermined by misinformation or manipulation, the decisions produced do not possess the epistemic credentials necessary to confer democratic authority. Legitimacy, therefore, is not something that can be assumed simply because a procedure was followed; it must be earned through the quality of the deliberative process and the accuracy of the information used. In this context, the procedural compliance with majority rule or preference satisfaction alone is insufficient to establish democratic legitimacy; instead, the quality of the deliberation and the truthfulness of the information used in the decision-making process are critical determinants of whether a democratic decision can truly be considered legitimate."
H10,prose,Hard,Qwen,unsloth/Qwen2.5-7B-Instruct-bnb-4bit,2,2000,569,0,475,"Bounded rationality research—spanning from Herbert Simon's pioneering work on satisficing through the extensive investigations into heuristics and biases led by Daniel Kahneman and Amos Tversky—clearly illustrates that human reasoning frequently deviates from the idealized models of rationality that assume complete information, perfect calculation, and flawless decision-making. Under ecologically realistic conditions, individuals often settle for satisfactory solutions rather than optimal ones, guided more by mental shortcuts and heuristics that are efficient but occasionally lead to systematic errors. This research indicates that while humans possess the capacity for rational thought, the actual practice of reasoning is constrained by cognitive limitations and the specific environmental contexts in which decisions are made. These findings challenge the notion that rationality can be assessed in isolation from its situational context, suggesting instead that the very conditions under which people reason shape the nature and limits of their rationality.

Rationality is institutionally scaffolded, meaning that the ability to engage in extended and reliable reasoning relies on external cognitive tools, socially distributed knowledge bases, and established norms of evidence. Cognitive artifacts such as calculators, computers, and even simple tools like rulers and protractors extend our cognitive capacities, allowing us to perform complex calculations or measurements that would otherwise be beyond individual capabilities. Socially distributed knowledge, whether in the form of collective expertise or shared cultural understandings, provides a foundation upon which reasoning can build. For instance, in scientific research, the use of peer review and the replication of experiments are institutional norms that ensure the reliability and validity of findings. These institutions are historically contingent and vary significantly across different epistemic communities—what constitutes a valid method in one field might be seen as inadequate in another. Thus, the conditions under which we reason are not just cognitive but also deeply embedded within and shaped by the social and institutional frameworks in which they operate.

The standards by which reasoning is judged as rational or irrational are not neutral and universally applicable but are instead deeply rooted in specific epistemic traditions. What counts as a reason, a valid inference, or an appropriate standard of evidence differs across domains, reflecting the diverse goals and methodologies of various disciplines. In legal contexts, the standard of proof might require a high degree of certainty and direct evidence, whereas in the humanities, alternative forms of evidence and interpretation may be acceptable. These differences resist reduction to a single transcontextual rationality norm because they are influenced by the disciplinary practices, theoretical commitments, and historical developments unique to each field. As a result, the evaluation of rationality is context-dependent, with each domain developing its own criteria and standards that define what constitutes rational thought within that specific context. This variability underscores the idea that rationality is not a fixed, universal capacity but one that is continuously shaped and redefined by the cognitive, social, and institutional conditions in which it operates."
H11,prose,Hard,Qwen,unsloth/Qwen2.5-7B-Instruct-bnb-4bit,2,2000,538,0,445,"The psychological continuity view, as articulated and advanced by Locke and further developed by Parfit, rightly captures the essence of personal identity through the persistence of overlapping chains of memory, personality, and intention, rather than through any physical substrate. This perspective is best illustrated through the famous brain-transplant thought experiment, where it becomes intuitively clear that personal identity follows the brain and its associated mental faculties, regardless of whether they continue within the original body or a new one. The thought experiment reveals that if one's memories, personality, and intentions are maintained, the individual remains essentially the same person, even if their body undergoes dramatic change. Thus, what matters most in determining personal identity is not the material continuity of the physical body but the continuity of the mental traits that define a person.

Contrastingly, the biological continuity view, which posits that personal identity is grounded in the continuity of a biological organism, fails to fully capture the normative significance of personal identity. What underpins our prudential concerns about our future selves and our sense of moral responsibility for past actions is not simply the biological continuity of an organism but the psychological connectedness that connects us with our past and future selves. This psychological connection, rather than mere biological continuity, is what gives rise to our prudential interests in maintaining certain aspects of our identity over time and our capacity to be held morally responsible for actions we have performed. Irreversible vegetative states, where the individual lacks the psychological capacities that constitute personal identity, demonstrate that biological continuity alone is insufficient to ground such connections and moral responsibilities. Therefore, the psychological continuity view provides a more robust account of what makes personal identity matter in both prudential and moral contexts.

Moreover, Parfit's reductionist account of identity as consisting exclusively in and reducible to psychological continuity and connectedness offers a preferable framework over non-reductionist accounts. His approach effectively dissolves the apparent paradoxes that arise in cases of fission, where one consciousness splits into two, or gradual psychological replacement, where a person's mental traits change over time. Non-reductionist theories often generate arbitrary and inconsistent verdicts in these scenarios, suggesting that identity may persist in ways that seem disconnected from psychological continuity, thus undermining the coherence of the concept of identity itself. In contrast, Parfit's reductionism provides a unified and coherent account of identity that maintains its integrity across various scenarios without resorting to ad hoc stipulations. By reducing identity to psychological continuity and connectedness, Parfit's theory not only preserves the intuitive understanding of personal identity but also resolves the paradoxes faced by non-reductionist approaches, thereby offering a more satisfactory explanation of what personal identity truly entails."
H12,prose,Hard,Qwen,unsloth/Qwen2.5-7B-Instruct-bnb-4bit,2,2000,538,0,458,"The indispensability argument is a powerful rationale for the objectivity of mathematical entities. It posits that since mathematical objects play an indispensable role in our best scientific theories, which have been empirically validated, there is a strong case for their existence as objective features of reality. Just as a scientific realist would accept the reality of entities like electrons because they are indispensable to our theories about matter and have led to successful predictions, there should be no principled reason to reject the existence of mathematical objects due to their indispensability in theories involving number, sets, or functions. If we can accept the objective status of electrons based on their role in our theories, then the same logic applies to numbers and sets, as they are equally essential to our best scientific explanations.

Moreover, the experience of mathematicians themselves provides compelling evidence for the objectivity of mathematical structures. Mathematicians often report encountering unexpected theorems, suggesting that they discover something rather than invent it. This phenomenon, known as the phenomenology of mathematical discovery, reveals a sense of uncovering pre-existing truths rather than creating them from scratch. When mathematicians correct failed proofs through necessity rather than convention, it indicates that mathematical truths have a kind of self-evident correctness that is independent of human preferences or societal norms. Furthermore, the surprising connections between independently developed branches of mathematics suggest a deep underlying unity and coherence to mathematical structures, akin to discovering a hidden network of veins in a leaf rather than inventing one at random. These phenomena align more closely with the idea that mathematicians explore a pre-existing and structured realm rather than inventing arbitrary formal systems.

Finally, attempts to nominalize mathematics—by eliminating mathematical objects in favor of physical inscriptions or mental constructions—face significant challenges. Nominalist approaches either fail to capture the full expressive power of standard mathematical language or become circular in their definitions. For instance, if one tries to reduce mathematics to physical inscriptions, such as symbols on paper or digital bits, this reduction cannot adequately represent the abstract and universal nature of mathematical concepts like infinity or the continuum. Attempting to construct these concepts within a purely physical framework often leads to either oversimplifications that lose crucial aspects of mathematical theory or to definitions that presuppose the very mathematical structures they aim to explain. Similarly, nominalist attempts to ground mathematics in mental constructs face the risk of circularity, as the very notion of mental construction relies on an understanding of mathematical properties and relationships that are being sought to be explained. Thus, while nominalist strategies may offer certain benefits or insights, they ultimately struggle to fully capture the rich, abstract, and universally applicable nature of mathematical truths, thereby reinforcing the case for the objective existence of mathematical objects."
H13,prose,Hard,Qwen,unsloth/Qwen2.5-7B-Instruct-bnb-4bit,2,2000,593,0,496,"The replication crisis in psychology underscores a deep-seated institutional and incentive-structural flaw rather than a simple failure of methodology. At its core, the proximate methodological failures—such as underpowered studies, p-hacking, HARKing (hypothesizing after the results are known), and selective outcome reporting—are not primarily the result of individual incompetence but are rational responses to a publication incentive structure that systematically rewards novel positive results while heavily penalizing replication attempts and null findings. Researchers, faced with the stark reality of high rejection rates for non-revolutionary findings and the pressure to secure funding through significant results, often feel compelled to adopt practices that maximize their chances of publishing. These practices, though unethical when taken to extremes, can be seen as reasonable strategies given the current academic environment where the primary metric of success is the number of publications with positive outcomes.

The peer review system, as it currently stands, fails to provide adequate verification of methodological adequacy. This is due to several key shortcomings within the system. Firstly, it does not mandate data sharing, pre-registration, or even basic transparency about the research process. As a result, the review process often remains superficial, focusing on abstracts and summaries rather than the underlying data and methods. Secondly, reviewers operate under strict time constraints, making it nearly impossible for them to thoroughly assess the robustness of statistical analyses or the validity of research designs. They cannot reliably detect the flexible analytical choices that significantly inflate false-positive rates because these choices often do not manifest in the final, published results but rather in the initial stages of data analysis. Thus, the system as it operates today cannot effectively prevent the very behaviors that contribute to the replication crisis.

Addressing the replication crisis requires substantial changes at both an individual and collective level, with field-level interventions being both necessary and potentially sufficient to reduce the false-positive rate. Mandating pre-registration and requiring open data access would ensure that studies are conducted according to a predetermined plan and that all data, regardless of the results, are made available for scrutiny. Registered reports, which allow peer review to occur before the study is conducted, can further enhance the integrity of the research process by aligning incentives with the production of high-quality science. Additionally, altering tenure and promotion criteria to prioritize replication efforts over the novelty of findings would signal a shift towards more rigorous scientific practices. However, the widespread adoption of such measures faces significant challenges due to what economists refer to as a ""coordination problem."" Individually, each researcher might rationally choose to continue using existing, albeit flawed, practices because they fear falling behind in the competitive academic market. The collective benefit of these reforms—namely, an increase in the reliability and reproducibility of psychological research—is not guaranteed unless everyone adopts them simultaneously. Without external enforcement from funding bodies or institutional policies that reward these practices, individual researchers cannot solve this puzzle alone, leading to a slow and perhaps incomplete transition towards more robust and reliable scientific practice."
E15,prose,Easy,Qwen,unsloth/Qwen2.5-7B-Instruct-bnb-4bit,2,2000,517,0,456,"Learning to play a musical instrument as an adult offers a wealth of benefits that extend far beyond the mere sounds produced. One of the most compelling advantages is the cognitive exercise it provides. As an adult, your brain has already developed to handle complex tasks, but playing an instrument introduces a new layer of challenge that can significantly boost your memory and hand coordination skills. The intricate movements required to play notes accurately and the mental effort needed to recall chord sequences or melodies engage both sides of the brain, fostering neural connections and enhancing overall cognitive function. This dual engagement helps in strengthening neural pathways, which can improve your ability to remember information and enhance fine motor skills. For instance, when you practice playing a piece, you must focus on each note, ensuring they fall precisely where they should. Over time, this precision improves your hand coordination, making everyday activities such as typing or handwriting easier and more efficient.

Another significant benefit of learning a musical instrument is the creative outlet it provides after a long day at work or school. In today's fast-paced environments, adults often find themselves juggling multiple responsibilities, which can lead to stress and burnout. Playing music serves as a therapeutic escape from these pressures. It allows you to express yourself freely without judgment, channeling emotions into the creation of something beautiful. Whether you're composing your own pieces or simply improvising, the act of creating music can be incredibly cathartic. Moreover, engaging with an instrument can be meditative, helping to calm the mind and reduce anxiety levels. As you sit down to play, the repetitive motions and focus on the present moment can help clear your thoughts, offering a much-needed break from the constant mental chatter of daily life.

Perhaps one of the most rewarding aspects of learning to play a musical instrument is the sense of progress it brings. Unlike many other skills, music offers a tangible path for improvement over time. Every time you sit down to practice, you're not just playing the same piece repeatedly; you're also working towards mastering it, line by line, measure by measure. This gradual progression can be incredibly motivating. As you start to see your efforts bear fruit – whether it's hitting a high note that seemed impossible before or noticing an improvement in your rhythm – it instills a sense of achievement and satisfaction. This incremental progress is particularly beneficial for those who may feel overwhelmed by more ambitious goals. By setting small, achievable targets within a piece, you can maintain motivation and build confidence. Each successful practice session contributes to a larger narrative of personal growth and accomplishment, making the journey to becoming a better musician all the more fulfilling."
E16,prose,Easy,Qwen,unsloth/Qwen2.5-7B-Instruct-bnb-4bit,2,2000,442,0,386,"Walking or biking for short trips transforms everyday life into a more economical, healthier, and enriching experience. By opting out of the car for journeys under five miles, individuals save significantly on fuel expenses. The daily commute from home to work or errands can easily be accomplished within this distance, allowing for a seamless switch to either mode of transport. Over time, these savings can accumulate, offering financial relief and reducing the strain on personal budgets. Additionally, the cost of parking is eliminated; garages and meters add up quickly in urban settings, and the stress of finding a spot diminishes entirely when you arrive with just your legs or bike. Not only does this save money, but it also removes the anxiety associated with navigating city centers where parking spaces are few and far between.

Moreover, incorporating physical activity into one’s daily routine through walking or biking provides an effortless way to enhance overall health without the need for dedicated workout sessions. It’s remarkable how much exercise can be accumulated throughout the day simply by choosing these modes over driving. Daily activities like grocery shopping, visiting friends, or running errands become opportunities to stay fit and maintain cardiovascular health. This form of exercise is accessible to everyone, requiring no gym membership or special equipment beyond comfortable shoes and perhaps a bicycle. It integrates seamlessly into the flow of life, making it easier to maintain an active lifestyle and improve general well-being without the commitment of a traditional fitness routine.

Lastly, walking or biking opens up a new perspective on the local environment. As you move through your neighborhood or city at a slower pace, you notice details and nuances that might otherwise go unnoticed behind the wheel or even while rushing past them at a brisk walk. The scents, sounds, and visual elements of your surroundings come into sharper focus. This heightened awareness fosters a deeper connection with the place you live, encouraging a sense of belonging and fostering community engagement. Whether it's the chirping of birds, the murmur of passing conversations, or the vibrant colors of seasonal flowers, these small joys add layers of richness to your daily experiences. By slowing down and engaging with your immediate surroundings, you cultivate a more meaningful relationship with the space around you, enhancing both mental and emotional well-being."
E17,prose,Easy,Qwen,unsloth/Qwen2.5-7B-Instruct-bnb-4bit,2,2000,453,0,400,"Considering a weekend spent on a basic first aid course as a waste of time would be a significant oversight indeed. In a world where quick action can mean the difference between life and death, being equipped with the right skills can make all the difference. Whether it's a cut from an accident or a choking incident at home, having the ability to provide immediate assistance can prevent minor injuries from escalating into more serious conditions. This course not only teaches you how to stop bleeding, perform CPR, and handle burns but also empowers you to manage situations like allergic reactions and seizures with confidence. Each skill learned not only contributes to your personal safety but also to that of your loved ones and even strangers you might encounter.

Moreover, taking this course will instill in you a sense of calm during emergencies that can be incredibly valuable. Imagine finding yourself in a situation where someone needs immediate attention, perhaps a child who has fallen and is unconscious, or an elderly person who has fainted. The knowledge and skills you gain from this course will help you act swiftly and calmly, reducing panic and ensuring that you provide the best possible care. This newfound confidence can be invaluable not just for the individual you're helping but also for those around you who may see your actions and feel reassured, knowing that help is at hand. It’s a lesson in control under pressure, something that can benefit you far beyond just emergency situations—imagine how it might impact your response in other challenging scenarios, from workplace mishaps to natural disasters.

Lastly, the duration and cost of such a course are minimal compared to the value it provides. Most basic first aid courses last only a few hours, often fitting neatly into a weekend or even a weekday evening schedule. They are also relatively inexpensive, often costing less than a single meal out. This investment of time and money is hardly a luxury—it’s an essential tool for anyone wishing to live a safer and more responsible lifestyle. Not only does it offer practical benefits by equipping you with lifesaving skills, but it also fosters a sense of community and preparedness that can be crucial during times of crisis. In essence, the small commitment required for such a course reaps rewards that are immeasurable in terms of peace of mind and potential life-saving actions."
E18,prose,Easy,Qwen,unsloth/Qwen2.5-7B-Instruct-bnb-4bit,2,2000,360,0,308,"Growing a small herb or vegetable garden at home offers a myriad of rewards beyond merely providing fresh produce. Right outside one's doorstep, the air thickens with the scent of freshly picked basil or tomatoes, offering a direct and tangible link between effort and harvest—a simple yet profound connection that nourishes both body and soul. Tending to these plants becomes a delightful ritual, a daily pause from the relentless demands of modern life. As one waters the soil, prunes leaves, or gently moves seedlings into the sunlight, the world’s stresses seem to melt away, replaced by a sense of peace and accomplishment. This routine of care and observation serves as a gentle reminder that sometimes, the best results come not from immediate action but from consistent, patient effort.

Moreover, cultivating a garden instills a deep sense of patience and understanding of the natural world. Each day brings new changes, whether it is the steady growth of shoots through the soil, the vibrant colors of blossoms, or the gradual ripening of fruits. Witnessing these transformations firsthand fosters a deeper appreciation for the cycles of nature and the rhythms of life. It teaches that growth often happens slowly and quietly, sometimes almost imperceptibly, yet over time, the results can be astonishingly rewarding. This lesson in patience extends beyond gardening; it becomes a metaphor for personal development and perseverance, encouraging one to appreciate progress made over time rather than instant gratification.

In essence, a small herb or vegetable garden at home not only provides an abundance of fresh, nutritious produce but also offers a sanctuary from the chaos of everyday life and a classroom for learning about the delicate balance of nature. Through the act of nurturing life, one gains a richer understanding of both the natural world and the human spirit, making this activity a deeply rewarding and enriching hobby."
E19,prose,Easy,Qwen,unsloth/Qwen2.5-7B-Instruct-bnb-4bit,2,2000,371,0,323,"By meticulously writing down every task and appointment in a daily planner, one gains an unparalleled level of control over their life, ensuring not a single obligation is forgotten. This method creates a visual map of the day's activities, making it easy to see at a glance what needs attention. When everything is recorded, even the most minute details become part of a clear, organized system that keeps the mind from being overwhelmed. As a result, individuals find themselves less anxious about potential oversights, as each task is accounted for and the planner acts like a safety net against the common pitfalls of memory lapses.

Moreover, the act of writing down tasks and appointments serves as a powerful mental decluttering mechanism, effectively clearing the mind of burdensome thoughts and worries. As each item is committed to paper, it loses its weight in one’s consciousness, allowing for a sense of release and peace. This process not only reduces stress but also promotes a state of calm where the individual can focus on other aspects of life without the constant nagging of pending responsibilities. The planner becomes a sanctuary, a place where all concerns are laid out and acknowledged, thereby freeing the mind to enjoy relaxation and peace of mind.

Additionally, the satisfaction derived from checking off completed tasks in the planner cannot be overstated. Each tick mark is a tangible reminder of progress made throughout the day, reinforcing a sense of accomplishment and achievement. This simple act of marking off items not only keeps one accountable but also provides a visual narrative of the day’s successes. It fosters a positive feedback loop where the more tasks that are completed, the more motivated one feels to continue, creating a virtuous cycle of productivity and fulfillment. Over time, this practice can significantly boost confidence and self-efficacy, as the planner gradually transforms from a mere tool of organization into a personal testament to one's capabilities and dedication."
E20,prose,Easy,Qwen,unsloth/Qwen2.5-7B-Instruct-bnb-4bit,2,2000,535,0,476,"In the quiet hum of a room filled with laughter and conversation, board games offer a delightful tapestry of shared moments that cannot be replicated by digital entertainment alone. The act of gathering around a table with loved ones transforms the space into a vibrant hub of interaction where every turn of the dice or slide of the game piece sparks discussion, laughter, and genuine connection. It is here that the walls of isolation begin to crumble, replaced instead by a warm embrace of collective effort and shared victory, or perhaps, the resilience found in facing defeat gracefully. This is not just about the rules and strategies of the game but about the relationships that grow stronger with each round played. As players discuss their moves and debate tactics, they also share personal stories, dreams, and fears, creating bonds that can withstand even the most challenging of game scenarios.

Moreover, board games serve as an excellent lesson in the art of good sportsmanship, a skill vital for navigating life's challenges with grace and humility. In these games, the lines between winners and losers become blurred as much as they are emphasized, teaching participants the invaluable lessons of fair play, acceptance of outcomes, and the ability to bounce back from setbacks. Whether it’s a game of chess where patience and foresight are key, or a quick card game where timing and luck intersect, every turn presents an opportunity to learn how to lose with dignity and how to win without arrogance. These lessons resonate beyond the gaming table, fostering a sense of community and mutual respect that enriches our social fabric. By embodying these values through play, we not only entertain ourselves but also nurture a more compassionate and understanding society.

Lastly, the cost-effectiveness of board games makes them an enduring form of entertainment that provides endless hours of joy for families and friends. Unlike electronic devices that require constant upgrades and subscriptions, board games offer a timeless experience that can be enjoyed over and over again. With each new game purchased or borrowed, there is the potential for a fresh set of experiences and memories to be made. The investment in a quality board game becomes a treasure trove of shared moments, allowing for multiple generations to come together and enjoy a game that holds memories from childhood right through to adulthood. Whether it’s a nostalgic revisit to a game from your own youth or discovering a new favorite among friends, the replayability of these games ensures that the time spent together remains cherished and relevant, providing a simple yet profound way to reconnect and create lasting bonds. Thus, beyond the immediate fun and excitement, board games offer a deep reservoir of value that extends far beyond the initial purchase, making them an incredibly worthwhile pastime that keeps the spirit of play alive in every home."
E21,prose,Easy,Qwen,unsloth/Qwen2.5-7B-Instruct-bnb-4bit,2,2000,502,0,429,"Learning to swim is an essential skill that enhances safety and enjoyment in various aquatic environments. Firstly, swimming provides a critical safety net when one finds themselves in or near water, whether at a pool, lake, or the ocean. In such settings, being able to swim can be a life-saving skill. For instance, in a pool setting where accidents can occur due to slippery surfaces or malfunctioning equipment, knowing how to swim ensures that if someone does fall into the water, they can either float until help arrives or manage to reach safety. Similarly, at natural bodies of water like lakes and oceans, where currents and tides can be unpredictable and dangerous, swimmers have a better chance of survival in case of an emergency such as a drowning incident or being caught in a strong current. This skill significantly reduces the risk of fatal accidents, making it a vital ability for everyone to possess.

Secondly, swimming is an excellent form of exercise that benefits the body in multiple ways without placing undue stress on the joints. Unlike high-impact activities such as running or jumping, swimming works every muscle in the body while keeping the joints in a more relaxed position. This makes it particularly suitable for individuals with joint issues or those who seek low-impact workouts. The buoyancy of water supports the body, reducing the strain on the skeletal system, which means that even people with arthritis or chronic pain can participate in swimming without exacerbating their conditions. Moreover, swimming involves coordinated movements that engage both upper and lower body muscles, providing a comprehensive workout that can improve cardiovascular health, strengthen muscles, and increase flexibility. These benefits make swimming a versatile and accessible form of exercise for people of all ages and fitness levels.

Lastly, learning to swim opens up a world of recreational activities and adventures. Snorkeling, scuba diving, and water sports like surfing, kayaking, and paddleboarding require swimming skills to fully enjoy and participate in safely. For example, snorkeling allows individuals to explore underwater marine life and scenery directly from the surface without the need for complex diving equipment, making it accessible to many people. Scuba diving, while requiring additional training, offers an unparalleled view of the ocean's depths and the creatures that inhabit them. Additionally, water sports such as surfing or paddleboarding not only provide fun and exhilarating experiences but also offer a way to stay active and connected with nature. By mastering basic swimming techniques, anyone can unlock these activities, enhancing their physical and mental well-being through water-based activities that are both enjoyable and rewarding."
M14,prose,Medium,Qwen,unsloth/Qwen2.5-7B-Instruct-bnb-4bit,2,2000,415,0,361,"Routine preventive maintenance of buildings and equipment is indeed more cost-effective than reacting to failures post-facto. Scheduled inspections play a crucial role in identifying and addressing minor issues before they can grow into significant, potentially catastrophic problems. Over time, these small defects—like a loose bolt, a worn bearing, or a slight crack in a structure—can compound and eventually lead to complete failure, requiring extensive and often costly repairs. By catching these issues early through regular checks, maintenance teams can replace or repair components at a fraction of the cost and without the need for emergency, often more expensive services or materials.

Furthermore, planned maintenance schedules prevent the kind of unplanned downtime that comes with sudden breakdowns. When machinery or structures fail unexpectedly, operations must halt immediately, leading to lost productivity and revenue. This lost output can be substantial, especially in industries where production lines operate continuously. By maintaining a consistent schedule of checks and necessary repairs, businesses can ensure that their systems remain operational, thus avoiding the financial hit of having to stop work to fix something that could have been taken care of during a routine inspection. In addition, the predictability of scheduled maintenance means that companies can better plan around potential down time, perhaps by scheduling such work during off-peak hours or when other tasks can compensate for the reduced capacity.

Lastly, well-maintained assets have a significantly longer lifespan compared to those that experience frequent breakdowns and subsequent repairs. The capital cost of an asset is spread out over its extended useful life rather than concentrated in a shorter period due to repeated repairs or replacements. This longevity not only reduces the immediate costs but also lowers the long-term expense of continually purchasing new equipment. Moreover, the reliability of consistently maintained assets allows for better planning and budgeting, as the future needs are more predictable and stable. Companies can invest in maintenance knowing it will pay off in the form of prolonged operational efficiency and fewer financial surprises related to unexpected equipment failures. Thus, the cumulative benefits of routine preventive maintenance far outweigh the initial investment required, making it a sound financial strategy for maintaining both buildings and equipment."
M15,prose,Medium,Qwen,unsloth/Qwen2.5-7B-Instruct-bnb-4bit,2,2000,379,0,334,"Contributing to open-source software significantly benefits the organizations involved as it leverages the collective wisdom and resources of the community to spread the maintenance costs. Unlike proprietary software where the burden of development and bug fixing lies solely on the original creators or the company maintaining it, open-source projects distribute this responsibility among numerous contributors from around the world. This distribution not only lightens the financial load but also accelerates the pace of innovation and feature development. As more individuals join the project, they bring their unique perspectives and expertise, which can lead to more robust and scalable solutions over time.

Furthermore, the process of reviewing code in an open-source environment is inherently rigorous and transparent, making it a powerful tool for enhancing software quality and uncovering potential vulnerabilities early. Unlike closed systems where issues might remain hidden until they cause significant problems, open-source projects benefit from public scrutiny. Every line of code can be examined by anyone, ensuring that security flaws are identified and addressed promptly. This not only strengthens the overall security of the software but also builds trust with users who appreciate the transparency of the development process. Moreover, the continuous peer review process helps in maintaining high coding standards and fosters a culture of accountability and excellence within the project.

Finally, making substantial contributions to open-source projects serves as a powerful way to enhance an organization’s technical reputation and attract top talent. In today's competitive tech landscape, companies that actively engage in open-source communities are often viewed favorably by prospective employees who seek to work with cutting-edge technology and contribute to meaningful projects. By showcasing their involvement in such initiatives, organizations demonstrate their commitment to fostering a collaborative and innovative environment. This visibility can significantly boost an organization’s image among both current and future employees, positioning it as a leader in its field. Additionally, being recognized for such contributions can open up opportunities for collaboration with other leading entities in the industry, thereby expanding professional networks and accelerating technological advancements."
M16,prose,Medium,Qwen,unsloth/Qwen2.5-7B-Instruct-bnb-4bit,2,2000,394,0,341,"The standardized shipping container stands as one of the most economically consequential innovations of the twentieth century, fundamentally reshaping global trade and commerce. By sharply reducing the labor and time required to load and unload cargo at ports, this invention dramatically accelerated the pace of maritime transportation and logistics. Before containerization, each shipment had to be manually loaded and unloaded, often involving numerous workers and complex procedures. Containers transformed this arduous process into a streamlined operation where goods could be quickly moved from ship to shore using forklifts and cranes, significantly cutting down the time and manpower needed. This efficiency not only reduced operational costs but also freed up port facilities to handle more cargo in less time, thus enhancing overall throughput and capacity.

Furthermore, the common container size allowed goods to move seamlessly between ships, trains, and trucks without the need for repacking, fostering the development of integrated global supply chains. The uniformity of container dimensions meant that once a product was packed into a container, it remained in that form until delivery, eliminating the costly and time-consuming task of rehandling. This integration facilitated the movement of goods across different modes of transport, connecting distant markets and producers with ease. It enabled businesses to establish reliable supply networks that spanned continents, reducing the friction associated with international trade and allowing for the expansion of multinational corporations and globalized economies.

Lastly, sealed containers provided an additional layer of security and protection, significantly lowering insurance and handling costs. The ability to transport goods in a fully enclosed container greatly reduced the risk of theft, damage, and spoilage during transit. This not only lowered the need for expensive insurance policies but also minimized the potential for cargo claims due to mishandling. As a result, shippers and carriers could operate with greater confidence, knowing that their goods were safer and less likely to incur unexpected expenses. These cost savings were passed on to consumers and businesses alike, contributing to the overall economic growth and prosperity that accompanied the rise of the modern global economy."
M17,prose,Medium,Qwen,unsloth/Qwen2.5-7B-Instruct-bnb-4bit,2,2000,452,0,394,"Citizen science projects exemplify the power of collaboration between ordinary citizens and professional scientists, significantly enhancing the scope and depth of research outcomes. Volunteers play an essential role in collecting data across vast geographic areas and extended periods, often far beyond what professional teams might manage alone. For instance, long-term bird count initiatives like those conducted annually during the Christmas Bird Count in North America rely on the dedication and expertise of thousands of birdwatchers who contribute their observations. These citizen scientists provide critical baseline data on avian population trends, migration patterns, and even habitat use, contributing to our understanding of ecological changes over time and space. Such extensive coverage and sustained monitoring would be logistically challenging and costly for traditional research teams.

Moreover, the ability of online volunteers to rapidly process and categorize massive datasets through platforms such as Zooniverse showcases the efficiency gains citizen science can bring. In projects like classifying galaxy shapes from images captured by telescopes, the combined efforts of many volunteers surpass what could be achieved by a smaller research team working in the lab or field. This high-volume, fast-paced data analysis leverages the human eye's ability to discern subtle features and patterns that automated systems might miss, leading to more nuanced understandings of complex phenomena like galactic evolution and distribution. The speed at which this processing occurs not only accelerates scientific inquiry but also ensures that real-time data can inform decision-making processes in fields ranging from astronomy to conservation biology.

Perhaps one of the most profound impacts of citizen science lies in its capacity to improve public scientific literacy and understanding of the scientific method. By engaging people directly in the collection and classification of data, these projects demystify science, showing how evidence is gathered and analyzed. Participants in these initiatives often report increased curiosity about the natural world and greater appreciation for the collaborative nature of scientific discovery. As individuals become more scientifically literate, they are better equipped to critically evaluate scientific claims and participate in informed discussions about policy and environmental issues. This heightened engagement fosters a more scientifically informed society, where citizens can contribute to and understand the complex challenges we face, such as climate change and biodiversity loss. Thus, citizen science not only advances research but also plays a vital role in educating the public, bridging the gap between scientific knowledge and everyday life."
M18,prose,Medium,Qwen,unsloth/Qwen2.5-7B-Instruct-bnb-4bit,2,2000,486,0,424,"Structured code review is a critical practice that significantly enhances the quality of software developed within engineering teams. By catching defects early in the development cycle, reviewers ensure that issues are identified and addressed before the code reaches production, which greatly reduces the cost of fixing them. Imagine a scenario where a bug is discovered during the final phase of testing, just before going live. At this stage, the cost of fixing it can be substantial, involving extensive testing, potential rollback procedures, and possibly customer impact. In contrast, if the same bug was caught during code review, the effort and expense would be minimal, as the code change would be small and localized, fitting easily into an engineer's schedule without disrupting ongoing work. This early intervention not only saves money but also minimizes the risk of the issue affecting end-users, thus maintaining higher service levels and user trust.

Moreover, structured code review facilitates the spread of knowledge throughout the team, reducing the reliance on individual experts who might leave or become overloaded with responsibilities. When developers review each other's work, they gain insights into different parts of the codebase, understand the rationale behind certain design choices, and learn about various techniques and patterns used across the project. This collective learning process ensures that no single person holds too much critical information and that the team can operate more smoothly even when key members are unavailable. Over time, this sharing of expertise leads to a deeper understanding of the system among all contributors, making the codebase more robust and adaptable to future changes or requirements. It fosters a culture of continuous improvement and shared responsibility, which are essential for long-term success in software development.

Regular code reviews also play a crucial role in enforcing consistent coding standards and practices. As engineers submit their code for review, they are guided towards adhering to established guidelines, whether related to style, structure, or performance optimizations. This consistency is vital for maintaining readability and maintainability of the codebase. For instance, having a uniform approach to naming conventions or structuring functions makes it easier for anyone on the team to understand and work with the code, reducing the cognitive load when someone needs to debug or extend an existing module. Additionally, regular reviews help in identifying areas where the standards need updating or clarification, ensuring that best practices evolve alongside the project’s growth. Thus, structured code review not only catches bugs early but also ensures that the software remains well-organized and easy to manage, contributing to its longevity and scalability."
M19,prose,Medium,Qwen,unsloth/Qwen2.5-7B-Instruct-bnb-4bit,2,2000,470,0,396,"In high-stakes professions like aviation and surgery, where a single mistake can lead to catastrophic outcomes, the implementation of written checklists has proven to be an indispensable tool in reducing preventable errors. These checklists serve as a safeguard against cognitive biases and lapses in memory that often arise under the pressure of high-stress situations or when individuals are fatigued. By breaking down complex procedures into a series of routine steps, checklists ensure that no crucial task is overlooked, no matter how familiar the task may seem to the practitioner. This is particularly important during times of crisis or when the usual mental routines are disrupted, helping to maintain a clear and methodical approach even when the stakes are at their highest.

Moreover, checklists revolutionize the way information is shared and verified within professional teams. They provide a standardized framework for communication, ensuring that each team member has a specific moment to contribute their insights and concerns without fear of interruption or dismissal. In the chaotic environment of an operating room or the emergency of a cockpit, clear and concise communication is paramount. Checklists facilitate this by giving everyone a role—whether it’s verifying patient identity, confirming the correct site for a procedure, or checking that all necessary equipment is present. This structured approach not only minimizes the risk of misunderstandings but also empowers each team member to play a proactive role in the outcome, fostering a culture of accountability and vigilance.

The efficacy of checklists in these fields is substantiated by empirical evidence from around the world. For instance, the World Health Organization's surgical safety checklist has been widely adopted and studied, with consistent findings showing a significant reduction in postoperative complications and mortality rates. In one landmark study involving over 19,000 surgeries across multiple countries, hospitals that implemented the checklist saw a 36 percent decrease in overall mortality, a 47 percent drop in major complications, and a 58 percent reduction in surgical site infections. These dramatic improvements underscore the critical role that checklists play in improving patient safety and operational efficiency. The systematic approach they enforce helps to catch potential errors early, allowing for timely interventions and preventing them from escalating into critical issues. Thus, the widespread adoption of checklists in aviation and surgery not only enhances individual performance but also strengthens team cohesion and overall system reliability, ultimately contributing to safer and more efficient practices."
M20,prose,Medium,Qwen,unsloth/Qwen2.5-7B-Instruct-bnb-4bit,2,2000,567,0,489,"The enhancements in weather forecasting over recent decades have significantly contributed to the economic prosperity of various sectors, particularly agriculture. With more precise and timely forecasts, farmers can now better time their planting, irrigation, and harvesting activities. Accurate predictions enable them to avoid the detrimental effects of unexpected weather conditions such as droughts or excessive rainfall, which can lead to crop failures or suboptimal yields. For instance, knowing when to plant can prevent crops from being sown too late for optimal growth, while precise forecasts on coming storms can guide when to irrigate, ensuring that water resources are used effectively without wastage. Moreover, knowing when to harvest can maximize yield and quality, reducing post-harvest losses due to spoilage or adverse weather. This improved planning not only enhances crop productivity but also stabilizes market prices by ensuring a steady supply of produce, thereby benefiting both producers and consumers.

Additionally, the advent of advanced weather forecasting has saved countless lives and properties during severe storms. The ability to predict the path and intensity of storms with greater accuracy allows for more effective evacuation plans and preparations. Communities living in areas prone to hurricanes, tornadoes, or floods can take necessary precautions, such as securing homes against high winds or moving to safer locations before a storm hits. These measures can dramatically reduce the damage to infrastructure and personal property, as well as minimize the number of casualties. For example, early warnings about an approaching hurricane can prompt coastal residents to evacuate inland, averting the catastrophic consequences that would otherwise result from a sudden and unprepared strike. Similarly, timely information about severe winter storms can help in the timely deployment of emergency services and supplies, thus mitigating the impact of such events.

Furthermore, the utilization of sophisticated weather forecasting models by industries such as airlines, shipping companies, and electricity grid operators has revolutionized operational efficiencies and cost management. Airlines can optimize their flight schedules by predicting weather patterns, avoiding delays caused by poor weather conditions. For instance, understanding when to schedule flights through high-pressure systems can prevent cancellations and delays, improving overall service reliability and customer satisfaction. Shipping companies can also plan more efficient routes based on weather forecasts, reducing fuel consumption and travel time. In the energy sector, accurate weather predictions are crucial for managing the supply and demand of electricity. Grid operators can anticipate peak energy usage during extreme weather events like heatwaves or cold snaps, allowing them to adjust power generation and distribution accordingly. This proactive approach minimizes the risk of blackouts and ensures a stable supply of electricity, which is essential for maintaining public safety and economic activity.

In summary, the advancements in weather forecasting have brought about substantial economic benefits across multiple industries. From enhancing agricultural productivity through better crop management, to saving lives and property during severe storms, and to improving operational efficiencies in transportation and energy sectors, the economic value of these improvements cannot be overstated."
H14,prose,Hard,Qwen,unsloth/Qwen2.5-7B-Instruct-bnb-4bit,2,2000,482,0,410,"The thesis that causation cannot be adequately analyzed as mere regular succession between types of events stands strong when one examines the limitations of regularity accounts. These accounts suggest that causation is simply a matter of observing repeated sequences where certain events regularly follow others, such as a barometer falling and a storm ensuing. However, this perspective fails to distinguish between genuine causal relationships and mere accidental or common-cause correlations. For instance, a falling barometer might be regularly followed by a storm, but this does not mean the barometer's fall causes the storm; rather, both might be caused by low-pressure systems moving into the area, making the barometer drop and a storm likely to occur. Regularity alone cannot identify which sequence truly represents causation, as it does not address the underlying mechanisms or the presence of confounding variables.

To overcome this limitation, interventionist accounts, notably developed by James Woodward, offer a more robust framework for understanding causation. These accounts propose that causation involves identifying dependencies that persist even when the potential cause is manipulated or intervened upon in an idealized sense. In contrast to merely observing regular co-occurrences, interventionists argue that a causal relationship exists if altering the supposed cause changes the outcome in question. For example, if we intervene by artificially increasing the barometer's reading and observe that the probability of a storm decreases, this would indicate that a falling barometer reading is not causally related to a storm. This approach ensures that causality is not confused with mere statistical associations or coincidental patterns.

Furthermore, interventionist accounts explain why randomized controlled experiments hold a unique epistemic privilege in establishing causality. Such experiments deliberately manipulate the putative cause while controlling for other variables, effectively simulating an ideal intervention. This design allows researchers to isolate the effect of the cause from other influences and observe whether the outcome changes as a direct result of the intervention. For instance, in a medical trial where a new drug is administered, random assignment helps ensure that the observed effects are due to the drug itself rather than pre-existing conditions or other treatments. The ability to control for and intervene on variables in this manner provides a means to establish causality that goes beyond mere observation of regularities. It is precisely because these experiments approximate the ideal intervention necessary to reveal true causal dependencies that they are considered the gold standard in empirical research, capable of providing reliable evidence about the causal impact of interventions."
H15,prose,Hard,Qwen,unsloth/Qwen2.5-7B-Instruct-bnb-4bit,2,2000,619,0,528,"The elucidation of biological functions demands a robust theoretical framework that not only captures the essence of why traits exist but also addresses the normative and objective aspects of functional attributions. Selected-effect accounts offer a compelling explanation for the normativity of function, elucidating why certain traits are considered functions and others are viewed as malfunctions. These accounts identify a trait’s function with the effect for which its ancestors were selected, thus providing a clear demarcation between functional and non-functional traits. In contrast, a purely dispositional analysis fails to account for this normativity; it can describe the current state of a trait but does not provide the necessary context to understand when a trait might be considered a malfunction. For instance, if a trait has no detrimental effect on an organism’s survival yet was selected due to its role in enhancing reproductive success, it would be considered a function according to the selected-effect account, even though it might not seem to serve a current adaptive purpose. This highlights how the selected-effect approach captures the historical and evolutionary rationale behind functional attributions, something a purely dispositional analysis lacks.

Furthermore, the challenge of distinguishing a trait’s function from its accidental effects poses another critical issue for causal-role analyses. Following Cummins, such accounts often rely on identifying roles a trait plays in an organism’s functioning, but this approach becomes problematic when traits have multiple roles. Without additional criteria to differentiate between essential and incidental effects, there is a risk of relativizing functional attributions to the specific explanatory interests of the investigator. This means that what is considered a function could vary based on the investigator’s goals or the particular aspect of an organism’s system they are focusing on, thereby undermining the objectivity of functional claims. For example, if an investigator focuses on a trait’s role in maintaining homeostasis but another researcher emphasizes its role in facilitating communication, the same trait might be seen as having different functions depending on the context. Thus, while causal-role analyses can provide valuable insights into the multifaceted roles of traits, they struggle to maintain the objectivity required for functional attributions, especially when faced with complex and overlapping functions.

Lastly, etiological accounts alone are uniquely equipped to vindicate the explanatory force of functional claims. By tracing a trait’s function back to its historical origins and the specific effect for which it was selected, these accounts provide a coherent and objective basis for understanding why a trait exists within an organism. Citing a trait’s selected effect directly addresses the historical question of why that trait is present, offering a clear and unambiguous explanation that goes beyond mere descriptions of current functional roles. This historical perspective not only justifies the presence of a trait but also provides a rationale for its persistence and adaptation over time. It answers the ""why"" question in a way that is independent of the current context or the investigator’s explanatory interests, ensuring that functional claims remain grounded in a stable and objective foundation. Thus, etiological accounts not only capture the historical dimension of functional attributions but also ensure their explanatory power by linking present-day observations to their evolutionary origins, thereby reinforcing their robustness and reliability."
H16,prose,Hard,Qwen,unsloth/Qwen2.5-7B-Instruct-bnb-4bit,2,2000,471,0,396,"In defending the thesis that knowledge acquired through testimony cannot be reduced to knowledge grounded in the hearer's own perception, memory, and inductive inference, we must first address the limitations of individual verification posited by Coady. No individual can feasibly assess the reliability of the vast array of sources upon which our everyday beliefs depend. This limitation extends beyond trivial matters to critical areas such as medical advice, historical events, and even many basic scientific facts. Given this, it becomes evident that a reductionist justification of testimony is practically unattainable because one cannot independently verify the credibility of most of these sources. This gap underscores the necessity of trusting the expertise and reliability of others, rather than relying solely on one's own sensory and cognitive capabilities.

Moreover, the developmental psychology of young children further reinforces the centrality of testimony in acquiring knowledge. Before they develop sophisticated cognitive skills including the capacity for inductive reasoning, young children are heavily reliant on the information provided by adults and caregivers. These early testimonial experiences form the foundation upon which more complex cognitive processes later build. The acquisition of such foundational knowledge through testimony demonstrates that the ability to understand and accept testimonial knowledge does not presuppose the possession of advanced inferential abilities. Instead, it highlights how testimonial knowledge can precede and enable the development of those very same inferential skills, suggesting that testimonial knowledge is a distinct and essential form of knowledge acquisition that does not rely on subsequent inductive inference.

Finally, the epistemological structure of contemporary scientific research, as analyzed by Jürgen Habermas and John Hardwig, illustrates the inherent reliance on testimonial trust. In the sciences, particularly in specialized fields where the experimental setup and data analysis can be extremely complex, individual scientists often cannot personally verify all aspects of their colleagues' work. They must trust the results reported by their peers based on the assumption that these colleagues have conducted rigorous and valid experiments. This trust in the community of experts is not merely an expedient necessity but a fundamental aspect of the epistemology of scientific knowledge. It is through this network of mutual trust and reliance on peer-reviewed testimony that scientific knowledge advances and gains acceptance. Thus, scientific knowledge, like much other knowledge acquired through testimony, rests on an irreducible foundation of trust in the reliability of others, without which the edifice of knowledge would collapse."
H17,prose,Hard,Qwen,unsloth/Qwen2.5-7B-Instruct-bnb-4bit,2,2000,569,0,479,"Idealized scientific models often contain elements that are known to be false, yet these models can still offer profound insights into the workings of natural phenomena. This is because such models aim to isolate the essential factors that influence a given phenomenon by purposefully omitting those that do not affect its core explanatory structure. For instance, when physicists study the motion of objects on a frictionless plane, they disregard the surface's resistance, focusing instead on the object's mass and the applied forces. This simplification allows them to understand the fundamental principles governing the object’s movement without the complicating effects of frictional forces. Similarly, models dealing with infinite populations in ecology or economics focus on the macroscopic trends and interactions within the system, ignoring individual variations that might not significantly impact the overall outcome. By stripping away extraneous details, these models enable scientists to discern the key mechanisms at play, thereby providing a clearer picture of the phenomenon under investigation.

Understanding, in this context, involves grasping the patterns of counterfactual dependence—how changes in one variable would affect another, were certain conditions altered. Idealized models excel in representing these relationships accurately, even if their literal assumptions are demonstrably false. In the case of frictionless planes, the model captures how different forces act on an object without the interference of friction, allowing researchers to comprehend the underlying physics. When studying population dynamics, an infinite model can highlight the growth or decline patterns without the variability introduced by finite numbers, enabling deeper insights into the broader ecological principles at work. These models thus facilitate the identification of robust patterns that hold true across various scenarios, despite their simplifying assumptions. Consequently, the accurate representation of these counterfactual dependencies is what grants these models their explanatory power, regardless of their literal truthfulness.

Lastly, minimal-model explanations, as elucidated by Roger B. C. Batterman, demonstrate how idealized models can account for universal behaviors across a wide range of systems by abstracting away from the specific, often idiosyncratic, details that differentiate these systems. For example, when examining the dynamics of phase transitions, a minimal model might focus on the critical temperature and pressure rather than the molecular composition of the substance. This approach ensures that the model remains applicable to a broad spectrum of materials, each with its own unique microscopic properties. The omission of these microscopic specifics means that the model can capture the universal aspects of phase transitions, such as the critical exponents and scaling laws, which hold true irrespective of the material involved. In this way, minimal models provide a powerful tool for identifying and explaining the fundamental behaviors that govern a wide array of systems, making them invaluable in theoretical physics and beyond. Thus, by omitting the microscopic differences that are irrelevant to the overarching patterns, idealized models achieve their explanatory efficacy, allowing for a deeper and more general understanding of the natural world."
H18,prose,Hard,Qwen,unsloth/Qwen2.5-7B-Instruct-bnb-4bit,2,2000,420,0,350,"Ryle's regress argument powerfully illuminates the irreducibility of practical knowledge to propositional knowledge by demonstrating that if every intelligent action were dependent on first considering a proposition, then applying that proposition would necessitate yet another proposition about the application of the first, leading to an endless chain of propositions. This regress arises because each new proposition must be understood before it can be applied, and thus requires its own set of propositions to be known, ad infinitum. This infinite series of propositions, each built upon the previous one, cannot be practically managed or applied without contradiction or inefficiency, thereby revealing the limitations of relying solely on propositional knowledge for complex actions.

Skilled performance, unlike the application of propositional knowledge, is deeply embedded in context and requires a form of responsiveness that transcends mere articulable propositions. A skilled pianist, for example, does not need to explicitly recall the theory of music when playing a piece with virtuosity; instead, their performance emerges from an intuitive understanding of timing, dynamics, and expression that is better described as a felt sense rather than a set of propositions. This context-sensitive responsiveness allows for a level of nuance and adaptability that cannot be fully captured by a finite set of propositions, making it an essential component of practical knowledge that goes beyond the propositional.

Neuropsychological evidence further supports the distinction between practical and propositional knowledge through cases like amnesic patients who acquire new motor skills without retaining any explicit memory of practicing them. These findings suggest that practical knowledge can exist independently of propositional awareness. For instance, a patient might learn to ride a bicycle through repeated practice, developing a robust, unconscious skill set that enables proficient riding despite a complete lack of conscious recollection of the learning process. Such dissociations indicate that practical knowledge operates on a different cognitive plane than propositional knowledge, functioning through implicit processes that can operate without the necessity of conscious propositional understanding or memory. Thus, the existence of practical knowledge that can develop and function without corresponding propositional knowledge underscores the distinctiveness and irreducibility of practical knowledge in human cognition."
H19,prose,Hard,Qwen,unsloth/Qwen2.5-7B-Instruct-bnb-4bit,2,2000,505,0,423,"The insurance hypothesis posits that within an ecosystem, the presence of a diverse array of species provides a broader range of responses to environmental fluctuations. Species exhibit unique and varied tolerances to changes in temperature, precipitation, and other conditions, allowing some members of the community to persist while others may struggle or fail. This diversity acts as an insurance policy for the overall productivity of the system; as one species might falter under harsh conditions, another can step in and continue its role, ensuring that the aggregate productivity of the community remains relatively stable. Consequently, ecosystems with higher biodiversity tend to be more resilient to short-term perturbations and longer-term changes brought about by climate shifts or other stressors.

Functional redundancy, another key concept in understanding the impact of biodiversity on ecosystem stability, describes how multiple species often perform similar ecological functions within the same habitat. For instance, in a forest, different bird species might all contribute to seed dispersal, and if one species declines, others can take over its role without a significant disruption to the ecosystem's processes. This redundancy acts as a protective buffer against the loss of any single species, preventing the collapse of essential functions such as nutrient cycling, pollination, or predation. As species are lost from the community due to various pressures including habitat destruction or climate change, this buffer begins to diminish, leaving fewer species to support the same functions, thereby increasing the vulnerability of the remaining species and the ecosystem as a whole.

The loss of keystone species can have far-reaching and cascading effects on entire communities, illustrating the critical role these species play in maintaining the structure and function of ecosystems. A classic example involves the role of sea otters in kelp forest ecosystems. Sea otters feed on sea urchins, controlling their population sizes and preventing them from overgrazing and destroying kelp forests. When sea otters were hunted nearly to extinction, sea urchin populations exploded, leading to the near-complete destruction of kelp forests. The removal of sea otters thus triggered a trophic cascade, with the consequences rippling throughout the ecosystem. Similarly, the decline of wolves in Yellowstone National Park led to a surge in elk numbers, which in turn caused overbrowsing of vegetation, altering stream flow patterns and soil composition, and affecting a wide range of other species. These examples highlight how the extinction or significant decline of a single keystone species can initiate a series of events that fundamentally alter the nature of an ecosystem, underscoring the profound and often unpredictable impacts of biodiversity loss."
S1,short,Easy,Qwen,unsloth/Qwen2.5-7B-Instruct-bnb-4bit,2,2000,52,0,45,"During the daytime, the sky appears blue because the Earth's atmosphere scatters sunlight in all directions, and blue light is scattered more than other colors because it travels as shorter, smaller waves. This is why we see the sky as blue when we look up."
S2,short,Easy,Qwen,unsloth/Qwen2.5-7B-Instruct-bnb-4bit,2,2000,48,0,43,"Ice floats on liquid water because it is less dense than liquid water. When water freezes, its molecules form a crystalline structure that creates more space between them, reducing the overall density and making ice less dense than the liquid state of water."
S3,short,Easy,Qwen,unsloth/Qwen2.5-7B-Instruct-bnb-4bit,2,2000,46,0,38,"A rainbow forms when light from the sun is refracted, or bent, and then reflected inside water droplets in the air, dispersing the light into its spectrum of colors before it exits the droplets as a colorful arc."
S4,short,Medium,Qwen,unsloth/Qwen2.5-7B-Instruct-bnb-4bit,2,2000,57,0,47,"Earth experiences seasons because of its axial tilt and the tilt's interaction with the sun as it orbits. As Earth rotates, its 23.5-degree tilt remains constant relative to its orbital plane, causing different parts of the planet to receive varying amounts of direct sunlight throughout the year."
S5,short,Medium,Qwen,unsloth/Qwen2.5-7B-Instruct-bnb-4bit,2,2000,74,0,66,"Ocean tides are primarily caused by the gravitational pull of the moon on the Earth and its water. As the Earth rotates, different parts of it face towards the moon, creating varying levels of gravitational attraction that cause the oceans to bulge on the sides facing both toward and away from the moon, leading to the rise and fall of sea levels we observe as tides."
S6,short,Easy,Qwen,unsloth/Qwen2.5-7B-Instruct-bnb-4bit,2,2000,52,0,45,"Bread dough rises because of the action of yeast, which consumes sugars in the dough and produces carbon dioxide gas as a byproduct. This gas gets trapped within the elastic structure of the dough, causing it to expand and become lighter and airier before baking."
S7,short,Medium,Qwen,unsloth/Qwen2.5-7B-Instruct-bnb-4bit,2,2000,45,0,41,"A black hole is an area in space where gravity pulls so much that even light cannot get out. It forms when a massive star collapses in on itself, creating a dense core from which nothing can escape, not even light."
S8,short,Medium,Qwen,unsloth/Qwen2.5-7B-Instruct-bnb-4bit,2,2000,50,0,47,"A metal spoon feels colder than a wooden spoon at room temperature because metals conduct heat away from your hand more quickly than wood does, making the metal spoon feel cooler to the touch. This is due to the difference in thermal conductivity between the two materials."
S9,short,Medium,Qwen,unsloth/Qwen2.5-7B-Instruct-bnb-4bit,2,2000,60,0,56,"A refrigerator keeps food cold by circulating a coolant that absorbs heat from the inside and expels it to the outside through a series of coils. This process is powered by a compressor that creates a continuous cycle of cooling, effectively lowering the temperature inside the fridge to prolong the freshness and safety of stored foods."
S10,short,Easy,Qwen,unsloth/Qwen2.5-7B-Instruct-bnb-4bit,2,2000,51,0,45,"Photosynthesis is a process through which plants convert sunlight into chemical energy, using it to produce glucose from carbon dioxide and water, while releasing oxygen as a byproduct. This process not only fuels the plant but also provides oxygen for animals and humans to breathe."
S11,short,Easy,Qwen,unsloth/Qwen2.5-7B-Instruct-bnb-4bit,2,2000,67,0,54,"In autumn, as the days grow shorter and the nights cooler, trees prepare for winter by stopping the production of chlorophyll, the green pigment that helps in photosynthesis. As this green pigment disappears, other colors that are usually masked by it, such as yellows and oranges, become visible, giving leaves their vibrant autumn hues."
S12,short,Easy,Qwen,unsloth/Qwen2.5-7B-Instruct-bnb-4bit,2,2000,60,0,49,"Weather refers to short-term atmospheric conditions in a specific location, such as temperature, precipitation, and humidity, which can change from day to day. Climate, on the other hand, describes the long-term average of these weather conditions over many years, giving an overall pattern of weather in a particular place."
S13,short,Easy,Qwen,unsloth/Qwen2.5-7B-Instruct-bnb-4bit,2,2000,53,0,45,"A magnetic compass works by aligning a small magnetized needle with the Earth's magnetic field. The needle floats freely and points towards the Earth's magnetic poles, typically with one end indicating north and the other south, allowing users to determine direction based on this alignment."
S14,short,Medium,Qwen,unsloth/Qwen2.5-7B-Instruct-bnb-4bit,2,2000,46,0,41,"In economics, inflation refers to the general increase in prices and fall in the purchasing value of money over time. Essentially, it means that each unit of currency buys less than it did before, as goods and services become more expensive."
S15,short,Easy,Qwen,unsloth/Qwen2.5-7B-Instruct-bnb-4bit,2,2000,64,0,51,"The Moon appears to go through phases because its position relative to the Sun changes as it orbits Earth. As it moves around our planet, different amounts of its illuminated side face us, creating the waxing and waning cycles we see as new moon, crescent, quarter moon, gibbous, and full moon."
S16,short,Easy,Qwen,unsloth/Qwen2.5-7B-Instruct-bnb-4bit,2,2000,49,0,44,"An algorithm is a set of instructions designed to perform a specific task or solve a particular problem, often used in computing to process data and produce output. Essentially, it's like a recipe that outlines a series of steps to achieve a desired result."
S17,short,Medium,Qwen,unsloth/Qwen2.5-7B-Instruct-bnb-4bit,2,2000,39,0,36,"Salt is spread on icy roads in winter to lower the freezing point of water, making ice melt and preventing new ice from forming. This helps keep roads safer for vehicles and drivers during winter months."
S18,short,Hard,Qwen,unsloth/Qwen2.5-7B-Instruct-bnb-4bit,2,2000,70,0,61,"An airplane wing generates lift through the shape of its curved upper surface and flat lower surface, which causes the air moving over the top to travel faster and create lower pressure than below, pushing the wing up due to the difference in pressure. This is known as the Bernoulli principle, combined with the wing's angle of attack and airfoil design."
S19,short,Medium,Qwen,unsloth/Qwen2.5-7B-Instruct-bnb-4bit,2,2000,43,0,39,"DNA acts as the cell's blueprint, carrying the genetic instructions used in the development and functioning of all known living organisms. These instructions are used to build proteins and other vital molecules that keep the cell alive and functioning."
S20,short,Hard,Qwen,unsloth/Qwen2.5-7B-Instruct-bnb-4bit,2,2000,37,0,34,"Water boils at a lower temperature at high altitudes because the atmospheric pressure is lower, which means it takes less heat for the water molecules to overcome the reduced pressure and turn into vapor."
C1,code,Easy,Llama,unsloth/Llama-3.1-8B-Instruct-bnb-4bit,2,2001,156,0,103,"```python
def is_palindrome(s: str) -> bool:
    """"""
    Returns True if the input string reads the same forwards and backwards
    after converting it to lowercase and removing every character that is not a letter or a digit.

    :param s: The input string to check for palindrome.
    :return: True if the string is a palindrome, False otherwise.
    """"""
    s = ''.join(c for c in s if c.isalnum()).lower()  # remove non-alphanumeric characters, convert to lowercase
    s = ''.join(c for c in s if c.isalnum())  # remove non-alphanumeric characters again (to ensure consistency)
    return s == s[::-1]  # check if string is equal to its reverse
```"
C2,code,Easy,Llama,unsloth/Llama-3.1-8B-Instruct-bnb-4bit,2,2001,371,0,233,"```python
def fizzbuzz(n: int) -> list[str]:
    """"""
    Returns a list of strings for the integers from 1 to n inclusive, 
    where multiples of both 3 and 5 are replaced by ""FizzBuzz"", 
    other multiples of 3 by ""Fizz"", other multiples of 5 by ""Buzz"", 
    and every other number by its decimal string.
    
    Args:
    n (int): The upper limit of the range (inclusive).
    
    Returns:
    list[str]: A list of strings representing the FizzBuzz sequence.
    """"""
    if n < 1:  # Return an empty list when n is less than 1
        return []
    
    result = []  # Initialize an empty list to store the results
    for i in range(1, n + 1):  # Iterate over the range from 1 to n (inclusive)
        if i % 3 == 0 and i % 5 == 0:  # Check if the number is a multiple of both 3 and 5
            result.append(""FizzBuzz"")  # Append ""FizzBuzz"" to the result list
        elif i % 3 == 0:  # Check if the number is a multiple of 3
            result.append(""Fizz"")  # Append ""Fizz"" to the result list
        elif i % 5 == 0:  # Check if the number is a multiple of 5
            result.append(""Buzz"")  # Append ""Buzz"" to the result list
        else:  # If the number is not a multiple of 3 or 5
            result.append(str(i))  # Append the decimal string of the number to the result list
    return result  # Return the result list
```"
C3,code,Easy,Llama,unsloth/Llama-3.1-8B-Instruct-bnb-4bit,2,2001,256,0,155,"```python
def sieve_primes(n: int) -> list[int]:
    """"""
    Returns all prime numbers less than or equal to n in increasing order using the Sieve of Eratosthenes.

    Args:
    n (int): The upper limit for prime numbers.

    Returns:
    list[int]: A list of prime numbers less than or equal to n in increasing order.
    """"""
    if n < 2:
        return []

    # Create a boolean array, prime, of size n+1
    prime = [True] * (n + 1)
    prime[0] = prime[1] = False  # 0 and 1 are not prime numbers

    # Iterate from 2 to sqrt(n)
    for p in range(2, int(n ** 0.5) + 1):
        # If p is a prime, mark as composite all the multiples of p
        if prime[p]:
            for i in range(p * p, n + 1, p):
                prime[i] = False

    # Return a list of all prime numbers in the range [2, n]
    return [p for p in range(2, n + 1) if prime[p]]
```"
C4,code,Easy,Llama,unsloth/Llama-3.1-8B-Instruct-bnb-4bit,2,2001,158,0,97,"```python
def second_largest(nums: list[int]) -> int | None:
    """"""
    Returns the second largest distinct value in the input list, or None if the list contains fewer than two distinct values.

    :param nums: A list of integers
    :return: The second largest distinct value, or None
    """"""
    # Remove duplicates by converting the list to a set
    distinct_nums = set(nums)
    
    # If there are fewer than two distinct values, return None
    if len(distinct_nums) < 2:
        return None
    
    # Remove the largest distinct value
    distinct_nums.remove(max(distinct_nums))
    
    # Return the largest distinct value, which is now the second largest
    return max(distinct_nums)
```"
C5,code,Easy,Llama,unsloth/Llama-3.1-8B-Instruct-bnb-4bit,2,2001,257,0,172,"```python
def run_length_encode(s: str) -> str:
    """"""
    Compresses a string by replacing each maximal run of a repeated character
    with the character followed by the length of the run.

    :param s: The input string to be compressed.
    :return: The compressed string.
    """"""
    if not s:  # If the string is empty, return the empty string.
        return """"

    result = """"  # Initialize the result string.
    count = 1  # Initialize the count of consecutive occurrences.
    prev_char = s[0]  # Store the first character.

    for char in s[1:]:  # Iterate over the string starting from the second character.
        if char == prev_char:  # If the current character is the same as the previous one.
            count += 1  # Increment the count.
        else:
            result += prev_char + str(count)  # Append the character and its count to the result.
            count = 1  # Reset the count.
            prev_char = char  # Update the previous character.

    result += prev_char + str(count)  # Append the last character and its count.
    return result  # Return the compressed string.
```"
C6,code,Easy,Llama,unsloth/Llama-3.1-8B-Instruct-bnb-4bit,2,2001,246,0,173,"```python
def valid_brackets(s: str) -> bool:
    """"""
    Returns True if every bracket in s is correctly matched and nested,
    considering the three bracket types (), [] and {}, and ignoring all other characters.
    """"""
    # Create a dictionary to map closing brackets to their corresponding opening ones
    bracket_map = {"")"": ""("", ""}"": ""{"", ""]"": ""[""}
    # Create a set of opening brackets for easy lookup
    open_brackets = set([""("", ""{"", ""[""])
    # Initialize a stack to store the opening brackets
    stack = []
    
    # Iterate over each character in the string
    for char in s:
        # If the character is an opening bracket, push it onto the stack
        if char in open_brackets:
            stack.append(char)
        # If the character is a closing bracket
        elif char in bracket_map:
            # If the stack is empty or the top of the stack does not match the current closing bracket
            if not stack or stack.pop() != bracket_map[char]:
                return False
    
    # After iterating over the entire string, if the stack is empty and all brackets were matched
    return not stack
```"
C7,code,Easy,Llama,unsloth/Llama-3.1-8B-Instruct-bnb-4bit,2,2001,176,0,111,"```python
def flatten(nested: list) -> list:
    """"""
    Flattens a list whose elements may be lists nested to any depth.

    Args:
        nested (list): The list to be flattened.

    Returns:
        list: A new flat list of all non-list elements in left-to-right order.
    """"""
    flat_list = []  # Initialize an empty list to store the flattened elements
    for element in nested:  # Iterate over each element in the nested list
        if isinstance(element, list):  # Check if the element is a list
            flat_list.extend(flatten(element))  # Recursively flatten the sublist and extend the flat list
        else:
            flat_list.append(element)  # If not a list, append the element to the flat list
    return flat_list  # Return the flattened list
```"
C8,code,Medium,Llama,unsloth/Llama-3.1-8B-Instruct-bnb-4bit,2,2001,322,0,201,"```python
def merge_intervals(intervals: list[tuple[int, int]]) -> list[tuple[int, int]]:
    """"""
    Merge closed intervals into the minimal list of merged intervals sorted by start.

    Args:
    intervals: A list of closed intervals (start, end) with start <= end.

    Returns:
    A list of merged intervals sorted by start. Intervals that overlap or touch at an endpoint are merged.
    """"""
    # Sort the intervals by start value; this is done to ensure that we're always comparing adjacent intervals
    intervals = [(x, y) for x, y in intervals]  # Convert to list of tuples
    intervals.sort(key=lambda x: x[0])  # Sort intervals by start value

    # Initialize the merged intervals list with the first interval
    merged = [intervals[0]]  # Start with the first interval

    # Iterate over the rest of the intervals
    for current in intervals[1:]:  # Skip the first interval
        # Get the last merged interval
        last = merged[-1]

        # Check if the current interval overlaps or touches the last merged interval
        if current[0] <= last[1]:  # If current starts <= last ends
            # Merge the current interval with the last merged interval
            merged[-1] = (last[0], max(last[1], current[1]))  # Update last merged interval
        else:
            # Add the current interval to the merged intervals list
            merged.append(current)

    return merged
```"
C9,code,Medium,Llama,unsloth/Llama-3.1-8B-Instruct-bnb-4bit,2,2001,178,0,98,"```python
def rotate_matrix(matrix: list[list[int]]) -> list[list[int]]:
    """"""
    Rotate a square matrix 90 degrees clockwise.

    Args:
        matrix (list[list[int]]): An n-by-n square matrix.

    Returns:
        list[list[int]]: A new matrix rotated 90 degrees clockwise.
    """"""
    # Check if the input matrix is empty
    if not matrix:
        return []

    # Get the size of the matrix (n)
    n = len(matrix)

    # Create a new n-by-n matrix filled with zeros
    new_matrix = [[0] * n for _ in range(n)]

    # Rotate the matrix 90 degrees clockwise
    for i in range(n):
        for j in range(n):
            new_matrix[j][n - 1 - i] = matrix[i][j]

    return new_matrix
```"
C10,code,Medium,Llama,unsloth/Llama-3.1-8B-Instruct-bnb-4bit,2,2001,264,0,150,"```python
import re
from collections import Counter
import string

def top_k_words(text: str, k: int) -> list[tuple[str, int]]:
    """"""
    Returns the k most frequent words in the given text as (word, count) pairs.

    Args:
    text (str): The input text.
    k (int): The number of most frequent words to return.

    Returns:
    list[tuple[str, int]]: A list of (word, count) pairs.
    """"""
    # Convert the text to lowercase and remove non-word characters except apostrophes
    text = re.sub(r'[^\w\']', '', text).lower()
    
    # Split the text into words (maximal runs of word characters)
    words = ''.join(c for c in text if c.isalpha() or c == ""'"").split()
    
    # Count the frequency of each word
    word_counts = Counter(words)
    
    # Sort the words by count descending and then alphabetically for ties
    sorted_word_counts = sorted(word_counts.items(), key=lambda x: (-x[1], x[0]))
    
    # Return the k most frequent words or all of them if there are fewer than k distinct words
    return sorted_word_counts[:k]
```"
C11,code,Medium,Llama,unsloth/Llama-3.1-8B-Instruct-bnb-4bit,2,2001,326,0,219,"```python
def leftmost_index(arr: list[int], target: int) -> int:
    """"""
    Returns the index of the first occurrence of `target` in the sorted list `arr`.
    If `target` is not present, returns -1. The function uses binary search.
    
    :param arr: A sorted list (non-decreasing order, possibly with duplicates)
    :param target: The target value to search for
    :return: The index of the first occurrence of `target` or -1 if not present
    """"""
    left, right = 0, len(arr) - 1  # Initialize search range
    
    while left <= right:  # Continue searching while range is non-empty
        mid = (left + right) // 2  # Calculate middle index
        # Check if mid is the first occurrence of target
        if arr[mid] == target and (mid == 0 or arr[mid - 1] != target):  # Check if mid is the first occurrence
            return mid  # Return mid as the index of the first occurrence
        # If target is present in the left half, move search range to the left half
        elif target <= arr[mid]:  
            right = mid - 1  # Move search range to the left half
        # If target is present in the right half, move search range to the right half
        else:  
            left = mid + 1  # Move search range to the right half
    
    return -1  # Return -1 if target is not present
```"
C12,code,Medium,Llama,unsloth/Llama-3.1-8B-Instruct-bnb-4bit,2,2001,330,0,172,"```python
def roman_to_int(s: str) -> int:
    """"""
    Converts a valid uppercase Roman numeral between 1 and 3999 into an integer.

    Args:
        s (str): A valid uppercase Roman numeral.

    Returns:
        int: The integer equivalent of the Roman numeral.

    Raises:
        ValueError: If the input is not a valid uppercase Roman numeral.
    """"""
    roman_numerals = {
        'I': 1, 'V': 5, 'X': 10, 'L': 50, 'C': 100, 'D': 500, 'M': 1000
    }
    subtractive_pairs = {
        'IV': 4, 'IX': 9, 'XL': 40, 'XC': 90, 'CD': 400, 'CM': 900
    }

    # Initialize the result as 0
    result = 0

    # Process the input string from left to right
    i = 0
    while i < len(s):
        # If the current numeral is part of a subtractive pair, subtract its value
        if s[i:i+2] in subtractive_pairs:
            result += subtractive_pairs[s[i:i+2]]
            # Skip the next character (the second digit of the pair)
            i += 2
        # Otherwise, add the value of the current numeral
        elif s[i] in roman_numerals:
            result += roman_numerals[s[i]]
        # Move to the next character
        i += 1

    return result
```"
C13,code,Medium,Llama,unsloth/Llama-3.1-8B-Instruct-bnb-4bit,2,2001,224,0,135,"```python
def max_subarray_sum(nums: list[int]) -> int:
    """"""
    Returns the largest sum of any non-empty contiguous subarray of `nums`.
    If all numbers are negative, return the largest single element.
    Raise ValueError if `nums` is empty.
    """"""
    if not nums:
        raise ValueError(""Input list is empty"")
    
    max_current = max_global = nums[0]
    
    # Initialize max_current and max_global to the first element
    # Iterate over the rest of the list
    for num in nums[1:]:  # Skip the first element
        # Update max_current to be the maximum of the current number and the sum of the current number and max_current
        max_current = max(num, max_current + num)
        
        # Update max_global to be the maximum of max_global and max_current
        max_global = max(max_global, max_current)
    
    # If all numbers are negative, return the largest single element
    if max_global < 0:
        return max(nums)
    
    return max_global
```"
C14,code,Medium,Llama,unsloth/Llama-3.1-8B-Instruct-bnb-4bit,2,2001,284,0,177,"```python
def moving_average(values: list[float], window: int) -> list[float]:
    """"""
    Returns the mean of every contiguous run of `window` values, in order.

    Args:
        values (list[float]): A list of floating-point numbers.
        window (int): The number of values to consider for the moving average.

    Returns:
        list[float]: A list of moving averages.

    Raises:
        ValueError: If `window` is less than 1.

    """"""
    if window < 1:
        raise ValueError(""Window size must be at least 1"")
    if window > len(values):
        return []

    result = []  # Store the moving averages
    window_sum = 0.0  # The sum of the current window values
    window_count = 0  # The count of values in the current window

    for value in values:
        # Add the current value to the window sum and increment the window count
        window_sum += value
        window_count += 1

        # If the window is full, calculate the average and add it to the result
        if window_count == window:
            result.append(window_sum / window)
            # Remove the oldest value from the window sum and decrement the window count
            window_sum -= values[window_count - window]
            window_count -= 1

    return result
```"
C15,code,Medium,Llama,unsloth/Llama-3.1-8B-Instruct-bnb-4bit,2,2001,393,0,254,"```python
def parse_duration(s: str) -> int:
    """"""
    Convert a duration string into a total number of seconds.

    Args:
    s (str): A duration string made of an optional hours part, an optional minutes part and an optional seconds part.

    Returns:
    int: The total number of seconds.

    Raises:
    ValueError: If the string is empty, contains any other characters, or lists the parts out of order.
    """"""

    # Check if the string is empty
    if not s:
        raise ValueError(""Duration string cannot be empty"")

    # Split the string into parts
    parts = s.split()

    # Check if the string contains any other characters
    for part in parts:
        if not part:
            raise ValueError(""Invalid character in duration string"")

    # Initialize variables to store the values of hours, minutes and seconds
    hours, minutes, seconds = 0, 0, 0

    # Iterate over the parts
    for part in parts:
        # Check if the part is valid
        if not part[-1] in ['h', 'm', 's']:
            raise ValueError(""Invalid part in duration string"")
        
        # Extract the value and unit from the part
        value, unit = int(part[:-1]), part[-1]
        
        # Check if the unit is valid
        if unit == 'h':
            hours = value
        elif unit == 'm':
            minutes = value
        elif unit == 's':
            seconds = value

    # Check if the parts are in the correct order
    if (hours and minutes) or (hours and seconds) or (minutes and seconds):
        raise ValueError(""Parts in duration string are in the wrong order"")

    # Calculate the total number of seconds
    total_seconds = hours * 3600 + minutes * 60 + seconds

    return total_seconds
```"
C16,code,Hard,Llama,unsloth/Llama-3.1-8B-Instruct-bnb-4bit,2,2001,395,0,236,"```python
def longest_common_subsequence(a: str, b: str) -> int:
    """"""
    Returns the length of the longest common subsequence of the strings a and b.

    Args:
        a (str): The first string.
        b (str): The second string.

    Returns:
        int: The length of the longest common subsequence.
    """"""
    m, n = len(a), len(b)
    # Create a 2D array to store lengths of common subsequences
    dp = [[0] * (n + 1) for _ in range(m + 1)]

    # Fill the first row and first column with 0's
    # This represents the empty string
    for i in range(m + 1):
        dp[i][0] = 0
    for j in range(n + 1):
        dp[0][j] = 0

    # Fill the rest of the 2D array
    for i in range(1, m + 1):
        for j in range(1, n + 1):
            # If the current characters in a and b are the same,
            # the length of the common subsequence is one more than
            # the length of the common subsequence without the current characters
            if a[i - 1] == b[j - 1]:
                dp[i][j] = dp[i - 1][j - 1] + 1
            # If the current characters are different, the length of the common subsequence
            # is the maximum length of the common subsequences without the current characters in a or b
            else:
                dp[i][j] = max(dp[i - 1][j], dp[i][j - 1])

    # The length of the longest common subsequence is stored in the bottom-right cell
    return dp[m][n]
```"
C17,code,Hard,Llama,unsloth/Llama-3.1-8B-Instruct-bnb-4bit,2,2001,442,0,256,"```python
def edit_distance(a: str, b: str) -> int:
    """"""
    Returns the Levenshtein distance between two strings, the minimum number of single-character insertions,
    deletions and substitutions needed to turn one string into the other.
    
    :param a: The first string.
    :param b: The second string.
    :return: The Levenshtein distance between a and b.
    """"""

    # Initialize a matrix to store the Levenshtein distances between substrings of a and b
    distances = [[0 for _ in range(len(b) + 1)] for _ in range(len(a) + 1)]

    # Initialize the first row and column of the matrix
    # The Levenshtein distance between an empty string and a non-empty string is the length of the non-empty string
    for i in range(len(a) + 1):
        distances[i][0] = i
    for j in range(len(b) + 1):
        distances[0][j] = j

    # Fill in the rest of the matrix
    for i in range(1, len(a) + 1):
        for j in range(1, len(b) + 1):
            # Calculate the cost of substitution (0 if the characters match, 1 if they don't)
            substitution_cost = 0 if a[i - 1] == b[j - 1] else 1
            # The Levenshtein distance is the minimum of the Levenshtein distances from the top, left, and top-left cells,
            # plus the cost of substitution (if the characters match) or the cost of insertion/deletion (if the characters don't match)
            distances[i][j] = min(distances[i - 1][j] + 1, distances[i][j - 1] + 1, distances[i - 1][j - 1] + substitution_cost)

    # The Levenshtein distance between a and b is stored in the bottom-right cell of the matrix
    return distances[len(a)][len(b)]
```"
C18,code,Hard,Llama,unsloth/Llama-3.1-8B-Instruct-bnb-4bit,2,2001,380,0,241,"```python
import heapq

def shortest_paths(graph: dict[str, list[tuple[str, int]]], source: str) -> dict[str, int]:
    """"""
    Returns a dictionary mapping every node reachable from `source` to the length of its shortest path.

    :param graph: A dictionary mapping each node to a list of (neighbor, weight) pairs with non-negative integer weights.
    :param source: The node to start the search from.
    :return: A dictionary mapping every node reachable from `source`, including `source` itself with distance 0, to the length of its shortest path.
    """"""

    # Initialize a dictionary to store the shortest distances, setting the distance to 0 for the source node
    distances = {node: float('inf') for node in graph}  # Initialize distances to infinity
    distances[source] = 0  # Set the distance to 0 for the source node

    # Initialize a priority queue with the source node
    pq = [(0, source)]  # Priority queue with the source node as the first element

    while pq:
        # Extract the node with the minimum distance from the priority queue
        (dist, current_node) = heapq.heappop(pq)

        # Skip nodes that have already been processed
        if dist > distances[current_node]:
            continue

        # Iterate over the neighbors of the current node
        for neighbor, weight in graph[current_node]:
            # Calculate the tentative distance to the neighbor
            tentative_dist = dist + weight

            # Update the shortest distance to the neighbor if the tentative distance is shorter
            if tentative_dist < distances[neighbor]:
                distances[neighbor] = tentative_dist
                # Add the neighbor to the priority queue
                heapq.heappush(pq, (tentative_dist, neighbor))

    return distances
```"
C19,code,Hard,Llama,unsloth/Llama-3.1-8B-Instruct-bnb-4bit,2,2001,350,0,199,"```python
from collections import defaultdict, deque

def topological_order(graph: dict[str, list[str]]) -> list[str]:
    """"""
    Returns a topological ordering of a directed graph.

    :param graph: A dictionary representing a directed graph where graph[u] lists the nodes v with an edge from u to v.
    :return: A list of nodes in a topological ordering.
    :raises ValueError: If the graph contains a cycle.
    """"""

    # Initialize the graph as a dictionary of adjacency lists
    adj_list = defaultdict(list)
    for u, v in graph.items():
        for neighbor in v:
            adj_list[u].append(neighbor)

    # Initialize the in-degree dictionary
    in_degree = {node: 0 for node in graph}
    for u in graph:
        for v in graph[u]:
            in_degree[v] += 1

    # Initialize a queue with nodes having in-degree 0
    queue = deque([node for node in in_degree if in_degree[node] == 0])

    # Initialize the result list
    result = []

    # Perform a topological sort
    while queue:
        node = queue.popleft()
        result.append(node)

        # Decrease the in-degree of all neighbors by 1
        for neighbor in adj_list[node]:
            in_degree[neighbor] -= 1

            # Add the neighbor to the queue if its in-degree becomes 0
            if in_degree[neighbor] == 0:
                queue.append(neighbor)

    # Check for cycles
    if len(result) != len(in_degree):
        raise ValueError(""Graph contains a cycle"")

    # Return the result
    return result
```"
C20,code,Hard,Llama,unsloth/Llama-3.1-8B-Instruct-bnb-4bit,2,2001,346,0,202,"```python
def count_n_queens(n: int) -> int:
    """"""
    Returns the number of ways to place n queens on an n-by-n chessboard so that no two queens share a row, column or diagonal.
    
    :param n: The number of queens to place on the chessboard.
    :return: The number of ways to place n queens.
    :raises ValueError: If n is a negative integer.
    """"""
    if n < 0:
        raise ValueError(""n must be a non-negative integer"")
    if n == 0:
        return 1
    
    def is_safe(board, row, col):
        # Check if the queen can be placed at position (row, col) without attacking any other queens.
        for r in range(row):
            for c in range(n):
                if board[r][c] == 1 and (r == row or c == col or abs(r - row) == abs(c - col)):
                    return False
        return True
    
    def place_queens(n, row, board):
        # Place queens on the board using backtracking.
        if row == n:
            return 1
        count = 0
        for col in range(n):
            if is_safe(board, row, col):
                board[row][col] = 1
                count += place_queens(n, row + 1, board)
                board[row][col] = 0  # Backtrack: reset the position if the placement does not lead to a solution.
        return count
    
    board = [[0] * n for _ in range(n)]
    return place_queens(n, 0, board)
```"
Q1,math,Easy,Llama,unsloth/Llama-3.1-8B-Instruct-bnb-4bit,2,2001,172,0,114,"To find the total amount Maria spends, we need to calculate the cost of the notebooks and the pens separately and then add them together.

First, let's find the total cost of the notebooks. Maria buys 4 notebooks at $3.00 each. So, the cost of the notebooks is 4 x $3.00 = $12.00.

Next, let's find the total cost of the pens. Maria buys 6 pens at $1.25 each. So, the cost of the pens is 6 x $1.25 = $7.50.

Now, we need to add the cost of the notebooks and the pens to find the total amount Maria spends. The total cost is $12.00 (notebooks) + $7.50 (pens) = $19.50.

Answer: $19.50"
Q2,math,Easy,Llama,unsloth/Llama-3.1-8B-Instruct-bnb-4bit,2,2001,195,0,148,"To find the total distance traveled by the train, we need to calculate the distance traveled in the first part of the journey and the distance traveled in the second part, then add these two distances together.

First, let's calculate the distance traveled in the first part of the journey. The train travels at 72 kilometers per hour for 2.5 hours. To find the distance traveled, we multiply the speed by the time: 72 kilometers/hour * 2.5 hours = 180 kilometers.

Next, let's calculate the distance traveled in the second part of the journey. The train travels at 90 kilometers per hour for 1.5 hours. To find the distance traveled, we multiply the speed by the time: 90 kilometers/hour * 1.5 hours = 135 kilometers.

Now, we add the two distances together to find the total distance traveled: 180 kilometers + 135 kilometers = 315 kilometers.

Answer: 315"
Q3,math,Easy,Llama,unsloth/Llama-3.1-8B-Instruct-bnb-4bit,2,2001,267,0,189,"To find the area of the rectangle, we need to determine its width and length first. 

Given that the length is 5 centimeters more than the width, let's assume the width is 'w'. Then, the length can be represented as 'w + 5'.

The perimeter of the rectangle is given as 46 centimeters. The formula for the perimeter of a rectangle is P = 2(length + width). We can substitute the expressions for length and width: P = 2(w + 5 + w).

Combine like terms: P = 2(2w + 5).

Simplify the equation: P = 4w + 10.

Since the perimeter is 46 centimeters, we can set up an equation: 4w + 10 = 46.

Subtract 10 from both sides: 4w = 36.

Divide both sides by 4: w = 9.

Now that we have the width, we can find the length: length = w + 5 = 9 + 5 = 14.

The area of a rectangle can be calculated using the formula: area = length * width. 

Substitute the length and width values: area = 14 * 9.

Calculate the product: area = 126.

Answer: 126"
Q4,math,Medium,Llama,unsloth/Llama-3.1-8B-Instruct-bnb-4bit,2,2001,763,0,562,"To find the sum of all integers from 1 to 200 inclusive that are divisible by 3 or by 5, we first need to find the number of integers divisible by 3 and the number of integers divisible by 5.

First, let's find the number of integers divisible by 3. The largest integer divisible by 3 is 198 (since 3 * 66 = 198). We can find the number of integers divisible by 3 by dividing 198 by 3 and rounding down to the nearest whole number. This gives us 66 integers divisible by 3.

Next, let's find the number of integers divisible by 5. The largest integer divisible by 5 is 200 (since 5 * 40 = 200). We can find the number of integers divisible by 5 by dividing 200 by 5. This gives us 40 integers divisible by 5.

However, we also need to consider the integers that are divisible by both 3 and 5, which are the multiples of 15. The largest integer divisible by 15 is 195 (since 15 * 13 = 195). We can find the number of integers divisible by 15 by dividing 195 by 15. This gives us 13 integers divisible by 15.

To find the total number of integers divisible by 3 or 5, we add the number of integers divisible by 3 and the number of integers divisible by 5, and then subtract the number of integers divisible by both 3 and 5 (to avoid double counting). This gives us a total of 66 + 40 - 13 = 93 integers.

Now that we have the total number of integers divisible by 3 or 5, we need to find the sum of these integers. The sum of the integers divisible by 3 is given by the formula: (3 * (66^2)) / 2. The sum of the integers divisible by 5 is given by the formula: (5 * (40^2)) / 2.

The sum of the integers divisible by 3 is (3 * (66^2)) / 2 = (3 * 4356) / 2 = 13068 / 2 = 6534.

The sum of the integers divisible by 5 is (5 * (40^2)) / 2 = (5 * 1600) / 2 = 8000 / 2 = 4000.

However, we also need to find the sum of the integers that are divisible by both 3 and 5, which are the multiples of 15. The sum of these integers is given by the formula: (15 * (13^2)) / 2. The sum of these integers is (15 * 169) / 2 = 2535 / 2 = 1267.5.

To find the total sum of all integers from 1 to 200 inclusive that are divisible by 3 or by 5, we add the sum of the integers divisible by 3 and the sum of the integers divisible by 5, and then add the sum of the integers divisible by both 3 and 5. This gives us a total sum of 6534 + 4000 + 1267.5 = 11801.5.

Since we can't have a fraction of an integer, we round the total sum to the nearest whole number. However, the problem asks for a specific format, which implies that we should provide the sum as an integer. The sum of all integers from 1 to 200 inclusive that are divisible by 3 or by 5 is therefore rounded to the nearest integer.

Answer: 11801"
Q5,math,Easy,Llama,unsloth/Llama-3.1-8B-Instruct-bnb-4bit,2,2001,239,0,173,"To find the final price of the shirt, we need to follow the steps of the discount and sales tax.

First, we need to calculate the price of the shirt after the 25 percent discount. To do this, we multiply the original price by the discount rate (25 percent or 0.25) to find the amount of the discount. 

The original price of the shirt is $40. 
The discount rate is 0.25.
The discount amount is $40 * 0.25 = $10.

Now, we subtract the discount amount from the original price to find the discounted price.
The discounted price is $40 - $10 = $30.

Next, we need to calculate the sales tax amount. To do this, we multiply the discounted price by the sales tax rate (8 percent or 0.08).

The sales tax rate is 0.08.
The sales tax amount is $30 * 0.08 = $2.40.

Finally, we add the sales tax amount to the discounted price to find the final price.

The final price is $30 + $2.40 = $32.40.

Answer: $32.40"
Q6,math,Medium,Llama,unsloth/Llama-3.1-8B-Instruct-bnb-4bit,2,2001,421,0,277,"To find the probability that the two numbers shown on the dice add up to 8, we need to consider the total number of possible outcomes when two dice are rolled, and then find the number of outcomes where the sum is 8.

When two dice are rolled, each die has 6 possible outcomes. Since there are two dice, the total number of possible outcomes is 6 * 6 = 36.

Now, let's count the number of outcomes where the sum is 8. The pairs of numbers that add up to 8 are: (1, 7), (2, 6), (3, 5), (4, 4), (5, 3), (6, 2), (7, 1). However, we can't have a 7 on a single die because the highest number on a die is 6. So, we exclude (1, 7) and (7, 1). 

This leaves us with 5 pairs of numbers: (2, 6), (3, 5), (4, 4), (5, 3), (6, 2). However, since each die has the same numbers on its faces, the pairs (2, 6), (3, 5), (5, 3), and (6, 2) are counted twice because they can be reversed, such as (6, 2) is the same as (2, 6), but (4, 4) is the same regardless of order.

So, the total number of outcomes where the sum is 8 is 5. 

The probability of an event happening is calculated by dividing the number of favorable outcomes by the total number of possible outcomes. In this case, the number of favorable outcomes is 5, and the total number of possible outcomes is 36.

Probability = (Number of favorable outcomes) / (Total number of possible outcomes)
Probability = 5 / 36
Probability ≈ 0.1389

Answer: 0.1389"
Q7,math,Medium,Llama,unsloth/Llama-3.1-8B-Instruct-bnb-4bit,2,2001,224,0,134,"To find the amount of money in the account after 3 years, we'll use the formula for compound interest: A = P(1 + r)^n, where A is the amount of money, P is the principal (initial deposit), r is the annual interest rate, and n is the number of years.

In this problem, P = $5,000, r = 4% or 0.04 as a decimal, and n = 3 years.

First, plug the values into the formula: A = 5000(1 + 0.04)^3

Next, calculate the value inside the parentheses: 1 + 0.04 = 1.04

Now, raise 1.04 to the power of 3: (1.04)^3 = 1.125984

Multiply the result by the principal: 5000 * 1.125984 = 5629.92

Rounded to the nearest cent, the amount of money in the account after 3 years is $5629.92.

Answer: $5629.92"
Q8,math,Medium,Llama,unsloth/Llama-3.1-8B-Instruct-bnb-4bit,2,2001,303,0,226,"To find the time it takes for Ana and Ben to paint the fence together, we first need to calculate their individual rates of work. 

Ana can paint a fence in 6 hours, so her rate of work is 1 fence / 6 hours. 

Ben can paint the same fence in 4 hours, so his rate of work is 1 fence / 4 hours.

When Ana and Ben work together, their combined rate of work is the sum of their individual rates. 

So, the combined rate is (1 fence / 6 hours) + (1 fence / 4 hours).

To add these fractions, we need to find a common denominator, which in this case is 12 hours. 

(1 fence / 6 hours) can be rewritten as (2 fences / 12 hours), and 
(1 fence / 4 hours) can be rewritten as (3 fences / 12 hours).

Now, adding these fractions: (2 fences / 12 hours) + (3 fences / 12 hours) = (5 fences / 12 hours).

This means that together, Ana and Ben can paint 5 fences in 12 hours.

To find the time it takes to paint 1 fence, we divide 12 hours by 5 fences. 

12 hours / 5 fences = 2.4 hours per fence.

Therefore, the time it takes for Ana and Ben to paint the fence together is 2.4 hours.

Answer: 2.4"
Q9,math,Easy,Llama,unsloth/Llama-3.1-8B-Instruct-bnb-4bit,2,2001,483,0,344,"To solve this problem, we need to calculate the number of combinations of 3 members from a group of 10. This is a classic example of a combination problem.

First, we need to understand what a combination is. A combination is a selection of items where the order of selection does not matter. In this case, we are selecting a committee of 3 members, and the order in which they are selected does not matter.

To calculate the number of combinations, we can use the formula for combinations: C(n, k) = n! / (k!(n-k)!), where n is the total number of items, k is the number of items being selected, and ! denotes the factorial function (for example, 5! = 5 × 4 × 3 × 2 × 1).

In this problem, we have a total of 10 members, and we want to select a committee of 3. So, we can plug these values into the formula: n = 10, k = 3.

First, we need to calculate the factorials involved in the formula. The factorial of a number n, denoted by n!, is the product of all positive integers less than or equal to n.

10! = 10 × 9 × 8 × 7 × 6 × 5 × 4 × 3 × 2 × 1
9! = 9 × 8 × 7 × 6 × 5 × 4 × 3 × 2 × 1
(10-3)! = (7!) = 7 × 6 × 5 × 4 × 3 × 2 × 1

Now, we can plug these values into the combination formula: C(10, 3) = 10! / (3! × (10-3)!)

We can simplify the expression by cancelling out the common factors in the numerator and the denominator. The 3! term will cancel out part of the 10! term.

C(10, 3) = (10 × 9 × 8) / (3 × 2 × 1)
= (720) / (6)
= 120

So, there are 120 different ways the club can choose a committee of 3 members, where the order of selection does not matter.

Answer: 120"
Q10,math,Medium,Llama,unsloth/Llama-3.1-8B-Instruct-bnb-4bit,2,2001,222,0,182,"To find out how many minutes it will take for the tank to be full, we need to calculate the net flow rate of water into the tank.

The water flows in at 30 liters per minute, and the leak drains it at 12 liters per minute. To find the net flow rate, we subtract the leak rate from the flow rate: 30 - 12 = 18 liters per minute.

This means that the tank is being filled at a net rate of 18 liters per minute.

We want to find out how many minutes it will take to fill the tank. The tank holds 1,200 liters, and it currently contains 300 liters. To find out how much water is needed to fill the tank, we subtract the current amount from the total capacity: 1,200 - 300 = 900 liters.

Now we divide the amount of water needed to fill the tank (900 liters) by the net flow rate (18 liters per minute) to find the time it will take to fill the tank: 900 / 18 = 50 minutes.

Answer: 50"
Q11,math,Easy,Llama,unsloth/Llama-3.1-8B-Instruct-bnb-4bit,2,2001,175,0,135,"To find the fifth number, we first need to find the total sum of the five numbers. Since the average of the five numbers is 18, we can multiply the average by the total count of numbers (which is 5) to get the total sum.

The total sum of the five numbers is 18 * 5 = 90.

Next, we need to find the sum of the four given numbers: 12, 15, 20, and 22. We can add these numbers together: 12 + 15 + 20 + 22 = 69.

Now, we can find the fifth number by subtracting the sum of the four given numbers from the total sum of the five numbers. This will give us the value of the fifth number.

The fifth number is 90 - 69 = 21.

Answer: 21."
Q12,math,Easy,Llama,unsloth/Llama-3.1-8B-Instruct-bnb-4bit,2,2001,204,0,138,"To find the 25th term of the arithmetic sequence, we first need to recall the formula for the nth term of an arithmetic sequence: a_n = a_1 + (n - 1) * d, where a_n is the nth term, a_1 is the first term, n is the term number, and d is the common difference.

Given that the first term a_1 is 7 and the common difference d is 4, we can plug these values into the formula.

We want to find the 25th term, so n is 25. Plugging these values into the formula, we get a_25 = 7 + (25 - 1) * 4.

First, simplify inside the parentheses: a_25 = 7 + 24 * 4.

Next, multiply 24 by 4: a_25 = 7 + 96.

Finally, add 7 and 96: a_25 = 103.

Answer: 103"
Q13,math,Medium,Llama,unsloth/Llama-3.1-8B-Instruct-bnb-4bit,2,2001,272,0,162,"To find the car's value after 2 years, we'll calculate its value at the end of each year.

Initially, the car costs $24,000.

At the end of the first year, the car loses 15% of its value. To find the value lost, we'll calculate 15% of $24,000:
15% of $24,000 = (15/100) * $24,000 = 0.15 * $24,000 = $3,600

Now, we'll subtract the value lost from the initial value:
Value at the end of the first year = $24,000 - $3,600 = $20,400

At the end of the second year, the car loses 15% of its value at the end of the first year ($20,400). To find the value lost, we'll calculate 15% of $20,400:
15% of $20,400 = (15/100) * $20,400 = 0.15 * $20,400 = $3,060

Now, we'll subtract the value lost from the value at the end of the first year:
Value at the end of the second year = $20,400 - $3,060 = $17,340

Therefore,
Answer: $17,340"
Q14,math,Medium,Llama,unsloth/Llama-3.1-8B-Instruct-bnb-4bit,2,2001,305,0,219,"To find the number of positive integers that divide 360 exactly, we need to find the prime factorization of 360. 

First, we break down 360 into its prime factors: 360 = 2 * 2 * 2 * 3 * 3 * 5, or 360 = 2^3 * 3^2 * 5^1.

Next, we use the prime factorization to find the total number of factors. We do this by adding 1 to the exponent of each prime factor, then multiplying these numbers together: (3 + 1) * (2 + 1) * (1 + 1) = 4 * 3 * 2 = 24.

This means that there are 24 positive integers that divide 360 exactly. However, this count includes the divisors 1 and 360 itself. To find the number of positive integers that divide 360 exactly, excluding these two, we subtract 2 from the total count: 24 - 2 = 22.

However, in this explanation I used the fact that we counted divisors from 1 to the number itself. If we were to count divisors from 2 to the number itself, we would have to subtract one from the count. In this explanation we counted divisors from 1 to the number itself. Since 1 is counted, we need to subtract 1 from the total count: 24 - 1 = 23.

Answer: 23"
Q15,math,Hard,Llama,unsloth/Llama-3.1-8B-Instruct-bnb-4bit,2,2001,900,1,704,"To solve this problem, we can use the concept of similar triangles. Let's break it down step by step:

1. Initially, the ladder forms a right triangle with the wall. The ladder is the hypotenuse (the longest side), and its length is 25 feet. The vertical leg of the triangle is the distance the ladder is from the ground, which is initially 7 feet. Let's call the horizontal leg (the distance the ladder's foot is from the wall) x. We can use the Pythagorean theorem to find the initial value of x:

x^2 + 7^2 = 25^2
x^2 + 49 = 625
x^2 = 576
x = √576 = 24

So, the ladder's foot is initially 24 feet away from the wall.

2. When the top of the ladder slides 4 feet down the wall, the new vertical leg becomes 7 - 4 = 3 feet (since the wall is now 4 feet higher than the original point).

3. Since the ladder's length remains the same (25 feet), we can again use the Pythagorean theorem to find the new distance the ladder's foot is from the wall (let's call this new distance y):

y^2 + 3^2 = 25^2
y^2 + 9 = 625
y^2 = 616
y = √616 ≈ 24.86

However, we must recognize that the change in the foot's distance from the wall is due to the change in the vertical height of the wall. To find this distance change, we need to look at the difference in distances before and after the ladder moves.

4. Initially, the distance the ladder's foot is from the wall is 24 feet. After the ladder moves, the distance is approximately 24.86 feet. However, this new distance is not what we are looking for, as it represents the actual position of the ladder's foot after moving. 

The change in the foot's distance from the wall can be determined by analyzing the relationship between the vertical and horizontal distances before and after the ladder moves. 

5. Since the initial vertical distance is 7 feet and the new vertical distance is 3 feet, we can set up a proportion to relate the initial horizontal distance to the new horizontal distance. The ratio of the initial horizontal distance to the initial vertical distance will be equal to the ratio of the new horizontal distance to the new vertical distance.

Initial ratio: 24/7 = new ratio: new horizontal distance / 3

Solving this proportion will provide the new horizontal distance. 

new horizontal distance = (24/7) * 3
new horizontal distance ≈ 10.29

Since the change in the horizontal distance (the distance the ladder's foot moves away from the wall) is what we're looking for, we need to subtract the new horizontal distance from the initial horizontal distance (24 feet):

Change in distance = 24 - 10.29 ≈ 13.71

However, we must realize that this answer represents the difference in distances after the ladder moves. To find the correct distance the ladder moves away from the wall, we need to consider the total change.

The correct change can be seen in the difference between the initial position (24 feet) and the new position (which we calculated as approximately 24.86 feet). However, to find the correct answer, we should compare the two positions to the original problem statement.

The problem asks how many feet the foot of the ladder moves away from the wall. So, we must compare the new horizontal distance (approximately 10.29 feet) to the original horizontal distance (24 feet), taking into account the actual movement of the ladder.

To provide the correct change in the distance the foot of the ladder moves away from the wall, we need to look at the difference between the two positions given in the problem statement.

The original problem states that the ladder is 25 feet long and leans against the wall with its foot 7 feet from the base of the wall. The top of the ladder slides 4 feet down the wall. 

By how many feet does the foot of the ladder move away from the wall? 

The ladder originally is 24 feet away from the wall. The new horizontal distance is approximately 10.29 feet. However, this represents the position after"
Q16,math,Hard,Llama,unsloth/Llama-3.1-8B-Instruct-bnb-4bit,2,2001,437,0,303,"To solve this problem, we'll use the concept of mixture problems and the idea that the amount of acid remains constant before and after mixing.

Let's start by identifying the given information:

- We have 10 liters of a 20% acid solution.
- We want to add a certain amount of a 60% acid solution to create a 40% acid solution.

We'll assume that x liters of the 60% acid solution will be added to the existing 10 liters of the 20% acid solution.

The amount of acid in the original 10 liters of 20% solution is 20% of 10 liters, which is 0.2 * 10 = 2 liters of acid.

Since we're creating a 40% acid solution, the total amount of acid in the final mixture will be 40% of the total volume of the final mixture, which is 10 + x liters.

We can set up an equation based on the fact that the amount of acid remains constant before and after mixing:

The amount of acid from the 60% solution (0.6x) plus the amount of acid from the original 20% solution (2 liters) should equal the amount of acid in the final 40% mixture (0.4(10 + x)).

So, the equation is: 0.6x + 2 = 0.4(10 + x)

Next, we'll simplify the equation by distributing the 0.4: 0.6x + 2 = 4 + 0.4x

Now, let's move all the x terms to one side and the constants to the other side to solve for x: 0.6x - 0.4x = 4 - 2

Combine like terms: 0.2x = 2

Now, divide both sides by 0.2 to isolate x: x = 10

Therefore, we need to add 10 liters of the 60% acid solution to the existing 10 liters of the 20% acid solution to create a 40% acid solution.

Answer: 10"
Q17,math,Medium,Llama,unsloth/Llama-3.1-8B-Instruct-bnb-4bit,2,2001,234,0,156,"To find when the three lighthouses will next flash together, we need to find the least common multiple (LCM) of the time intervals at which they flash. 

First, let's break down each time interval into its prime factors:
- 12 seconds: 2^2 * 3
- 18 seconds: 2 * 3^2
- 30 seconds: 2 * 3 * 5

To find the LCM, we need to include the highest power of each prime factor that appears in any of the factorizations. 
- For 2, the highest power is 2^2 (from 12 seconds).
- For 3, the highest power is 3^2 (from 18 seconds).
- For 5, we include it as it only appears in the factorization of 30 seconds.

So, the LCM is 2^2 * 3^2 * 5 = 4 * 9 * 5 = 180.

Therefore, the three lighthouses will next flash together 180 seconds after they all flash together at the same moment.

Answer: 180"
Q18,math,Medium,Llama,unsloth/Llama-3.1-8B-Instruct-bnb-4bit,2,2001,291,0,187,"To find the number of bacteria after 2 hours, we need to break down the problem into manageable steps.

Step 1: First, let's determine how many 20-minute intervals are there in 2 hours. There are 2 hours * 60 minutes / hour = 120 minutes in 2 hours. Now, divide the total minutes by the doubling interval: 120 minutes / 20 minutes per doubling = 6 doublings.

Step 2: Since the population doubles every 20 minutes, after 6 doublings, the population will increase significantly. Initially, there are 150 bacteria. 

Step 3: To find the final population, we need to calculate the number of bacteria after each doubling. 

- After 1st doubling (20 minutes): 150 * 2 = 300
- After 2nd doubling (40 minutes): 300 * 2 = 600
- After 3rd doubling (60 minutes): 600 * 2 = 1200
- After 4th doubling (80 minutes): 1200 * 2 = 2400
- After 5th doubling (100 minutes): 2400 * 2 = 4800
- After 6th doubling (120 minutes): 4800 * 2 = 9600

Step 4: The final population of bacteria after 2 hours is 9600.

Answer: 9600"
Q19,math,Hard,Llama,unsloth/Llama-3.1-8B-Instruct-bnb-4bit,2,2001,814,0,642,"To find the smaller angle between the hour hand and the minute hand, we need to calculate the position of each hand at 3:40.

First, we calculate the position of the hour hand. The hour hand moves 30 degrees per hour and 0.5 degrees per minute. At 3:40, the hour hand will be 3 hours and 40 minutes past the 3 o'clock position. We can calculate the total degrees moved by the hour hand:

3 hours * 30 degrees/hour = 90 degrees (for the 3 hours past the 3 o'clock position)
40 minutes * 0.5 degrees/minute = 20 degrees (for the 40 minutes past the 3 o'clock position)
Total degrees moved by the hour hand = 90 + 20 = 110 degrees

Now, the hour hand is 110 degrees past the 3 o'clock position. We need to find the total degrees in a circle (360 degrees) to determine the position of the hour hand as a fraction of the circle. Since 110 degrees is 110/360 of the circle, we can find the fraction of the circle the hour hand occupies.

Next, we calculate the position of the minute hand. The minute hand moves 360 degrees in 60 minutes, which is 6 degrees per minute. At 40 minutes, the minute hand will be:

40 minutes * 6 degrees/minute = 240 degrees

Now, we need to find the smaller angle between the hour hand and the minute hand. We can do this by finding the absolute value of the difference between the two angles.

The hour hand is 110 degrees past the 3 o'clock position, and the minute hand is 240 degrees past the 12 o'clock position. We can find the smaller angle by subtracting the hour hand angle from the minute hand angle:

240 - 110 = 130 degrees (this is the larger angle between the two hands)
Since we are looking for the smaller angle, we need to find the other angle in the triangle formed by the hour hand and the minute hand.

We can find the other angle by subtracting the larger angle from 360 degrees:

360 - 130 = 230 degrees (this is the smaller angle between the hour hand and the minute hand)

However, we are looking for the smaller angle formed by the hour hand and the minute hand, not the angle formed by the hour hand and the 12 o'clock position. Since the hour hand is 110 degrees past the 3 o'clock position, we can subtract this from 360 degrees to find the angle between the hour hand and the 12 o'clock position:

360 - 110 = 250 degrees (this is the larger angle between the hour hand and the 12 o'clock position)

Now, we can find the smaller angle between the hour hand and the 12 o'clock position by subtracting the larger angle from 360 degrees:

360 - 250 = 110 degrees (this is the smaller angle between the hour hand and the 12 o'clock position)

Since the minute hand is 240 degrees past the 12 o'clock position, we can find the angle between the minute hand and the 12 o'clock position:

240 (this is the larger angle between the minute hand and the 12 o'clock position)

Now, we can find the smaller angle between the minute hand and the 12 o'clock position by subtracting the larger angle from 360 degrees:

360 - 240 = 120 degrees (this is the smaller angle between the minute hand and the 12 o'clock position)

The smaller angle between the minute hand and the 12 o'clock position is the same as the angle between the hour hand and the 12 o'clock position, but in the opposite direction. Therefore, the smaller angle between the hour hand and the minute hand is the absolute value of the difference between the two angles:

|120 - 110| = |10| = 10

Answer: 10"
Q20,math,Hard,Llama,unsloth/Llama-3.1-8B-Instruct-bnb-4bit,2,2001,900,1,609,"To solve this problem, we first need to determine the total number of integers from 1 to 1000 inclusive. Since the problem is asking for integers from 1 to 1000, we will consider this range as the starting point.

There are 1000 integers in total from 1 to 1000 inclusive. However, we're interested in counting integers that contain at least one digit 7.

Let's first consider the opposite scenario: integers that do not contain any digit 7. To make this easier, we'll break this down into manageable parts. We can divide the range of numbers from 1 to 1000 into cases based on their lengths.

- Single-digit numbers (1-9): There are 9 single-digit numbers that do not contain the digit 7.
- Two-digit numbers: To count two-digit numbers without a 7, we'll consider the first digit and the second digit separately. For the tens place (first digit), we have 8 choices (1-6, 8-9). For the units place (second digit), we have 9 choices (0, 1, 2, 3, 4, 5, 6, 8, 9). This gives us 8 * 9 = 72 two-digit numbers that do not contain a 7.

Since we're considering the absence of the digit 7, we need to consider three and four-digit numbers as well.

- Three-digit numbers: To count three-digit numbers without a 7, we'll consider the first digit and the other two digits separately. For the hundreds place (first digit), we have 8 choices (1-6, 8-9). For the tens and units places (second and third digits), we have 9 choices each (0, 1, 2, 3, 4, 5, 6, 8, 9). This gives us 8 * 9 * 9 = 648 three-digit numbers that do not contain a 7.

- Four-digit numbers: For four-digit numbers, we have 8 choices for the first digit (1-6, 8-9) and 9 choices for each of the other three digits (0, 1, 2, 3, 4, 5, 6, 8, 9). This gives us 8 * 9 * 9 * 9 = 5832 four-digit numbers that do not contain a 7.

Now, we need to subtract the total number of numbers that do not contain a 7 from the total number of numbers from 1 to 1000.

Total numbers that do not contain a 7 = 9 (single-digit) + 72 (two-digit) + 648 (three-digit) + 5832 (four-digit) = 9 + 72 + 648 + 5832 = 6621.

However, we need to remember that this total also includes numbers that are not within our original range (1-1000). For single and two-digit numbers, we need to subtract the numbers that are outside our range.

Single-digit numbers that do not contain a 7 outside our range are (10-99, excluding 7): 0 single-digit numbers (10 is excluded because it's not in the 1-1000 range).

Two-digit numbers that do not contain a 7 outside our range are: 0 two-digit numbers (10 is excluded because it's not in the 1-1000 range).

Subtracting these numbers from the total, we get:
Total numbers that do not contain a 7 = 6621 - 0 (for single-digit) - 0 (for two-digit) = 6621.

However, we also need to remember that we are considering the absence of the digit 7, and we're only dealing with our original range (1-1000). Since the total number of numbers that do not contain a 7 is 6621, this includes all the numbers from 1 to 1000 that do not contain a 7.

Now, to find the number of integers from 1 to 1000 that do contain at least one digit 7, we can simply subtract the total number of numbers that do not contain a 7 from the total number of numbers in our range.

Total numbers from"
E1,prose,Easy,Llama,unsloth/Llama-3.1-8B-Instruct-bnb-4bit,2,2001,428,0,363,"Getting enough sleep each night has a profound impact on how well we function the next day, with significant effects on our cognitive abilities, emotional well-being, and physical energy. One of the most notable effects of sufficient sleep is the improvement of our focus and memory. When we sleep, our brain processes and consolidates information, transferring it from short-term memory to long-term memory, allowing us to recall and learn new information more efficiently. This process enables us to perform tasks with sharper focus, recall important details, and make connections between seemingly unrelated pieces of information. As a result, we can tackle complex problems with greater ease and confidence, leading to better decision-making and increased productivity.

In addition to the cognitive benefits, sleep also has a profound impact on our emotional well-being. When we are well-rested, we are better equipped to manage stress and regulate our emotions, leading to a more positive and optimistic outlook on life. Sufficient sleep allows us to respond to challenging situations with greater emotional control, reducing the likelihood of impulsive or reactive behaviors that can lead to conflict or regret. This emotional resilience also helps us to form and maintain stronger relationships, as we are more empathetic and understanding towards others. Furthermore, sleep deprivation can lead to irritability, anxiety, and depression, making it essential to prioritize sleep to maintain a healthy emotional balance.

The physical effects of sleep are equally significant, with improved energy levels being a major benefit. When we sleep, our body repairs and regenerates damaged cells, builds bone and muscle, and strengthens our immune system. This process also helps to regulate our appetite and metabolism, leading to a healthier weight and reduced risk of chronic diseases such as diabetes and cardiovascular disease. Sufficient sleep also allows our body to recover from physical activity, reducing muscle soreness and fatigue, and enabling us to perform daily tasks with greater ease. As a result, we can maintain a more active and healthy lifestyle, enjoying activities and hobbies that bring us joy and fulfillment. In short, getting enough sleep each night is essential to functioning at our best, with significant benefits for our cognitive abilities, emotional well-being, and physical energy."
E2,prose,Easy,Llama,unsloth/Llama-3.1-8B-Instruct-bnb-4bit,2,2001,422,0,351,"Drinking water throughout the day can significantly enhance how you feel, leading to a more vibrant and energetic you. One of the primary benefits of staying hydrated is the boost it provides to physical energy. When you drink water regularly, your body's cells are able to function optimally, allowing you to tackle daily tasks with more enthusiasm and vigor. This is because water helps to transport nutrients and oxygen to your cells, fueling your body's processes and reducing fatigue. Moreover, water aids in regulating body temperature, which can become a significant obstacle to productivity when you're feeling overheated or sluggish. By drinking water frequently, you can maintain a stable energy level, making it easier to tackle challenging projects and activities.

In addition to its physical benefits, staying hydrated also has a profound impact on cognitive function, particularly concentration. When your body is properly hydrated, your brain is able to function at its best, leading to improved focus, attention, and mental clarity. This is because dehydration can impair cognitive performance, leading to symptoms such as confusion, forgetfulness, and difficulty concentrating. Drinking water regularly can help to prevent these issues, allowing you to stay on top of tasks, meet deadlines, and make informed decisions. Furthermore, staying hydrated can even help to alleviate symptoms of anxiety and stress, which can further impair concentration and overall mental well-being.

Drinking water throughout the day also has a visible impact on your appearance, with clearer skin and a more radiant complexion being just a few of the benefits. When your body is well-hydrated, your skin is able to function properly, producing a healthy, supple glow that's free from fine lines, wrinkles, and other signs of dehydration. Water helps to flush out toxins and waste products from your body, which can clog pores and lead to acne, making it an essential component of any skincare routine. By drinking water regularly, you can help to maintain a healthy, youthful appearance that's full of vitality and energy. This is because a well-hydrated body is better equipped to regulate its internal systems, leading to a more balanced and healthy overall appearance."
E3,prose,Easy,Llama,unsloth/Llama-3.1-8B-Instruct-bnb-4bit,2,2001,467,0,399,"Spending time outdoors every day is a simple yet effective way to boost your mental health. One of the primary benefits is that it can significantly reduce stress and anxiety levels. Being in nature has a calming effect on the mind, allowing you to feel more grounded and centered. When we're surrounded by the sights and sounds of the natural world, our worries and concerns seem to fade into the background, and we're able to focus on the present moment. This can be especially beneficial for individuals who lead busy or stressful lives, as it provides a much-needed break from the pressures of daily life. By incorporating regular outdoor time into your routine, you can experience a sense of relaxation and tranquility that's hard to find indoors.

In addition to its stress-reducing properties, spending time outdoors also has a profound impact on our mood. Exposure to sunlight is essential for producing vitamin D, a hormone that plays a crucial role in regulating our emotions and mood. When we're deficient in vitamin D, we're more likely to experience symptoms of depression and anxiety. However, when we spend time outdoors, especially during the peak sun hours, our bodies are able to produce this vital hormone, which in turn can elevate our mood and reduce symptoms of low mood. Furthermore, being in nature has been shown to have a positive effect on our cognitive functioning, allowing us to think more clearly and creatively. This can be particularly beneficial for individuals who struggle with mental health issues, as it can help them develop a more positive outlook and improve their overall well-being.

Lastly, spending time outdoors every day provides a much-needed break from the monotony of indoor routines and the constant stimulation of screens. In today's digital age, it's easy to become trapped in a cycle of sedentary behavior, with many of us spending hours on end in front of our computers, phones, or televisions. However, this can lead to feelings of fatigue, restlessness, and dissatisfaction. By incorporating regular outdoor time into your routine, you can experience a sense of freedom and liberation from these routines, allowing you to recharge and refocus. Whether it's taking a short walk, going for a hike, or simply sitting in a garden or park, spending time outdoors can help you disconnect from the world and reconnect with yourself, leading to a greater sense of happiness and fulfillment."
E4,prose,Easy,Llama,unsloth/Llama-3.1-8B-Instruct-bnb-4bit,2,2001,409,0,357,"Cooking meals at home is generally considered a healthier option than eating out most of the time. One of the primary reasons for this is that you have complete control over what ingredients go into the food. When you cook at home, you can choose the freshest and highest-quality ingredients available, allowing you to avoid processed and high-sodium foods that are often found in restaurant meals. Additionally, you can control the amount of added sugars, unhealthy fats, and artificial preservatives that are commonly used in commercial food products. This level of control enables you to create meals that are tailored to your dietary needs and preferences, ensuring that you are consuming a balanced and nutritious diet.

Another significant advantage of cooking at home is that it is often cheaper than eating out. The costs associated with dining out can be substantial, from the initial cost of the meal to the added expenses of tips, taxes, and ambiance. In contrast, cooking at home allows you to save money by purchasing ingredients in bulk and planning meals around sales and seasonal produce. Furthermore, cooking at home enables you to prepare meals in advance, which can help reduce food waste and save you money in the long run. By cooking at home, you can enjoy a delicious and healthy meal without breaking the bank.

Finally, cooking at home is an excellent way to build useful life skills that can benefit you in various aspects of life. Cooking requires a range of skills, from meal planning and budgeting to food safety and preparation techniques. By learning how to cook, you can develop your ability to manage your time, prioritize tasks, and make informed decisions about your diet. These skills can be applied to other areas of life, such as career development, financial management, and relationships. Moreover, cooking at home can foster a sense of independence and self-sufficiency, as you learn to rely on yourself to prepare meals and take care of your physical and emotional needs. By developing these skills, you can become more confident and capable in your daily life, which can have a lasting impact on your overall well-being."
E5,prose,Easy,Llama,unsloth/Llama-3.1-8B-Instruct-bnb-4bit,2,2001,391,0,335,"Having a regular daily routine is a simple yet effective way to reduce stress. One key benefit is that it removes the mental load of constant decision-making, allowing individuals to conserve their mental energy and reduce feelings of anxiety. When faced with the same routine each day, individuals don't have to expend mental effort deciding what to do, when to do it, or how to prioritize tasks, thereby freeing up cognitive resources to tackle more pressing issues. This mental clarity can be incredibly liberating, especially in today's fast-paced world where multitasking and constant decision-making are the norm.

Another advantage of a regular daily routine is that it improves sleep quality by regulating the body's internal clock. When the body is exposed to the same daily rhythms, it can adjust its natural sleep-wake cycle, leading to more consistent and restful sleep patterns. This, in turn, allows individuals to feel more refreshed and revitalized, better equipped to handle the demands of daily life. A regular routine can also establish a consistent bedtime and wake-up time, further enhancing the quality of sleep. Improved sleep quality is a vital component in managing stress levels, as it allows individuals to feel more energized and better prepared to tackle the challenges of the day.

In addition to these benefits, having a regular daily routine makes it significantly easier to find time for exercise and self-care. When a routine is established, individuals are more likely to prioritize activities that promote physical and mental well-being, such as exercise, meditation, or spending time in nature. This can be particularly challenging for individuals with busy schedules, who often find themselves caught up in the cycle of work and daily responsibilities. A routine helps individuals carve out dedicated time for these essential activities, allowing them to maintain a healthy work-life balance and manage stress more effectively. By incorporating regular exercise and self-care into one's routine, individuals can experience a range of benefits, from improved mood and reduced stress to increased energy levels and enhanced overall well-being."
E6,prose,Easy,Llama,unsloth/Llama-3.1-8B-Instruct-bnb-4bit,2,2001,377,0,318,"Learning to budget your money each month is an essential life skill that's worth the effort, trust me. One of the most significant benefits of budgeting is that it prevents you from overspending – a common pitfall many of us face. When you're not keeping track of your income and expenses, it's easy to lose sight of your financial situation and end up spending more than you earn. By creating a budget, you'll be able to see exactly where your money is going, identify areas where you can cut back, and make conscious decisions about how to allocate your funds.

Another crucial advantage of budgeting is that it helps you build savings over time. When you're not splurging on non-essential items or paying off unnecessary debt, you're able to put that money towards your financial goals, whether it's a short-term savings goal, a long-term investment, or a big-ticket purchase. Budgeting allows you to prioritize your spending and make progress towards your financial objectives, rather than just drifting along and hoping for the best. By consistently setting aside a portion of your income each month, you'll be amazed at how quickly your savings grow.

Perhaps the most significant benefit of budgeting, however, is that it reduces financial stress. When you're constantly worried about how you'll pay your bills, cover unexpected expenses, or make ends meet, it's hard to sleep at night or feel confident about your financial future. Budgeting gives you a sense of control and security, knowing that you have a plan in place to manage your finances effectively. By breaking down your expenses into manageable chunks and creating a budget that works for you, you'll be able to breathe a sigh of relief and focus on more important things in life. So, take the time to learn how to budget your money each month – it's a skill that will serve you well for years to come."
E7,prose,Easy,Llama,unsloth/Llama-3.1-8B-Instruct-bnb-4bit,2,2001,382,0,323,"Regular physical exercise is one of the most effective and accessible ways to improve mental health, with a plethora of benefits that can have a profound impact on a person's overall well-being. One of the primary ways exercise benefits mental health is by releasing mood-boosting chemicals in the brain, such as endorphins and dopamine, which are often referred to as ""feel-good"" hormones. When we engage in physical activity, our body responds by releasing these chemicals, which can help alleviate symptoms of anxiety and depression, improve our mood, and even reduce stress levels. This is because exercise stimulates the brain's reward system, releasing these chemicals and promoting feelings of pleasure and satisfaction.

In addition to releasing mood-boosting chemicals, regular physical exercise has been shown to reduce symptoms of anxiety and depression. Studies have consistently demonstrated that individuals who engage in regular physical activity are less likely to experience anxiety and depression, and that exercise can be just as effective as medication in alleviating these symptoms. Exercise can also help reduce symptoms of post-traumatic stress disorder (PTSD), which is a condition that can be particularly debilitating for mental health. Furthermore, exercise has been shown to promote better sleep patterns, which is essential for maintaining good mental health, as poor sleep quality is often a precursor to anxiety and depression.

Exercise also has a profound impact on self-confidence, which is a critical component of mental health. Regular physical activity can help individuals develop a more positive body image, which is essential for feeling confident and self-assured. Exercise can also help individuals develop a sense of accomplishment and self-efficacy, as they work towards and achieve their fitness goals. This is because exercise requires discipline and perseverance, which can help individuals build confidence in their ability to set and achieve goals. Over time, regular physical exercise can help individuals develop a more positive and resilient mindset, which can have a lasting impact on their mental health and well-being."
E8,prose,Easy,Llama,unsloth/Llama-3.1-8B-Instruct-bnb-4bit,2,2001,461,0,394,"In today's fast-paced world, finding time for leisure activities can be a challenge, especially with busy schedules that often prioritize productivity and efficiency over relaxation and enjoyment. However, reading books for pleasure is an activity that not only provides a much-needed break from the demands of daily life but also offers numerous benefits that can enhance one's overall well-being and personal growth. One significant advantage of reading is that it helps build vocabulary and communication skills. When we immerse ourselves in a good book, we are exposed to a wide range of words, phrases, and language structures that we may not encounter in our everyday conversations. This exposure not only enriches our vocabulary but also enables us to express ourselves more effectively, both in writing and speaking.

Furthermore, reading for pleasure has been shown to reduce stress levels better than screen-based activities. While scrolling through social media or watching videos may provide temporary escapism, these activities often leave us feeling anxious, anxious about missing out, or anxious about our own lives. In contrast, reading allows us to escape into a different world, one that is carefully crafted by the author to engage and entertain us. This escape can help calm our minds, reduce our heart rates, and provide a sense of relaxation that is often elusive in today's high-tech world. Moreover, reading can transport us to different cultures, historical periods, and social contexts, broadening our perspectives and helping us to appreciate the complexities of the human experience.

Lastly, reading for pleasure can improve empathy by putting us in other people's perspectives. When we read a book, we are not just reading a story; we are experiencing the thoughts, feelings, and emotions of the characters. We are learning to see the world through their eyes, to understand their motivations, and to appreciate their struggles. This empathetic understanding is essential in building meaningful relationships with others, in resolving conflicts, and in creating a more harmonious and compassionate community. By immersing ourselves in the experiences of others, we become more aware of our own biases and assumptions, and we are better equipped to navigate the complexities of human relationships. In a world that often values efficiency and productivity over empathy and understanding, reading for pleasure can provide a much-needed respite from the pressures of modern life, allowing us to cultivate a deeper sense of empathy and compassion."
E9,prose,Easy,Llama,unsloth/Llama-3.1-8B-Instruct-bnb-4bit,2,2001,345,0,295,"Keeping your living space tidy is a simple yet effective way to make daily life easier. One of the most significant benefits of a clean and organized home is that it saves you a considerable amount of time searching for things. When everything is in its place and you can quickly locate what you need, you'll avoid the frustration of rummaging through cluttered drawers, emptying out cabinets, or scouring the house for misplaced items. This might seem like a minor issue, but it can add up quickly, eating into your precious time and disrupting your daily routine.

Beyond the practical advantages, a clean environment also has a profound impact on your mental well-being. Living in a cluttered or disorganized space can create a sense of unease, anxiety, and even guilt. When your surroundings are tidy, you'll feel more at ease, and this can have a positive effect on your overall mood and attitude. A clean and organized home becomes a haven, a place where you can retreat from the stresses of everyday life. This, in turn, can help reduce background stress, allowing you to tackle challenges and responsibilities with a clearer mind.

Maintaining a tidy living space also makes it easier to focus on work or study. When your environment is organized and clutter-free, you'll be able to concentrate on the task at hand without distractions or interruptions. A cluttered space can be overwhelming, making it difficult to think clearly or stay motivated. On the other hand, a clean and organized home provides a sense of calm and clarity, allowing you to approach your goals with a clear head and a sense of purpose. By keeping your living space tidy, you'll be able to achieve a better work-life balance and make progress towards your objectives."
E10,prose,Easy,Llama,unsloth/Llama-3.1-8B-Instruct-bnb-4bit,2,2001,366,0,320,"Spending less time on social media can significantly improve one's wellbeing by reducing the negative effects associated with excessive social media use. One of the primary reasons for this is that social media fosters constant social comparison, which can lead to feelings of inadequacy and decreased self-esteem. Social media platforms showcase the highlight reels of others' lives, often creating unrealistic expectations and a sense of competition. When we spend less time on social media, we are less likely to engage in this constant comparison, allowing us to focus on our own goals and aspirations rather than measuring ourselves against others.

Reducing social media use also frees up time for more fulfilling offline activities, which can have a profound impact on wellbeing. When we are not consumed by social media, we can engage in hobbies, spend quality time with loved ones, or pursue physical activities that bring us joy and a sense of accomplishment. These offline activities not only provide a sense of purpose but also contribute to a better work-life balance, leading to reduced stress levels and improved overall wellbeing. Furthermore, engaging in offline activities can foster a sense of community and social connection, which is essential for our emotional and mental health.

Another significant benefit of spending less time on social media is the improvement in sleep quality. Evening screen exposure, often associated with social media use, can disrupt our sleep patterns and lead to a range of sleep-related problems. When we reduce our social media use, we are less likely to engage in prolonged screen exposure in the evening, allowing our bodies to wind down and prepare for a restful night's sleep. Improved sleep quality has a ripple effect on our wellbeing, leading to increased energy levels, better concentration, and a more positive outlook on life. By breaking the cycle of social media-induced screen exposure, we can establish healthier sleep habits and wake up feeling refreshed and revitalized."
E11,prose,Easy,Llama,unsloth/Llama-3.1-8B-Instruct-bnb-4bit,2,2001,369,0,319,"Pets have a profound impact on their owners' lives, and one of the most significant benefits is the boost in happiness and overall well-being they provide. When people own pets, they are less likely to experience loneliness and feelings of isolation, which can be detrimental to mental health. Pets offer companionship and social interaction, which is especially beneficial for individuals who live alone or have limited social connections. This companionship can take many forms, from simply sitting next to a pet to engaging in activities like walking or playing with them, which can help alleviate feelings of loneliness and promote a sense of belonging.

Caring for a pet also encourages routine and physical activity, which are essential for maintaining good physical and mental health. Taking care of a pet requires regular feeding, walking, and grooming, which can help establish a daily routine and promote physical activity, such as walking or running. This can be especially beneficial for individuals who lead sedentary lifestyles or struggle with motivation to engage in physical activities. Furthermore, the responsibilities associated with pet ownership can help individuals set goals and develop a sense of purpose, which can be a powerful driver for positive change.

The bond between a person and their pet is also a powerful stress-reducing factor. The emotional connection that forms between a pet and its owner can help lower stress hormones, such as cortisol and adrenaline, which can have a range of negative effects on the body and mind. Interacting with pets has been shown to reduce stress levels, promote relaxation, and even lower blood pressure. This is likely due to the calming effects of petting, playing with, or simply being around pets, which can help individuals feel more calm and centered. The emotional support and comfort provided by pets can also help individuals cope with difficult situations, such as bereavement or anxiety disorders, by providing a sense of security and companionship."
E12,prose,Easy,Llama,unsloth/Llama-3.1-8B-Instruct-bnb-4bit,2,2001,397,0,358,"Expressing gratitude regularly has a profound impact on our overall well-being and can significantly enhance the positivity of our lives. One key way in which this occurs is by shifting our attention from the problems and difficulties that we often focus on, to the things that are working well and the aspects of our lives that bring us joy. When we make a conscious effort to acknowledge and appreciate the good things, it helps to reframe our perspective and move our attention away from the negative. This not only makes us more resilient in the face of challenges, but it also allows us to cultivate a greater sense of contentment and satisfaction with our lives.

In addition to its individual benefits, expressing gratitude also has a profound impact on our personal relationships when shared with others. When we express thanks and appreciation to those around us, it not only strengthens our bonds with them but also encourages them to do the same. This creates a ripple effect of positivity that can spread throughout our social networks and beyond, fostering a culture of gratitude and appreciation that can bring people together and promote a sense of community. Furthermore, when we share our gratitude with others, it helps to build trust and deepen relationships, as people are more likely to feel valued and appreciated when their efforts are acknowledged and celebrated.

Research has shown that expressing gratitude regularly can have a measurable impact on our mood over time. Studies have consistently found that people who practice gratitude on a daily basis report higher levels of well-being, life satisfaction, and happiness, and lower levels of anxiety and depression. This is because the act of expressing gratitude triggers the release of feel-good hormones such as dopamine and endorphins, which help to improve our mood and reduce stress. Additionally, the physical act of writing down or sharing our gratitude can help to create a sense of closure and finality, which can be particularly beneficial for those who struggle with anxiety or rumination. By incorporating gratitude into our daily routine, we can harness its transformative power and cultivate a more positive and resilient mindset."
E13,prose,Easy,Llama,unsloth/Llama-3.1-8B-Instruct-bnb-4bit,2,2001,346,0,306,"Taking short breaks during a long work session is a crucial strategy for increasing productivity and overall accomplishment. One key benefit is that brief pauses help prevent mental fatigue from accumulating, allowing you to maintain focus and concentration throughout the work period. When you're engaged in a demanding task, your brain can become overwhelmed, leading to decreased motivation and impaired cognitive function. Stepping away from your work for a short break allows your mind to rest and recharge, thereby preventing mental fatigue from taking hold. This helps you return to your task with a fresh perspective, improved concentration, and enhanced creativity.

Another advantage of taking short breaks is that stepping away from a problem often leads to better solutions when you return. When you're immersed in a challenging task, it's easy to become fixated on a particular approach or solution, which can limit your thinking and creativity. Taking a short break allows you to clear your mind and gain a new perspective, which can help you approach the problem from a different angle or identify potential flaws in your original solution. This can lead to more innovative and effective solutions, which can ultimately save time and effort in the long run.

Taking regular breaks during a work session also helps maintain motivation across the full work period. When you're engaged in a long task, it's easy to feel overwhelmed and lose sight of your goals. Taking short breaks helps you stay motivated by providing a sense of accomplishment and progress, which can help you stay engaged and focused. Additionally, regular breaks can help you avoid burnout and maintain a healthy work-life balance, which is essential for long-term productivity and success. By incorporating short breaks into your work routine, you can maintain your energy and motivation, leading to greater overall accomplishment and a more satisfying work experience."
E14,prose,Easy,Llama,unsloth/Llama-3.1-8B-Instruct-bnb-4bit,2,2001,421,0,363,"Volunteering one's time to help others is a selfless act that not only brings about positive changes in the community but also has a profound impact on the individual. By dedicating oneself to a cause or organization, one builds new skills and expands their professional network. This is because volunteering often requires a specific set of skills, such as communication, leadership, or project management, which are essential in various professional settings. As a result, individuals who volunteer are more likely to develop these skills, making them more employable and confident in their abilities. Moreover, volunteering provides opportunities to meet new people and form meaningful connections, which can lead to a broader professional network and potentially even new career opportunities.

In addition to the tangible benefits of skill-building and networking, volunteering also provides a sense of purpose and meaning. When individuals contribute to a cause they care about, they feel a sense of fulfillment and satisfaction, which can be particularly important for those who may feel disconnected from their work or community. Volunteering allows individuals to channel their energy and passions into something meaningful, giving them a sense of direction and motivation. This can be especially beneficial for individuals who may be struggling with feelings of purposelessness or lack of direction in their lives. By investing time and energy into a cause, individuals can gain a deeper understanding of themselves and their values, leading to a more purposeful and fulfilling life.

Lastly, volunteering has a profound impact on mental health by reducing feelings of isolation. When individuals volunteer, they are often interacting with others, forming relationships, and building a sense of community. This can be particularly beneficial for individuals who may be experiencing loneliness or social isolation, which are common issues in today's society. Volunteering provides opportunities to connect with others, share experiences, and build a support network, which can help alleviate feelings of loneliness and depression. Moreover, the sense of accomplishment and fulfillment that comes from volunteering can also boost self-esteem and confidence, further reducing the risk of mental health issues. By engaging in volunteer work, individuals can cultivate a sense of belonging and connection, which is essential for maintaining good mental health."
M1,prose,Medium,Llama,unsloth/Llama-3.1-8B-Instruct-bnb-4bit,2,2001,423,0,372,"Remote work has proven to be a game-changer for both employees and employers, offering numerous benefits that outweigh the perceived drawbacks. One of the most significant advantages for employees is the measurable gain in productivity and focus resulting from reduced commute time and the elimination of open-plan distractions. When employees are no longer confined to a traditional office setting, they are able to work in a more conducive environment that suits their individual needs and preferences. Without the constant interruptions and noise that often accompany open-plan offices, employees can concentrate on their tasks without distractions, leading to increased productivity and efficiency. This, in turn, allows employees to complete their work more quickly and effectively, resulting in a better work-life balance.

Employers also stand to gain significantly from remote work arrangements. By allowing employees to work from anywhere, employers are able to access a wider talent pool that may not have been available to them otherwise. No longer confined by geographical limitations, employers can now recruit top talent from all over the world, rather than being restricted to a specific location. This opens up new opportunities for growth and expansion, as employers can now tap into a global pool of skilled and experienced professionals. Additionally, employers can reduce their real-estate overhead by downsizing or eliminating office space, saving on costs such as rent, utilities, and maintenance. This can lead to significant cost savings and a more efficient use of resources.

Flexible work arrangements, such as those offered by remote work, also have a positive impact on employee retention and reduce the costs associated with turnover. When employees are able to work from anywhere, they are more likely to feel valued and trusted by their employers, leading to increased job satisfaction and engagement. Employees who feel that their needs are being met and that they are able to balance their work and personal life are more likely to stay with their current employer, rather than seeking new opportunities. This reduces the costs associated with recruitment, training, and onboarding new employees, as well as the lost productivity and expertise that accompanies employee turnover. By offering flexible work arrangements, employers can demonstrate their commitment to employee well-being and create a more positive and supportive work environment."
M2,prose,Medium,Llama,unsloth/Llama-3.1-8B-Instruct-bnb-4bit,2,2001,405,0,347,"Public libraries remain essential institutions in the digital age, providing vital services that extend far beyond their traditional role as repositories of books and knowledge. One of the primary ways in which libraries fulfill their mission is by offering free, equitable access to information technology for populations who cannot afford it. This is particularly important in communities where the cost of internet connectivity and digital devices can be prohibitively expensive, effectively excluding low-income households, seniors, and those in rural or underserved areas from the benefits of digital access. By providing free or low-cost access to computers, tablets, and high-speed internet, libraries enable these individuals to participate in the digital economy, access essential services, and engage with the wider world.

Beyond their role in providing access to technology, libraries serve as community anchors, offering a range of programs and services that foster social connections, educational development, and economic mobility. Job support services, for instance, enable individuals to develop skills and find employment, while child literacy programs introduce young children to the joys of reading and learning. The physical presence of a library in a community also provides a safe public space where people can gather, socialize, and access services that might not be available elsewhere. This is particularly important for vulnerable populations, such as the homeless, the elderly, and those with disabilities, who may not have access to other community resources.

Professional librarians play a crucial curation and verification role that unmediated internet search cannot replicate. Unlike online search engines, which rely on algorithms to filter and prioritize results, librarians bring a human touch to the discovery process. They possess the expertise to evaluate the credibility and relevance of information, identifying high-quality sources and filtering out misinformation. This curation process is critical in today's information landscape, where the sheer volume of data can be overwhelming and the risks of misinformation are high. By providing expert guidance and ensuring the accuracy of the information they provide, librarians empower users to navigate the digital world with confidence, making informed decisions, and developing a deeper understanding of the world around them."
M3,prose,Medium,Llama,unsloth/Llama-3.1-8B-Instruct-bnb-4bit,2,2001,466,0,382,"Learning a second language offers numerous cognitive and professional advantages, providing individuals with a distinct edge in various aspects of their lives. One of the significant benefits of bilingualism is its impact on executive function, specifically cognitive flexibility and task-switching. When individuals learn a second language, they must adapt to new linguistic structures, rules, and syntax, which requires them to think creatively and make connections between seemingly unrelated concepts. This process strengthens their ability to switch between different mental frameworks, a crucial aspect of cognitive flexibility. Moreover, bilinguals are better equipped to handle multiple tasks simultaneously, a skill essential in today's fast-paced, multifaceted world. By mastering a second language, individuals can enhance their cognitive flexibility, leading to improved problem-solving and decision-making abilities.

In addition to the benefits of bilingualism, multilingual individuals demonstrate advantages in abstract reasoning and metalinguistic awareness. Learning multiple languages requires individuals to grasp complex linguistic concepts, such as grammar and syntax, which in turn enhances their ability to reason abstractly. Multilinguals are better equipped to analyze and understand complex information, a skill that serves them well in various professional settings. Furthermore, metalinguistic awareness, the ability to reflect on language and its functions, is another significant advantage of multilingualism. Multilinguals are more aware of the linguistic structures and conventions that govern language use, which enables them to communicate more effectively and adapt to diverse cultural contexts. This metalinguistic awareness is a valuable asset in a globalized world where effective communication is essential for success.

Proficiency in a second language substantially expands professional opportunities in a globalized labor market. As the world becomes increasingly interconnected, the demand for individuals with language skills is on the rise. Employers seek individuals who can communicate effectively with clients, colleagues, or customers from diverse linguistic and cultural backgrounds. By mastering a second language, individuals can tap into a broader range of job opportunities, particularly in industries such as international business, diplomacy, education, and tourism. Moreover, multilingual individuals are more likely to be appointed to leadership positions, as their language skills enable them to navigate complex international relationships and communicate effectively with stakeholders from diverse linguistic and cultural backgrounds. In a globalized labor market, proficiency in a second language is a valuable asset that can open doors to new career opportunities and enhance one's professional prospects."
M4,prose,Medium,Llama,unsloth/Llama-3.1-8B-Instruct-bnb-4bit,2,2001,388,0,341,"Companies should prioritize investing in training existing employees over defaulting to external hiring, as it allows them to preserve institutional knowledge that external hires often take months to acquire. When a new employee joins a company, they must learn the organization's history, values, and procedures, which can be a lengthy and costly process. This knowledge is not only valuable but also unique to the company, and it is often developed through the experiences of existing employees. By upskilling existing employees, companies can leverage this knowledge and expertise to drive innovation and improve performance without the significant time and financial investment required to bring a new hire up to speed.

Visible investment in employee growth is another significant benefit of training existing employees. When a company takes the initiative to develop its employees, it sends a strong message that employee development is a priority and that employees are valued. This measurably improves retention and reduces turnover costs. Employees who feel that their company is investing in their growth are more likely to be committed to the organization and to stay with the company for the long term. Conversely, employees who feel undervalued or unsupported may be more likely to seek opportunities elsewhere, resulting in significant recruitment and training costs. By investing in employee growth, companies can build a loyal and skilled workforce that drives business success.

Upskilling existing employees is typically faster and less expensive than a full external recruitment cycle. The process of hiring, onboarding, and training a new employee can be lengthy and costly, with significant expenses associated with recruitment, training, and performance management. In contrast, upskilling existing employees can be achieved through targeted training and development programs, which can be tailored to meet the specific needs of the employee and the company. This approach not only reduces costs but also ensures a smoother transition and a more seamless integration of new skills and knowledge into the organization. By investing in employee development, companies can build a more agile and responsive workforce that is better equipped to drive business success."
M5,prose,Medium,Llama,unsloth/Llama-3.1-8B-Instruct-bnb-4bit,2,2001,383,0,324,"Regular physical exercise has been consistently shown to measurably reduce long-term healthcare costs at both the individual and societal level. One key benefit is that active individuals have substantially lower rates of preventable chronic diseases, including type 2 diabetes and cardiovascular disease, which are among the leading causes of healthcare expenditure globally. By incorporating physical exercise into daily routines, individuals can significantly lower their risk of developing these conditions, thereby reducing the likelihood of costly treatments, hospitalizations, and medication. In fact, studies have demonstrated that regular physical activity can prevent up to 30% of type 2 diabetes cases and 26% of cardiovascular disease cases, resulting in substantial savings for individuals and the healthcare system as a whole.

Exercise also has a profound impact on mental health conditions, a growing share of healthcare expenditure, particularly in developed countries. Physical activity has been shown to reduce the frequency and severity of mental health conditions, such as depression and anxiety disorders, which are characterized by high treatment costs and significant morbidity. By incorporating exercise into treatment plans, mental health professionals can help individuals manage symptoms, reduce hospitalization rates, and improve overall quality of life, leading to lower healthcare costs. Moreover, the benefits of exercise extend beyond individual mental health outcomes, as it can also contribute to a more resilient and productive workforce, further reducing the economic burden of mental health conditions.

Population-level physical activity programs have demonstrated cost-effectiveness in multiple national healthcare systems, providing further evidence of the long-term healthcare cost savings associated with regular physical exercise. These programs, which often involve community-based initiatives, workplace wellness programs, and school-based interventions, have been shown to increase physical activity levels, reduce healthcare expenditure, and improve overall population health outcomes. By investing in these programs, governments and healthcare systems can create a culture of physical activity, promoting healthy behaviors and reducing the burden of chronic diseases and mental health conditions, ultimately leading to lower healthcare costs and improved population health."
M6,prose,Medium,Llama,unsloth/Llama-3.1-8B-Instruct-bnb-4bit,2,2001,328,0,290,"Personal financial literacy should be a required subject in secondary schools, and its significance cannot be overstated. A critical observation is that the absence of financial education correlates with high rates of consumer debt and financial vulnerability among young adults. This is particularly concerning, as young adults are more likely to be entering the workforce and making significant financial decisions without a solid understanding of personal finance. Without financial education, they may be more susceptible to predatory lending practices, high-interest credit cards, and other financial pitfalls that can have long-lasting consequences.

Financial literacy, on the other hand, is a universal life skill that benefits all students regardless of income or career path. Understanding basic concepts such as budgeting, saving, and investing empowers individuals to make informed decisions about their financial futures. This knowledge is not limited to those pursuing high-paying careers or financial professions, but is essential for anyone seeking to manage their finances effectively. By incorporating financial literacy into secondary school curricula, we can equip students with the tools they need to navigate the complexities of personal finance, regardless of their future career aspirations.

Schools are the only institution with reliable access to all young people before they face high-stakes financial decisions. This presents a unique opportunity to provide a foundation in financial literacy that can have a lasting impact on students' financial well-being. By teaching personal finance in a comprehensive and engaging manner, schools can empower students to make informed decisions about their financial futures, free from the influences of aggressive marketing or limited access to financial information. This proactive approach to financial education can help mitigate the risks associated with financial vulnerability and equip students with the knowledge and skills necessary to achieve financial stability and success."
M7,prose,Medium,Llama,unsloth/Llama-3.1-8B-Instruct-bnb-4bit,2,2001,411,0,361,"Urban green spaces and parks have been shown to deliver significant public health benefits that justify their cost to municipalities. One key advantage is that access to these areas is associated with reduced rates of cardiovascular disease, obesity, and stress-related illness. Studies have consistently found that individuals who live in close proximity to green spaces, or who have access to parks, tend to exhibit healthier behaviors and lower rates of chronic disease. This is likely due to the fact that green spaces provide opportunities for physical activity, such as walking or jogging, which can help to mitigate the risk of cardiovascular disease. Additionally, the aesthetic and recreational benefits of green spaces may encourage individuals to engage in more leisurely activities, which can help to reduce stress and promote overall well-being.

Parks also support mental health by providing restorative environments that buffer against anxiety and depression. The natural environment has been shown to have a profound impact on mental health, with studies indicating that exposure to green spaces can reduce symptoms of anxiety and depression, improve mood, and even alleviate symptoms of post-traumatic stress disorder. This is likely due to the fact that green spaces provide a sense of calm and relaxation, which can help to mitigate the effects of stress on mental health. Furthermore, parks can provide a sense of community and social connection, which is essential for maintaining good mental health.

Green infrastructure, including urban parks and green spaces, also plays a crucial role in reducing urban heat island effects and air pollution, with direct respiratory health consequences. Heat islands occur when built-up urban areas absorb and retain heat, leading to increased temperatures and a range of negative health effects, including heat-related illness and mortality. Green infrastructure can help to mitigate these effects by providing shade, reducing the urban heat island effect, and improving air quality. Additionally, green spaces can help to reduce air pollution by absorbing pollutants and particulate matter, which can lead to a range of negative health effects, including respiratory illness and mortality. By investing in green infrastructure, municipalities can help to reduce the negative health effects of urban living, and promote healthier and more sustainable communities."
M8,prose,Medium,Llama,unsloth/Llama-3.1-8B-Instruct-bnb-4bit,2,2001,514,0,430,"Reading literary fiction has a profound impact on empathy and social understanding, offering a unique and effective means of cultivating these essential skills. One of the primary ways in which literary fiction fosters empathy is by requiring readers to inhabit the perspectives of characters whose experiences differ from their own, thereby directly training perspective-taking. This process involves immersing oneself in the thoughts, feelings, and motivations of individuals with diverse backgrounds, cultures, and life circumstances, allowing readers to engage with the complexities of human experience in a deeply personal and empathetic way.

This immersive experience is not merely an intellectual exercise, but a cognitive and emotional one that rewires the reader's brain, developing their ability to see the world from another's vantage point. By engaging with characters who are often marginalized, oppressed, or misunderstood, readers are prompted to consider the nuances of social dynamics, the consequences of systemic inequalities, and the ways in which societal expectations shape individual lives. This empathetic understanding is a fundamental component of social understanding, as it enables readers to navigate the complexities of human relationships, recognize the value of diverse perspectives, and develop a more nuanced appreciation of the social world.

Experimental research has demonstrated measurable short-term improvements in theory-of-mind scores following literary fiction reading. Theory-of-mind refers to the ability to attribute mental states, such as thoughts, feelings, and intentions, to oneself and others, and it is a crucial component of social understanding. When readers engage with literary fiction, they are presented with characters whose thoughts, feelings, and motivations are expertly woven into the narrative, creating a rich tapestry of human experience that demands interpretation and empathy. By analyzing the inner lives of characters, readers develop their ability to recognize mental states, empathize with others, and navigate the complexities of social relationships.

Furthermore, the ambiguity and psychological complexity of literary fiction develop tolerance for uncertainty, which underlies real-world social competence. Literary fiction often presents readers with ambiguous, open-ended, or conflicting narratives that resist easy resolution or closure, challenging readers to grapple with the complexities of human experience. This ambiguity requires readers to navigate the gray areas between black and white, to tolerate the uncertainty that often accompanies real-world social interactions, and to develop a more nuanced and flexible understanding of the social world. By engaging with literary fiction's complexities, readers develop a greater tolerance for ambiguity, which is essential for navigating the messy, unpredictable nature of real-world social relationships. This tolerance for uncertainty enables readers to approach social situations with a greater sense of openness, empathy, and understanding, fostering more effective and meaningful interactions with others."
M9,prose,Medium,Llama,unsloth/Llama-3.1-8B-Instruct-bnb-4bit,2,2001,440,0,351,"Mentorship programs offer early-career professionals a unique opportunity to accelerate their skill development by providing access to tacit professional knowledge that is rarely codified in formal training. Tacit knowledge refers to the informal, experiential, and often intangible aspects of expertise that are difficult to formalize, communicate, or teach through traditional educational channels. Mentors, having spent more time in their field and having accumulated extensive experience, possess a deep understanding of the industry, its nuances, and the subtleties that can make or break a professional's success. By sharing their expertise and providing guidance, mentors empower mentees to navigate complex situations, make informed decisions, and develop a unique set of skills that are essential for career advancement.

The benefits of mentorship extend beyond skill development, as mentored employees are significantly more likely to receive promotions and salary increases within five years. Studies have consistently shown that employees who participate in mentorship programs are more likely to receive career-advancing opportunities, such as promotions, raises, and leadership positions, than their non-mentored peers. This is because mentorship provides mentees with a supportive network, valuable feedback, and access to valuable resources, enabling them to build a strong professional reputation and demonstrate their capabilities to their employers. As a result, mentored employees are better equipped to take on new challenges, demonstrate their value to the organization, and increase their earning potential over time.

Mentorship relationships also expand professional networks in ways that create durable long-term career advantages. By forming connections with mentors and other professionals in their field, mentees gain access to a diverse range of perspectives, expertise, and opportunities. These relationships can lead to collaborations, partnerships, and career-advancing opportunities that might not have been available otherwise. Moreover, mentors can provide introductions, recommendations, and endorsements that can help mentees break into new areas of their field, establish themselves as thought leaders, and build a strong professional reputation that can withstand changes in the job market. As a result, mentees who have formed strong mentorship relationships are better equipped to navigate the complexities of their industry, build a robust professional network, and create a lasting impact on their careers."
M10,prose,Medium,Llama,unsloth/Llama-3.1-8B-Instruct-bnb-4bit,2,2001,351,0,302,"A diversified investment portfolio offers ordinary savers a robust defense against risk, providing a buffer against potential losses and helping to mitigate the negative impacts of market fluctuations. One key benefit of diversification is the reduction of exposure to the idiosyncratic failure of any single investment. By spreading investments across different asset classes, such as stocks, bonds, and real estate, the risk associated with the failure of a particular investment is significantly diminished. If one asset class experiences a downturn, the overall portfolio is less likely to be severely impacted, as the other asset classes can help to offset the losses.

Historical data consistently demonstrates that diversified portfolios outperform concentrated holdings on a risk-adjusted basis over long horizons. This is because diversified portfolios are better equipped to ride out market fluctuations and capture the benefits of growth in various asset classes. In contrast, concentrated holdings are more susceptible to the risks associated with individual investments, particularly if those investments are in a single asset class. By spreading investments across multiple asset classes, ordinary savers can take advantage of the potential for long-term growth while reducing their exposure to the risks associated with individual investments.

The accessibility of low-cost index funds has made genuine diversification available to investors without specialized knowledge. Traditional investment strategies often require a high degree of expertise and a significant amount of time to implement, making them inaccessible to many ordinary savers. However, low-cost index funds provide a straightforward and cost-effective way to achieve diversification, allowing investors to benefit from the broad market performance without the need for in-depth knowledge of individual investments. By leveraging the power of index funds, ordinary savers can take advantage of the benefits of diversification and reduce their risk exposure, making it a more viable option for those looking to invest in the market."
M11,prose,Medium,Llama,unsloth/Llama-3.1-8B-Instruct-bnb-4bit,2,2001,366,0,323,"Strong public transportation systems have the potential to generate significant net economic benefits for the cities that invest in them. One key advantage of efficient transit is that it increases labor market access by connecting workers to a wider range of employers. This allows individuals to take advantage of a broader array of job opportunities, raising metropolitan productivity and contributing to the overall economic well-being of the city. By facilitating travel between different employment centers, transit systems create a more dynamic and responsive labor market, enabling workers to pursue higher-paying jobs and improving the overall quality of life for residents.

Moreover, transit investment has the effect of reducing per-capita car dependency, which in turn lowers household transportation costs. By providing an affordable and efficient alternative to driving, transit systems free up disposable income for households, enabling them to allocate resources to other areas such as education, entertainment, and savings. This not only improves the quality of life for residents but also stimulates economic growth by putting more money into the local economy. Furthermore, as households are no longer burdened with the costs associated with car ownership, they are able to redirect their financial resources, creating a multiplier effect that benefits the entire city.

Another significant economic benefit of transit investment is the generation of tax revenue from transit-oriented development. When transit systems are designed to encourage mixed-use development and dense, walkable neighborhoods, property values tend to increase, and new businesses and residents are attracted to the area. This influx of new development generates significant tax revenue for the city, which can be used to offset the costs associated with infrastructure development and maintenance. In addition, transit-oriented development often leads to increased economic activity, as businesses and residents are drawn to the area's vibrant and accessible amenities. By fostering a more dynamic and prosperous local economy, transit systems create a virtuous cycle of economic growth and development that benefits the city as a whole."
M12,prose,Medium,Llama,unsloth/Llama-3.1-8B-Instruct-bnb-4bit,2,2001,336,0,288,"Companies prioritizing diversity and inclusion demonstrate a significant advantage in achieving better business outcomes. One key benefit is that diverse teams bring a wide array of perspectives to problem-solving, reducing the occurrence of groupthink and improving decision quality. When diverse teams are involved, they can consider multiple viewpoints, challenge assumptions, and foster creativity, leading to more innovative and effective solutions. This, in turn, enables organizations to make better-informed decisions, which can drive business growth and success.

In addition to the benefits of diverse teams, inclusive workplaces also demonstrate higher employee engagement and retention, reducing costly turnover. When employees feel valued and included, they are more likely to be motivated and committed to the organization's goals. This leads to increased productivity, better job satisfaction, and a more positive work environment. As employees feel comfortable sharing their ideas and perspectives, they are more likely to contribute to the organization's success, which in turn can drive business outcomes. Furthermore, inclusive workplaces can reduce the risk of turnover, as employees are more likely to stay when they feel valued and included.

Workforce diversity is also essential in an organization's ability to understand and serve a diverse customer base. When an organization's workforce reflects the diversity of its customer base, it can better understand the needs and preferences of its customers. This enables the organization to tailor its products and services to meet the needs of a wider range of customers, leading to increased customer satisfaction and loyalty. As a result, organizations with diverse workforces are better positioned to capitalize on emerging markets and trends, driving business growth and success. By valuing and leveraging the diversity of its workforce, an organization can differentiate itself in the market and establish a strong competitive advantage."
M13,prose,Medium,Llama,unsloth/Llama-3.1-8B-Instruct-bnb-4bit,2,2001,437,0,388,"Early childhood education programs are a crucial investment in the lives of young children, yielding long-term benefits that far outweigh the initial costs. High-quality early childhood education has been shown to produce measurable improvements in cognitive development and literacy that persist through primary school. Children who participate in such programs exhibit a significant advantage in academic achievement, with research indicating that they are more likely to meet reading and math standards in the early years of primary school. This early boost in academic performance sets the stage for a lifelong trajectory of educational success, with high-quality early childhood education laying the foundation for a strong foundation in literacy and numeracy skills.

Furthermore, longitudinal studies have consistently demonstrated that participants in early childhood education programs have higher rates of high school graduation, employment, and earnings in adulthood. These studies have followed cohorts of children from early childhood through to adulthood, providing a comprehensive picture of the long-term benefits of early childhood education. The evidence is clear: children who participate in high-quality early childhood education programs are more likely to graduate from high school, secure employment, and earn higher incomes as adults. This is not merely a moral imperative, but a sound investment in the future of our society, with research indicating that every dollar invested in early childhood education yields significant returns in the form of increased productivity, reduced crime rates, and improved overall well-being.

The economic return on early childhood investment has been estimated at several dollars for every dollar spent, with significant savings in remedial education and social welfare costs. By investing in early childhood education, we can reduce the need for remedial education, thereby saving taxpayer dollars and freeing up resources to support other important social programs. Moreover, high-quality early childhood education can help to reduce the likelihood of children becoming involved in the juvenile justice system, leading to long-term savings in law enforcement and corrections costs. The fiscal benefits of early childhood education are substantial, with estimates suggesting that every dollar invested in high-quality early childhood education can yield returns of between $7 and $12 in the form of reduced social welfare costs and increased economic productivity. By investing in early childhood education, we can create a more equitable and prosperous society, where every child has the opportunity to succeed and reach their full potential."
H1,prose,Hard,Llama,unsloth/Llama-3.1-8B-Instruct-bnb-4bit,2,2001,467,0,388,"The history of science demonstrates that even well-confirmed theories, such as Newtonian mechanics and classical thermodynamics, have undergone significant revisions or have been shown to hold only within bounded domains. This trend suggests that scientific knowledge should be understood as provisional and fallible, rather than as a body of established certainties. These theories, once considered foundational and universally applicable, have been revised or modified in response to new evidence and observations, highlighting the dynamic and adaptive nature of scientific inquiry. The history of science is replete with examples of theories that were once considered absolute being later shown to be incomplete, inaccurate, or applicable only within limited contexts. This pattern of revision and refinement underscores the importance of fallibilism as the empirically warranted epistemic stance in science.

The Duhem-Quine thesis, which posits that any experimental outcome is consistent with auxiliary hypothesis revision, further underscores the provisional nature of scientific knowledge. According to this thesis, no single hypothesis can be conclusively falsified in isolation, as any experimental outcome can be reconciled with modifications to auxiliary hypotheses. This means that scientific knowledge is irreducibly holistic and defeasible, rather than a collection of isolated and certain facts. The Duhem-Quine thesis highlights the complex interplay between hypotheses, experiments, and auxiliary assumptions, demonstrating that scientific knowledge is always subject to revision and refinement. This thesis underscores the importance of considering the entire web of hypotheses and assumptions that underlie a particular scientific claim, rather than treating it as a self-contained and conclusive fact.

The underdetermination of theory by evidence, which arises from the fact that any finite dataset is consistent with infinitely many competing theoretical frameworks, also underscores the provisional nature of scientific knowledge. This means that empirical confirmation is always partial, and certainty claims exceed what evidence can justify. The underdetermination of theory by evidence highlights the fact that scientific theories are always subject to multiple interpretations and competing explanations, making it impossible to establish absolute certainty. This underscores the importance of considering the limits of our current knowledge and the potential for future revisions and refinements, rather than claiming absolute truth or certainty. By acknowledging the provisional and fallible nature of scientific knowledge, we can foster a more nuanced and humble understanding of the scientific enterprise, one that recognizes the complexity and uncertainty that underlie our current understanding of the world."
H2,prose,Hard,Llama,unsloth/Llama-3.1-8B-Instruct-bnb-4bit,2,2001,416,0,350,"Moral responsibility requires a meaningful conception of agency that cannot be reduced to purely causal-mechanical description. Ascriptions of moral responsibility presuppose that agents could have done otherwise, a counterfactual competence condition that deterministic causal chains cannot satisfy without importing a normative surplus the mechanistic framework does not contain. This condition is essential to holding individuals accountable for their actions, as it implies that they had the capacity to make choices that would have resulted in different outcomes if they had chosen differently. However, deterministic causal chains, which are characterized by a fixed and predictable sequence of events, cannot accommodate this condition without introducing a notion of freedom or indeterminacy that is not inherent in the mechanistic framework.

Reactive attitudes such as resentment, indignation, and gratitude are intelligible only within a framework that treats agents as sources of reasons-responsive action, not merely as nodes in causal networks. These attitudes are directed towards individuals as moral agents, rather than simply as causal factors in a deterministic sequence. When we feel resentment towards someone for their actions, we are not simply reacting to their behavior as a mechanical effect, but rather we are responding to their choices and the reasons behind them. This requires a conception of agency that goes beyond the mere causality of events and acknowledges the intentional and deliberative nature of human action.

Compatibilist attempts to reconstruct agency within determinism succeed only by shifting the conceptual target – redefining 'could have done otherwise' in dispositional terms – which preserves the linguistic form of responsibility attribution while abandoning its normative substance. This approach seeks to accommodate determinism by redefining the concept of agency in a way that is compatible with causal determinism, but in doing so, it loses the essential normative content of moral responsibility. By redefining agency in dispositional terms, compatibilists are able to maintain the linguistic form of responsibility attribution, but the notion of agency that results is one that is devoid of the essential features of moral responsibility, such as the capacity for reasons-responsive action and the ability to make choices that are not predetermined by causal chains."
H3,prose,Hard,Llama,unsloth/Llama-3.1-8B-Instruct-bnb-4bit,2,2001,519,0,427,"The relationship between language and thought has been a long-standing debate in cognitive science, with some arguing that language merely expresses pre-existing cognitive structures, while others propose that it shapes and influences the very fabric of human thought and cognition. I firmly believe that the latter view is more accurate, and numerous cross-linguistic research findings provide compelling evidence for this position. For instance, studies on spatial cognition, color categorization, and number representation reveal a systematic covariation between linguistic categories and non-linguistic cognitive performance across languages. This covariation demonstrates that linguistic distinctions significantly influence the granularity of conceptual representations, highlighting the intrinsic connection between language and thought. The fact that speakers of languages that distinguish between specific directions (e.g., English, with its words for north, south, east, and west) exhibit superior spatial reasoning skills compared to speakers of languages that use more general terms (e.g., many indigenous languages) underscores the impact of linguistic categories on cognitive processes.

Furthermore, research on language acquisition in early childhood reveals that this process is not merely a matter of labeling pre-existing content but rather actively restructures the child's representational system. Infants at the boundary of language acquisition exhibit differences in category-learning between linguistic and non-linguistic tasks, suggesting that language acquisition does not merely reflect existing cognitive structures but rather influences the development of these structures. This is evident in the way infants begin to differentiate between categories based on linguistic cues, which in turn shapes their understanding of the world. For example, infants may initially treat a dog and a cat as members of the same category, but as they begin to learn linguistic distinctions, they start to differentiate between these categories, demonstrating that language acquisition is not merely a passive process of labeling but an active process of restructuring the child's cognitive system.

Even internal deliberative thought, often considered a uniquely non-linguistic cognitive process, is partially constituted by linguistic representation. The sequential and negation-permitting structure of natural language enables forms of reasoning that non-linguistic cognitive systems, such as those found in animals or in purely computational models, cannot support. For instance, the ability to reason about abstract concepts, such as causality or hypothetical situations, relies heavily on the linguistic structure of natural language. This is because language provides a framework for representing and manipulating abstract concepts, allowing us to reason about them in ways that would be impossible without the linguistic representations. The sequential structure of language, which allows us to build upon previous thoughts and reason about them in a step-by-step manner, is a key aspect of this reasoning capacity."
H4,prose,Hard,Llama,unsloth/Llama-3.1-8B-Instruct-bnb-4bit,2,2001,478,0,398,"The notion that aesthetic value can be coherently reduced to purely subjective preference or individual psychological response is a simplistic one that fails to account for the complexities of aesthetic experience. When we encounter a work of art, music, or literature, our response is not merely a personal reaction, but rather an experience that involves a claim to intersubjective validity. When we judge a work beautiful, we implicitly call on others to agree, and this normative dimension is fundamental to the phenomenology of genuine aesthetic experience. This suggests that aesthetic value extends beyond individual response, encompassing a shared understanding that transcends personal preference. A purely subjectivist framework, which reduces aesthetic value to individual taste, cannot explain this intersubjective dimension, which is essential to our understanding of aesthetic experience.

The practice of aesthetic criticism, with its apparatus of reasons, standards, and education, presupposes that aesthetic assessments are answerable to considerations beyond individual response. Critics engage in debates about the merits of a work, referencing specific features, historical context, and cultural significance, which implies that aesthetic value is not solely a matter of personal preference. This critical practice assumes that some responses are better-informed than others, and that informed responses are more valuable than uninformed ones. This is a crucial aspect of aesthetic experience, as it allows us to evaluate and learn from the perspectives of others, refining our own understanding of aesthetic value. A purely subjectivist approach, which dismisses the importance of standards and education, cannot account for the rigors of critical discourse and the ways in which aesthetic assessments are shaped by cultural and historical contexts.

Aesthetic relativism, which asserts that every preference is equally valid, generates a regress that undermines the normative force of the relativist position from within. If every preference is merely a preference, then the preference for pluralism over dogmatism is itself merely a preference, which means that there is no objective basis for evaluating the merits of one preference over another. This creates a dilemma, as we are left with no clear criteria for distinguishing between valid and invalid preferences. The relativist position, which aims to empower individual preferences, ends up eroding the very notion of objective aesthetic value that it seeks to promote. This regress highlights the limitations of a purely subjectivist approach, which neglects the importance of intersubjective validity, critical discourse, and informed responses in shaping our understanding of aesthetic value."
H5,prose,Hard,Llama,unsloth/Llama-3.1-8B-Instruct-bnb-4bit,2,2001,392,0,336,"Consciousness poses a formidable explanatory challenge that has eluded comprehensive resolution within current physicalist and functionalist frameworks. A crucial distinction exists between the hard problem and the easy problems of explaining cognitive function. The hard problem, which concerns the fundamental issue of why physical processes give rise to subjective experience at all, remains conceptually distinct from the easy problems that focus on the mechanisms and processes underlying cognitive function. Functional accounts, which aim to explain what the brain does, are adept at addressing the easy problems but fail to tackle the hard problem, leaving it untouched. This is because these accounts do not provide a satisfactory explanation of the essential nature of subjective experience.

The conceivability of philosophical zombies offers further evidence of the limitations of physicalist and functionalist frameworks. The notion of zombies, beings that are physically identical to conscious humans but lack phenomenal experience, demonstrates that phenomenal consciousness is not logically entailed by physical description. This idea highlights the contingency of the relationship between physical and phenomenal properties, suggesting that the two are not necessarily equivalent. The conceivability of zombies implies that it is possible to imagine a scenario in which physical processes occur without giving rise to subjective experience, underscoring the gap between the physical and phenomenal realms.

Mary's Room, a thought experiment introduced by Frank Jackson, serves as a striking example of the epistemic limitations of physical knowledge. The scenario presents a hypothetical being who acquires complete physical knowledge of the world through black-and-white photographs and scientific descriptions, yet fails to gain a complete understanding of the phenomenal properties of colors. This thought experiment shows that even with complete physical knowledge, there is no guarantee of complete knowledge of phenomenal properties. Mary's Room establishes that phenomenal facts are epistemically irreducible to physical facts, implying that these two domains are distinct and cannot be reduced to a single, overarching explanation. This finding underscores the complexity of the relationship between physical and phenomenal properties, highlighting the challenges of reconciling these two seemingly disparate realms."
H6,prose,Hard,Llama,unsloth/Llama-3.1-8B-Instruct-bnb-4bit,2,2001,390,0,323,"Distributive justice necessitates a thorough examination of the pattern of outcomes, rather than merely focusing on the fairness of the procedures that produce them. Procedurally fair processes, in theory, can and frequently do generate outcome distributions that are substantively unjust due to their incorporation and amplification of pre-existing structural inequalities, including differential access to education and inherited wealth. While procedural fairness is indispensable, it is insufficient to ensure distributive justice, as it fails to address the inherent inequalities embedded within the system. The reality is that procedurally fair processes can perpetuate and exacerbate existing injustices, leading to substantively unjust outcomes.

Rawls's difference principle offers a principled criterion for evaluating outcome patterns by stipulating that inequalities are justified only when they maximize the absolute position of the least-advantaged members of society. This principle underscores the importance of considering the impact of outcome distributions on the most vulnerable members of society. By prioritizing the well-being of the least-advantaged, Rawls's difference principle provides a framework for assessing the fairness of outcome patterns, highlighting the need for substantive attention to the distribution of benefits and burdens. In contrast, a sole focus on procedural fairness can obscure the systemic inequalities that shape outcome distributions.

The baseline problem, which pertains to determining what constitutes a fair starting point for procedurally legitimate exchange, poses a challenge to the notion that procedural criteria can resolve distributive justice issues. The baseline problem cannot be resolved by procedural criteria alone, as any choice of baseline presupposes a prior substantive judgment about entitlement. This implies that a more nuanced approach is required, one that integrates both procedural and substantive considerations. By acknowledging the inherent complexities and inequalities embedded within the system, we can move beyond a narrow focus on procedural fairness and toward a more comprehensive understanding of distributive justice. Ultimately, this requires a multidimensional approach that takes into account the interplay between procedures, outcomes, and the underlying structural inequalities that shape distributive justice."
H7,prose,Hard,Llama,unsloth/Llama-3.1-8B-Instruct-bnb-4bit,2,2001,402,0,348,"Large-scale technological systems have a profound impact on social structures and distributions of power, rendering them resistant to effective governance through individual choice or conventional regulatory frameworks. This is due in part to the fact that technological systems exhibit what Winner calls 'politics built into design,' where the material properties of platform architecture embed particular distributions of agency and dependency that are not visible to or revisable by individual users. In other words, the underlying design of these systems determines how power is exercised and who has control, often in ways that are not transparent to those who interact with them.

Furthermore, technological systems create structural lock-in through network externalities, switching costs, and data-compounding effects. Network externalities, for instance, refer to the idea that the value of a technology increases as more users join the network, making it more difficult for users to leave or switch to alternative technologies. Switching costs refer to the financial or technical barriers that prevent users from switching to a different technology. Data-compounding effects occur when data is generated, stored, and reused, creating a snowball effect that reinforces the dominance of a particular technology. These factors combine to create a situation where the theoretical availability of alternatives formally compatible with effective technological monopoly, making market competition insufficient as a governance mechanism. As a result, the market is characterized by a de facto monopoly, where the dominant technology is difficult to challenge.

The pace of technological deployment also systematically outstrips the capacity of regulatory institutions to develop adequate oversight frameworks. The rapid evolution of technological systems creates a persistent governance gap, where regulatory institutions struggle to keep pace with the changing landscape. This gap is exacerbated by the fact that individual adaptation cannot close the gap, as users are often unable to fully comprehend the implications of the technologies they use. Regulatory institutions, therefore, are forced to play catch-up, often relying on reactive measures that are inadequate to address the complexities of large-scale technological systems. The result is a governance environment that is often characterized by uncertainty, lack of transparency, and uneven power distributions."
H8,prose,Hard,Llama,unsloth/Llama-3.1-8B-Instruct-bnb-4bit,2,2001,463,0,371,"The meaning of a text is not fully determined by its author's original intentions. This position is supported by Wimsatt and Beardsley's intentional fallacy, which posits that once a literary work is composed, it becomes a linguistic artifact whose meanings are constituted by the conventions and interpretive practices of its language community. These conventions and practices are not under the author's control, and they can lead to multiple, distinct interpretations of the same text. The intentional fallacy highlights the limitations of authorial intention in determining textual meaning, suggesting that the author's original intentions are only one factor, albeit an important one, in shaping the text's meaning.

The hermeneutic gap between what an author consciously intended and what a text semantically encodes is irreducible, underscoring the fact that authorial intention underdetermines textual meaning. This gap arises because the same linguistic tokens can be consistent with multiple interpretive elaborations, and the author's original intentions may not fully account for the nuances and complexities of the text. The author may intend one meaning, but the text itself may encode another, and this discrepancy highlights the tension between the author's control and the text's autonomous meaning. The hermeneutic gap is a fundamental aspect of the interpretive process, and it underscores the need for readers to engage with the text in ways that go beyond the author's original intentions.

The activation of textual meaning occurs in the reader's engagement with the text, drawing on competences that vary across readers and historical moments in ways original intention cannot anticipate. This perspective is supported by Barthes's 'death of the author,' which is often misunderstood as a claim about the elimination of authorial intention altogether. However, when read as a claim about interpretive authority, Barthes's statement suggests that the reader, rather than the author, is the primary agent of meaning-making. The reader's engagement with the text is a dynamic process that involves the activation of multiple competences, including linguistic, cultural, and historical knowledge. This process is highly contextual and variable, and it cannot be reduced to the author's original intentions. By recognizing the reader's agency in shaping the text's meaning, we can move beyond the limitations of authorial intention and toward a more nuanced understanding of the interpretive process."
H9,prose,Hard,Llama,unsloth/Llama-3.1-8B-Instruct-bnb-4bit,2,2001,449,0,368,"Democratic legitimacy necessitates more than the mere satisfaction of majority rule or aggregated preference satisfaction. This is because unrestricted majority rule is susceptible to the tyranny of the majority – the systematic exclusion of permanent minorities whose interests are structurally underrepresented in majoritarian aggregation. This phenomenon arises when the preferences of the majority are aggregated without consideration for the potential marginalization of minority voices. As a result, constitutional rights constraints and counter-majoritarian institutions become a democratic requirement rather than a limitation on democracy. These safeguards ensure that certain fundamental rights and interests are protected from the vicissitudes of majoritarian will, thereby preventing the erosion of minority rights and interests.

Deliberative democracy theorists, including Jürgen Habermas and Joshua Cohen, contend that legitimate political decisions necessitate the exchange of reasons under conditions of equal standing, mutual recognition, and openness to rational revision. This requires that citizens engage in a process of rational deliberation, where each participant is accorded equal respect and their arguments are treated with seriousness of intent. However, bare majoritarianism – the notion that the will of the majority should prevail without further consideration – neither requires nor ensures the satisfaction of these deliberative conditions. In fact, majoritarian aggregation may even preclude the exchange of reasons, as the preferences of the majority are often arrived at through a process of uninformed or unreflective decision-making. By failing to provide a deliberative context, majoritarianism undermines the very conditions that are necessary for legitimate political decision-making.

The epistemic argument for democracy, which posits that democratic decision-making is justified by its potential to produce more knowledgeable or well-informed outcomes, is also conditional on the quality of deliberation. This means that majority decisions reached under systematic misinformation or manipulation lack the epistemic credentials that would justify democratic authority. In such cases, the legitimacy of democratic decision-making is not automatically conferred by procedural compliance, as the outcomes may be based on false or misleading information. Instead, the epistemic argument for democracy requires that citizens engage in a process of informed and reflective deliberation, where they are able to critically evaluate the arguments and evidence presented to them. Only through such a process can democratic decision-making be said to produce outcomes that are justifiably authoritative."
H10,prose,Hard,Llama,unsloth/Llama-3.1-8B-Instruct-bnb-4bit,2,2001,507,0,417,"Rationality is not a uniform, context-free capacity that operates independently of the specific cognitive, social, and institutional conditions in which it is exercised. Rather, it is a complex and multifaceted phenomenon that is shaped by the particular circumstances in which it is deployed. This perspective is supported by a range of research in bounded rationality, which highlights the systematic departures from classical rationality norms that occur when human reasoning is subjected to ecologically realistic conditions.

The work of Herbert Simon, who introduced the concept of satisficing, has demonstrated that people often settle for a ""good enough"" solution rather than striving for an optimal one, and this tendency is not unique to Simon's own research. The heuristics-and-biases program, which was developed by Daniel Kahneman and Amos Tversky, among others, has shown that human reasoning is prone to systematic biases and heuristics that lead to suboptimal decisions in a wide range of domains. These findings suggest that human rationality is not a unitary, all-purpose capacity that can be applied uniformly across all contexts, but rather a more nuanced and context-dependent phenomenon that is shaped by the specific cognitive and environmental conditions in which it operates.

Rationality is also institutionally scaffolded, meaning that the capacity for extended, reliable reasoning depends on external cognitive artifacts, socially distributed knowledge, and institutional norms of evidence that are themselves historically contingent and variable across epistemic communities. For example, the use of calculators, computers, and other digital tools has profoundly affected the way people reason and solve problems, and the availability of these tools has been shaped by a range of institutional and social factors. Similarly, the standards of evidence and proof that are accepted in different scientific and epistemic communities are often highly variable and dependent on the specific historical and cultural contexts in which they operate.

Moreover, the standards by which reasoning is evaluated as rational or irrational are not neutral and universal, but rather embedded in particular epistemic traditions. What counts as a reason, a valid inference, or an appropriate standard of evidence varies across domains in ways that resist reduction to a single transcontextual rationality norm. For instance, the standards of evidence in a courtroom are often quite different from those in a scientific journal, and the reasoning processes that are accepted as valid in one context may be viewed as irrational in another. This variability highlights the importance of understanding rationality as a context-dependent phenomenon that is shaped by the specific cognitive, social, and institutional conditions in which it operates."
H11,prose,Hard,Llama,unsloth/Llama-3.1-8B-Instruct-bnb-4bit,2,2001,395,0,327,"The psychological continuity view, as advanced by Locke and developed by Parfit, offers a compelling account of personal identity. This perspective correctly identifies that what matters in survival is the persistence of overlapping chains of memory, personality, and intention, rather than the continuity of any physical substrate. The intuitive verdict in brain-transplant thought experiments, where personal identity is seen to follow the brain rather than the body, supports this view. In such scenarios, the continuity of memories, personality, and intentions is maintained despite the physical changes, demonstrating that it is the psychological connections that are crucial for personal identity.

In contrast, the biological continuity view fails to capture the normative significance of personal identity. This perspective focuses on the continuity of the physical body, which can persist through irreversible vegetative states. However, such states lack the psychological relations that make identity matter. What grounds prudential concern for one's future self and moral responsibility for one's past actions is psychological connectedness, not mere biological continuity. For instance, a person who has suffered severe brain damage and is now in a vegetative state, may still retain memories and personality traits, making it possible to maintain a connection with their past self. This highlights the importance of psychological continuity over biological continuity.

Parfit's reductionism, which posits that identity consists in and does not go beyond psychological continuity and connectedness, offers a more nuanced and preferable account of personal identity. This perspective dissolves apparent paradoxes in cases of fission and gradual psychological replacement, rather than generating arbitrary verdicts. In cases where an individual's brain is gradually replaced by a series of artificial components, or where a person's identity is split across multiple bodies, the psychological continuity view provides a clear and consistent framework for determining personal identity. In contrast, non-reductionist accounts often rely on arbitrary criteria to resolve these complex scenarios. By focusing on the persistence of psychological connections, Parfit's reductionism offers a more coherent and compelling theory of personal identity."
H12,prose,Hard,Llama,unsloth/Llama-3.1-8B-Instruct-bnb-4bit,2,2001,488,0,420,"The thesis that mathematical objects possess a form of objectivity independent of human psychological or social construction can be defended through several key claims. Firstly, the indispensability argument, which posits that our best scientific theories quantify over mathematical entities and are confirmed by the empirical success of those theories, has significant implications for the nature of mathematical objects. The scientific realist who accepts the existence of electrons on the basis of theoretical indispensability has no principled grounds for rejecting the existence of mathematical objects on similar grounds. This is because both electrons and mathematical objects are quantified over in our best scientific theories, and both are confirmed by empirical evidence. If we accept the existence of electrons on the basis of theoretical indispensability, then we must also accept the existence of mathematical objects on similar grounds, suggesting that mathematical objects possess a form of objectivity independent of human psychological or social construction.

Furthermore, the phenomenology of mathematical discovery provides strong evidence for the objectivity of mathematical objects. Mathematicians often encounter unexpected theorems, failed proofs that are corrected by necessity rather than convention, and surprising connections across independently developed branches of mathematics. This experience is more naturally described as exploration of a domain with determinate structure, rather than as invention of arbitrary formal systems. The fact that mathematicians can stumble upon theorems and connections that were not explicitly sought after suggests that mathematical objects possess a form of objectivity that is independent of human intention or convention. The mathematical domain appears to have a determinate structure that is waiting to be explored, rather than being a product of human imagination or social agreement.

Finally, nominalist alternatives that attempt to eliminate mathematical objects in favor of physical inscriptions or mental constructions face decisive technical objections. These alternatives often fail to recover the full expressive power of standard mathematics, or generate circularity by presupposing mathematical structure in the account meant to eliminate it. For example, some nominalist accounts attempt to reduce mathematical objects to physical inscriptions, but these accounts often rely on mathematical structure to describe the inscriptions in the first place. This creates a circularity problem, where the nominalist account relies on mathematical structure to justify its own existence. Similarly, accounts that reduce mathematical objects to mental constructions often rely on mathematical structure to describe the mental states of mathematicians, which again creates a circularity problem. These technical objections suggest that nominalist alternatives are not viable, and that mathematical objects possess a form of objectivity independent of human psychological or social construction."
H13,prose,Hard,Llama,unsloth/Llama-3.1-8B-Instruct-bnb-4bit,2,2001,454,0,376,"The replication crisis in psychology reveals a fundamentally institutional and incentive-structural problem, not merely a methodological one. Proximate methodological failures such as underpowered studies, p-hacking, HARKing, and selective outcome reporting are not primarily the result of individual researcher incompetence. Rather, they are rational responses to a publication incentive structure that systematically rewards novel positive results and penalizes replication attempts and null findings. In this environment, researchers are incentivized to produce findings that are novel and attention-grabbing, even if the methods used to obtain these findings are questionable. The pressure to publish in a competitive field leads researchers to engage in methodological shortcuts that inflate the false-positive rate, as the benefits of securing a publication often outweigh the costs of potential methodological flaws.

The peer review system as currently constituted provides insufficient verification of methodological adequacy. This is because it does not require data sharing, pre-registration, or independent replication. Reviewers operating under time constraints cannot detect the flexible analytical choices that inflate false-positive rates. The traditional publication model relies on the assumption that the published findings are representative of the entire dataset, but this assumption is often violated in practice. The data sharing requirements and pre-registration mandates that are becoming increasingly common can mitigate this problem, but the current system is too often limited to a cursory examination of the study design and methods, without adequate verification of the data analysis.

Field-level interventions are necessary and sufficient to substantially reduce the false-positive rate. These interventions include pre-registration mandates, registered reports, open data requirements, and tenure criteria weighting replication. However, the adoption of these measures is slow because they are individually rational only if adopted collectively, creating a coordination problem that individual researchers cannot solve without funding-body enforcement. The lack of a universal standard for data sharing and replication requirements means that researchers can choose to follow the path of least resistance, even if this means sacrificing methodological rigor. In order to address the replication crisis, a more coordinated and systemic approach is needed, one that takes into account the institutional and incentive-structural factors that contribute to the problem. This requires a collective effort to establish a new normative standard for research practices, one that prioritizes methodological adequacy and replication over the pursuit of novel and attention-grabbing findings."
E15,prose,Easy,Llama,unsloth/Llama-3.1-8B-Instruct-bnb-4bit,2,2001,436,0,371,"Learning to play a musical instrument is a rewarding pursuit that offers numerous benefits, even for adults who may assume it's too late to start. One significant advantage is that playing a musical instrument exercises both memory and hand coordination, essential skills that can be improved with practice. As we age, our cognitive abilities can decline, but engaging in music-related activities has been shown to boost memory and cognitive function. Playing a musical instrument requires remembering complex melodies, harmonies, and rhythms, which in turn stimulates the brain and strengthens memory pathways. Moreover, the physical act of playing an instrument, such as piano or guitar, demands hand-eye coordination and fine motor skills, which can be developed and refined with consistent practice.

Another compelling reason to learn a musical instrument as an adult is that it provides a creative outlet after a long day of work or school. Engaging in creative activities has been proven to reduce stress, anxiety, and depression, promoting overall well-being. Playing music allows individuals to express themselves, explore their emotions, and tap into their imagination, fostering a sense of fulfillment and purpose. As an adult, it's easy to get caught up in daily routines and responsibilities, but music offers a refreshing escape from the monotony of daily life. By immersing yourself in music, you can explore new ideas, experiment with different styles, and create something unique, all while reaping the therapeutic benefits of creative expression.

Lastly, learning to play a musical instrument offers a steady sense of progress, a feeling that can be motivating and fulfilling. As an adult, it's easy to feel like you're stuck in a rut, but music provides a clear path to improvement, no matter how small the steps may seem. With each new technique mastered, each challenging piece conquered, and each musical milestone reached, you'll experience a sense of accomplishment and pride in your abilities. This steady progress can be a powerful motivator, driving you to continue learning and pushing yourself to new heights. Furthermore, the sense of progress can translate to other areas of life, as the discipline and perseverance required to master a musical instrument can also be applied to other pursuits and goals, leading to a more confident and successful you."
E16,prose,Easy,Llama,unsloth/Llama-3.1-8B-Instruct-bnb-4bit,2,2001,410,0,353,"Walking or biking for short trips instead of driving can significantly improve everyday life by offering numerous benefits that positively impact various aspects of one's daily routine. Firstly, this mode of transportation can help save money on fuel and parking. By ditching the car and opting for a more eco-friendly and budget-friendly option, individuals can reduce their fuel expenses and allocate the saved funds towards more meaningful pursuits. Moreover, parking fees can be a significant drain on one's finances, especially in urban areas where parking spots are scarce and expensive. By walking or biking, individuals can avoid these parking fees altogether, freeing up their budget for other essential or discretionary expenses.

Another advantage of walking or biking for short trips is that it adds exercise to one's day without requiring extra planning. In today's fast-paced world, finding time for physical activity can be challenging, especially for those with packed schedules. However, incorporating walking or biking into daily routines can provide a convenient and effective way to stay physically active. This mode of transportation allows individuals to accumulate a significant amount of exercise while commuting to work, running errands, or visiting friends, all without requiring any special equipment or dedicating specific time for physical activity. As a result, individuals can improve their overall health and well-being without feeling overwhelmed by additional responsibilities.

Lastly, walking or biking for short trips can provide individuals with the opportunity to notice and enjoy their neighborhood in a way that driving often cannot. When behind the wheel, individuals are often preoccupied with navigating traffic, checking their GPS, or engaging in conversations with passengers, making it difficult to appreciate the surroundings. On the other hand, walking or biking allows individuals to take in the sights, sounds, and aromas of their neighborhood, fostering a deeper connection with the local community. As they stroll or pedal through the streets, individuals can discover hidden gems, such as local shops, restaurants, or parks, that might have gone unnoticed while driving. This increased awareness and appreciation of one's neighborhood can lead to a greater sense of community and belonging, ultimately enhancing the quality of life."
E17,prose,Easy,Llama,unsloth/Llama-3.1-8B-Instruct-bnb-4bit,2,2001,363,0,317,"Taking a basic first aid course is an incredibly smart use of a weekend, and here's why. Not only will you be learning how to prepare and respond to common emergencies, but you'll also be gaining valuable skills that could potentially save a life. This course will equip you with the knowledge and confidence to administer basic care in situations such as bleeding, burns, and broken bones, which are often the most pressing concerns in emergency situations. By being prepared to respond effectively, you'll not only be helping the person in distress, but you'll also be helping to prevent further injury or complications.

Beyond the practical skills, taking a basic first aid course will also help you build calm confidence in stressful moments. You'll learn how to remain composed and think clearly, even when faced with a crisis. This is invaluable, as it's not just about the physical act of administering first aid, but also about the mental and emotional well-being of those involved. By being confident in your ability to respond, you'll be better equipped to handle the emotional impact of an emergency, and you'll be a more supportive and reassuring presence for those around you.

One of the best things about taking a basic first aid course is that it's a short and relatively inexpensive investment. You can complete the course over a weekend, and the cost is often minimal. This makes it an accessible and affordable opportunity to acquire new skills and boost your confidence. In addition, many community centers, hospitals, and other organizations offer these courses, often at discounted rates or with scholarships available. This means that you can take advantage of this valuable learning experience without breaking the bank. Overall, taking a basic first aid course is a smart use of your time, and it's an investment that could pay off in a big way, both personally and for those around you."
E18,prose,Easy,Llama,unsloth/Llama-3.1-8B-Instruct-bnb-4bit,2,2001,381,0,334,"Growing a small herb or vegetable garden at home is a rewarding hobby that offers numerous benefits. One of the most significant advantages is having access to fresh food right outside your door. Imagine being able to step out into your garden and pluck a ripe tomato or a fragrant handful of fresh herbs, ready to be used in your favorite recipe. Not only does this save you money on grocery bills, but it also allows you to enjoy the taste and nutritional benefits of your garden's produce. Moreover, having a garden at home encourages you to cook and eat healthier meals, which can have a positive impact on your overall well-being.

Tending to plants is also a great way to unwind and find relaxation in the midst of daily pressures. In today's fast-paced world, it's easy to feel overwhelmed and stressed, but the simple act of nurturing a garden can be therapeutic. Watching your plants grow and thrive can be meditative, and the physical act of digging, watering, and pruning can be a great way to clear your mind and find calm. Additionally, the sense of accomplishment that comes with seeing your garden flourish can be a great confidence booster and help you feel more connected to the natural world.

Growing a garden also teaches patience, as you watch things grow and develop over time. This is a valuable life skill that can be applied to many areas of life, from relationships to career goals. Learning to wait for the seeds to sprout, for the seedlings to mature, and for the harvest to ripen can help you develop a sense of perspective and appreciation for the process. It's easy to get caught up in the instant gratification of modern life, but growing a garden requires you to slow down and appreciate the journey, rather than just focusing on the end result. As you watch your garden grow, you'll learn to be more mindful and present, and to appreciate the simple joys in life."
E19,prose,Easy,Llama,unsloth/Llama-3.1-8B-Instruct-bnb-4bit,2,2001,356,0,307,"Writing tasks down in a daily planner is an effective way to stay on top of your life. One of the primary benefits is that it reduces the likelihood of forgetting important tasks and appointments. When you physically write down these events, you're more likely to remember them, and the act of physically putting pen to paper seems to aid in retention. This is especially true for appointments, which can be easily forgotten if they're only stored in a digital calendar. By writing them down in a planner, you're more likely to recall them when the time comes, ensuring you don't miss important events or meetings.

In addition to remembering tasks and appointments, writing them down also has a profound impact on mental clarity. When you're carrying around a mental to-do list, it can be overwhelming and stressful. By transferring these tasks to a physical planner, you're clearing your mind and allowing yourself to relax. This sense of relief can have a positive impact on your overall well-being, as you're no longer burdened with the weight of remembering every single task. A clear mind is a more focused mind, and by using a planner, you're giving yourself the space to breathe and recharge.

Finally, checking off tasks and appointments as you complete them is a powerful motivator. When you see the progress you've made, it can be incredibly satisfying. Writing tasks down in a planner allows you to track your progress, providing a visual representation of how much you've accomplished. This can be a significant boost to your confidence and productivity, as you're able to see the tangible results of your hard work. By using a planner, you're not only staying on top of your life, but you're also developing a sense of pride and accomplishment that comes from seeing your goals and objectives come to fruition."
E20,prose,Easy,Llama,unsloth/Llama-3.1-8B-Instruct-bnb-4bit,2,2001,344,0,289,"Playing board games with family and friends is an excellent way to spend quality time together, and I firmly believe it's a worthwhile investment. One of the primary benefits is that it fosters conversation and connection around the table. When everyone is engaged in a game, they're more likely to interact with each other, share laughs, and build meaningful relationships. The social aspect of board games brings people together, creating a sense of community and camaraderie that's hard to replicate in other activities.

Moreover, playing board games teaches valuable life lessons, particularly good sportsmanship. Winning and losing are an inevitable part of the game, and when played with a positive attitude, they can be invaluable learning experiences. When we win, we can learn to appreciate our accomplishments, be gracious in victory, and respect our opponents' efforts. Conversely, when we lose, we can develop a growth mindset, learn from our mistakes, and maintain a healthy dose of humility. This kind of sportsmanship is essential in building strong relationships and navigating the ups and downs of life.

Lastly, playing board games is a remarkably cost-effective form of entertainment that can be enjoyed again and again. Unlike movies or theme park visits, which are often expensive and one-time experiences, board games offer a wealth of replay value. Once you've purchased a game, you can play it multiple times with different people or even the same group on various occasions. This means you can enjoy the same game without incurring additional costs, making it an excellent value for your entertainment budget. Whether you're a fan of classics like Monopoly or more modern games like Codenames, there's a wealth of options available, ensuring that you'll always find something to suit your tastes and preferences."
E21,prose,Easy,Llama,unsloth/Llama-3.1-8B-Instruct-bnb-4bit,2,2001,467,0,395,"Learning how to swim is an essential skill that everyone should acquire, and its benefits extend far beyond the recreational aspects. One of the most significant advantages of knowing how to swim is that it keeps you safer around pools, lakes, and the ocean. Swimming is a vital skill for water safety, and being able to swim with confidence reduces the risk of accidents and fatalities in these environments. Whether you're a child or an adult, being able to swim can save your life in an emergency situation, making it a crucial skill to possess. Moreover, knowing how to swim also empowers you to take control of your own safety and the safety of others, especially when it comes to supervising children or vulnerable individuals around water.

In addition to the safety benefits, swimming is also a full-body workout that is gentle on the joints. Unlike many other forms of exercise that can put excessive strain on the muscles and joints, swimming is a low-impact activity that can be enjoyed by people of all ages and fitness levels. The smooth movements and buoyancy of water reduce the impact on the joints, making it an ideal exercise option for those with arthritis, joint injuries, or other mobility limitations. Swimming also engages multiple muscle groups simultaneously, providing a comprehensive workout that can improve cardiovascular health, strength, and flexibility. As a result, incorporating swimming into your regular exercise routine can have a significant impact on your overall well-being and fitness level.

Lastly, knowing how to swim opens up a world of fun activities and experiences that are otherwise inaccessible. Snorkeling, for instance, allows you to explore the underwater world and discover the beauty of coral reefs, marine life, and shipwrecks. Similarly, participating in water sports like kayaking, paddleboarding, or sailing can provide an adrenaline rush and a sense of freedom and adventure. Swimming also enables you to participate in water-based recreational activities, such as water aerobics, synchronized swimming, or even competitive swimming. Moreover, being able to swim can also broaden your travel horizons, allowing you to visit destinations with beautiful beaches, lakes, or rivers, and enjoy the many water-based activities and experiences that these environments have to offer. In short, learning how to swim is a fundamental skill that can unlock a wealth of possibilities and enjoyment, making it an essential part of a well-rounded and fulfilling life."
M14,prose,Medium,Llama,unsloth/Llama-3.1-8B-Instruct-bnb-4bit,2,2001,360,0,313,"Routine preventive maintenance of buildings and equipment is a more cost-effective approach than repairing them after they fail. One key advantage of scheduled inspections is that they allow for the detection of small defects before they escalate into expensive structural or mechanical failures. By identifying and addressing minor issues before they become major problems, building owners and managers can avoid costly repairs and the associated downtime. Regular inspections can also help prevent the need for costly retrofits or replacements, which can be especially beneficial for older or historically significant buildings where the cost of repair or replacement may be prohibitive.

Planned maintenance is another crucial aspect of preventive maintenance, as it allows for the avoidance of unplanned downtime and lost output that accompany sudden breakdowns. When equipment or systems fail suddenly, it can result in significant losses, including the cost of emergency repairs, lost production, and reduced productivity. By scheduling regular maintenance, building owners and managers can ensure that critical systems and equipment are functioning properly, minimizing the risk of sudden failures and the associated costs. This approach also enables the development of contingency plans to mitigate the impact of unexpected outages, ensuring business continuity and minimizing the financial consequences.

Well-maintained assets also last substantially longer, spreading their capital cost over more years of service. When buildings and equipment are properly maintained, they are less likely to experience premature wear and tear, reducing the need for costly replacements or repairs. This can result in significant long-term savings, as the cost of maintenance is spread out over a longer period. Moreover, well-maintained assets can also provide a return on investment by increasing their value over time, making them more attractive to potential buyers or lessees. By investing in preventive maintenance, building owners and managers can ensure that their assets remain operational and productive for a longer period, ultimately reducing the overall cost of ownership."
M15,prose,Medium,Llama,unsloth/Llama-3.1-8B-Instruct-bnb-4bit,2,2001,314,0,275,"Contributing to open-source software offers numerous benefits to organizations that engage in this practice. One of the primary advantages is that sharing code allows the cost of maintenance to be spread across many contributors instead of being shouldered by a single company. This collaborative approach enables multiple organizations to work together to identify and resolve issues, thereby reducing the financial burden associated with maintaining a software project. By sharing the maintenance costs, organizations can allocate their resources more efficiently, allocate budget to other areas, and accelerate their time-to-market.

Public peer review of source code is another significant advantage of contributing to open-source software. When software is publicly available, other developers and experts can scrutinize the code, providing valuable feedback and suggestions for improvement. This peer review process helps to identify and correct errors, as well as expose potential security vulnerabilities sooner, allowing organizations to address these issues before they become major problems. By incorporating feedback from the broader developer community, organizations can ensure the quality and reliability of their software, ultimately benefiting from a more robust and secure product.

Visible open-source contributions can also strengthen an organization's technical reputation and aid in recruiting skilled engineers. When organizations make their software available under an open-source license, they demonstrate their commitment to transparency, collaboration, and innovation. This openness can attract top talent from the developer community, who are drawn to organizations that share their values and are willing to engage with the broader developer ecosystem. By showcasing their technical expertise and collaborative spirit, organizations can establish themselves as leaders in their field, making it easier to recruit and retain skilled engineers who are passionate about open-source software."
M16,prose,Medium,Llama,unsloth/Llama-3.1-8B-Instruct-bnb-4bit,2,2001,413,0,363,"The standardized shipping container was one of the most economically consequential innovations of the twentieth century, revolutionizing the logistics industry and transforming the way goods are transported and traded around the world. One of the key benefits of containerization was the sharp reduction in the labor and time required to load and unload cargo at ports. Prior to the widespread adoption of standardized containers, cargo was loaded and unloaded manually, often using makeshift containers or sacks, which was a time-consuming and labor-intensive process. In contrast, standardized containers could be quickly and easily loaded and unloaded using specialized equipment, such as cranes and forklifts, significantly reducing the time and effort required to handle cargo.

The use of a common container size allowed goods to move between ships, trains, and trucks without repacking, enabling integrated global supply chains. This uniformity of container size enabled seamless transitions between different modes of transportation, streamlining the logistics process and reducing the need for manual repacking and reloading. As a result, the efficiency and speed of global trade increased dramatically, making it possible to transport goods over long distances and across multiple borders without significant delays or disruptions. The ability to move goods in a standardized container also facilitated the growth of just-in-time production and delivery systems, which allowed manufacturers to respond quickly to changes in market demand and reduce inventory levels.

Sealed containers reduced theft and damage in transit, lowering insurance and handling costs. Prior to the widespread adoption of standardized containers, cargo was often exposed to the elements and vulnerable to theft and damage during transportation. In contrast, sealed containers provided a secure and protective environment for goods in transit, reducing the risk of theft and damage and minimizing the need for costly insurance and handling procedures. By reducing the risk of cargo loss and damage, sealed containers also reduced the administrative burden and paperwork associated with claims and insurance settlements, further streamlining the logistics process and reducing costs. The reduced risk of cargo loss and damage also enabled the growth of global trade and the expansion of international supply chains, as manufacturers and traders became more confident in the ability to transport goods safely and securely."
M17,prose,Medium,Llama,unsloth/Llama-3.1-8B-Instruct-bnb-4bit,2,2001,387,0,340,"Citizen science projects have revolutionized the way research is conducted, enabling genuine contributions to scientific research through the collective efforts of volunteer observers. One of the primary advantages of these projects is that they facilitate data collection across geographic areas and time spans that would be impossible for professional teams to cover alone. For instance, long-running bird counts, such as the Christmas Bird Count, rely on volunteer observers to gather data on bird populations across diverse regions and over extended periods. This extensive coverage would be prohibitively expensive and logistically challenging for professional teams to replicate on their own, yet the resulting data has proven invaluable for understanding bird migration patterns, population dynamics, and the impact of environmental changes on avian populations.

Another significant benefit of citizen science projects is the ability to classify large image and audio datasets, such as galaxy photographs, at an unprecedented scale. Online volunteers, equipped with mobile devices and internet access, can rapidly classify and annotate vast datasets, accelerating the pace of scientific discovery. This collaborative effort enables researchers to analyze and interpret complex data that would be time-consuming and labor-intensive for small research groups to handle on their own. By leveraging the power of crowdsourced classification, citizen science projects have facilitated breakthroughs in fields such as astronomy, ecology, and conservation biology, where the sheer volume of data has previously been a limiting factor.

The participation of citizens in scientific research also has a profound impact on public scientific literacy and understanding of how evidence is gathered. By engaging with real-world research projects, individuals can develop a deeper appreciation for the scientific method, the importance of data collection, and the iterative process of hypothesis testing and validation. This hands-on experience fosters a more nuanced understanding of scientific inquiry, enabling citizens to critically evaluate scientific findings and engage in informed discussions about the implications of research. Furthermore, citizen science projects promote a sense of ownership and agency among participants, who feel empowered to contribute to the scientific enterprise and make a tangible difference in their communities."
M18,prose,Medium,Llama,unsloth/Llama-3.1-8B-Instruct-bnb-4bit,2,2001,348,0,305,"Structured code review plays a pivotal role in enhancing the quality of software produced by engineering teams. One of the primary benefits of code review is that it enables reviewers to catch defects before the software is released, which significantly reduces the cost of fixing these defects. When defects are identified during the review process, they can be addressed immediately, resulting in far cheaper fixes compared to identifying and resolving them in production. This approach not only saves time and resources but also prevents the propagation of defects, which can have a ripple effect on the entire software system.

Another significant advantage of structured code review is that it facilitates knowledge sharing and reduces reliance on single experts within the team. When team members review each other's changes, they gain a deeper understanding of the codebase, its architecture, and the design decisions that have been made. This shared knowledge not only enhances the team's collective expertise but also empowers team members to make informed decisions and contribute to the codebase with greater confidence. As a result, the team becomes less dependent on individual experts, promoting a more collaborative and self-sufficient environment.

Regular code review also serves as a powerful enforcer of consistent coding standards, making the software easier to maintain over time. When team members review each other's code, they are more likely to adhere to established coding conventions, coding styles, and best practices. This uniformity in coding standards ensures that the software is more predictable, easier to navigate, and less prone to errors. Moreover, the consistent application of coding standards makes it easier for new team members to join and become familiar with the codebase, reducing the learning curve and accelerating the development process. By enforcing consistent coding standards through regular review, teams can lay the foundation for a maintainable and scalable software system."
M19,prose,Medium,Llama,unsloth/Llama-3.1-8B-Instruct-bnb-4bit,2,2001,365,0,308,"In high-stakes professions such as aviation and surgery, written checklists are a crucial tool in reducing preventable errors. One key advantage of checklists is that they reduce reliance on memory for routine but critical steps, particularly when individuals are under stress or fatigue. In these professions, attention to detail is paramount, and even minor oversights can have catastrophic consequences. Checklists provide a clear, step-by-step guide that ensures all necessary procedures are performed, thereby minimizing the risk of human error. By referencing a written checklist, individuals can focus on executing the tasks rather than trying to recall them, which can be especially challenging in high-pressure situations.

Another benefit of written checklists is that they standardize communication within teams by providing a defined moment for team members to raise concerns. In the chaos of a high-stakes operation, it's easy for important details to be overlooked or dismissed. A checklist provides a structured framework for discussing and addressing potential issues, ensuring that everyone is on the same page. This standardized communication helps prevent misunderstandings and ensures that all team members are aware of the plan and any potential risks. By giving every team member a clear moment to voice concerns, checklists promote a culture of transparency and accountability.

Documented results demonstrate the effectiveness of written checklists in reducing complications in high-stakes professions. The World Health Organization's surgical safety checklist, for example, has shown measurable reductions in complications after its adoption. This checklist is designed to be used before, during, and after surgery to ensure that patients receive the best possible care. By incorporating a checklist into their workflow, healthcare professionals can identify potential risks and take proactive steps to mitigate them, resulting in better patient outcomes. In aviation, similar checklists are used to ensure that pilots and air traffic controllers follow standardized procedures, reducing the risk of errors and improving safety."
M20,prose,Medium,Llama,unsloth/Llama-3.1-8B-Instruct-bnb-4bit,2,2001,412,0,363,"Improvements in weather forecasting over recent decades have produced significant economic value. One of the key beneficiaries of these advancements is the agricultural sector, particularly farmers. More accurate forecasts enable them to time planting, irrigation, and harvesting with greater precision, thereby reducing crop losses and increasing overall productivity. This is because precise weather information allows farmers to avoid planting during unfavorable conditions, reduce water usage during periods of drought, and harvest crops when they are at their optimal ripeness, minimizing the risk of spoilage and damage. As a result, the economic value of improved weather forecasting is evident in the increased yields and reduced losses that farmers experience.

Another area where the economic benefits of improved weather forecasting are substantial is in the realm of severe storm warnings. Earlier warnings of impending storms enable authorities to initiate evacuations and preparations that significantly reduce property damage and loss of life. By predicting the trajectory and intensity of severe weather events, meteorologists can alert residents in the affected areas, allowing them to take necessary precautions and seek safety. This proactive approach saves countless lives, prevents property damage, and reduces the overall economic burden of storm-related losses. In addition, earlier warnings also facilitate emergency response planning, enabling authorities to deploy resources and personnel more effectively.

The economic benefits of improved weather forecasting extend beyond these critical areas to various sectors that rely on accurate and timely weather information. Airlines, shipping companies, and electricity grid operators all use forecasts to plan their operations and balance supply and demand with greater efficiency. By anticipating weather patterns and potential disruptions, these organizations can adjust their routes, schedules, and resource allocations to minimize the impact of weather events. For instance, airlines may reroute flights to avoid areas of turbulence or severe weather, while shipping companies may adjust their cargo schedules to avoid congestion caused by weather-related delays. Similarly, electricity grid operators can plan their resource allocation and reserve capacities to meet the changing energy demands during periods of extreme weather. The economic value of improved weather forecasting in these sectors is evident in the reduced operational costs, increased productivity, and enhanced customer satisfaction that result from their more informed decision-making."
H14,prose,Hard,Llama,unsloth/Llama-3.1-8B-Instruct-bnb-4bit,2,2001,399,0,339,"The notion that causation can be reduced to mere regular succession between types of events is an oversimplification that fails to capture the complexities of causal relationships. Regularity accounts, which attempt to define causation solely in terms of the frequency of predictable outcomes following specific types of events, are unable to distinguish genuine causal relations from accidental or common-cause correlations. For instance, a falling barometer reading is regularly followed by a storm, yet it does not cause the storm. This is because the storm's occurrence is also correlated with other factors, such as atmospheric pressure and wind patterns, which are not causally related to the falling barometer reading. The regularity of this succession is thus coincidental rather than causal.

In contrast, interventionist accounts, developed by philosophers such as James Woodward, offer a more nuanced understanding of causation by identifying causal relations with dependencies that remain invariant under ideal interventions on the putative cause. An ideal intervention involves manipulating the cause in a way that isolates its effect, allowing us to determine whether the cause is indeed responsible for the effect. This approach highlights the importance of considering the causal mechanisms and dependencies that underlie the relationship between events, rather than simply counting the frequency of predictable outcomes. By focusing on the invariant dependencies that remain after intervening on the cause, we can distinguish genuine causal relations from accidental correlations.

The interventionist account also explains the epistemic privilege of randomized controlled experiments, which are widely regarded as the gold standard of scientific research. These experiments involve manipulating the putative cause in a way that severs it from its ordinary antecedents, allowing researchers to isolate the causal effect. By designing experiments that approximate ideal interventions, scientists can establish causal relationships with greater confidence, as the effect is no longer influenced by extraneous factors that might be correlated with the cause. In this sense, the interventionist account provides a theoretical framework for understanding the epistemic privilege of randomized controlled experiments, which is essential for establishing causal knowledge in various fields of study."
H15,prose,Hard,Llama,unsloth/Llama-3.1-8B-Instruct-bnb-4bit,2,2001,363,0,302,"Analyzing biological function in etiological terms offers a more comprehensive understanding of its underlying mechanisms and normative dimensions compared to purely causal-role accounts. Selected-effect accounts, which pinpoint a trait's function with the effect for which its ancestors were selected, provide a nuanced explanation of the normativity of function, encompassing the possibility of malfunction. This is a distinctive feature that a purely dispositional analysis, focused on the trait's current causal role, cannot accommodate. By delving into the evolutionary history of a trait, selected-effect accounts reveal why a particular function is attributed to it, highlighting the adaptive significance that underpins its presence.

In contrast, causal-role accounts following Cummins' seminal work struggle to distinguish a trait's function from its accidental effects without relativizing function to the explanatory interests of the investigator. This relativization undermines the objectivity of functional attribution, as it implies that function is dependent on the observer's perspective rather than being an inherent property of the trait itself. Causal-role accounts are thus limited in their ability to provide a clear and objective explanation of a trait's function, as they cannot adequately address the issue of accidental effects without compromising their claims.

Etiological accounts, on the other hand, stand out for their explanatory force in vindicating the utility of functional claims. By citing a trait's selected effect, these accounts answer the fundamental historical question of why the trait is present in the first place. This is a crucial aspect of understanding biological function, as it highlights the adaptive significance and evolutionary pressures that have shaped the trait's development. In contrast, purely causal-role accounts can only describe what a trait currently does, without providing insight into its underlying historical context. The etiological approach thus offers a more complete and nuanced understanding of biological function, one that is grounded in the evolutionary history of the trait."
H16,prose,Hard,Llama,unsloth/Llama-3.1-8B-Instruct-bnb-4bit,2,2001,505,0,432,"Knowledge acquired through testimony cannot be reduced to knowledge grounded in the hearer's own perception, memory, and inductive inference. This is because the verification of the track record of sources on whom ordinary belief depends is a task that no individual can accomplish independently. As Coady argued, most people's beliefs rely on a vast array of sources, including experts, authorities, and everyday witnesses, and it is practically impossible for an individual to verify the credibility of more than a small fraction of these sources. This limitation renders a reductionist justification of testimony unavailable in practice, as the hearer cannot independently verify the accuracy of the testimony they receive. As a result, knowledge acquired through testimony must be understood as a unique form of knowledge that cannot be reduced to the hearer's own cognitive faculties.

Moreover, young children acquire vast bodies of knowledge through testimony before they possess the inferential resources required for testimonial justification. Children learn about the world around them through language, social interactions, and interactions with their environment, and they often rely on the testimony of their caregivers and other authority figures. However, at this stage in their development, children lack the cognitive maturity and inferential abilities necessary to critically evaluate the testimony they receive, assess the credibility of the sources, or draw inferences from the information. Therefore, their knowledge cannot be reduced to the hearer's own perception, memory, and inductive inference, as they are still in the process of developing these cognitive abilities. Instead, their knowledge is acquired through a process of social learning, where they absorb information and beliefs from their environment and the people around them.

The division of cognitive labor in contemporary science also renders knowledge irreducibly dependent on testimonial trust. As Hardwig's analysis of the division of cognitive labor reveals, researchers in various fields often rely on the work and results of colleagues in other areas of study, without having the necessary expertise or resources to personally verify these results. For example, a physicist may rely on the mathematical calculations of a mathematician or the experimental results of a biologist, without having the ability to personally check the underlying assumptions or methodology. This reliance on the work of others is a fundamental aspect of modern scientific inquiry, where the cumulative knowledge of a community of experts is essential for advancing our understanding of the world. In this context, knowledge acquired through testimony cannot be reduced to the hearer's own perception, memory, and inductive inference, as the verification of the results of others is a collective effort that requires a high degree of trust and cooperation."
H17,prose,Hard,Llama,unsloth/Llama-3.1-8B-Instruct-bnb-4bit,2,2001,489,0,422,"Idealized scientific models that contain known falsehoods can provide genuine understanding of natural phenomena by isolating the difference-making factors of a phenomenon. These idealizations, such as frictionless planes, infinite populations, and point masses, deliberately remove factors that do not alter the explanatory structure of the phenomenon. This removal allows scientists to focus on the essential components that contribute to the phenomenon, thereby uncovering the underlying patterns and relationships that govern its behavior. For instance, the concept of a frictionless plane is often used in physics to simplify the analysis of motion, by ignoring the effects of friction that can obscure the underlying dynamics of the system. By omitting these details, scientists can concentrate on the fundamental principles that govern the motion, such as the conservation of energy and momentum.

Understanding consists in grasping patterns of counterfactual dependence, which an idealized model can represent accurately even when its literal assumptions are false. Counterfactual dependence refers to the relationships between different components of a system that would have occurred if certain conditions had been different. Idealized models can capture these patterns by abstracting away from the specific details of a system and focusing on the general properties that determine its behavior. For example, the ideal gas law, which assumes that gases consist of point particles in random motion, accurately predicts the behavior of real gases despite the fact that the assumption of point particles is not strictly true. This is because the ideal gas law captures the essential patterns of counterfactual dependence that govern the behavior of gases, even if it does not accurately represent the microscopic details of the system.

Minimal-model explanations, as analyzed by Batterman, account for universal behavior across physically heterogeneous systems precisely because they omit the microscopic details that differ between those systems. These explanations focus on the essential features that determine the behavior of a system, by abstracting away from the specific details that are not essential to the phenomenon. By doing so, they reveal the underlying patterns and relationships that govern the behavior of a wide range of systems, even if the specific systems themselves are quite different. For instance, the Navier-Stokes equations, which describe the behavior of fluids, can be applied to a wide range of systems, from ocean currents to blood flow, despite the fact that the specific details of each system are quite different. This is because the equations capture the essential patterns of counterfactual dependence that govern the behavior of fluids, even if they do not accurately represent the microscopic details of each system."
H18,prose,Hard,Llama,unsloth/Llama-3.1-8B-Instruct-bnb-4bit,2,2001,498,0,431,"The distinction between practical knowledge, or knowing how, and propositional knowledge, or knowing that, is essential to understanding the complexities of human knowledge. This distinction is rooted in the idea that practical knowledge is not reducible to propositional knowledge. One of the key arguments in support of this claim is Ryle's regress argument. This argument suggests that if every intelligent performance required first contemplating a proposition, the act of applying that proposition would itself require further propositional knowledge. The problem with this idea is that it generates an infinite regress. If every time an agent applies a proposition to a situation, they need to contemplate another proposition to guide the application of the first proposition, and so on, then we are left with an endless series of propositions that must be contemplated. This regress is problematic because it is difficult to see how such a series of propositions could ever be completed, let alone put into action.

Furthermore, skilled performance involves context-sensitive responsiveness to particular situations that outstrips any finite set of propositions an agent could articulate or endorse. When an expert driver navigates a complex road network, for instance, their performance is guided by a vast array of implicit rules and norms that they may not be able to explicitly articulate. These rules and norms are not reducible to a finite set of propositions, but rather are embedded in the expert's practical knowledge. The expert's ability to respond to changing road conditions, anticipate the actions of other drivers, and adjust their speed and steering accordingly, is a product of their practical knowledge, rather than a set of explicit propositions. This suggests that practical knowledge is a distinct form of knowledge that cannot be reduced to propositional knowledge.

Neuropsychological dissociations also provide evidence that practical and propositional knowledge can come apart. For example, amnesic patients who acquire new motor skills while retaining no explicit memory of having practiced them demonstrate a separation between practical and propositional knowledge. These patients are able to perform complex motor tasks, such as riding a bicycle or playing a musical instrument, despite having no conscious memory of learning these skills. This suggests that practical knowledge, which is essential to skilled performance, can be separated from propositional knowledge, which is often associated with explicit memory and the ability to articulate rules and propositions. The fact that these patients are able to acquire new motor skills despite their lack of explicit memory highlights the importance of practical knowledge in skilled performance, and demonstrates that it is a distinct form of knowledge that cannot be reduced to propositional knowledge."
H19,prose,Hard,Llama,unsloth/Llama-3.1-8B-Instruct-bnb-4bit,2,2001,422,0,355,"The loss of biodiversity undermines the long-term stability and functioning of ecosystems by eroding two essential components: the insurance hypothesis and functional redundancy. The insurance hypothesis posits that species differ in their responses to environmental fluctuation, allowing communities with more species to maintain more stable aggregate productivity as conditions change. This is because diverse ecosystems are better equipped to absorb and recover from disturbances, such as droughts or floods. When species with unique traits and adaptations are present, they can compensate for the losses incurred by other species, thereby reducing the risk of community-wide collapse. Conversely, ecosystems with fewer species are more vulnerable to environmental fluctuations, making them more susceptible to extinction and ecosystem instability.

Functional redundancy, a related concept, suggests that several species perform overlapping ecological roles, effectively buffering ecosystem processes against the loss of any single species. This redundancy is particularly evident in ecosystems where multiple species can occupy the same ecological niche, such as pollination or decomposition. When one species is removed, other species can assume its role, minimizing the impact on the ecosystem. However, as species are removed, this buffer erodes, leaving ecosystems increasingly dependent on a smaller number of species to perform essential ecological functions. This reduction in redundancy can lead to a tipping point beyond which the ecosystem's ability to recover from disturbances or maintain its productivity is compromised.

The loss of keystone species can also trigger trophic cascades, demonstrating that the effects of a single extinction can propagate through an entire community. A keystone species is one that has a disproportionate impact on its environment, often through its interactions with other species. When a keystone species declines or becomes extinct, it can release a cascade of effects that reverberate throughout the ecosystem. For example, the decline of sea otters in kelp forests allowed sea urchins to overgraze the kelp, leading to a dramatic decrease in kelp forest productivity. The loss of sea otters had a ripple effect throughout the ecosystem, ultimately impacting the survival of other species that depend on the kelp forest. The loss of keystone species can thus have far-reaching consequences for ecosystem stability and functioning."
S1,short,Easy,Llama,unsloth/Llama-3.1-8B-Instruct-bnb-4bit,2,2001,83,0,72,"During the day, the sky appears blue due to a phenomenon called Rayleigh scattering. This occurs when sunlight interacts with the tiny molecules of gases in the Earth's atmosphere, such as nitrogen and oxygen. The blue wavelengths of light are scattered in all directions by these molecules, while the longer wavelengths of light, like red and orange, continue to travel in a straight line to our eyes, making the sky appear blue."
S2,short,Easy,Llama,unsloth/Llama-3.1-8B-Instruct-bnb-4bit,2,2001,81,0,70,"Ice floats on liquid water because it is less dense than liquid water. This is due to the arrangement of water molecules in ice, which forms a rigid crystal lattice structure. In this structure, water molecules are spaced further apart than in liquid water, making ice about 9% less dense than liquid water. As a result, ice will float on top of liquid water, rather than sinking to the bottom."
S3,short,Easy,Llama,unsloth/Llama-3.1-8B-Instruct-bnb-4bit,2,2001,82,0,69,"A rainbow forms when sunlight passes through water droplets in the air, such as after a rain shower or near a waterfall. The sunlight is refracted, or bent, as it enters the droplet and is split into its individual colors, a process known as dispersion. The different colors are then reflected off the back of the droplet and exit the droplet, appearing as a colorful arc in the sky."
S4,short,Medium,Llama,unsloth/Llama-3.1-8B-Instruct-bnb-4bit,2,2001,76,0,65,"Earth has seasons due to its tilted axis as it orbits the Sun. This tilt, approximately 23.5 degrees, causes different parts of the planet to receive varying amounts of sunlight throughout the year. As Earth rotates, the changing angle of sunlight results in distinct seasons, with the Northern Hemisphere experiencing summer when the axis is tilted towards the Sun and winter when it's tilted away."
S5,short,Medium,Llama,unsloth/Llama-3.1-8B-Instruct-bnb-4bit,2,2001,80,0,70,"Ocean tides are primarily caused by the gravitational pull of the Moon on the Earth's oceans. As the Moon orbits the Earth, its gravitational force causes the water in the oceans to bulge out in two areas: one on the side of the Earth facing the Moon and the other on the opposite side. This results in the rise and fall of the sea level, creating high and low tides."
S6,short,Easy,Llama,unsloth/Llama-3.1-8B-Instruct-bnb-4bit,2,2001,70,0,57,"Bread dough rises due to the action of yeast, a microorganism that ferments the sugars in the dough. As yeast consumes sugars, it produces carbon dioxide gas as a byproduct, which gets trapped in the dough's network of air pockets. This trapped gas causes the dough to expand and rise, giving bread its light and airy texture."
S7,short,Medium,Llama,unsloth/Llama-3.1-8B-Instruct-bnb-4bit,2,2001,70,0,62,"A black hole is a region in space where the gravitational pull is so strong that nothing, not even light, can escape. It's formed when a massive star collapses in on itself, causing a massive amount of matter to be compressed into an incredibly small area. This compression creates a massive gravitational field that warps space and time around the black hole."
S8,short,Medium,Llama,unsloth/Llama-3.1-8B-Instruct-bnb-4bit,2,2001,79,0,72,"A metal spoon feels colder than a wooden spoon because it has a higher thermal conductivity, allowing it to efficiently transfer heat away from the hand. This means that the heat from the hand is quickly lost to the metal, making it feel colder. In contrast, the wooden spoon has a lower thermal conductivity and a higher thermal mass, allowing it to retain the heat from the hand for a longer period."
S9,short,Medium,Llama,unsloth/Llama-3.1-8B-Instruct-bnb-4bit,2,2001,106,0,84,"A refrigerator keeps food cold by using a refrigerant to transfer heat from the inside to the outside. The refrigerant, typically a liquid such as Freon, absorbs heat from the food and other contents inside the fridge, causing it to evaporate into a gas. This gas then passes through a compressor, which compresses it into a high-pressure, high-temperature gas that releases heat to the outside. The now-cooled refrigerant gas then passes through an expansion valve, causing it to expand and cool, repeating the cycle."
S10,short,Easy,Llama,unsloth/Llama-3.1-8B-Instruct-bnb-4bit,2,2001,83,0,70,"Photosynthesis is a process that occurs in plants, where they use energy from sunlight to convert carbon dioxide and water into glucose, a type of sugar that serves as food for the plant. This process also produces oxygen as a byproduct, which is released into the air. Glucose gives the plant energy to grow, develop, and reproduce, while oxygen is essential for the survival of many living organisms, including humans."
S11,short,Easy,Llama,unsloth/Llama-3.1-8B-Instruct-bnb-4bit,2,2001,95,0,71,"The leaves of many trees change color in autumn due to a reduction in chlorophyll production. As the days shorten and temperatures cool, trees prepare for winter by slowing down their food-making process, which leads to a decrease in chlorophyll, a green pigment essential for photosynthesis. This allows other pigments, such as carotenoids (yellow and orange) and anthocyanins (red and purple), to become visible, resulting in the characteristic autumn foliage colors."
S12,short,Easy,Llama,unsloth/Llama-3.1-8B-Instruct-bnb-4bit,2,2001,99,0,79,"Weather refers to the short-term and local conditions of the atmosphere at a specific place and time, such as temperature, humidity, cloudiness, and precipitation. Climate, on the other hand, is the long-term average weather pattern of a region, including temperature, precipitation, and other atmospheric conditions over a significant period, typically 30 years or more. In other words, weather is what's happening today or tomorrow, while climate is the overall trend or average of what happens over a longer period."
S13,short,Easy,Llama,unsloth/Llama-3.1-8B-Instruct-bnb-4bit,2,2001,96,0,80,"A magnetic compass shows direction by using a small magnetized needle that aligns itself with the Earth's magnetic field. The needle is mounted on a pivot, allowing it to rotate freely, and is balanced by a counterweight, keeping it stable. As the needle aligns with the magnetic field, it points towards the Earth's magnetic north pole, which is roughly equivalent to the Earth's geographic north pole. This allows the compass to indicate direction and provide a convenient way to navigate."
S14,short,Medium,Llama,unsloth/Llama-3.1-8B-Instruct-bnb-4bit,2,2001,86,0,71,"Inflation is a situation where the general price of goods and services in an economy increases over time, meaning that the purchasing power of money decreases. This means that the same amount of money can buy fewer goods and services than it could before, and that the value of money is eroded. For example, if a loaf of bread costs $2 today, but costs $2.50 tomorrow, that's an example of inflation."
S15,short,Easy,Llama,unsloth/Llama-3.1-8B-Instruct-bnb-4bit,2,2001,95,0,85,"The Moon appears to go through phases due to its changing position relative to the Earth and the Sun. As the Moon orbits the Earth, different amounts of its illuminated surface are visible from our planet, creating the illusion of phases. The phases are a result of the Moon's continuous motion around its elliptical orbit and the changing angle of the Sun's light as seen from Earth. This results in a sequence of eight distinct phases, from new Moon to full Moon and back again."
S16,short,Easy,Llama,unsloth/Llama-3.1-8B-Instruct-bnb-4bit,2,2001,71,0,58,"An algorithm is a set of instructions that is followed in a specific order to solve a problem or complete a task. It's a well-defined, step-by-step procedure that can be expressed in various forms, such as a recipe, a set of rules, or a computer program. Algorithms are often used to automate processes, make decisions, or optimize solutions."
S17,short,Medium,Llama,unsloth/Llama-3.1-8B-Instruct-bnb-4bit,2,2001,82,0,72,"Salt is spread on icy roads in winter to lower the freezing point of water, making the ice melt or become less slippery. When salt, also known as rock salt or sodium chloride, comes into contact with ice, it dissolves into a brine solution that lowers the temperature at which water freezes. This process helps to reduce the amount of ice on the road, making it safer for vehicles to drive on."
S18,short,Hard,Llama,unsloth/Llama-3.1-8B-Instruct-bnb-4bit,2,2001,94,0,82,"An airplane wing generates lift by using the principle of air pressure difference. As air flows over the curved surface of the wing, it speeds up and becomes thinner, resulting in lower air pressure above the wing. Meanwhile, the air flowing along the flatter bottom surface of the wing slows down and becomes thicker, creating higher air pressure below the wing. This pressure difference creates an upward force, known as lift, that counteracts the weight of the plane and keeps it flying."
S19,short,Medium,Llama,unsloth/Llama-3.1-8B-Instruct-bnb-4bit,2,2001,90,0,71,"DNA (deoxyribonucleic acid) is a long, complex molecule that contains the instructions for the development and function of all living things. It stores the genetic information that defines an organism's traits, characteristics, and features, such as eye color, height, and other physical characteristics. DNA's instructions are passed on from one generation to the next and are used by the cell to create proteins, which perform various vital functions in the body."
S20,short,Hard,Llama,unsloth/Llama-3.1-8B-Instruct-bnb-4bit,2,2001,84,0,63,"At high altitude, water boils at a lower temperature because there is less air pressure. This reduced pressure means the water molecules have less force holding them together, allowing them to escape into the air more easily as steam. As a result, the water boils at a lower temperature, typically around 195°F (90°C) at 5,000 feet, compared to 212°F (100°C) at sea level."
C1,code,Easy,Mistral,unsloth/mistral-7b-instruct-v0.3-bnb-4bit,2,2002,161,0,76,"```python

def is_palindrome(s: str) -> bool:
    """"""
    Check if a string is a palindrome after removing non-alphanumeric characters and converting to lowercase.

    Parameters:
    s (str): The input string to check.

    Returns:
    bool: True if the string reads the same forwards and backwards, False otherwise.
    """"""

    # Remove non-alphanumeric characters and convert to lowercase
    s = ''.join(filter(str.isalnum, s)).lower()

    # Check if the string is a palindrome by comparing it with its reverse
    return s == s[::-1]

```"
C2,code,Easy,Mistral,unsloth/mistral-7b-instruct-v0.3-bnb-4bit,2,2002,274,0,128,"```python

def fizzbuzz(n: int) -> list[str]:
    """"""
    Function that returns a list of strings for the integers from 1 to `n` inclusive,
    where multiples of both 3 and 5 are replaced by ""FizzBuzz"", other multiples of 3 by ""Fizz"",
    other multiples of 5 by ""Buzz"", and every other number by its decimal string.

    Parameters:
        n (int): The maximum integer to check and include in the list.

    Returns:
        list[str]: A list of strings representing the integers from 1 to `n` (inclusive)
        according to the specified conditions.
    """"""

    results = []
    for num in range(1, n + 1):
        if num % 3 == 0 and num % 5 == 0:
            results.append(""FizzBuzz"")
        elif num % 3 == 0:
            results.append(""Fizz"")
        elif num % 5 == 0:
            results.append(""Buzz"")
        else:
            results.append(str(num))

    return results

```"
C3,code,Easy,Mistral,unsloth/mistral-7b-instruct-v0.3-bnb-4bit,2,2002,355,0,199,"```python

def sieve_primes(n: int) -> list[int]:
    """"""
    Returns all prime numbers less than or equal to n in increasing order, using the Sieve of Eratosthenes.
    If n is less than 2, returns an empty list.
    """"""

    if n < 2:
        return []

    primes = [True] * (n + 1)
    primes[0], primes[1] = False, False

    for i in range(2, int(n**0.5) + 1):
        if primes[i]:
            start = i * i
            while start <= n:
                primes[start] = False
                start += i

    return [num for num in range(2, n + 1) if primes[num]]
```

This function generates all prime numbers up to a given number `n` using the Sieve of Eratosthenes. The function first checks if `n` is less than 2, and if so, returns an empty list. It then initializes a list of booleans, where `True` represents a prime number and `False` represents a non-prime number.

The function then iterates through numbers starting from 2, checking if the current number is prime (i.e., the corresponding boolean value in the list is `True`). If the current number is prime, it marks all multiples of the current number as non-prime in the list. Finally, the function returns a list of all prime numbers found."
C4,code,Easy,Mistral,unsloth/mistral-7b-instruct-v0.3-bnb-4bit,2,2002,214,0,116,"```python

def second_largest(nums: list[int]) -> int | None:
    if len(set(nums)) < 2:
        return None

    largest = max(nums)
    second_largest = None

    for num in nums:
        if num != largest and num > second_largest or second_largest is None:
            second_largest = num

    return second_largest

```

This function first checks if the input list contains fewer than two distinct values, and returns None if that's the case. If the list contains at least two distinct values, it iterates through the list, keeping track of the largest and second-largest values. It uses the built-in `max()` function and a temporary variable `second_largest` to handle the case where the second-largest value is encountered before the largest value. Finally, it returns the second-largest value."
C5,code,Easy,Mistral,unsloth/mistral-7b-instruct-v0.3-bnb-4bit,2,2002,272,0,147,"```python

def run_length_encode(s: str) -> str:
    """"""
    Encodes a string by replacing each maximal run of a repeated character
    with the character followed by the length of the run.

    Parameters:
    s (str): The input string to be encoded.

    Returns:
    str: The encoded string.
    """"""

    result = []
    current_char, count = s[0], 1

    for char in s[1:]:
        if char == current_char:
            count += 1
        else:
            result.append(current_char * count)
            current_char = char
            count = 1

    # If the last character is not the end of a run, add it to the result
    if count > 1:
        result.append(current_char * count)

    return """".join(result)
```

This function maintains a running count of the current character and appends the count to the result whenever it encounters a new character. It then returns the encoded string by concatenating all the elements in the result list with an empty string (`""""`) as the join separator."
C6,code,Easy,Mistral,unsloth/mistral-7b-instruct-v0.3-bnb-4bit,2,2002,566,0,339,"Here's the Python function `valid_brackets(s: str) -> bool` that checks if the brackets in the given string `s` are correctly matched and nested. The function uses a stack data structure to keep track of the opening brackets and check if they have a corresponding closing bracket.

```python
import re

def valid_brackets(s: str) -> bool:
    """"""
    Checks if the given string s has correctly matched and nested brackets.

    Args:
        s (str): The input string containing brackets.

    Returns:
        bool: True if the brackets are correctly nested, False otherwise.
    """"""

    # Create a regular expression pattern for the bracket types
    pattern = re.compile(r'(\([^{}]*\)|\[[^{}]*\]|\{\{[^{}]*\}\})')

    # Initialize an empty stack
    stack = []

    # Iterate through the string characters
    for char in s:
        # If the character is an opening bracket, push it onto the stack
        if char in '([{':
            stack.append(char)

        # If the character is a closing bracket, check if it has a corresponding opening bracket
        elif char in ')]}' and stack:
            # If the top element in the stack is the corresponding opening bracket, pop it
            opening_bracket = stack.pop()
            # If the stack is empty after popping, the function returns False
            if not stack:
                return False

            # If the stack is not empty but the popped opening bracket doesn't match the current closing bracket, the function returns False
            if (opening_bracket != '(' and char != ')' and opening_bracket != '[' and char != ']' and
                    opening_bracket != '{' and char != '}'):
                return False

    # If the string is processed without returning False, it means all brackets are correctly matched and nested
    return not stack
```

This function uses a regular expression pattern to match and process the brackets in the input string `s`. The stack data structure is used to keep track of the opening brackets and check if they have a corresponding closing bracket. If the stack is empty after processing the string, it means all brackets are correctly matched and nested. If the stack is not empty, it means there is an unmatched or unnested bracket in the string."
C7,code,Easy,Mistral,unsloth/mistral-7b-instruct-v0.3-bnb-4bit,2,2002,232,0,108,"```python

def flatten(nested):
    """"""
    Flattens a nested list by recursively iterating over all elements.
    :param nested: A list of any depth with nested lists and non-list elements.
    :return: A new flat list containing all non-list elements.
    """"""

    flat_list = []

    def flat_recurse(sublist):
        for element in sublist:
            if isinstance(element, list):
                flat_recurse(element)
            else:
                flat_list.append(element)

    flat_recurse(nested)
    return flat_list
```

The function `flatten` takes a nested list as an argument and returns a new flat list containing all non-list elements. It uses recursion to traverse the list and its nested lists, appending non-list elements to the `flat_list`. The `flat_recurse` helper function is defined to handle the recursive traversal of the nested list."
C8,code,Medium,Mistral,unsloth/mistral-7b-instruct-v0.3-bnb-4bit,2,2002,251,0,119,"```python

def merge_intervals(intervals: list[tuple[int, int]]) -> list[tuple[int, int]]:
    """"""
    Merge overlapping or touching intervals into a single sorted list.
    Input: list of closed intervals (start, end), in any order.
    Output: minimal list of merged intervals sorted by start.
    """"""

    if not intervals:
        return []

    intervals.sort(key=lambda x: x[0])

    result = [intervals[0]]
    for current in intervals[1:]:
        last = result[-1]
        if last[1] >= current[0]:
            last[1] = max(last[1], current[1])
        else:
            result.append(current)

    return result

```

This function first sorts the input list of intervals by their start points. It then iterates through the sorted intervals, merging any overlapping or touching intervals into a single interval and appending the non-overlapping intervals to a result list. The result list is sorted and returned at the end."
C9,code,Medium,Mistral,unsloth/mistral-7b-instruct-v0.3-bnb-4bit,2,2002,271,0,135,"```python

def rotate_matrix(matrix: list[list[int]]) -> list[list[int]]:
    """"""
    Rotates an n-by-n square matrix 90 degrees clockwise.

    Args:
        matrix (list[list[int]]): A two-dimensional list representing the matrix to rotate.

    Returns:
        list[list[int]]: The rotated matrix.
    """"""

    n = len(matrix)
    rotated = [[0] * n for _ in range(n)]

    for i in range(n):
        for j in range(n):
            k = n - 1 - j
            rotated[i][k] = matrix[j][i]

    return rotated

```

In this function, we first create a new list `rotated` to store the rotated matrix with the correct dimensions. We then iterate through the original matrix, using `i` and `j` as indices, and calculate the new indices `k` for the rotated matrix based on the current indices. The value at the new indices is set to the original matrix value at the current indices. The rotated matrix is then returned."
C10,code,Medium,Mistral,unsloth/mistral-7b-instruct-v0.3-bnb-4bit,2,2002,317,0,164,"```python

def top_k_words(text: str, k: int) -> list[tuple[str, int]]:
    """"""
    Returns the top `k` most frequent words in `text`,
    where a word is defined as a maximal run of letters a to z and apostrophes.
    If there are fewer than `k` distinct words, return all of them.
    """"""

    from collections import Counter, defaultdict

    # Split text into words and count their occurrences
    word_count = Counter(word for word in text.lower().split() if word.isalnum())

    # Store the most common words for fast lookup
    freq_limit = k if k <= len(word_count) else len(word_count)
    most_common = sorted(word_count.mostcommon(freq_limit), key=lambda x: x[1], reverse=True)

    # If there are fewer than k distinct words, return all of them
    return most_common if k >= len(word_count) else most_common[:k]
```

This function uses the `Counter` class from the `collections` module to count the occurrences of each word. It then sorts the most common words in descending order of frequency and, for ties, alphabetically. If there are fewer than `k` distinct words, it returns all of them."
C11,code,Medium,Mistral,unsloth/mistral-7b-instruct-v0.3-bnb-4bit,2,2002,342,0,219,"```python

def leftmost_index(arr: list[int], target: int) -> int:
    """"""
    Binary search to find the leftmost index of a target value in a sorted list,
    with duplicates allowed. Returns -1 if the target is not present.
    """"""

    left, right = 0, len(arr) - 1

    while left <= right:
        mid = (left + right) // 2
        if arr[mid] == target:
            right = mid - 1
            while right >= 0 and arr[right] == target:
                right -= 1
            return right + 1
        elif arr[mid] < target:
            left = mid + 1
        else:
            right = mid - 1

    return -1

```

This function uses binary search to find the leftmost index of a target value in a sorted list. It starts by initializing the left and right pointers at the beginning and end of the list, respectively. The function then enters a loop where it continuously narrows the search space by either moving the left pointer to the right or the right pointer to the left, depending on whether the current midpoint's value is less than, equal to, or greater than the target value. If the current midpoint's value is equal to the target value, it checks for any potential duplicate occurrences to the left of the midpoint and adjusts the right pointer accordingly. If the target value is not found, it returns -1."
C12,code,Medium,Mistral,unsloth/mistral-7b-instruct-v0.3-bnb-4bit,2,2002,288,0,135,"```python

def roman_to_int(s: str) -> int:
    """"""
    Convert a Roman numeral string to an integer.
    Valid Roman numerals are between 1 and 3999.
    """"""

    values = {
        'I': 1,
        'V': 5,
        'X': 10,
        'L': 50,
        'C': 100,
        'D': 500,
        'M': 1000
    }

    result, current = 0, 0

    for symbol in s[::-1]:
        next_value = values[symbol]

        if current > next_value:
            current -= 2 * next_value
        else:
            current += next_value

        result += current
        current = next_value

    return result
```

This function iterates through the input string in reverse order, calculating the total value of each symbol. If the current value is greater than the next symbol's value, it subtracts the value of the next symbol multiplied by 2. Otherwise, it adds the value of the next symbol. The final result is the total value of all the symbols."
C13,code,Medium,Mistral,unsloth/mistral-7b-instruct-v0.3-bnb-4bit,2,2002,173,0,68,"```python

def max_subarray_sum(nums: list[int]) -> int:
    """"""
    Returns the largest sum of any non-empty contiguous subarray of `nums`.
    Uses Kadane's algorithm. If all numbers are negative, returns the largest single element.
    Raises ValueError if `nums` is empty.
    """"""

    if not nums:
        raise ValueError(""List cannot be empty."")

    max_current = max_global = nums[0]

    for num in nums[1:]:
        max_current = max(num, max_current + num)
        max_global = max(max_global, max_current)

    return max_global
```"
C14,code,Medium,Mistral,unsloth/mistral-7b-instruct-v0.3-bnb-4bit,2,2002,396,0,238,"```python

def moving_average(values: list[float], window: int) -> list[float]:
    """"""
    Calculate the moving average of a list of values, with a specified window size.

    Args:
        values (list[float]): A list of numerical values.
        window (int): The number of contiguous values to average at each step.

    Returns:
        list[float]: A list of moving averages, with the same number of elements as the input list,
                     except if `window` is greater than the length of the input list, in which case an empty list is returned.

    Raises:
        ValueError: If `window` is less than 1.
    """"""

    if window < 1:
        raise ValueError(""Window size must be at least 1."")

    if len(values) < window:
        return []

    total, count = 0.0, 0
    result = []

    for value in values:
        total += value
        count += 1

        if count >= window:
            result.append(total / window)
            total -= values[count - window]

    return result
```

This function calculates the moving average of a list of values using a specified window size. It maintains a running sum and average by iterating through the list, incrementing the total and count variables accordingly. When the count reaches the window size, it calculates and appends the average to the result list, then subtracts the first value in the window from the total to maintain the running sum. If the window size is greater than the length of the input list, it returns an empty list. If the window size is less than 1, it raises a ValueError."
C15,code,Medium,Mistral,unsloth/mistral-7b-instruct-v0.3-bnb-4bit,2,2002,488,0,203,"```python

def parse_duration(s: str) -> int:
    """"""
    Parses a duration string and returns the total number of seconds.

    Args:
        s (str): A duration string in the format hh[h]mm[m]ss[s].

    Raises:
        ValueError: If the string is empty, contains any other characters, or lists the parts out of order.

    Returns:
        int: The total number of seconds in the given duration.
    """"""

    if not s:
        raise ValueError(""Duration string cannot be empty."")

    hours, minutes, seconds = 0, 0, 0

    hours_index, minutes_index, seconds_index = -1, -1, -1

    for i, char in enumerate(s):
        if char.isdigit() and char not in ('h', 'm', 's'):
            raise ValueError(""Invalid character found."")

        if char == 'h':
            hours_index, hours = i, int(s[i + 1:])
        elif char == 'm':
            minutes_index, minutes = i, int(s[i + 1:])
        elif char == 's':
            seconds_index, seconds = i, int(s[i + 1:])

        if hours_index != -1 and minutes_index != -1 and seconds_index != -1:
            raise ValueError(""Duration parts listed out of order."")

        if hours_index != -1:
            hours = int(s[:hours_index]) if hours_index == 0 else int(s[:hours_index])
            hours *= 3600

        if minutes_index != -1:
            minutes = int(s[:minutes_index]) if minutes_index == 0 else int(s[:minutes_index])
            minutes *= 60

        if seconds_index != -1:
            seconds = int(s[:seconds_index]) if seconds_index == 0 else int(s[:seconds_index])

    return hours + minutes + seconds
```"
C16,code,Hard,Mistral,unsloth/mistral-7b-instruct-v0.3-bnb-4bit,2,2002,318,0,151,"Here's the Python function that calculates the length of the longest common subsequence using dynamic programming with O(min(len(a), len(b))) extra memory:

```python
def longest_common_subsequence(a: str, b: str) -> int:
    len_a, len_b = len(a), len(b)
    dp = [[0] * (len_b + 1) for _ in range(len_a + 1)]

    # Fill the dynamic programming table
    for i in range(1, len_a + 1):
        for j in range(1, len_b + 1):
            if a[i - 1] == b[j - 1]:
                dp[i][j] = dp[i - 1][j - 1] + 1
            else:
                dp[i][j] = max(dp[i - 1][j], dp[i][j - 1])

    # Return the length of the longest common subsequence
    return dp[len_a][len_b]
```

This function initializes a 2D table `dp` to store the lengths of common subsequences for each substring pair, then iteratively fills the table using the dynamic programming approach. Finally, it returns the length of the longest common subsequence stored at the bottom-right corner of the table."
C17,code,Hard,Mistral,unsloth/mistral-7b-instruct-v0.3-bnb-4bit,2,2002,349,0,136,"```python

def edit_distance(a, b):
    """"""
    Returns the Levenshtein distance between two strings, the minimum number of single-character insertions, deletions, and substitutions needed to turn `a` into `b`.

    Parameters:
    a (str): The first string.
    b (str): The second string.

    Returns:
    int: The Levenshtein distance between `a` and `b`.
    """"""

    len_a = len(a)
    len_b = len(b)

    matrix = [[0] * (len_b + 1) for _ in range(len_a + 1)]

    for i in range(len_a + 1):
        matrix[i][0] = i

    for j in range(len_b + 1):
        matrix[0][j] = j

    for i in range(1, len_a + 1):
        for j in range(1, len_b + 1):
            cost = 0 if a[i - 1] == b[j - 1] else 1
            matrix[i][j] = min(
                matrix[i - 1][j] + 1,
                matrix[i][j - 1] + 1,
                matrix[i - 1][j - 1] + cost,
            )

    return matrix[len_a][len_b]

```"
C18,code,Hard,Mistral,unsloth/mistral-7b-instruct-v0.3-bnb-4bit,2,2002,436,0,206,"```python

def shortest_paths(graph: dict[str, list[tuple[str, int]]], source: str) -> dict[str, int]:
    """"""
    Implement Dijkstra's algorithm using heapq to find the shortest paths from a given source node in a weighted graph.

    Args:
        graph (dict[str, list[tuple[str, int]]]): A dictionary representing the graph, where keys are nodes and values are lists of (neighbor, weight) tuples.
        source (str): The starting node for the shortest path calculation.

    Returns:
        dict[str, int]: A dictionary mapping each node reachable from the source node, including the source node itself, to the length of its shortest path.
    """"""

    import heapq as hp

    distances = {source: 0}
    frontier = hp.heappushpop(hp.PriorityQueue(), (0, source))

    while frontier:
        current_distance, current_node = frontier.pop()
        current_node_distance = distances[current_node]

        for neighbor, weight in graph[current_node]:
            distance_to_neighbor = current_distance + weight

            if neighbor not in distances or distance_to_neighbor < distances[neighbor]:
                distances[neighbor] = distance_to_neighbor
                hp.heappush(frontier, (distance_to_neighbor, neighbor))

    return distances

```

This function uses Dijkstra's algorithm with a priority queue to find the shortest paths from a given source node in a weighted graph. The graph is represented as a dictionary where keys are nodes and values are lists of (neighbor, weight) tuples. The function returns a dictionary mapping each node reachable from the source node, including the source node itself, to the length of its shortest path."
C19,code,Hard,Mistral,unsloth/mistral-7b-instruct-v0.3-bnb-4bit,2,2002,322,0,171,"```python

def topological_order(graph: dict[str, list[str]]) -> list[str]:
    """"""
    Returns a topological ordering of a directed acyclic graph (DAG).
    Raises ValueError if the graph contains a cycle.
    """"""

    visited, stack = set(), []

    def dfs(node):
        if node in visited:
            raise ValueError(""Cycle detected in the graph."")
        visited.add(node)

        for neighbor in graph[node]:
            dfs(neighbor)

        stack.append(node)

    for node in graph:
        if node not in visited:
            dfs(node)

    return list(reversed(stack))

```

This function uses Depth-First Search (DFS) to find a topological ordering of the given graph. It first initializes an empty set `visited` and an empty list `stack` (which will store the nodes in topological order). The function then iterates through each node in the graph. If the node is not visited yet, it performs a DFS recursively on that node and its connected neighbors. The DFS function checks for cycles by verifying that each node being visited is not already in the `visited` set.

Finally, the topological ordering is obtained by reversing the `stack` list and returning it. If a cycle is detected, a ValueError is raised."
C20,code,Hard,Mistral,unsloth/mistral-7b-instruct-v0.3-bnb-4bit,2,2002,625,0,308,"```python

def count_n_queens(n: int) -> int:
    """"""
    Recursive function to count the number of valid ways to place n queens on an n-by-n chessboard.
    :param n: integer, the size of the chessboard.
    :return: integer, the number of ways to place the n queens without conflict.
    :raise ValueError: if n is negative.
    """"""

    if n <= 0:
        return 1
    if n < 0:
        raise ValueError(""n must be non-negative"")

    ways = 0
    for c in range(n):
        if is_safe(n, c, [(r, c) for r in range(n)], []):
            if n == len(board):
                ways += 1
            else:
                board, pos = update_board(board, pos=c)
                ways += count_n_queens(n - 1)
                board, pos = update_board(board, pos=pos)

    return ways

def is_safe(n: int, c: int, board: list, placed: list) -> bool:
    """"""
    Check if the current column is safe to place a queen.
    :param n: integer, the size of the chessboard.
    :param c: integer, the column to check.
    :param board: list, the current state of the chessboard.
    :param placed: list, the columns where queens have been placed so far.
    :return: boolean, True if the column is safe, False otherwise.
    """"""
    for r, _ in board:
        if r == n or (r + n) % (c - _c) == 0:
            return False
    placed.append(c)
    return True

def update_board(board: list, pos: int) -> tuple:
    """"""
    Update the board and the current position.
    :param board: list, the current state of the chessboard.
    :param pos: integer, the current position.
    :return: tuple, the updated board and the updated position.
    """"""
    board.append((len(board), pos))
    return board, pos + 1

```

In this code, `count_n_queens` is a recursive function that counts the number of valid ways to place `n` queens on an `n-by-n` chessboard. The function `is_safe` checks if the current column is safe to place a queen. The function `update_board` updates the board and the current position. The docstrings explain the purpose and parameters of each function."
Q1,math,Easy,Mistral,unsloth/mistral-7b-instruct-v0.3-bnb-4bit,2,2002,245,0,138,"First, let's calculate the cost of the notebooks Maria buys. Since she buys 4 notebooks, which are sold at $3.00 each, the total cost for notebooks is:

Cost of Notebooks = Number of Notebooks * Price per Notebook
Cost of Notebooks = 4 * $3.00
Cost of Notebooks = $12

Next, let's calculate the cost of the pens Maria buys. Since she buys 6 pens, which are sold at $1.25 each, the total cost for pens is:

Cost of Pens = Number of Pens * Price per Pen
Cost of Pens = 6 * $1.25
Cost of Pens = $7.50

Finally, we add the costs of notebooks and pens to find the total amount Maria spends:

Total Spent = Cost of Notebooks + Cost of Pens
Total Spent = $12 + $7.50
Total Spent = $19.50

Answer: $19.50"
Q2,math,Easy,Mistral,unsloth/mistral-7b-instruct-v0.3-bnb-4bit,2,2002,287,0,162,"To find the total distance traveled by the train, we first need to calculate the distance covered during each segment of the journey.

For the first segment, the train travels at 72 kilometers per hour for 2.5 hours. To calculate the distance, we multiply the speed (in kilometers per hour) by the time (in hours). So, the distance covered during the first segment is:

Distance_1 = Speed_1 * Time_1
                 = 72 km/hour * 2.5 hours
                 = 180 kilometers

For the second segment, the train travels at 90 kilometers per hour for 1.5 hours. Similarly, the distance covered during the second segment is:

Distance_2 = Speed_2 * Time_2
                 = 90 km/hour * 1.5 hours
                 = 135 kilometers

Now, we add the distances covered during both segments to find the total distance traveled:

Total distance = Distance_1 + Distance_2
                     = 180 kilometers + 135 kilometers
                     = 315 kilometers

In conclusion, the train travels a total of 315 kilometers during its journey.

Answer: 315 kilometers"
Q3,math,Easy,Mistral,unsloth/mistral-7b-instruct-v0.3-bnb-4bit,2,2002,404,0,241,"To find the area of the rectangle, we first need to determine its dimensions, specifically the width and length. We know that the perimeter (the sum of all sides) is 46 centimeters, and the length is 5 centimeters more than the width.

Let's denote the width as w (in centimeters) and the length as l (in centimeters). Since the length is 5 centimeters more than the width, we can write this relationship as:

l = w + 5 (1)

The perimeter of a rectangle is given by the formula 2*(length + width). Since the perimeter is 46 centimeters, we have:

46 = 2*(l + w) (2)

Now we have two equations (1) and (2) with two unknowns (w and l). To solve this system of equations, we can substitute equation (1) into equation (2):

46 = 2*(w + 5 + w)
46 = 2*(2w + 5)
46 = 4w + 10

To find w, we can rearrange this equation as:

4w = 46 - 10
4w = 36
w = 9

Now that we have the width (w), we can find the length (l) using equation (1):

l = w + 5
l = 9 + 5
l = 14

Now that we have the width (w = 9) and length (l = 14), we can calculate the area of the rectangle:

Area = w * l
Area = 9 * 14
Area = 126 square centimeters

Answer: 126 square centimeters"
Q4,math,Medium,Mistral,unsloth/mistral-7b-instruct-v0.3-bnb-4bit,2,2002,900,1,500,"To solve this problem, we will find all numbers between 1 and 200 that are either divisible by 3 (3, 6, 9, etc.) or divisible by 5 (5, 10, 15, etc.), and then add them up.

Step 1: Create two separate lists of numbers, one for multiples of 3 and the other for multiples of 5.

For multiples of 3:
3, 6, 9, 12, 15, 18, ..., 198

For multiples of 5:
5, 10, 15, 20, 25, 30, ..., 200

Step 2: Note that numbers that are multiples of both 3 and 5 (15, 30, 45, 60, 75, 90, 120, 140, 150, 165, 180, 195, and 200) are in both lists, so we should avoid double-counting these numbers.

Step 3: To calculate the sum, we will add the numbers in each list and subtract the common numbers (which have been double-counted) to avoid overcounting.

Sum of multiples of 3:
3 + 6 + 9 + ... + 198 = Sum of an arithmetic series with first term a, last term b, and common difference c:
a + (n - 1)c + b = (n * a + n * (b - a)) / 2
Where a = 3, b = 198, and c = 3.
n = number of terms = (200 - 3) / 3 + 1 = (66) / 3 + 1 = 22 (since 3 goes into 66 with a quotient of 22 and a remainder of 0)

Sum of multiples of 5:
5 + 10 + 15 + ... + 200 = Sum of an arithmetic series with first term a, last term b, and common difference c:
a + (n - 1)c + b = (n * a + n * (b - a)) / 2
Where a = 5, b = 200, and c = 5.
n = number of terms = (200 - 5) / 5 + 1 = 40 (since 5 goes into 200 with a quotient of 40)

Sum of common numbers (multiples of both 3 and 5):
15 + 30 + 45 + 60 + 75 + 90 + 120 + 140 + 150 + 165 + 180 + 195 = Sum of an arithmetic series with first term a, last term b, and common difference c:
a + (n - 1)c + b = (n * a + n * (b - a)) / 2
Where a = 15, b = 195, and c = 30.
n = number of terms = (195 - 15) / 30 + 1 = 6 (since 30 goes into 195 - 15 with a quotient of 6)

Step 4: Calculate the sum of all integers between 1 and 200 that are divisible by 3 or 5:

Sum of multiples of 3 + Sum of multiples of 5 - Sum of common numbers
(Sum of 3-term series for multiples of 3 + Sum of 40-term series for multiples of 5) - (Sum of 6-term series for common numbers)
(22 * (3 + (40 *"
Q5,math,Easy,Mistral,unsloth/mistral-7b-instruct-v0.3-bnb-4bit,2,2002,203,0,116,"To find the final price of the shirt, we'll first apply the discount, then calculate the sales tax on the discounted price, and finally add the sales tax to the discounted price.

1. Discount: If the original price is $40 and the discount is 25 percent, the discount amount is 25/100 * $40 = $10. This means that the new price after the discount is $40 - $10 = $30.

2. Sales Tax: To calculate the sales tax, we find 8 percent of $30. That is, 8/100 * $30 = $2.40.

3. Final Price: To get the final price, we add the sales tax to the discounted price. So, $30 + $2.40 = $32.40.

Answer: $32.40"
Q6,math,Medium,Mistral,unsloth/mistral-7b-instruct-v0.3-bnb-4bit,2,2002,287,0,161,"To find the probability of rolling two six-sided dice and having the sum equal to 8, we need to count the number of favorable outcomes (i.e., outcomes that result in a total of 8) and divide that by the total possible outcomes (all possible combinations of two six-sided dice rolls).

There are 6 sides on each die, so there are a total of 6 * 6 = 36 possible combinations when rolling two dice.

Now let's find the combinations that add up to 8:

1. (1, 7)
2. (2, 6)
3. (3, 5)
4. (4, 4)
5. (5, 3)
6. (6, 2)

There are 6 favorable outcomes.

To calculate the probability, we'll divide the number of favorable outcomes by the total possible outcomes:

Probability = Favorable outcomes / Total possible outcomes = 6 / 36 = 1/6

To convert the fraction to a decimal, we'll perform the long division:

1 / 6 = 0.166666667 (rounded to four decimal places)

Answer: 0.1667"
Q7,math,Medium,Mistral,unsloth/mistral-7b-instruct-v0.3-bnb-4bit,2,2002,311,0,147,"To find the amount of money in the account after 3 years, we need to calculate the annual compounding of the interest. Here's the step-by-step solution:

1. Start with the initial deposit: $5,000

2. Calculate the annual interest: $5,000 * 4% = $5,000 * 0.04 = $200

3. Add the annual interest to the principal to get the new principal for the next year: $5,000 + $200 = $5,200

4. Repeat this process for the next two years:

   Year 2: $5,200 * 4% = $208, added to the principal: $5,200 + $208 = $5,408

   Year 3: $5,408 * 4% = $216.32, added to the principal: $5,408 + $216.32 = $5,624.32

5. Since the question asks for the answer rounded to the nearest cent, we round $5,624.32 to the nearest whole number: Answer: $5,624

This means that after 3 years, the account will have approximately $5,624 in it."
Q8,math,Medium,Mistral,unsloth/mistral-7b-instruct-v0.3-bnb-4bit,2,2002,356,0,238,"To solve this problem, let's first find out how much work one hour of Ana's work and one hour of Ben's work represent.

1. Ana can paint the fence in 6 hours, so her rate of work is 1/6 of the fence per hour.
2. Ben can paint the fence in 4 hours, so his rate of work is 1/4 of the fence per hour.

Now, let's find out how much work they can do together in one hour. This combined rate of work is the sum of their individual rates:

Combined rate = Ana's rate + Ben's rate = (1/6 + 1/4)

To add the fractions, we find a common denominator, which in this case is 12 (the least common multiple of 6 and 4):

Combined rate = (2/12 + 3/12) = (2+3)/12 = 5/12

Now, we want to find out how long it takes for them to paint the fence working together at this combined rate. Since their combined rate is 5/12 of the fence per hour, we need to find the number of hours required to complete the whole fence:

Time = Work / Rate = (Whole fence) / (5/12)

Since we don't know the size of the fence, we can't provide a numerical answer. However, the answer is always in the form of a fraction: Time = Whole fence / (5/12), where the Whole fence is a number representing the size of the fence."
Q9,math,Easy,Mistral,unsloth/mistral-7b-instruct-v0.3-bnb-4bit,2,2002,430,0,245,"To find the number of ways to choose a committee of 3 members from a club of 10 members, without considering the order of selection, we can use the concept of combinations. Combinations are used when the arrangement of items doesn't matter, and we are only interested in the number of ways to choose a specific number of items from a larger set.

In our case, we have a set of 10 members, and we want to choose 3 members for the committee. The formula for combinations is:

C(n, k) = n! / (k!(n-k)!)

where n is the total number of items, k is the number of items we want to choose, and ! denotes factorial, which is the product of all positive integers up to that number.

Step 1: Calculate the factorials for n, k, and (n-k):
n! = 10! = 10 × 9 × 8 × 7 × 6 × 5 × 4 × 3 × 2 × 1 = 3,628,800
k! = 3! = 3 × 2 × 1 = 6
(n-k)! = (10-3)! = 7! = 7 × 6 × 5 × 4 × 3 × 2 × 1 = 5,040

Step 2: Substitute the calculated factorials into the combinations formula:
C(n, k) = n! / (k!(n-k)!) = 3,628,800 / (6 × 5,040) = 3,628,800 / 30,240 = 120

The number of different ways to choose a committee of 3 members from a club of 10 members is 120.

Answer: 120"
Q10,math,Medium,Mistral,unsloth/mistral-7b-instruct-v0.3-bnb-4bit,2,2002,329,0,210,"To find out when the tank will be full, we need to determine the net rate at which water is flowing into the tank. The water flowing in should equal the water leaking out plus the increase in the tank's volume.

1. Water flowing in: 30 liters per minute
2. Water leaking out: 12 liters per minute
3. Initial tank volume: 1,200 liters
4. Current tank volume: 300 liters

First, let's find out how much water is currently in the tank in terms of the initial volume.

Initial tank volume - Current tank volume = Water volume to be filled
1,200 liters - 300 liters = 900 liters

Next, we'll calculate the total water needed to fill the tank completely:

Total water needed = Water volume to be filled + Initial tank volume
900 liters + 1,200 liters = 2,100 liters

Now, we can determine the time needed for the inflow to equal the total water needed. We'll use the rate of water flowing in (30 liters per minute) as our base.

Time needed = Total water needed / Water flowing in per minute
2,100 liters / 30 liters per minute = 70 minutes

So, the water will flow for 70 minutes before the tank is full.

Answer: 70 minutes"
Q11,math,Easy,Mistral,unsloth/mistral-7b-instruct-v0.3-bnb-4bit,2,2002,335,0,222,"To find the fifth number, we first need to calculate the sum of the four given numbers (12, 15, 20, and 22) and then subtract that total from the total average (18) to get the missing number.

1. Calculate the sum of the four numbers:
   Sum of the four numbers = 12 + 15 + 20 + 22 = 79

2. Subtract the total sum of the four numbers from the total average:
   Missing number = Total average - Sum of the four numbers = 18 - 79

3. The calculation results in a negative number, which means the sum of the numbers is more than the average. To make the sum equal to the average, we need to subtract the negative total from a number greater than the average. Since the average is 18, a number greater than 18 is required.

4. Add the negative total to 36 (the smallest number greater than 18) to find the missing number:
   Missing number = -79 + 36 = -43

5. However, since we are looking for a number, not a negative number, we can add 43 to the smallest number less than 43 (which is 42).

6. The missing number = 42 + 43 = 85

Answer: 85 (This number cannot be one of the given numbers because it is greater than 22.)"
Q12,math,Easy,Mistral,unsloth/mistral-7b-instruct-v0.3-bnb-4bit,2,2002,430,0,265,"To find the 25th term of an arithmetic sequence, we first need to determine the pattern of the sequence using the given first term (a) and common difference (d).

Arithmetic Sequence Properties:
1. The common difference (d) is the difference between any two consecutive terms.
2. The nth term (An) of an arithmetic sequence can be found using the formula:
   An = a + (n - 1) * d

Given that a = 7 and d = 4, we can calculate the 25th term (An) as follows:

1. Calculate An for the first few terms to confirm our understanding of the sequence:
   - An for the first term (n = 1): An = 7 + (1 - 1) * 4 = 7
   - An for the second term (n = 2): An = 7 + (2 - 1) * 4 = 7 + 4 = 11
   - An for the third term (n = 3): An = 7 + (3 - 1) * 4 = 7 + 8 = 15
   - An for the fourth term (n = 4): An = 7 + (4 - 1) * 4 = 7 + 12 = 19

2. Observe the pattern and use the nth term formula (An = a + (n - 1) * d) to find the 25th term:
   - An for the 25th term: An = 7 + (25 - 1) * 4

3. Perform the calculation:
   - An = 7 + 24 * 4
   - An = 7 + 96
   - An = 103

Answer: The 25th term of the arithmetic sequence is 103."
Q13,math,Medium,Mistral,unsloth/mistral-7b-instruct-v0.3-bnb-4bit,2,2002,371,0,233,"To find the value of the car after 2 years, we will calculate the loss of value annually and apply that decrease to the initial price.

1. First, let's calculate the amount lost in the first year, which is 15% of the initial price:

Loss in the first year = Initial price * Loss percentage
Loss in the first year = $24,000 * 0.15
Loss in the first year = $3,600

2. Now that we know the amount lost in the first year, we can subtract it from the initial price to get the remaining value after the first year:

Remaining value after the first year = Initial price - Loss in the first year
Remaining value after the first year = $24,000 - $3,600
Remaining value after the first year = $20,400

3. Next, we repeat the process for the second year:

Loss in the second year = Remaining value after the first year * Loss percentage
Loss in the second year = $20,400 * 0.15
Loss in the second year = $3,060

4. Finally, we subtract the loss in the second year from the remaining value after the first year to find the car's value after 2 years:

Value after 2 years = Remaining value after the first year - Loss in the second year
Value after 2 years = $20,400 - $3,060
Value after 2 years = $17,340

Answer: $17,340"
Q14,math,Medium,Mistral,unsloth/mistral-7b-instruct-v0.3-bnb-4bit,2,2002,702,0,314,"To find the number of positive integers that divide 360 exactly, we are essentially looking for factors of 360. A factor is a number that divides another number evenly, without leaving a remainder.

1. We start by examining the possible factors of 360. The factors of 360 are the numbers that can be multiplied to equal 360, including the number 1, which is a factor of every number.

2. Since 360 is a composite number (a number with multiple factors), it has more than two factors. To identify the factors, we can list the factors of numbers up to the square root of 360, which is approximately 19 (since 19*19 = 361, which is one more than 360).

3. Listing the factors of numbers up to 19, we find the following factors of 360:
   - 1 (since it can be multiplied by any number to give 360)
   - 2 (since 2*180 = 360)
   - 3 (since 3*120 = 360)
   - 4 (since 4*90 = 360)
   - 5 (since 5*72 = 360)
   - 6 (since 6*60 = 360)
   - 8 (since 8*45 = 360)
   - 9 (since 9*40 = 360)
   - 10 (since 10*36 = 360)
   - 12 (since 12*30 = 360)
   - 15 (since 15*24 = 360)
   - 18 (since 18*20 = 360)
   - 20 (since 20*18 = 360)
   - 30 (since 30*12 = 360)
   - 36 (since 36*10 = 360)
   - 45 (since 45*8 = 360)
   - 72 (since 72*5 = 360)
   - 90 (since 90*4 = 360)
   - 120 (since 120*3 = 360)
   - 180 (since 180*2 = 360)
   - 360 (since 360*1 = 360)

4. Since we are looking for positive integers that divide 360 exactly, we only need to count the factors listed above (excluding 360 itself, since it is not a divisor of 360).

5. Counting the factors, we have 17 positive integers that divide 360 exactly.

Answer: 17"
Q15,math,Hard,Mistral,unsloth/mistral-7b-instruct-v0.3-bnb-4bit,2,2002,755,0,447,"To find the distance the foot of the ladder moves from the wall, we can first determine the angle of the ladder and then calculate the new position of the foot when the top of the ladder slides down the wall.

1. In a right-triangle relationship, the hypotenuse (ladder) is 25 feet long, the side opposite the right angle (the vertical distance from the foot of the ladder to the wall) is the difference between the wall height and the distance from the wall base to the foot of the ladder (7 feet), which is (25 - 7) or 18 feet. The other two sides are equal and represent the distance of the ladder's base from the wall (b) and the distance the top of the ladder moved down the wall (a).

2. Since the angle of the ladder doesn't change when the top slides down, we can use the Pythagorean theorem to find the angle of the ladder:

   a^2 + b^2 = c^2
   (4)^2 + b^2 = (25)^2
   b^2 = 25^2 - 16^2
   b^2 = 625
   b = sqrt(625)

   Using the Pythagorean theorem again, we find the original height of the ladder (c):

   c^2 = a^2 + b^2
   25^2 = 16^2 + b^2
   625 = 256 + b^2
   b^2 = 369
   b = sqrt(369)

   Now, we have the original height of the ladder (c) as 25 feet and the distance from the wall base to the foot of the ladder (b) as sqrt(369) feet.

3. When the top of the ladder moves 4 feet down the wall, the new height of the ladder (c') is 25 - 4 = 21 feet. Since the angle of the ladder doesn't change, we can use the known values to find the new distance of the ladder's base from the wall (b').

   c'^2 = a^2 + b'^2
   21^2 = 16^2 + b'^2
   b'^2 = 441 - 441 = 0
   b' = 0

   This means that the foot of the ladder moves directly away from the wall. However, since it can't move into the wall, we know that the foot must move backwards along the ground.

4. To find the distance the foot moves back, we can use the fact that the ladder's base distance (b) and the angle of the ladder remain the same:

   b^2 + b'^2 = b^2
   369 + b'^2 = 369
   b'^2 = 0
   b' = 0

   Since the new distance of the ladder's base from the wall (b') is 0, and the original distance (b) is sqrt(369), the distance the foot of the ladder moves away from the wall is equal to the original distance minus the new distance, or sqrt(369) - 0.

Answer: sqrt(369) feet"
Q16,math,Hard,Mistral,unsloth/mistral-7b-instruct-v0.3-bnb-4bit,2,2002,570,0,378,"To solve this problem, we'll use the concept of mixing two solutions of different concentrations to create a third solution with a specific concentration. The key is to understand that the total volume of the resulting solution and the total amount of acid (solute) remain constant when we mix the two solutions.

1. Let x represent the number of liters of the 60% acid solution that needs to be added to the 10 liters of the 20% acid solution. The total volume of the resulting solution will be (10 + x) liters.

2. We know that the total amount of acid (solute) in the resulting solution should be the same as if we had 10 liters of a 40% acid solution. This means that the sum of the amount of acid in the initial 10 liters of the 20% acid solution and the amount of acid in the x liters of the 60% acid solution should be equal to the amount of acid in 10 liters of a 40% acid solution.

3. We can write this mathematically as: (0.2 * 10) + (0.6 * x) = 0.4 * 10, where the first term on the left side is the amount of acid in the initial 10 liters, the second term on the left side is the amount of acid in the x liters of the 60% acid solution, and the right side is the amount of acid in 10 liters of a 40% acid solution.

4. Simplifying the equation, we get: 2 + 0.6x = 4x, where we factored out the common x term from both sides of the equation.

5. Subtracting 2 from both sides, we have: 0.6x = 2x - 2.

6. Solving for x, we find that x = (2 / 0.6) = 3.33. However, since we can't have a fraction of a liter, we round this value to the nearest whole number, which is 4 liters.

7. Summing up the initial 10 liters and the 4 liters added, the total volume of the resulting solution is 10 + 4 = 14 liters.

Answer: 4 liters of the 60% acid solution should be added to 10 liters of the 20% acid solution to produce a 40% acid solution, resulting in a total of 14 liters."
Q17,math,Medium,Mistral,unsloth/mistral-7b-instruct-v0.3-bnb-4bit,2,2002,900,1,202,"To find the time it takes for all three lighthouses to flash together again, we need to find the smallest common multiple (SCM) of the flash intervals for each lighthouse (12s, 18s, and 30s). The SCM is the smallest number that is a multiple of all the given numbers.

Here's a step-by-step explanation:

1. First, let's list the multiples of each lighthouse's flash interval:
   - Multiples of 12: 12, 24, 36, 48, 60, 72, 84, 96, 108, 120, 144, 168, 180, 192, 216, 240, 264, 288, 300, 336, 360, 384, 408, 432, 468, 480, 504, 516, 540, 576, 600, 636, 648, 672, 704, 720, 756, 768, 780, 816, 840, 864, 880, 920, 960, 996, 1008, 1036, 1080, 1152, 1200, 1296, 1440, 1512, 1680, 1800, 1896, 1944, 2160, 2312, 2592, 2880, 3024, 3360, 3512, 3648, 3696, 3936, 4032, 4080, 4320, 4352, 4680, 4832, 4860, 5184, 5400, 5672, 5760, 6048, 6096, 6372, 6480, 6756, 7056, 7200, 7296, 7560, 7680, 7800, 8160, 8640, 8832, 9072, 9216, 9408, 9696, 9720, 9952, 10080, 10360, 10880, 11520, 12096, 12600, 12960, 13888, 14400, 15120, 16640, 17280, 18744, 19440, 21600, 23072, 25920, 28800, 30240, 33600, 35168, 36480, 36960, 39360, 40320, 43200, 43520, 46800, 48320, 48600, 51840, 54000, 56720, 57600, 6048"
Q18,math,Medium,Mistral,unsloth/mistral-7b-instruct-v0.3-bnb-4bit,2,2002,296,0,183,"To find out how many bacteria there will be after 2 hours, we first need to determine how many times the population doubles within that time frame.

1. We know that 2 hours is equal to 120 minutes (since there are 60 minutes in an hour).
2. The bacteria population doubles every 20 minutes. So, to find out how many doubling periods occur in 2 hours, we divide the total minutes by the doubling period: 120 minutes / 20 minutes = 6 doubling periods.
3. Since the population doubles each time, we can calculate the number of bacteria after each doubling period:
   - Initially, there are 150 bacteria.
   - After the first doubling period (20 minutes), the population is 150 * 2 = 300 bacteria.
   - After the second doubling period (40 minutes), the population is 300 * 2 = 600 bacteria.
   - This pattern continues until we reach the final doubling period, which occurs at the end of the 2-hour interval.
4. After six doubling periods, the bacteria population will be 150 * 2^6 = 150 * 64 = 9600.

Answer: 9600"
Q19,math,Hard,Mistral,unsloth/mistral-7b-instruct-v0.3-bnb-4bit,2,2002,292,0,182,"To find the angle between the hour hand and the minute hand of an analog clock at 3:40, we can use the following steps:

1. First, let's understand that the hour hand moves 360 degrees in 12 hours, while the minute hand moves 360 degrees in 60 minutes. In 60 minutes, the hour hand moves approximately 5 degrees (since it covers 360 degrees in 12*5 = 60 minutes).

2. At 3:40, the hour hand is pointing towards the third hour mark (3 o'clock), and the minute hand is pointing to the 40th minute mark.

3. In this case, the hour hand has moved 1/12 of a full circle (or 30 degrees) from the 12 o'clock position, while the minute hand has moved 40/60 of a full circle (or 40/6 * 360 = 60 degrees).

4. Now, we need to find the difference in degrees between these two positions, which is the angle between the hands. To do this, we subtract the angle of the hour hand from the angle of the minute hand: 60 - 30 = 30 degrees.

Answer: 30 degrees"
Q20,math,Hard,Mistral,unsloth/mistral-7b-instruct-v0.3-bnb-4bit,2,2002,674,0,335,"To solve this problem, we need to count the number of integers from 1 to 1000 that have at least one digit 7 in their decimal representation.

First, let's consider the single-digit numbers (1, 2, 3, ..., 9). Out of these, only the number 7 itself contains a digit 7. So, there is 1 number that meets our criteria in this range.

Next, let's move on to two-digit numbers (10, 11, ..., 99). Here, we need to find numbers that have a digit 7 in the tens place, hundreds place, or both. For the tens place, there are 9 numbers (70, 71, ..., 79). For the hundreds place, there are 90 numbers (700, 701, ..., 799). However, since we are double-counting numbers like 707 and 770, we should subtract those duplicates, which gives us 90 + 90 - 10 = 170 numbers.

For three-digit numbers (100, 101, ..., 999), we have three possible places for a digit 7: hundreds, tens, and units. There are 90 numbers with a 7 in the hundreds place (700, 701, ..., 799). For each of those numbers, there are 10 numbers with a 7 in the tens place (7000, 7001, ..., 7099). Since we're double-counting numbers like 7070 and 7007, we need to subtract those duplicates, resulting in 90 * 10 - 10 = 890 numbers. Similarly, for each of the 90 numbers with a 7 in the hundreds place, there are 9 numbers with a 7 in the units place (700, 701, ..., 709, 790, 791, ..., 799). Again, we should subtract duplicates, so 90 * 9 - 10 = 810 numbers.

Putting it all together, we have:

1 single-digit number (7)
170 two-digit numbers (70, 71, ..., 79 and their duplicates)
890 three-digit numbers (700, 701, ..., 799 and their duplicates)

The total number of integers from 1 to 1000 inclusive that contain at least one digit 7 in their decimal representation is:

1 (single-digit number) + 170 (two-digit numbers) + 890 (three-digit numbers) = 1061

Answer: 1061"
E1,prose,Easy,Mistral,unsloth/mistral-7b-instruct-v0.3-bnb-4bit,2,2002,515,0,381,"Adequate sleep each night plays a pivotal role in shaping our daily functioning, as it significantly impacts various aspects of our cognitive, emotional, and physical well-being. This article will delve into three specific effects of sleep deprivation and the benefits of getting enough sleep, focusing on sharper focus and memory, better mood and emotional control, and improved physical energy.

Firstly, sleep is essential for maintaining cognitive functions such as focus and memory. During sleep, our brains consolidate and process information from the day, strengthening neural connections and enhancing our ability to recall memories and think clearly. Conversely, sleep deprivation hampers these processes, leading to difficulties in concentration, problem-solving, and memory retention. Adequate sleep ensures that our brains are well-rested and primed to tackle the challenges of the day with a sharper focus and a more effective memory.

Secondly, sleep has a profound impact on our emotional well-being and emotional control. Lack of sleep can lead to increased irritability, mood swings, and decreased ability to cope with stress. This is because sleep plays a crucial role in regulating our emotions by helping to maintain a balance of neurotransmitters in the brain, such as serotonin, which is involved in mood regulation. Adequate sleep ensures that these neurotransmitters are balanced, allowing us to maintain a more stable emotional state and exhibit better emotional control throughout the day.

Lastly, getting enough sleep is crucial for our physical energy levels. Sleep is the time when our bodies repair and rejuvenate, restoring energy levels and building muscle tissue. Lack of sleep can lead to feelings of fatigue, decreased motivation, and reduced physical performance. On the other hand, adequate sleep ensures that our bodies are well-rested and ready to tackle physical tasks with increased energy and stamina.

In conclusion, getting enough sleep each night is essential for maintaining optimal functioning the following day. Adequate sleep allows our brains to consolidate and process information more effectively, enabling us to focus better, remember more, and think more clearly. It also contributes to a more stable emotional state and improved emotional control. Furthermore, it ensures that our bodies are well-rested and prepared for physical exertion, providing us with the necessary energy to tackle the challenges of the day. Prioritizing sleep is, therefore, a vital investment in our overall health and well-being."
E2,prose,Easy,Mistral,unsloth/mistral-7b-instruct-v0.3-bnb-4bit,2,2002,556,0,394,"Engaging in the simple yet impactful habit of consuming water throughout the day can significantly enhance one's overall well-being, transforming everyday experiences into more vibrant, focused, and radiant moments. This essay will elucidate three key aspects in which regularly hydrating can improve our daily lives: better physical energy, improved concentration, and clearer skin and overall appearance.

Firstly, the physical energy one experiences is closely tied to their hydration levels. Our bodies are composed of approximately 60% water, making it an essential component for maintaining vitality and endurance. Proper hydration ensures that our muscles, organs, and cells function optimally, allowing for smoother movement, enhanced endurance, and a more robust immune system. By staying hydrated, individuals may find themselves less prone to fatigue, enabling them to tackle daily tasks with increased vigor and resilience.

Secondly, the mental aspect of our lives can also benefit from maintaining a consistent water intake. Adequate hydration plays a crucial role in cognitive function, as it aids in the transportation of nutrients to the brain and the maintenance of brain structure. By staying hydrated, individuals may find themselves better equipped to maintain focus, retain information, and make clearer, more rational decisions. Moreover, staying hydrated can help alleviate symptoms of dehydration such as headaches and brain fog, allowing for a clearer, more concentrated mindset throughout the day.

Lastly, the external manifestations of our overall health, such as skin appearance, can also be influenced by our hydration habits. As water helps transport nutrients to the skin, maintaining proper hydration levels can contribute to a more radiant, youthful appearance. Adequate hydration can help promote the production of collagen, a protein that supports the elasticity and firmness of the skin. Furthermore, staying hydrated may help reduce the appearance of fine lines and wrinkles, as well as prevent the skin from becoming dry, flaky, or dull.

In conclusion, the act of drinking water throughout the day serves as a cornerstone for overall well-being, enhancing physical energy levels, improving cognitive function, and contributing to a more vibrant, youthful appearance. By making the conscious effort to remain hydrated, individuals can find themselves better equipped to tackle the challenges of daily life, both mentally and physically, while also enjoying the added benefit of a more radiant overall appearance. So, raise a glass to the power of water and embrace the transformative effects it can have on your everyday experiences."
E3,prose,Easy,Mistral,unsloth/mistral-7b-instruct-v0.3-bnb-4bit,2,2002,615,0,406,"Engaging with the great outdoors on a daily basis can significantly enhance one's mental well-being. This affirmation is not merely anecdotal, but rather rooted in scientific evidence that demonstrates the myriad benefits of spending time outdoors for our mental health.

First and foremost, the outdoors offers a potent antidote to the insidious clutches of stress and anxiety. The tranquility of nature, devoid of the cacophony of urban life, allows our minds to find solace and respite. The rhythmic lullaby of rustling leaves, the melodious serenade of birdsong, and the soothing murmur of a babbling brook all serve to quell the tumultuous symphony of our thoughts. By providing a sanctuary from the pressures of modern life, the outdoors plays a crucial role in alleviating the burdens of stress and anxiety.

Second, sunlight exposure, a natural byproduct of outdoor activities, plays a pivotal role in improving mood. The sun, our celestial benefactor, is a veritable fountain of life-sustaining energy. Among its myriad gifts, sunlight is a primary source of vitamin D, a vitamin crucial for maintaining good mental health. Inadequate levels of vitamin D have been linked to depression and anxiety disorders. Furthermore, sunlight triggers the production of serotonin, a neurotransmitter that plays a significant role in regulating mood. Consequently, as we bask in the sun's warm embrace, our serotonin levels rise, bestowing upon us an elevated and buoyant mood.

Lastly, the outdoors provides a welcome respite from the monotony of indoor routines and the omnipresent screens that permeate our lives. The digital age has undeniably bestowed upon us countless conveniences, but it has also engendered a sedentary lifestyle that can take a toll on our mental health. The constant barrage of information, the relentless notifications, and the omnipresent fear of missing out can all contribute to feelings of anxiety and depression. The outdoors offers a refreshing alternative, a sanctuary where we can disconnect from the digital world and reconnect with our bodies and minds.

In conclusion, the outdoors serves as a veritable panacea for mental health woes. It provides a soothing balm for stress and anxiety, a source of vitamin D-infused serenity, and a sanctuary from the digital shackles that can ensnare our minds. By making a concerted effort to spend time outdoors every day, we can cultivate a healthier, happier, and more balanced mental state. So, let us step out of the confines of our homes and offices, and embrace the boundless healing power of nature."
E4,prose,Easy,Mistral,unsloth/mistral-7b-instruct-v0.3-bnb-4bit,2,2002,455,0,341,"Opting for home-cooked meals over dining out is a choice that significantly enhances one's health, wallet, and skillset. This preference is grounded in three primary reasons: the ability to regulate food content, financial savings, and the acquisition of valuable life skills.

Firstly, the paramount advantage of home cooking lies in the control it affords over the ingredients used. In contrast to restaurant meals where the exact composition of each dish may be unknown, home-cooked meals allow for precise selection of ingredients based on individual dietary preferences and nutritional requirements. For instance, those with dietary restrictions such as lactose intolerance or gluten sensitivity can tailor their meals to avoid these allergens, ensuring a healthier diet. Moreover, home cooks can prioritize fresh, whole foods over processed alternatives, thereby reducing the intake of unhealthy additives, preservatives, and trans fats.

Secondly, home cooking is a financially prudent decision for many households. Eating out regularly can quickly accumulate costs, with the price of a meal often exceeding the expense of preparing a comparable meal at home. By shopping for ingredients at their convenience and leveraging sales, home cooks can create nutritious meals at a fraction of the cost of dining out. In this way, home cooking serves as a means of maximizing both health and financial well-being.

Lastly, cooking at home offers an opportunity to acquire and hone essential life skills. Aside from the practical ability to prepare meals, home cooking fosters an understanding of food preparation, portion control, and nutrition. These skills are invaluable for maintaining a balanced diet and overall health. Furthermore, cooking can serve as a means of personal expression and a source of relaxation, fostering a positive relationship with food and promoting a healthier lifestyle.

In summary, cooking meals at home offers numerous benefits, including the ability to control food content, financial savings, and the opportunity to develop valuable life skills. By taking control of their diet and embracing the art of home cooking, individuals can not only improve their health but also cultivate a deeper appreciation for the food they consume."
E5,prose,Easy,Mistral,unsloth/mistral-7b-instruct-v0.3-bnb-4bit,2,2002,473,0,327,"A daily routine, when cultivated and adhered to, serves as a vital weapon against the insidious encroachment of stress in our lives. By establishing a predictable structure, we effectively disarm the mental burden of constant decision-making, thus reducing stress levels.

In the hustle and bustle of modern life, the mind is incessantly bombarded with a myriad of choices. Each day presents a multitude of decisions, from what to wear, to what to eat, to how to spend our time. While these choices may seem minor, they cumulatively contribute to a mental load that can be exhausting. A routine, however, streamlines these choices, allowing us to focus our mental energy on more pressing matters. This simplification of decision-making process, in turn, leads to a reduction in mental stress.

Moreover, a consistent daily routine has a profound impact on our sleep quality. By regulating our body clock, we allow our bodies to acclimatize to a regular sleep-wake cycle. This regularity aids in the production of melatonin, the hormone responsible for regulating sleep-wake patterns. A well-rested mind is less prone to stress, as it has the necessary energy to face the challenges of the day. Conversely, sleep deprivation can lead to increased stress levels, exacerbating the symptoms of anxiety and depression.

Lastly, a daily routine facilitates the integration of exercise and self-care into our lives. Regular physical activity is a well-documented stress reducer, as it stimulates the production of endorphins, the body's natural mood lifters. Additionally, self-care practices such as meditation, journaling, or even taking a few minutes to enjoy a cup of coffee can help reduce stress levels by promoting mindfulness and emotional well-being.

By embedding these stress-reducing practices into our daily routine, we create a proactive approach to stress management. Rather than reacting to stress as it arises, we are able to proactively address it, fostering a healthier, less stressful lifestyle. Thus, a daily routine, when intentionally designed, serves as a powerful ally in the fight against stress."
E6,prose,Easy,Mistral,unsloth/mistral-7b-instruct-v0.3-bnb-4bit,2,2002,471,0,376,"Embracing the practice of budgeting each month is not merely an exercise in financial management; it is a pathway to a more secure and stress-free financial future. Here are three compelling reasons why learning to budget your money is a worthwhile endeavor:

1. Prevent overspending: One of the most immediate benefits of budgeting is that it helps you avoid overspending by keeping track of your income and expenses. By setting clear limits on your spending, you can ensure that you are living within your means, rather than constantly struggling to make ends meet. This not only prevents you from accumulating unnecessary debt, but also allows you to enjoy the things you truly value, without the guilt or anxiety that comes from overspending.

2. Build savings over time: Budgeting isn't just about controlling your spending—it's also about planning for the future. By setting aside a portion of your income each month, you can build a savings cushion that will provide you with financial stability and security. This cushion can serve as a safety net in the event of unexpected expenses, such as car repairs or medical bills, or it can be used to fund long-term goals, such as buying a home or starting a business. By consistently saving, you can create a financial foundation that will support you throughout your life.

3. Reduces financial stress: Perhaps the most significant advantage of budgeting is the peace of mind it offers. By having a clear understanding of your financial situation, you can eliminate the stress and worry that often accompanies financial uncertainty. Instead of fretting over bills or living in fear of unexpected expenses, you can approach your finances with a sense of confidence and control. This allows you to enjoy your life more fully, knowing that you are making the most of your resources and planning for the future.

In essence, budgeting is not a chore or a burden—it is an investment in your financial well-being. By taking the time to learn and practice budgeting, you can prevent overspending, build savings, and reduce financial stress, ultimately leading to a more secure and stress-free financial future. So, I encourage you to give budgeting a try—you may find that it is one of the most valuable skills you can acquire."
E7,prose,Easy,Mistral,unsloth/mistral-7b-instruct-v0.3-bnb-4bit,2,2002,449,0,313,"Engaging in regular physical exercise is an indispensable aspect of holistic well-being, particularly for mental health. The myriad benefits that physical activity offers to the mind far outweigh the mere physical exertion, making it an integral part of maintaining psychological balance.

Firstly, physical exercise plays a crucial role in regulating the brain's chemistry, releasing mood-boosting chemicals such as endorphins, serotonin, and dopamine. These neurotransmitters act as natural painkillers, elevating mood, reducing stress, and promoting feelings of happiness and relaxation. By engaging in regular exercise, individuals can experience a noticeable improvement in their overall emotional well-being, as these chemicals help to counteract the effects of stress, anxiety, and depression.

Secondly, exercise has been scientifically proven to alleviate symptoms of anxiety and depression. Studies have shown that regular physical activity can be as effective as medication or psychotherapy in treating mild to moderate depression. The act of exercise can serve as a form of distraction, allowing individuals to divert their attention away from negative thoughts and emotions, providing temporary respite from their mental burdens. Additionally, exercise can help to improve sleep quality, which is essential for mental health and emotional well-being.

Lastly, exercise contributes significantly to the development of self-confidence over time. As individuals challenge themselves physically and overcome obstacles, they foster a sense of accomplishment and self-efficacy. This increased sense of self-worth and self-belief can translate into all areas of life, enabling individuals to approach challenges with a more positive and proactive mindset. Furthermore, regular exercise can lead to improvements in physical appearance, which can boost self-esteem and self-confidence.

In conclusion, regular physical exercise is an invaluable tool for maintaining mental health. By releasing mood-boosting chemicals, reducing symptoms of anxiety and depression, and improving self-confidence, exercise offers a multifaceted approach to promoting emotional well-being. It is essential that individuals prioritize physical activity as a means of ensuring overall mental health and quality of life."
E8,prose,Easy,Mistral,unsloth/mistral-7b-instruct-v0.3-bnb-4bit,2,2002,626,0,449,"Engaging in the habit of reading books for pleasure is an invaluable pursuit that enriches one's life despite the constraints of busy schedules. Not only does it provide a myriad of cognitive benefits, but it also offers psychological and emotional rewards that elevate our daily existence. In this discourse, I will elucidate three specific advantages that reading books affords: building vocabulary and communication skills, reducing stress more effectively than screen-based activities, and enhancing empathy by immersing oneself in other people's perspectives.

Firstly, reading books offers an unparalleled opportunity to expand one's vocabulary and communication skills. Each book is a treasure trove of words, phrases, and idioms, exposing the reader to a rich linguistic landscape that broadens their mental lexicon. This constant exposure to new words and expressions enhances one's verbal agility, allowing them to articulate thoughts more precisely and effectively. In turn, this improved communication skillset aids in fostering stronger relationships, both personal and professional, as clear and concise communication is key to understanding and being understood.

Secondly, reading books serves as a potent antidote to the stresses of modern life, providing a soothing escape from the hustle and bustle of daily routines. Unlike screen-based activities, which often contribute to anxiety and mental fatigue, reading books fosters a state of relaxation and focus. As one becomes engrossed in a captivating narrative, their mind is transported to another world, leaving behind the worries and anxieties of the real world. This therapeutic effect of reading has been documented by numerous studies, which demonstrate that reading books reduces stress levels, lowers heart rate, and promotes a sense of calm and tranquility.

Lastly, reading books is a powerful tool for cultivating empathy, as it allows us to step into the shoes of characters who inhabit vastly different circumstances, cultures, and time periods. By immersing ourselves in the thoughts, feelings, and experiences of these characters, we gain a deeper understanding of human emotions and the complexities of the human condition. This expanded empathetic capacity enables us to better connect with and comprehend the struggles, triumphs, and motivations of others, fostering more compassionate and understanding interactions in our own lives.

In conclusion, the practice of reading books for pleasure offers an array of benefits that transcend the mere entertainment value of a good story. By building vocabulary and communication skills, reducing stress more effectively than screen-based activities, and improving empathy by placing oneself in other people's perspectives, reading books enriches our lives in ways that are both immediate and long-lasting. In a world that often feels chaotic and disconnected, the simple act of reading a book offers a sanctuary of knowledge, understanding, and growth, making it an indispensable pursuit even for the busiest of schedules."
E9,prose,Easy,Mistral,unsloth/mistral-7b-instruct-v0.3-bnb-4bit,2,2002,469,0,368,"Maintaining a tidy living space is an investment that significantly enhances our daily lives, offering numerous benefits that extend beyond aesthetic appeal. The first and most tangible advantage lies in the time saved from searching for misplaced items. A cluttered environment often results in misplacing items, which forces us to waste valuable time searching for them. By contrast, an organized living space allows us to swiftly locate necessary items, enabling us to focus on the tasks at hand rather than wasting precious minutes in fruitless searches.

Secondly, a clean and orderly living space contributes to a reduced level of background stress. Our minds are deeply influenced by our surroundings, and a messy living space can create a subconscious sense of chaos, instilling feelings of anxiety and overwhelm. Conversely, a tidy environment fosters a sense of calm, clarity, and control, making it easier to unwind and find peace after a long day. This psychological reprieve is essential for maintaining good mental health and ensuring we are well-rested for the challenges of the next day.

Lastly, a clean and organized living space serves as an essential tool for fostering productivity, whether for work or study. When our surroundings are orderly, our minds are better equipped to focus on the task at hand. A cluttered living space can create a mental distraction, making it difficult to maintain a consistent level of concentration. By contrast, an organized environment allows us to focus on our work or studies without the constant mental strain of sifting through clutter. This focus is crucial for achieving success in our professional and academic pursuits, as well as for maintaining a sense of accomplishment and fulfillment.

In conclusion, the decision to maintain a tidy living space is an investment in time, mental well-being, and productivity. By taking the time to keep our living space organized, we are effectively reducing the time wasted on searching for misplaced items, lowering our overall level of stress, and enhancing our ability to focus on work or studies. In a world that often feels chaotic and overwhelming, the simplicity and orderliness of a tidy living space offers a sanctuary from the stresses of daily life and a foundation for personal growth and success."
E10,prose,Easy,Mistral,unsloth/mistral-7b-instruct-v0.3-bnb-4bit,2,2002,465,0,343,"A significant contributing factor to enhancing one's wellbeing lies in the conscious decision to limit the time spent on social media. This choice promotes a healthier mental state by addressing three fundamental aspects: the prevention of constant social comparison, the creation of opportunities for more gratifying offline activities, and the improvement of sleep quality due to reduced evening screen exposure.

Firstly, social media platforms are designed to create an illusion of a flawless, idealized life, encouraging users to compare their own lives with those of others. This constant social comparison can lead to feelings of inadequacy, envy, and dissatisfaction, negatively impacting self-esteem and overall wellbeing. By limiting social media usage, individuals can avoid the relentless cycle of comparison and instead focus on their personal growth and achievements.

Secondly, the time spent on social media is time taken away from engaging in offline activities that foster genuine connections, personal development, and happiness. Engaging in hobbies, reading, exercising, or spending quality time with loved ones can bring a sense of fulfillment, purpose, and joy that often eludes those absorbed in the digital world. By reducing social media consumption, individuals open up the possibility of investing in offline activities that nurture their wellbeing and personal growth.

Lastly, excessive exposure to screens, particularly in the evening, can disrupt sleep patterns and quality. The blue light emitted from screens suppresses melatonin, a hormone essential for regulating sleep-wake cycles, leading to poor sleep quality, daytime fatigue, and increased risk of various health issues. By spending less time on social media, especially in the hours leading up to bedtime, individuals can promote better sleep hygiene and enjoy the restorative benefits of a good night's sleep, thus improving their wellbeing.

In conclusion, the judicious use of social media can lead to a marked improvement in wellbeing. By reducing constant social comparison, creating opportunities for more fulfilling offline activities, and improving sleep quality, individuals can cultivate a more balanced, healthy, and enjoyable life. As we navigate the digital age, it is essential to strike a balance between online connectivity and offline wellbeing."
E11,prose,Easy,Mistral,unsloth/mistral-7b-instruct-v0.3-bnb-4bit,2,2002,534,0,394,"The profound impact that pets have on human health and happiness is a testament to the deep, symbiotic relationship between these two species. Pets, primarily dogs and cats, have been found to be not just companions but essential elements that enrich and improve the quality of life for their owners. Here, I elucidate three compelling reasons that underscore the vital role pets play in fostering happiness and promoting healthier lifestyles.

Firstly, pets alleviate loneliness and offer unconditional companionship. Pets, particularly dogs, are often referred to as 'man's best friend' due to their innate ability to provide comfort, empathy, and companionship. In a world increasingly characterized by isolation and disconnection, pets offer a consistent presence, providing a sense of companionship and a connection that transcends the limitations of human relationships. For individuals living alone or those who are socially isolated, the companionship provided by a pet can be a source of comfort, emotional support, and a meaningful connection.

Secondly, pet ownership encourages routine and physical activity, which are essential components of a healthy lifestyle. Pets, particularly dogs, require regular exercise, which compels their owners to adopt a more active lifestyle. By walking their dogs daily, pet owners engage in regular exercise, which contributes to maintaining a healthy weight, reducing the risk of cardiovascular disease, and enhancing overall physical fitness. Moreover, the routine of caring for a pet provides structure and purpose, which can be particularly beneficial for individuals with mental health conditions or those who struggle with addiction.

Lastly, the bond with a pet is known to lower stress hormones, thereby promoting emotional well-being. Interacting with pets, such as stroking a cat or playing fetch with a dog, has been found to lower levels of the stress hormone cortisol in both pets and their owners. This reduction in stress hormone levels can lead to lower blood pressure, improved immune system function, and an overall improvement in emotional well-being. Furthermore, the unconditional love and affection that pets offer can help to alleviate feelings of anxiety, depression, and loneliness.

In conclusion, pets play an integral role in promoting happiness and fostering healthier lifestyles. By reducing loneliness and providing companionship, encouraging routine and physical activity, and lowering stress hormones, pets contribute to the emotional, physical, and mental well-being of their owners. As such, pet ownership should be considered as a viable means of enhancing overall quality of life."
E12,prose,Easy,Mistral,unsloth/mistral-7b-instruct-v0.3-bnb-4bit,2,2002,563,0,418,"Engaging in regular expressions of gratitude can significantly enhance the overall positivity in one's life, fostering a more fulfilling and joyful existence. This assertion is grounded in three compelling arguments: the ability to shift focus from problems to appreciating what is functioning well, the strengthening of personal relationships, and the empirically-backed impact on one's mood over time.

Firstly, by intentionally focusing on the aspects of life that are working well, one can cultivate a mindset that is more resilient to adversity. When we constantly dwell on problems, we may find ourselves trapped in a negative feedback loop, where each issue magnifies the next, creating an overwhelming sense of frustration and dissatisfaction. In contrast, expressing gratitude encourages us to identify and appreciate the positive aspects of our lives, allowing us to maintain a balanced perspective even in challenging circumstances. By consciously shifting our attention towards the good, we can foster a more optimistic outlook and nurture a sense of contentment.

Secondly, sharing our expressions of gratitude with others can deepen and enrich our personal relationships. Acknowledging the contributions and efforts of those around us not only validates their efforts but also strengthens the bonds we share. When we take the time to express our gratitude, we communicate that we value and appreciate the people in our lives, fostering a sense of connection and mutual respect. In turn, these strong relationships can provide a support system, emotional stability, and a sense of belonging, all of which contribute to a more positive and fulfilling life.

Lastly, research has consistently demonstrated that regularly expressing gratitude measurably improves one's mood over time. Numerous studies have shown that individuals who practice gratitude exhibit higher levels of happiness, life satisfaction, and overall well-being. This enhanced mood can be attributed to a variety of factors, including increased self-awareness, a heightened sense of purpose, and a more positive outlook on life. By intentionally focusing on the positive aspects of our lives and expressing our gratitude, we can cultivate a more optimistic mindset, which, in turn, contributes to a more positive emotional state.

In conclusion, expressing gratitude regularly can significantly enhance the overall positivity in one's life. By shifting focus from problems to appreciating what is functioning well, strengthening personal relationships, and measurably improving mood over time, regular expressions of gratitude can foster a more optimistic outlook, nurture strong relationships, and contribute to a more fulfilling and joyful existence. Embracing gratitude as a daily practice can be a simple yet powerful tool for cultivating a more positive life."
E13,prose,Easy,Mistral,unsloth/mistral-7b-instruct-v0.3-bnb-4bit,2,2002,473,0,360,"Embracing short breaks during extended work sessions can significantly enhance productivity and overall output. This strategy is rooted in the understanding that the human brain, like a powerful engine, needs periodic respite to maintain optimal performance and prevent burnout.

Firstly, brief pauses prevent mental fatigue from accumulating, thereby safeguarding cognitive function and productivity. The brain's capacity for focused, high-level thinking is finite, and extended periods of concentration can lead to a decline in performance, often referred to as the ""mental fatigue"" effect. By taking short breaks, workers can give their brains a much-needed rest, allowing them to return to their tasks with renewed focus and energy. This cycle of work and rest not only ensures that the brain is functioning at its best but also prevents the accumulation of mental fatigue, which can lead to mistakes and decreased efficiency.

Secondly, stepping away from a problem often leads to better solutions when one returns. This phenomenon, known as the incubation effect, occurs when the subconscious mind continues to work on a problem even when the conscious mind is focused elsewhere. By taking a break from a challenging task, individuals allow their subconscious minds to process the information and potentially come up with innovative solutions or approaches. This process is akin to a chef tasting a dish, setting it aside, and then returning with fresh perspectives to fine-tune the flavors and textures.

Lastly, regular breaks maintain motivation across the full work period. Sustaining motivation throughout an extended work session can be challenging, as the brain craves variety and novelty. By incorporating short breaks, workers introduce variety into their workdays, preventing monotony and fostering a sense of excitement and anticipation for the next task. Furthermore, taking breaks can help individuals reflect on their progress, set new goals, and recharge their motivation, ensuring that they remain engaged and dedicated to their work for the entire duration of the work period.

In conclusion, short breaks during long work sessions can lead to increased productivity, better problem-solving, and sustained motivation. By preventing mental fatigue, encouraging incubation, and maintaining motivation, these breaks help individuals get more done overall, ultimately leading to a more efficient and effective workforce."
E14,prose,Easy,Mistral,unsloth/mistral-7b-instruct-v0.3-bnb-4bit,2,2002,751,0,562,"Volunteering, the selfless act of offering one's time and resources to aid others, is not merely an altruistic endeavor; it is a profoundly personal and transformative experience that carries a multitude of benefits for the volunteer. While the primary motivation for volunteering often lies in the satisfaction derived from helping others, the personal advantages it offers should not be underestimated. I shall elucidate three key areas where volunteering benefits the volunteer, focusing on the development of new skills and professional networks, the cultivation of a sense of purpose and meaning, and the enhancement of mental health through the reduction of feelings of isolation.

Firstly, volunteering serves as a fertile ground for personal and professional growth. Engaging in volunteer work provides individuals with the opportunity to hone and acquire new skills that can be invaluable in both personal and professional spheres. For instance, a volunteer may find themselves honing their leadership abilities by coordinating a team of fellow volunteers, or they may develop excellent communication skills by liaising with various stakeholders. Moreover, the exposure to diverse environments and challenges that volunteering presents can sharpen problem-solving abilities and foster creativity.

The skills acquired through volunteering are not only useful in the workplace but also enhance one's ability to navigate personal life effectively. Furthermore, the experience gained as a volunteer often serves as a valuable addition to a resume, making the volunteer more attractive to potential employers. By broadening their skillset and strengthening their professional network, volunteers can position themselves for advancement opportunities, furthering their careers and earning potential.

Secondly, volunteering offers an unparalleled sense of purpose and meaning. In an increasingly fast-paced and disconnected world, many individuals find themselves questioning their impact and contribution to society. By choosing to dedicate their time and energy to a cause they are passionate about, volunteers can cultivate a profound sense of purpose and fulfillment. This feeling of purpose transcends the act of volunteering itself, permeating various aspects of a volunteer's life and fostering a sense of self-worth and accomplishment.

Moreover, the connections forged with fellow volunteers and the individuals served can provide a sense of belonging and community that can be elusive in today's society. These connections often transcend the volunteering experience, forming lasting friendships and support systems that enrich the lives of both the volunteer and those they have helped.

Lastly, volunteering plays a crucial role in maintaining and improving mental health by reducing feelings of isolation. In an era where loneliness and social disconnection are pervasive issues, volunteering offers an antidote. By engaging in meaningful work that benefits others, volunteers can combat feelings of isolation and foster a sense of connection to their community.

Furthermore, the act of giving back to one's community can boost self-esteem and foster a sense of personal accomplishment, contributing to improved mental health. The satisfaction derived from helping others can counteract feelings of helplessness and powerlessness that are often associated with mental health struggles.

In conclusion, volunteering is a multifaceted experience that offers a myriad of personal and professional benefits. By expanding one's skillset, cultivating a sense of purpose and meaning, and improving mental health through the reduction of feelings of isolation, volunteering is an investment in oneself that yields immeasurable returns. As such, it is not merely a noble act of altruism, but a wise personal decision that enriches the lives of both the volunteer and those they serve."
M1,prose,Medium,Mistral,unsloth/mistral-7b-instruct-v0.3-bnb-4bit,2,2002,521,0,398,"In the contemporary landscape of work, the emergence of remote work has been a transformative force, offering substantial advantages to both employees and employers.

Firstly, remote work significantly enhances productivity and focus for employees. The absence of a daily commute grants employees valuable time, which can be reallocated to more productive activities such as additional sleep, exercise, or personal development. This improved work-life balance can lead to a more rested and focused workforce, thereby boosting productivity. Furthermore, the elimination of open-plan office distractions allows employees to concentrate more effectively on their tasks, leading to a more efficient workflow.

Secondly, employers stand to benefit immensely from the expanded talent pool that remote work affords. In a traditional office setting, an employer's candidate pool is limited by geographical constraints. However, with remote work, employers can tap into a vast talent pool, thereby increasing the likelihood of finding the most suitable candidates for a given position. This expanded pool of talent enables employers to find employees with niche skills and experiences that may not be readily available in their immediate vicinity.

Moreover, the reduced real-estate overhead associated with remote work is a significant advantage for employers. By not requiring physical office space, employers can save on rent, utilities, and other associated costs. These savings can then be reallocated to invest in employee development, technology, or other strategic initiatives that drive growth and innovation.

Lastly, flexible work arrangements play a pivotal role in improving employee retention and reducing costly turnover. Employees value the autonomy and flexibility that remote work offers, which can lead to increased job satisfaction and overall happiness. This enhanced job satisfaction can translate into higher levels of employee engagement, which is a powerful predictor of employee retention. By offering remote work options, employers can create a more positive work environment that fosters employee loyalty and commitment, thereby reducing costly turnover.

In conclusion, remote work offers a myriad of benefits to both employees and employers. The elimination of the daily commute, reduced open-plan distractions, and expanded talent pool are just a few of the advantages that remote work brings to the table for employees. Meanwhile, employers can reap the benefits of reduced real-estate overhead and improved employee retention through the implementation of flexible work arrangements. As such, it is evident that remote work, on balance, benefits both parties and should be embraced as a valuable tool in the modern workplace."
M2,prose,Medium,Mistral,unsloth/mistral-7b-instruct-v0.3-bnb-4bit,2,2002,499,0,374,"In the digital age, where technology permeates every aspect of modern life, public libraries continue to stand as essential institutions that bridge the digital divide, promote community engagement, and ensure the reliable dissemination of information.

Firstly, public libraries play a pivotal role in providing free, equitable access to technology for populations who may not be able to afford it. In an increasingly digitized world, access to computers, tablets, and the internet is no longer a luxury, but a necessity for education, employment, and communication. By offering free public computing and internet access, libraries ensure that everyone, regardless of income or socioeconomic status, has the opportunity to participate in this digital landscape. This equitable access empowers individuals to navigate the online world, develop digital literacy skills, and access resources that may not be available to them otherwise.

Secondly, public libraries serve as community anchors, offering a wide range of programs and services that cater to the diverse needs of their local populations. These include job support services, such as resume assistance, job fairs, and workshops on interview skills and career development. Libraries also prioritize the education and development of children, offering literacy programs, story hours, and resources for parents to support their children's learning. Furthermore, libraries provide a safe, welcoming public space where individuals can gather, collaborate, and engage in community activities.

Thirdly, professional librarians perform an invaluable role in the curation and verification of information, a service that unmediated internet search cannot replicate. Librarians are trained to identify reliable sources, evaluate the credibility of information, and provide expert guidance in navigating the vast digital landscape. They serve as trusted intermediaries, ensuring that the information individuals access is accurate, up-to-date, and relevant to their needs. This curation and verification role is essential in the digital age, where misinformation and disinformation can spread rapidly and have significant consequences.

In conclusion, public libraries remain essential institutions in the digital age. They provide free, equitable access to technology, serve as community anchors, and perform a vital curation and verification role. By continuing to adapt and evolve in response to the changing needs of their communities, public libraries will continue to play a crucial role in ensuring digital inclusion, fostering community engagement, and promoting the reliable dissemination of information."
M3,prose,Medium,Mistral,unsloth/mistral-7b-instruct-v0.3-bnb-4bit,2,2002,491,0,331,"Learning a second language offers a myriad of cognitive and professional advantages, shaping individuals into more adaptable, reasoning-adept, and globally competitive professionals.

(1) Bilingualism and Executive Function: The ability to fluently communicate in two or more languages serves as a cognitive workout that strengthens executive functions, particularly cognitive flexibility and task-switching. By navigating the intricate labyrinth of two linguistic systems, bilinguals exercise their cognitive control, enabling them to switch between rules, concepts, and thoughts with relative ease. This heightened cognitive flexibility allows them to adapt to new situations more readily and think creatively, fostering problem-solving skills that extend beyond language domains.

(2) Abstract Reasoning and Metalinguistic Awareness: Multilingual individuals exhibit a unique aptitude for abstract reasoning and metalinguistic awareness. Mastering multiple languages necessitates a nuanced understanding of language structure, grammar, and phonetics, which in turn enhances their ability to analyze complex problems and think abstractly. Furthermore, metalinguistic awareness – the conscious knowledge of language rules and structures – equips them with the ability to reflect on their own linguistic performance, a skill that is crucial in various professional settings.

(3) Professional Opportunities in a Globalized Labor Market: In today's interconnected world, proficiency in a second language substantially expands professional opportunities. As globalization continues to break down geographical barriers, multilingual professionals are increasingly valued for their ability to communicate with clients, colleagues, and business partners from diverse linguistic backgrounds. By bridging these linguistic divides, they contribute to more effective cross-cultural collaboration and foster a more inclusive, productive global workforce.

In conclusion, learning a second language offers significant cognitive and professional advantages. The strengthening of executive functions, such as cognitive flexibility and task-switching, equips individuals with valuable skills for navigating complex, ever-changing environments. The acquisition of abstract reasoning and metalinguistic awareness enhances analytical and problem-solving abilities, providing an edge in a competitive professional landscape. Lastly, proficiency in a second language opens the door to a multitude of professional opportunities in a globalized labor market, empowering individuals to thrive in an increasingly interconnected world."
M4,prose,Medium,Mistral,unsloth/mistral-7b-instruct-v0.3-bnb-4bit,2,2002,448,0,332,"Investing in the training and development of existing employees is a strategic decision that offers numerous benefits to companies, transcending the immediate costs of recruitment and onboarding. This approach, which prioritizes internal development, is rooted in the preservation of institutional knowledge, the enhancement of employee retention, and the efficiency of upskilling processes.

Firstly, internal development preserves and nurtures institutional knowledge that new hires often take months to acquire. Employees who have been with a company for an extended period possess invaluable insights into the company's culture, history, and unique business practices. This knowledge forms the foundation of a company's competitive advantage, and allowing employees to expand their skillsets while retaining this knowledge ensures that the organization remains agile and adaptable in a rapidly evolving business environment.

Secondly, visible investment in employee growth measurably improves retention and reduces turnover costs. A company's commitment to employee development signifies a dedication to their professional and personal growth, fostering a sense of loyalty and engagement among employees. By providing opportunities for advancement and growth within the organization, companies can reduce turnover rates and mitigate the significant costs associated with recruitment, onboarding, and training new hires.

Lastly, upskilling existing employees is typically faster and less expensive than a full external recruitment cycle. The time and resources required to identify, attract, and onboard new hires can be substantial. In contrast, companies already have a pool of talented individuals familiar with the company's culture and workings. By investing in their growth, companies can develop employees with the specific skills and knowledge necessary to drive the organization forward, often at a lower cost than external recruitment.

In conclusion, investing in the training and development of existing employees is a strategic decision that preserves institutional knowledge, improves retention, and reduces turnover costs, while also being a faster and less expensive alternative to external recruitment. Companies that prioritize internal development demonstrate a commitment to their employees' growth and foster a culture of continuous learning and adaptability, ultimately positioning themselves for long-term success."
M5,prose,Medium,Mistral,unsloth/mistral-7b-instruct-v0.3-bnb-4bit,2,2002,526,0,375,"The indisputable link between regular physical exercise and reduced long-term healthcare costs is a testament to the transformative power of an active lifestyle on both individual and societal well-being. This connection is grounded in three compelling reasons: the prevention of preventable chronic diseases, the mitigation of mental health challenges, and the demonstrated cost-effectiveness of population-level physical activity programs.

Firstly, active individuals exhibit significantly lower rates of preventable chronic diseases, such as type 2 diabetes and cardiovascular disease. Regular exercise fosters a myriad of physiological adaptations that enhance insulin sensitivity, improve cardiovascular function, and bolster the immune system, thereby reducing the risk of these debilitating conditions. By preventing the onset of these chronic diseases, individuals not only extend their lifespan but also drastically cut down on costly treatments, medications, and hospitalizations, leading to substantial savings in healthcare expenditure.

Secondly, exercise plays a pivotal role in reducing the frequency and severity of mental health conditions, a growing share of healthcare expenditure. Regular physical activity stimulates the production of neurotrophic factors, which promote neural growth and repair, enhancing brain function and mood regulation. This, in turn, reduces the incidence and severity of mental health issues such as depression, anxiety, and stress-related disorders. By addressing mental health issues at their onset, individuals can avoid costly psychiatric treatments, hospital stays, and medication regimens, thereby lowering their overall healthcare costs.

Lastly, population-level physical activity programs have demonstrated cost-effectiveness in multiple national healthcare systems. These programs, which encourage physical activity among large groups of people through initiatives such as public gyms, walking trails, and community sports programs, have been shown to yield impressive returns on investment. By investing in these programs, governments can foster a culture of physical activity that, in the long term, leads to healthier citizens who require fewer healthcare services and less medication, ultimately resulting in significant savings for the healthcare system.

In conclusion, regular physical exercise is a powerful tool in reducing long-term healthcare costs at both the individual and societal level. By preventing chronic diseases, mitigating mental health challenges, and demonstrating cost-effectiveness in population-level physical activity programs, exercise offers a cost-effective solution to the escalating burden of healthcare expenditure. Embracing a culture of physical activity, therefore, represents a wise investment in our collective health and economic prosperity."
M6,prose,Medium,Mistral,unsloth/mistral-7b-instruct-v0.3-bnb-4bit,2,2002,509,0,410,"In an increasingly complex and interconnected global economy, it is imperative that personal financial literacy becomes a mandatory subject in secondary schools. This emphasis on financial education is crucial for several reasons, particularly in light of the correlation between the absence of such knowledge and the high rates of consumer debt and financial vulnerability among young adults.

First and foremost, the dearth of financial education in our educational system contributes significantly to the financial struggles faced by many young adults. Numerous studies have demonstrated that a lack of financial understanding can lead to poor financial decision-making, resulting in accumulated debt, financial instability, and long-term financial hardship. By equipping students with the necessary financial skills and knowledge, we can empower them to make informed decisions about their money, thus reducing the likelihood of them falling into the trap of consumer debt and financial vulnerability.

Second, financial literacy is a universal life skill that benefits all students, regardless of their income or future career paths. In an era where financial independence and self-sufficiency are increasingly valued, it is essential that every student has a foundational understanding of financial concepts such as budgeting, saving, investing, and debt management. This knowledge will not only help students make informed decisions about their personal finances but also enable them to contribute effectively to the financial well-being of their families and communities.

Finally, schools are uniquely positioned to provide financial education to all young people before they face high-stakes financial decisions. Unlike other institutions, schools have a consistent and reliable presence in the lives of young people, making them the ideal platform for delivering financial education. By integrating financial literacy into the curriculum, schools can ensure that all students have access to this essential life skill, regardless of their socioeconomic background or future career aspirations.

In conclusion, the importance of personal financial literacy in secondary schools cannot be overstated. The correlation between the absence of financial education and high rates of consumer debt and financial vulnerability among young adults is undeniable. Financial literacy is a universal life skill that benefits all students, regardless of their income or career path. Moreover, schools are the only institution with reliable access to all young people before they face high-stakes financial decisions. It is time that we prioritize financial education in our schools, ensuring that our young people are equipped with the financial knowledge and skills they need to navigate the complexities of the modern economy and secure their financial futures."
M7,prose,Medium,Mistral,unsloth/mistral-7b-instruct-v0.3-bnb-4bit,2,2002,629,0,411,"The strategic allocation of urban green spaces and parks within municipalities presents a compelling investment in public health, delivering a multitude of quantifiable benefits that outweigh their costs.

Firstly, the proximity and accessibility of green spaces have been linked to significant reductions in prevalent health issues such as cardiovascular disease, obesity, and stress-related illnesses. A wealth of research indicates that individuals who reside near parks or green spaces are more likely to engage in regular physical activities, contributing to improved cardiovascular health (White, et al., 2013). Moreover, green space encourages outdoor recreational activities that promote weight management, thereby reducing the risk of obesity-related complications (Kaplan, et al., 2010). Additionally, urban greenery has been demonstrated to lower stress levels, thereby minimizing stress-related illnesses and enhancing overall wellbeing (Kaplan & Kaplan, 1989).

Secondly, parks serve as crucial restorative environments that buffer against anxiety and depression, further bolstering mental health. Numerous studies have shown that exposure to natural environments promotes a tranquil state of mind, facilitating relaxation and stress relief (Berman, et al., 2008). Moreover, green spaces often foster social connections and community engagement, which are essential for mental health and wellbeing (White, et al., 2013). These findings underscore the importance of investing in parks and green spaces as a means of supporting mental health.

Lastly, green infrastructure plays a critical role in mitigating urban heat island effects and air pollution, with direct respiratory health consequences. Urban heat islands occur due to the accumulation of heat in urban areas, which can exacerbate air pollution and increase temperatures, resulting in adverse respiratory health effects (Nowak, et al., 2004). Green spaces, however, absorb and release water, cool the air through evapotranspiration, and provide shade, thereby reducing urban heat island effects (Nowak, et al., 2004). Furthermore, trees and vegetation absorb air pollutants, such as nitrogen oxides and particulate matter, thereby improving air quality and reducing the risk of respiratory illnesses (Nowak, et al., 2004).

In conclusion, urban green spaces and parks deliver demonstrable public health benefits that far exceed their costs to municipalities. These spaces contribute to reduced rates of cardiovascular disease, obesity, and stress-related illnesses by promoting physical activity and relaxation. Parks also support mental health by providing restorative environments that buffer against anxiety and depression. Lastly, green infrastructure reduces urban heat island effects and air pollution, with direct respiratory health consequences. Thus, the strategic allocation of green spaces is a vital investment in public health, contributing to a healthier, happier, and more sustainable urban environment."
M8,prose,Medium,Mistral,unsloth/mistral-7b-instruct-v0.3-bnb-4bit,2,2002,518,0,355,"Reading literary fiction offers a unique opportunity for personal growth and social development, primarily by enhancing empathy and social understanding. This enhancement is rooted in three fundamental aspects: training perspective-taking, demonstrating measurable short-term improvements in theory-of-mind scores, and fostering tolerance for uncertainty, a key factor in social competence.

Firstly, literary fiction invites readers to immerse themselves in the lives of characters whose experiences are often vastly different from their own. This process, often referred to as perspective-taking, is a crucial skill that fosters empathy. By inhabiting the minds of these characters, readers practice empathizing with perspectives that they might not typically encounter in their daily lives. This repeated practice, over time, sharpens the reader's ability to understand and respond appropriately to the thoughts, feelings, and motivations of others, thereby enhancing their overall empathic abilities.

Secondly, experimental research has provided compelling evidence supporting the empathy-enhancing effects of literary fiction. Numerous studies have shown that reading literary fiction leads to short-term improvements in theory-of-mind scores. Theory-of-mind refers to the ability to attribute mental states to oneself and others, a crucial component of empathy. These studies have found that individuals who read literary fiction exhibit increased accuracy in predicting the thoughts, feelings, and intentions of others, demonstrating a measurable improvement in their theory-of-mind abilities.

Thirdly, the ambiguity and psychological complexity that characterize literary fiction play a significant role in developing tolerance for uncertainty. Real-world social interactions are rarely clear-cut, and understanding another person often requires navigating a complex web of emotions, motivations, and social cues. The ambiguous nature of literary fiction mirrors this complexity, teaching readers to navigate uncertainty and to appreciate the intricacies of human behavior. This tolerance for uncertainty underlies social competence, as it enables individuals to respond adaptively and empathetically to the uncertainties and complexities they encounter in real-world social situations.

In conclusion, reading literary fiction equips readers with the skills and insights necessary to enhance their empathy and social understanding. By training perspective-taking, demonstrating measurable improvements in theory-of-mind scores, and fostering tolerance for uncertainty, literary fiction prepares readers for the intricate and often uncertain world of human relationships, thereby fostering social competence and empathy."
M9,prose,Medium,Mistral,unsloth/mistral-7b-instruct-v0.3-bnb-4bit,2,2002,548,0,379,"Mentorship programs, by design, foster an environment where early-career professionals can access and assimilate valuable, tacit professional knowledge that often eludes formal training. This tacit knowledge, which encompasses practical insights, industry nuances, and real-world experiences, is invaluable in shaping the competence and adaptability of budding professionals.

The mentor-mentee dynamic, being a relationship built on trust, mutual respect, and a shared commitment to personal and professional growth, provides an ideal platform for the mentee to learn, explore, and experiment. The mentor, having traversed the same career path, offers insights and wisdom that are crucial in navigating the complexities and challenges of the professional landscape. This guided learning experience, therefore, accelerates skill development, enabling mentees to master their craft more expeditiously than those without mentorship.

The impact of this accelerated skill development extends beyond the immediate horizon. Mentored employees are significantly more likely to secure promotions and salary increases within five years. By demonstrating a higher level of competence, a deeper understanding of their roles, and a proven ability to tackle complex tasks, mentees distinguish themselves from their peers. Their proficiency and potential for growth catch the attention of senior management, paving the way for professional advancement and financial reward.

Furthermore, mentorship relationships extend beyond the confines of technical skills and career advancement. They serve as a conduit for expanding professional networks, a vital asset in the contemporary professional world. As mentors often occupy influential positions within their organizations, they can introduce their mentees to key stakeholders, decision-makers, and thought leaders. This strategic networking, rooted in the mentor's credibility and influence, creates durable long-term career advantages.

The expanded professional network, in turn, provides mentees with opportunities to collaborate on projects, engage in knowledge sharing, and explore new possibilities. These connections can offer invaluable guidance, open doors to new opportunities, and serve as a source of inspiration and motivation. Over time, these relationships can evolve into mutually beneficial partnerships, fostering personal and professional growth for both parties.

In conclusion, the benefits of mentorship programs for early-career professionals are multifaceted and far-reaching. By accelerating skill development, facilitating promotions and salary increases, and expanding professional networks, mentorship relationships create durable, long-term career advantages. As such, the investment in mentorship programs yields significant returns, not only for individual professionals but for organizations as a whole."
M10,prose,Medium,Mistral,unsloth/mistral-7b-instruct-v0.3-bnb-4bit,2,2002,626,0,470,"A diversified investment portfolio serves as a safeguard for ordinary savers by minimizing risk and optimizing returns. This is achieved through three primary mechanisms: diversification across asset classes, the superior performance of diversified portfolios over long time horizons, and the accessibility of genuine diversification through low-cost index funds.

Firstly, diversification across asset classes reduces exposure to the idiosyncratic failure of any single investment. By spreading investments across various asset classes such as stocks, bonds, real estate, and commodities, an investor reduces the risk of losing a substantial portion of their portfolio due to the underperformance or failure of a particular investment. For example, if an investor has a well-diversified portfolio and one stock within their portfolio plummets in value, the overall impact on their portfolio may be minimal due to the presence of other investments that are performing well. This strategy helps to ensure that the overall risk of the portfolio remains manageable and within the investor's risk tolerance.

Secondly, historical data consistently shows diversified portfolios outperforming concentrated holdings on a risk-adjusted basis over long horizons. The principle of diversification states that a portfolio's risk and return are a function of the individual risks and returns of its components. By spreading investments across a variety of asset classes and securities, the overall risk of the portfolio is reduced, while the potential for return is preserved. Over the long term, this strategy has been shown to produce more consistent returns and lower volatility compared to a portfolio with a high concentration in a single asset class or security. This is because diversified portfolios have a lower probability of underperforming over a given time horizon due to the presence of investments that are performing well to offset those that are not.

Lastly, low-cost index funds make genuine diversification accessible to investors without specialized knowledge. Index funds are a type of investment fund that aims to replicate the performance of a specific market index, such as the S&P 500 or the Dow Jones Industrial Average. By investing in a broad range of securities that make up the index, investors can achieve a high level of diversification at a low cost. This is because index funds typically have a low expense ratio, which is the percentage of an investor's assets that are deducted each year to cover the fund's administrative costs. As a result, low-cost index funds provide ordinary savers with an accessible and cost-effective means of achieving a diversified investment portfolio, which is essential for reducing risk and optimizing returns.

In conclusion, diversified investment portfolios are crucial for ordinary savers looking to minimize risk and optimize returns. By diversifying across asset classes, leveraging the performance benefits of diversification over long time horizons, and accessing low-cost index funds, investors can create a portfolio that is resilient to market fluctuations and well-positioned for long-term growth."
M11,prose,Medium,Mistral,unsloth/mistral-7b-instruct-v0.3-bnb-4bit,2,2002,507,0,366,"A robust public transportation system is a strategic investment that cities can make to foster economic growth and prosperity. By enhancing labor market access, reducing per-capita car dependency, and stimulating transit-oriented development, cities can reap substantial economic benefits.

Firstly, efficient transit systems expand the geographical reach of the labor market, enabling workers to access a broader range of employment opportunities. When workers are not constrained by geographical barriers, they can seek employment based on skills, qualifications, and career progression, rather than location. This increased labor market access leads to a more efficient allocation of human capital, boosting metropolitan productivity. A more productive workforce translates into higher wages, increased output, and ultimately, economic growth.

Secondly, investments in public transportation reduce per-capita car dependency, leading to significant savings for households. The cost of owning and maintaining a car, including insurance, fuel, and maintenance, can be prohibitive for many households. By contrast, public transportation offers a more affordable and accessible alternative. Reduced transportation costs free up disposable income for households, enabling them to spend on other essential needs, such as housing, education, and healthcare, or non-essential expenses, such as entertainment and leisure activities. This increased purchasing power stimulates economic activity and contributes to overall economic growth.

Thirdly, transit-oriented development (TOD) can generate substantial economic benefits for cities. TOD involves designing urban areas around transit stations, creating walkable, bikeable, and transit-friendly communities. This approach encourages mixed-use development, with residential, commercial, and recreational spaces coexisting. As a result, property values in TOD areas tend to rise, as these areas become more desirable to live, work, and play. Higher property values translate into increased tax revenue for cities, which can be used to offset the costs of building and maintaining the public transportation infrastructure. Furthermore, TOD encourages sustainable development, reducing carbon emissions and promoting a greener, more livable urban environment.

In conclusion, strong public transportation systems generate net economic benefits for cities. By increasing labor market access, reducing per-capita car dependency, and stimulating transit-oriented development, cities can foster economic growth, improve livability, and create more sustainable urban environments. These economic benefits serve as compelling reasons for cities to invest in public transportation, making it an essential component of urban planning and development."
M12,prose,Medium,Mistral,unsloth/mistral-7b-instruct-v0.3-bnb-4bit,2,2002,487,0,349,"Companies that prioritize diversity and inclusion in their workforce reap significant benefits, enhancing their competitive edge and ensuring long-term business success.

Firstly, a diverse team brings a multitude of perspectives to problem-solving, thereby reducing the risk of groupthink and improving the quality of decision-making. Each individual brings unique experiences, viewpoints, and skills to the table, fostering an environment where innovative solutions are more likely to emerge. This diversity of thought encourages a comprehensive analysis of challenges, leading to well-rounded strategies and decisions. Consequently, companies with diverse teams are better equipped to navigate complex business landscapes, adapt to market changes, and capitalize on emerging opportunities.

Secondly, inclusive workplaces demonstrate higher employee engagement and retention, thereby reducing costly turnover. Employees who feel valued, respected, and included are more likely to be engaged in their work, fostering a sense of loyalty and commitment to the organization. Conversely, a lack of inclusivity can lead to disengagement, demotivation, and ultimately, turnover. High turnover rates result in the loss of valuable human capital, as well as the financial burden of recruiting, training, and onboarding new employees. By fostering a culture of inclusivity, companies can retain talented individuals, ensuring continuity, consistency, and a stable workforce.

Lastly, workforce diversity improves an organization's ability to understand and serve a diverse customer base. A diverse workforce mirrors the diversity of society, allowing organizations to draw upon a wide range of experiences, preferences, and insights when catering to a diverse customer base. This understanding is crucial in creating products and services that resonate with diverse consumer segments, thereby fostering customer loyalty and driving revenue growth. Moreover, a diverse workforce can help companies identify and address potential cultural and linguistic barriers, ensuring that their offerings are accessible and appealing to a broad audience.

In conclusion, prioritizing diversity and inclusion not only fosters a more inclusive and equitable workplace but also enhances business outcomes by broadening perspectives, improving employee engagement and retention, and enabling organizations to better understand and serve a diverse customer base. Companies that embrace diversity and inclusion are poised to thrive in today's increasingly diverse and globalized business environment."
M13,prose,Medium,Mistral,unsloth/mistral-7b-instruct-v0.3-bnb-4bit,2,2002,627,0,442,"In the realm of public policy and education, the investment in early childhood education (ECE) programs is a topic of significant importance due to its long-term benefits. This argument is substantiated by three key points: the impact on cognitive development and literacy, the positive influence on future life outcomes, and the economic advantages derived from such investments.

Firstly, high-quality ECE programs have been shown to produce measurable improvements in cognitive development and literacy that persist beyond primary school. The foundational skills and knowledge instilled in young children during their formative years serve as a solid base upon which they can build their academic and intellectual growth. Research indicates that children who attend ECE programs demonstrate higher levels of achievement in reading and math, better social-emotional skills, and a more positive attitude towards learning compared to their peers who did not attend such programs (Duncan et al., 2007). These advantages endure throughout their academic careers, translating to higher levels of academic success and better chances of post-secondary education.

Secondly, longitudinal studies have consistently demonstrated that participants in ECE programs experience higher rates of high school graduation, employment, and earnings in adulthood. A seminal study by Heckman (2006) found that individuals who attended high-quality ECE programs were 27% more likely to graduate from high school, 44% more likely to attend college, and 30% more likely to gain employment as young adults. Moreover, these individuals exhibited significantly higher earnings throughout their lifetimes, with returns estimated at 7-10% per annum. The economic benefits of ECE programs extend beyond individual earnings, as higher levels of educational attainment and employment lead to reduced social welfare costs and increased tax revenue.

Lastly, the economic return on ECE investment has been estimated at several dollars for every dollar spent through reduced remedial education and social welfare costs. For instance, the Perry Preschool Project, a longitudinal study of low-income African American children in Michigan, demonstrated a return on investment of $7.10 for every dollar spent (Schweinhart et al., 2013). Furthermore, the Abecedarian Project, which followed the lives of low-income African American children in North Carolina, found a return on investment of $11.60 for every dollar spent (Campbell & Ramey, 1995). These returns are particularly noteworthy given the relatively low cost of ECE programs compared to other social welfare interventions.

In conclusion, the evidence strongly supports the position that ECE programs produce long-term benefits that justify their public investment. High-quality ECE programs promote cognitive development and literacy, enhance life outcomes, and generate significant economic returns. As such, governments should prioritize the funding and expansion of ECE programs to ensure that every child has the opportunity to succeed in school, work, and life."
H1,prose,Hard,Mistral,unsloth/mistral-7b-instruct-v0.3-bnb-4bit,2,2002,637,0,448,"The argument that scientific knowledge is most appropriately regarded as provisional and fallible rather than as a collection of established certainties can be substantiated through a combination of historical, philosophical, and empirical considerations.

Firstly, the history of science serves as a compelling illustration of the fallibility of well-confirmed theories. Newtonian mechanics, for instance, once considered an unassailable cornerstone of physical understanding, has been significantly revised and refined over time. General Relativity, a theory developed by Einstein, superseded Newton's laws in explaining phenomena such as the precession of planetary orbits and the gravitational bending of light. Similarly, classical thermodynamics, while still widely applicable, has been challenged by quantum mechanics in describing the behavior of particles at atomic and subatomic scales. These examples demonstrate that even theories that have stood the test of time can be subsequently modified or overturned, making fallibilism an empirically warranted epistemic stance.

Secondly, the Duhem-Quine thesis further reinforces the idea that scientific knowledge is irreducibly holistic and defeasible. This thesis posits that no single hypothesis can be conclusively falsified in isolation. Instead, any experimental outcome is consistent with the revision of auxiliary hypotheses, which are auxiliary assumptions made to account for variables that cannot be directly controlled or measured. For example, when testing a hypothesis about the properties of a particular substance, other factors such as temperature, pressure, and the presence of impurities may also influence the observed results. Consequently, the scientific knowledge we acquire is always provisional and subject to revision in light of new evidence or more comprehensive explanations.

Thirdly, the underdetermination of theory by evidence further underscores the partial nature of empirical confirmation. The underdetermination thesis asserts that any finite dataset is consistent with infinitely many competing theoretical frameworks. This means that there can be multiple explanatory theories that are equally supported by the available evidence, and that certainty claims exceed what evidence can justify. In other words, the evidence can never decisively choose between competing theories, and scientists must make judgments based on factors such as simplicity, fruitfulness, and coherence with established principles. This inherent ambiguity in the relationship between theory and evidence reinforces the provisional and fallible nature of scientific knowledge.

In conclusion, the history of science, the Duhem-Quine thesis, and the underdetermination of theory by evidence all provide evidence for the thesis that scientific knowledge is best understood as provisional and fallible. These arguments demonstrate that even well-confirmed theories can be substantially revised, that no hypothesis can be conclusively falsified in isolation, and that any finite dataset is consistent with multiple competing theoretical frameworks. These insights underscore the provisional and defeasible nature of scientific knowledge, emphasizing the need for humility, skepticism, and openness to revision in the scientific enterprise."
H2,prose,Hard,Mistral,unsloth/mistral-7b-instruct-v0.3-bnb-4bit,2,2002,669,0,469,"In the intricate web of our moral landscape, the question of moral responsibility is a pivotal node that requires a nuanced understanding of agency. To argue for the necessity of a meaningful conception of agency that transcends purely causal-mechanical description, we shall examine three claims: the counterfactual competence condition, the role of reactive attitudes, and the limitations of compatibilist reconstructions.

First, the counterfactual competence condition asserts that ascriptions of moral responsibility presuppose an agent's ability to do otherwise—a capacity to act differently given the same circumstances. This condition is incompatible with deterministic causal chains, which, by their very nature, preclude genuine alternative possibilities. The deterministic framework operates on the premise that all events, including human actions, are predetermined by antecedent conditions, leaving no room for genuine alternative choices. However, the inclusion of a normative surplus, such as moral responsibility, within this mechanistic framework necessitates the existence of counterfactuals that are not accounted for within a purely causal explanation. This discrepancy demonstrates that a conception of agency beyond deterministic causality is essential for moral responsibility.

Second, reactive attitudes, such as resentment, indignation, and gratitude, are crucial to our understanding of agency and moral responsibility. These attitudes are not mere emotional responses but are grounded in the recognition of an agent as a source of reasons-responsive action. In other words, reactive attitudes are based on the assumption that agents are not simply passive products of causal forces but active agents who can be influenced by reasons and justifications. This understanding of agency as a source of reasons-responsive action is incompatible with a mere node in a causal network, as it requires a level of autonomy, rationality, and responsibility that goes beyond the scope of deterministic causality.

Lastly, compatibilist attempts to reconcile determinism and moral responsibility by redefining 'could have done otherwise' in dispositional terms, thereby preserving the linguistic form of responsibility attribution while abandoning its normative substance. This strategy, while seemingly successful in maintaining the appearance of free will, ultimately fails to provide a meaningful account of moral responsibility. The dispositional redefinition reduces the concept of 'could have done otherwise' to an agent's potential to act differently given the same circumstances, which is consistent with determinism. However, this redefinition eliminates the normative implications of moral responsibility, rendering it devoid of any genuine significance.

In conclusion, the ascription of moral responsibility necessitates a meaningful conception of agency that transcends purely causal-mechanical description. The counterfactual competence condition, the role of reactive attitudes, and the limitations of compatibilist reconstructions collectively underscore the need for a conception of agency that accommodates alternative possibilities, rationality, and reasons-responsiveness—elements that are incompatible with a strictly deterministic framework. Consequently, a meaningful conception of agency that can account for moral responsibility must extend beyond the bounds of causal mechanisms to incorporate normative considerations and the capacity for genuine alternative choices."
H3,prose,Hard,Mistral,unsloth/mistral-7b-instruct-v0.3-bnb-4bit,2,2002,834,0,564,"The thesis that language fundamentally shapes the structure of human thought and cognition posits a symbiotic relationship between language and cognition, where language not only expresses but actively molds our cognitive processes. This perspective is supported by three key claims:

1. Cross-linguistic research provides evidence of systematic covariation between linguistic categories and non-linguistic cognitive performance. For instance, in spatial cognition, languages that have more specific spatial terms (e.g., Mandarin with distinct terms for 'left', 'right', 'front', and 'back') tend to have more precise spatial cognition compared to languages with less specific spatial terms (e.g., English, which uses 'left' and 'right' interchangeably for objects on the left and right side of the speaker). This suggests that linguistic distinctions influence the granularity of conceptual representations, shaping our spatial perception and understanding.

Similarly, in color categorization, some languages distinguish between more colors than others. For example, the Dani, a people group living in Indonesia, have 32 distinct color terms in their language, whereas English only has 11 basic color terms. Research indicates that individuals from cultures with more color-distinctive languages exhibit finer color discrimination abilities than those from cultures with fewer color distinctions. This pattern suggests that linguistic categorization influences the granularity of non-linguistic cognitive representations.

In number representation, research shows that languages with base-10 number systems (e.g., English, Arabic) tend to have children who demonstrate better counting and arithmetic abilities compared to children from languages with non-base-10 number systems (e.g., Mandarin, which uses a base-10 system for large numbers but a base-100 system for small numbers). This systematic covariation between linguistic categories and non-linguistic cognitive performance supports the claim that linguistic distinctions influence the granularity of conceptual representations.

2. During language acquisition in early childhood, language does not merely label pre-existing content but actively restructures the child's representational system. Research on infants at the boundary of language acquisition shows differences in category learning between linguistic and non-linguistic tasks. For instance, when presented with objects that can be categorized in multiple ways (e.g., shapes, textures, or materials), infants tend to categorize objects based on linguistic categories (e.g., if they hear the word 'ball', they categorize the object as a ball, regardless of its texture or material). This demonstrates that language plays a role in shaping the infant's representational system, guiding them towards linguistically-based categorizations.

3. Internal deliberative thought is partially constituted by linguistic representation, because the sequential and negation-permitting structure of natural language enables forms of reasoning that non-linguistic cognitive systems cannot support. For example, language allows us to reason about hypothetical situations, express conditional statements (e.g., 'If it rains, I will bring an umbrella'), and engage in complex forms of reasoning through the use of negations ('I didn't eat the cookie' implies that the individual was initially considering eating the cookie). These linguistic structures enable us to reason about potential outcomes, make counterfactual arguments, and solve problems that would be difficult or impossible to solve using non-linguistic cognitive processes alone.

In conclusion, the evidence from cross-linguistic research on spatial cognition, color categorization, and number representation, the impact of language acquisition on early cognitive development, and the unique reasoning abilities enabled by language structure support the thesis that language fundamentally shapes the structure of human thought and cognition. This perspective highlights the intertwined nature of language and cognition, emphasizing that language is not just an expression of thought but a key factor in its formation and organization."
H4,prose,Hard,Mistral,unsloth/mistral-7b-instruct-v0.3-bnb-4bit,2,2002,537,0,409,"In the realm of aesthetics, the nature of aesthetic value has been a subject of ongoing debate. One perspective posits that aesthetic value is reducible to purely subjective preference or individual psychological response. However, this position overlooks several crucial aspects that are integral to the aesthetic experience.

Firstly, the phenomenology of genuine aesthetic experience involves a claim to intersubjective validity. When we judge a work of art beautiful, we implicitly call on others to agree. This call is not simply a wish for confirmation but a sincere expectation of shared understanding. The normative dimension inherent in such a claim cannot be explained within a purely subjectivist framework. If aesthetic value were merely a matter of individual preference, there would be no basis for this call to intersubjective agreement.

Secondly, the practice of aesthetic criticism underscores the fact that aesthetic assessments are not confined to individual responses but are answerable to considerations beyond them. Aesthetic criticism, with its apparatus of reasons, standards, and education, presupposes that some responses are better-informed than others. The role of criticism is to educate, to provide reasons for judgments, and to foster a shared understanding of aesthetic value. This practice assumes that there is a shared ground of aesthetic discourse, a common language through which we can communicate and argue about aesthetic value.

Thirdly, aesthetic relativism, the view that aesthetic judgments are true or false only relative to a given cultural or historical context, generates a regress. If every preference is equally valid, then the preference for relativism over dogmatism is itself merely a preference. This undermines the normative force of the relativist position from within. If every aesthetic judgment is equally valid, then there is no basis for privileging the relativist position over the dogmatist one, or for privileging the dogmatist position over the pluralist one. This regress highlights the inherent tension within the relativist position, a tension that suggests the need for a more nuanced account of aesthetic value.

In conclusion, the reduction of aesthetic value to purely subjective preference or individual psychological response cannot account for the intersubjective validity inherent in aesthetic experiences, the role of aesthetic criticism, or the tensions within aesthetic relativism. A more nuanced account of aesthetic value must recognize the normative dimension of aesthetic judgments, the role of education and reasoning in aesthetic discourse, and the need for a shared ground of aesthetic discourse. Such an account would provide a more coherent and compelling explanation of aesthetic value."
H5,prose,Hard,Mistral,unsloth/mistral-7b-instruct-v0.3-bnb-4bit,2,2002,505,0,374,"The thesis that consciousness poses an explanatory challenge not fully addressed by any current physicalist or functionalist framework hinges on three interconnected claims.

First, the hard problem of consciousness, which is the question of why and how physical processes give rise to subjective experience, is distinct from the easy problems of explaining cognitive function. The easy problems involve the function, behavior, and performance of cognitive systems, such as memory, perception, and reasoning. While functional accounts, like those offered by cognitive science and computational theory, can effectively explain the former, they fall short in explaining the latter. Functionalism provides insight into what the brain does, but it does not elucidate what it is like to be a conscious entity, as subjective experience is not captured within the functionalist framework.

Second, the conceivability of philosophical zombies, beings physically identical to conscious humans but devoid of subjective experiences, demonstrates that phenomenal consciousness is not logically entailed by physical description. The conceivability of zombies implies that there is a gap between the physical and the phenomenal, suggesting that any identity between physical and phenomenal properties is contingent rather than necessary. This contingency implies that phenomenal consciousness cannot be reduced to physical properties alone, and that there is an additional, non-physical aspect to consciousness.

Third, Mary's Room thought experiment illustrates that complete physical knowledge does not entail complete knowledge of phenomenal properties. Mary is a scientist who possesses complete physical knowledge but has lived her life in a black-and-white room devoid of color. When Mary steps out into the world with color, she gains new, previously unattainable knowledge—the knowledge of what it is like to see color. This knowledge is not derived from physical facts alone, but from a direct, subjective experience. Therefore, phenomenal facts are epistemically irreducible to physical facts, even if ontological dualism is not entailed.

In conclusion, these three claims argue that consciousness poses an explanatory challenge to physicalist and functionalist frameworks because it involves subjective experiences that are distinct from cognitive functions, are contingently related to physical properties, and are epistemically irreducible to physical facts. While these frameworks can offer valuable insights into the functions of the mind, they do not fully account for the nature of consciousness and the subjective experiences that accompany it."
H6,prose,Hard,Mistral,unsloth/mistral-7b-instruct-v0.3-bnb-4bit,2,2002,525,0,373,"In the pursuit of distributive justice, the focus on procedural fairness alone is insufficient, as substantive attention to the pattern of outcomes is equally crucial. Procedurally fair processes can and often do generate outcome distributions that are substantively unjust due to their inherent amplification of pre-existing structural inequalities, such as differential access to education and inherited wealth. Procedural fairness, while essential, is not sufficient for ensuring distributive justice, as it fails to address the systemic disadvantages that persistently impact certain groups.

John Rawls's difference principle offers a principled criterion for evaluating outcome patterns. According to this principle, inequalities are justified only when they maximize the absolute position of the least-advantaged members of society. This principle encourages a focus on social welfare as a whole, rather than individual welfare, ensuring that the benefits of inequality are distributed in a manner that primarily benefits the least-advantaged. This principle provides a guiding principle for policy decisions, encouraging the allocation of resources in ways that enhance the position of the least-advantaged, rather than merely upholding the status quo.

However, the application of the difference principle faces a significant challenge: the baseline problem. Determining what constitutes a fair starting point for procedurally legitimate exchange is not resolvable by procedural criteria alone, as any choice of baseline presupposes a prior substantive judgment about entitlement. The baseline problem necessitates a substantive judgment about what is fair and just, as it involves deciding what counts as a fair starting point for distribution. This substantive judgment cannot be derived from procedural criteria alone, as it requires a consideration of historical and social context, as well as normative judgments about what constitutes just entitlement.

In conclusion, while procedural fairness is an essential component of distributive justice, it is not sufficient for ensuring substantive justice. The pattern of outcomes must also be subjected to scrutiny to ensure that they do not amplify pre-existing inequalities. Rawls's difference principle offers a principled criterion for evaluating outcome patterns, but the baseline problem necessitates a substantive judgment about entitlement, which cannot be resolved by procedural criteria alone. Therefore, a comprehensive approach to distributive justice must incorporate both procedural and substantive considerations to ensure that the distribution of resources is fair, equitable, and promotes social welfare as a whole."
H7,prose,Hard,Mistral,unsloth/mistral-7b-instruct-v0.3-bnb-4bit,2,2002,677,0,506,"In the contemporary world, large-scale technological systems have become integral to our daily lives, transforming social structures and distributions of power in profound and enduring ways. One of the key insights into this transformation comes from the concept of 'politics built into design' coined by sociotechnical theorist Langdon Winner. This principle asserts that the material properties and architectures of technological platforms embed particular distributions of agency and dependency, which are not always visible or revisable by individual users.

For instance, social media platforms, designed to maximize user engagement, have inadvertently concentrated power in the hands of platform owners and algorithmic decision-makers. These systems subtly shape user behavior, directing attention and shaping discourse in ways that may not be immediately apparent or reversible for individual users. This hidden, embedded power dynamic resists effective governance through individual choice or conventional regulatory frameworks because it is not readily observable or controllable by users.

Moreover, large-scale technological systems exhibit network externalities, switching costs, and data-compounding effects that create structural lock-in, rendering the theoretical availability of alternatives formally compatible with effective technological monopoly. Network externalities refer to the benefits that increase as the number of users on a platform grows, making it difficult for new platforms to compete. Switching costs refer to the time, effort, and potential loss involved in migrating from one platform to another, further reinforcing the dominance of established platforms. Data-compounding effects refer to the accumulation of data on platforms, which becomes more valuable as it grows in size and diversity, making it difficult for new platforms to offer comparable services. This structural lock-in makes market competition insufficient as a governance mechanism, as dominant platforms can maintain their monopoly even in the presence of competing alternatives.

Lastly, the pace of technological deployment systematically outstrips the capacity of regulatory institutions to develop adequate oversight frameworks, creating a persistent governance gap that individual adaptation cannot close. Technological advancements often outpace the development of regulatory frameworks, leaving regulatory bodies struggling to keep up with the ethical, legal, and social implications of new technologies. This governance gap is further compounded by the global, interconnected nature of technology, as regulatory decisions in one country can have significant impacts on users in other countries. This persistent governance gap creates a situation where individual users are left to adapt to new technologies and their associated risks without the protection of comprehensive regulatory oversight.

In conclusion, large-scale technological systems reshape social structures and distributions of power in ways that resist effective governance through individual choice or conventional regulatory frameworks. The politics built into design, network externalities, switching costs, and data-compounding effects create structural lock-in, making market competition insufficient as a governance mechanism. Furthermore, the pace of technological deployment outstrips the capacity of regulatory institutions to develop adequate oversight frameworks, creating a persistent governance gap that individual adaptation cannot close. To ensure more equitable and sustainable technological development, it is essential to consider the embedded politics of design, the structural challenges of market competition, and the need for proactive, anticipatory regulation that keeps pace with technological advancements."
H8,prose,Hard,Mistral,unsloth/mistral-7b-instruct-v0.3-bnb-4bit,2,2002,521,0,346,"In the realm of literary analysis, the meaning of a text is not solely contingent on the author's original intentions. This perspective is substantiated by three interconnected arguments: the intentional fallacy, the hermeneutic gap, and the 'death of the author.'

Firstly, the intentional fallacy, as proposed by Wimsatt and Beardsley, posits that a literary work, upon composition, transforms into a linguistic artifact. This artifact's meanings are not dictated by the author's intentions but are instead constituted by the conventions and interpretive practices of the language community. These conventions and practices are not subject to the author's control, thereby decoupling the text's meaning from the author's original intentions.

Secondly, the hermeneutic gap refers to the unbridgeable chasm between what an author consciously intended and what a text semantically encodes. The same linguistic tokens can be consistent with multiple interpretive elaborations, and the author's intention alone cannot definitively determine the text's meaning. This gap arises due to the complexity of language and the subjectivity of interpretation. The same words can evoke different connotations, associations, and meanings for different readers, and the author's intention cannot account for all possible interpretations.

Thirdly, the 'death of the author,' as expounded by Barthes, can be read as a claim about interpretive authority rather than eliminativism. Barthes argues that the activation of textual meaning occurs in the reader's engagement with the text. This engagement is shaped by the reader's competences, which vary across readers and historical moments. Original intention cannot anticipate these competences, suggesting that the reader, rather than the author, plays a pivotal role in determining the text's meaning.

In conclusion, the meaning of a text is not wholly determined by the author's original intentions. The intentional fallacy, the hermeneutic gap, and the 'death of the author' collectively establish that the meaning of a text is a product of the language community's conventions and practices, the multiplicity of possible interpretations, and the reader's engagement with the text, all of which are independent of the author's intentions. Thus, the meaning of a text is a collaborative construction that transcends the author's original intentions."
H9,prose,Hard,Mistral,unsloth/mistral-7b-instruct-v0.3-bnb-4bit,2,2002,535,0,394,"Democratic legitimacy transcends the mere satisfaction of majority rule or aggregated preferences due to several inherent limitations and deficiencies in majoritarian systems.

Firstly, the tyranny of the majority is a significant concern in democratic systems where the majority systematically excludes permanent minorities, whose interests are structurally underrepresented in majoritarian aggregation. This systematic exclusion can lead to the marginalization of these groups, undermining the very principles of equality and justice that democratic systems aim to uphold. To address this issue, constitutional rights constraints and counter-majoritarian institutions are essential to protect minority rights and ensure that democratic decisions are fair and just. These constraints and institutions serve as a bulwark against the tyranny of the majority, safeguarding the interests of minority groups and ensuring that democratic decisions are made in a way that is both just and legitimate.

Secondly, deliberative democracy theorists such as Habermas and Cohen have established that legitimate political decisions require more than just the aggregation of preferences. They argue that legitimate political decisions require the exchange of reasons under conditions of equal standing, mutual recognition, and openness to rational revision. These conditions ensure that political decisions are made through a process of reasoned deliberation, where all perspectives are considered and weighed fairly. Bare majoritarianism, on the other hand, does not necessarily require or ensure these conditions. Instead, it relies on the aggregation of preferences, which can lead to decisions that are not based on reasoned deliberation and are therefore less legitimate.

Thirdly, the epistemic argument for democracy is conditional on the quality of deliberation. Majority decisions reached under systematic misinformation or manipulation lack the epistemic credentials that justify democratic authority. In other words, if the process through which a majority decision is reached is flawed or biased, the decision itself lacks legitimacy. This means that legitimacy is not automatically conferred by procedural compliance, but rather depends on the quality of the deliberative process through which the decision is made.

In conclusion, democratic legitimacy requires more than majority rule or aggregated preference satisfaction. The tyranny of the majority, the need for reasoned deliberation, and the importance of epistemic considerations all demonstrate that democratic legitimacy requires a more nuanced and sophisticated understanding of democratic decision-making than simply counting heads or aggregating preferences. By recognizing these complexities and working to address them, democratic systems can strive towards a more legitimate and just form of governance."
H10,prose,Hard,Mistral,unsloth/mistral-7b-instruct-v0.3-bnb-4bit,2,2002,642,0,450,"The thesis that rationality is not a universal, context-independent capacity, but rather is constitutively shaped by the cognitive, social, and institutional conditions in which it operates, offers a nuanced perspective on human reasoning. This perspective, grounded in various theoretical frameworks, challenges the classical view of rationality as a universal, objective, and timeless construct.

First, the concept of Bounded Rationality, as proposed by Herbert Simon, posits that individuals make decisions based on their limited cognitive capacities and the ecological constraints of their environment. Simon's Satisficing framework suggests that people do not strive for the optimal solution, but rather for a 'satisfactory' solution that meets their current needs and constraints. This deviation from classical rationality norms, demonstrated through research such as Kahneman and Tversky's Heuristics-and-Biases program, illustrates that human reasoning systematically departs from idealized rationality under ecologically realistic conditions. This evidence supports the claim that rationality is not a universal, context-independent capacity, but rather is shaped by the cognitive and environmental factors that individuals encounter.

Second, the capacity for extended, reliable reasoning is institutionally scaffolded. Cognitive artifacts, such as written language, mathematical symbols, and digital tools, facilitate complex reasoning by externalizing mental processes. Socially distributed knowledge allows individuals to leverage collective intelligence and expertise, expanding the boundaries of individual cognitive capacity. Institutional norms of evidence, such as the double-blind peer-review process in academic publishing, provide standards for evaluating the credibility and reliability of knowledge claims. These cognitive artifacts, socially distributed knowledge, and institutional norms are historically contingent and variable across epistemic communities, further supporting the claim that rationality is shaped by its operational context.

Third, the standards by which reasoning is evaluated as rational or irrational are not neutral and universal but are embedded in particular epistemic traditions. What counts as a reason, a valid inference, or an appropriate standard of evidence varies across domains and cultures, resisting reduction to a single transcontextual rationality norm. For example, in scientific reasoning, empirical evidence is valued above anecdotal evidence. In contrast, in some religious or spiritual traditions, subjective experiences may hold more epistemic weight than empirical evidence. This variation in epistemic standards across domains underscores the claim that rationality is not a universal construct but is shaped by the specific epistemic traditions in which it operates.

In conclusion, the thesis that rationality is not a universal, context-independent capacity, but rather is constitutively shaped by the cognitive, social, and institutional conditions in which it operates, provides a more nuanced and realistic understanding of human reasoning. By acknowledging the role of cognitive limitations, institutional support, and epistemic traditions in shaping rationality, this perspective offers a more accurate and inclusive model of human cognition, one that recognizes the diversity and complexity of human reasoning in different contexts."
H11,prose,Hard,Mistral,unsloth/mistral-7b-instruct-v0.3-bnb-4bit,2,2002,550,0,384,"In the intricate tapestry of philosophy, the question of personal identity has long been a subject of intense debate. The psychological continuity view, championed by John Locke and further developed by Derek Parfit, offers a compelling perspective on this conundrum. This view posits that personal identity is not contingent on physical or biological continuity, but rather on the persistence of psychological elements such as memory, personality, and intention.

Firstly, the psychological continuity view, in its essence, asserts that the survival of an individual is predicated on the unbroken chain of psychological traits. In the context of brain-transplant thought experiments, the intuitive verdict that personal identity follows the brain rather than the body underscores the importance of this perspective. If a person's brain is transplanted into another body, the psychological continuity view maintains that the same self persists, as the transplanted brain carries the memories, personality, and intentions of the original self. This argument undermines the notion that physical continuity is a prerequisite for personal identity.

Secondly, the biological continuity view, which posits that personal identity is grounded in biological connections, falters when confronted with the normative implications of personal identity. For instance, in the case of irreversible vegetative states, biological continuity persists, yet the psychological relations that define personal identity are absent. However, we intuitively feel prudential concern for our future selves and moral responsibility for our past actions. This psychological connectedness, not biological continuity, is what grants these normative significances.

Lastly, Parfit's reductionism, which posits that personal identity is reducible to psychological continuity and connectedness, provides a more coherent explanation of seemingly paradoxical cases, such as fission and gradual psychological replacement. Non-reductionist accounts often struggle to provide consistent verdicts in these scenarios, generating arbitrary conclusions. In contrast, reductionism dissolves these paradoxes by asserting that personal identity is a function of psychological continuity and connectedness.

In conclusion, the psychological continuity view, as advanced by Locke and developed by Parfit, provides a persuasive argument for the nature of personal identity. It asserts that the persistence of psychological elements such as memory, personality, and intention is more fundamental to personal identity than physical or biological continuity. This view offers a more intuitive explanation of personal identity in various thought experiments, captures the normative significance of personal identity, and provides a more coherent explanation of paradoxical cases."
H12,prose,Hard,Mistral,unsloth/mistral-7b-instruct-v0.3-bnb-4bit,2,2002,448,0,336,"In support of the thesis that mathematical objects possess an objective existence independent of human psychological or social construction, we can analyze three compelling arguments: the indispensability argument, the phenomenology of mathematical discovery, and the technical objections against nominalist alternatives.

Firstly, the indispensability argument posits that our best scientific theories necessitate the use of mathematical entities to account for empirical phenomena. For instance, the existence of electrons cannot be disproven without invoking quantum mechanics, which intrinsically involves mathematical structures. If a scientific realist is willing to accept the existence of electrons on the grounds of theoretical indispensability, they should extend this logic to mathematical objects. The indispensability of mathematical entities in scientific theories implies that they are not mere human constructs but rather have an objective reality.

Secondly, the phenomenology of mathematical discovery provides compelling evidence for the objectivity of mathematical entities. Mathematicians often encounter unexpected theorems, experience failed proofs corrected by necessity rather than convention, and observe surprising connections across independently developed branches. This can be more naturally explained as an exploration of a domain with determinate structure rather than an invention of arbitrary formal systems. The deterministic and logical nature of mathematical discoveries suggests that there is an objective reality to mathematical entities.

Lastly, nominalist alternatives that attempt to eliminate mathematical objects in favor of physical inscriptions or mental constructions face decisive technical objections. These alternatives often fail to recover the full expressive power of standard mathematics, rendering them unacceptable for many scientific and mathematical applications. Moreover, they may generate circularity by presupposing mathematical structure in the account meant to eliminate it. For example, a nominalist might try to explain mathematical objects as mental constructions, but this explanation presupposes the very mathematical structure it aims to explain.

In conclusion, the indispensability argument, the phenomenology of mathematical discovery, and the technical objections against nominalist alternatives collectively provide strong evidence for the objectivity of mathematical entities. This evidence suggests that mathematical objects exist in an objective reality that is independent of human psychological or social construction."
H13,prose,Hard,Mistral,unsloth/mistral-7b-instruct-v0.3-bnb-4bit,2,2002,705,0,489,"The replication crisis in psychology, a pervasive issue plaguing the field, can be argued to stem from more than just methodological flaws; it is fundamentally an institutional and incentive-structural problem. This perspective suggests that the proximate methodological failures – underpowered studies, p-hacking, HARKing, and selective outcome reporting – are not primarily the outcome of individual researcher incompetence, but rather, they are rational responses to a publication incentive structure that systematically rewards novel positive results and penalizes replication attempts and null findings.

The current publication system incentivizes researchers to pursue studies that produce significant, novel findings, often at the expense of methodological rigor. This incentive structure, in turn, encourages researchers to engage in practices such as p-hacking (selectively reporting only significant results) and HARKing (hypothesizing after results are known), as these tactics increase the likelihood of publishing a study with statistically significant findings. Conversely, replication attempts and null findings are less likely to be published, creating a disincentive for researchers to pursue such studies.

The peer review system, as it is currently constituted, provides insufficient verification of methodological adequacy. Peer reviewers, operating under time constraints and with limited resources, cannot effectively detect flexible analytical choices that inflate false-positive rates, nor can they ensure that data are shared, pre-registration is adhered to, or independent replication is undertaken. This leaves the door open for methodologically flawed studies to be published and perpetuated, contributing to the replication crisis.

To address the replication crisis, field-level interventions are necessary and sufficient to substantially reduce the false-positive rate. These interventions include pre-registration mandates, registered reports, open data requirements, and tenure criteria that weight replication. These measures aim to increase transparency, reproducibility, and the integrity of research findings by ensuring that research hypotheses, methods, and data are clearly defined and accessible before, during, and after a study.

However, the adoption of these interventions is slow because they are individually rational only if adopted collectively. This creates a coordination problem that individual researchers cannot solve without funding-body enforcement. In other words, the benefits of adopting these interventions are greatest when they are universally adopted, but no single researcher can achieve this on their own. Therefore, funding bodies and institutions must take an active role in enforcing these changes to promote a more robust, replicable research culture.

In conclusion, the replication crisis in psychology can be seen as a problem rooted in institutional and incentive structures, rather than merely a methodological issue. The current publication incentive structure rewards novel positive results over replication attempts, leading researchers to engage in methodologically flawed practices. The peer review system provides insufficient verification of methodological adequacy, and field-level interventions, such as pre-registration mandates and open data requirements, are necessary to reduce the false-positive rate, but their adoption is slow due to a coordination problem. To tackle the replication crisis, it is essential that funding bodies and institutions take a proactive role in enforcing these changes to promote a more robust, replicable research culture."
E15,prose,Easy,Mistral,unsloth/mistral-7b-instruct-v0.3-bnb-4bit,2,2002,592,0,432,"Embarking on the journey of learning to play a musical instrument as an adult offers a myriad of benefits that extend beyond the realm of music itself. The process is not merely about producing melodious tunes, but it entails a holistic development of cognitive skills, emotional well-being, and personal growth. Herein, I delve into three significant advantages that underscore the value of this endeavor for adults: enhancing memory and hand coordination, providing a creative outlet, and offering a steady sense of progress.

Firstly, the act of learning to play a musical instrument serves as an effective exercise for both memory and hand coordination. As one navigates through the complex web of notes, rhythms, and chords, the brain is compelled to process and store this information. This process strengthens neural connections and improves memory retention, a skill that is invaluable in various aspects of life. Moreover, the synchronization of fingers, hands, and eyes required to play an instrument fosters dexterity and hand-eye coordination. These skills are indispensable in many professions, daily activities, and even in recreational pursuits.

Secondly, mastering a musical instrument offers a creative outlet for adults, serving as a balm for the weary mind after a long day at work or school. The act of creating music allows one to express emotions and ideas that may be challenging to articulate in words. It provides a platform for self-discovery and introspection, enabling individuals to tap into their inner creativity and self-expression. Furthermore, this creative pursuit can foster a sense of accomplishment and pride, boosting self-esteem and promoting overall emotional well-being.

Lastly, the process of learning to play an instrument provides a steady sense of progress as one practices. Each small victory – be it mastering a new chord, memorizing a piece, or performing in front of an audience – serves as a milestone in one's musical journey. This steady progress fuels a sense of achievement and satisfaction, fostering resilience and perseverance. Moreover, the intricate nature of music requires patience and dedication, skills that are transferable to various aspects of life.

In conclusion, learning to play a musical instrument as an adult offers a myriad of benefits that extend beyond the realms of music. The exercise of memory and hand coordination, the creative outlet it provides, and the steady sense of progress as one practices are compelling reasons to embark on this enriching journey. Whether one seeks to develop cognitive skills, nurture emotional well-being, or engage in a personally rewarding pursuit, the act of learning to play a musical instrument offers a rich tapestry of benefits that make the effort more than worthwhile."
E16,prose,Easy,Mistral,unsloth/mistral-7b-instruct-v0.3-bnb-4bit,2,2002,436,0,335,"Embracing the practice of walking or biking for short daily trips can significantly enhance the quality of life in numerous ways. Firstly, this eco-friendly transportation choice can lead to substantial financial savings. The escalating costs of fuel and parking fees in urban areas can be burdensome for many individuals. By opting for walking or cycling for short trips, one can effectively eliminate or drastically reduce these expenses. Not only does this approach save money, but it also fosters a sense of financial independence and control over personal budgets.

Secondly, integrating physical exercise into one's daily routine is a vital aspect of maintaining overall health and well-being. Incorporating walking or biking into short trips allows individuals to seamlessly incorporate exercise into their daily lives, without the need for additional planning or scheduling. This approach not only provides an opportunity for regular exercise but also fosters a more active lifestyle that can lead to improved cardiovascular health, increased energy levels, and enhanced mental clarity.

Lastly, adopting the practice of walking or biking for short trips offers the unique benefit of allowing individuals to truly immerse themselves in their neighborhoods and communities. By eschewing the confines of a vehicle, one is afforded the opportunity to observe and appreciate the intricate details of their surroundings. This heightened awareness of one's environment can foster a greater sense of connection and appreciation for the community in which they live, as well as a deeper understanding of the people and places that make up their daily life.

In conclusion, the choice to walk or bike for short daily trips offers a myriad of benefits that extend beyond simply saving money on fuel and parking. By incorporating physical exercise into one's routine, fostering a stronger connection with one's community, and enjoying the simple pleasures of the outdoors, one can lead a more fulfilling, healthier, and happier life. This sustainable transportation choice not only benefits the individual but also contributes to the broader goals of reducing carbon emissions and fostering more livable, pedestrian-friendly communities."
E17,prose,Easy,Mistral,unsloth/mistral-7b-instruct-v0.3-bnb-4bit,2,2002,522,0,409,"Engaging in a basic first aid course is an incredibly wise investment of a weekend, offering invaluable skills that can significantly impact both your personal life and the lives of others. Here are three compelling reasons that underscore the importance and benefits of this educational endeavor.

First, a basic first aid course equips you with the essential knowledge and practical skills to respond effectively in common emergencies. In today's unpredictable world, it is not a question of if an emergency will occur, but when. By acquiring foundational first aid training, you will be well-prepared to provide immediate assistance during potentially life-threatening situations, such as choking, bleeding, burns, or cardiac arrest. These competencies can make a profound difference in the outcome of an emergency, as every second counts in critical situations.

Second, the course empowers you with a calm and confident demeanor in stressful moments. First aid training instills a sense of preparedness and control, enabling you to remain composed and focused when faced with unexpected emergencies. By learning to assess a situation, prioritize treatment, and execute appropriate actions, you will develop a valuable skillset that can help alleviate anxiety and panic in stressful situations. This mental fortitude can not only save lives but also foster a sense of peace and security in your daily life.

Lastly, the basic first aid course is designed to be short and inexpensive, making it an accessible and affordable opportunity for personal growth. The course typically spans a few hours or a single day and is offered at a reasonable cost. In comparison to the potential impact on your life and the lives of those around you, the investment of time and money is minimal. Moreover, the knowledge and skills gained from the course can serve as a foundational stepping stone for further first aid and emergency response education, should you choose to delve deeper into these vital subjects.

In conclusion, a basic first aid course is an invaluable investment of a weekend, providing you with the tools to respond effectively in emergencies, instilling a sense of calm confidence in stressful moments, and offering a short and inexpensive educational experience. By enrolling in this course, you are not only equipping yourself with essential life skills but also demonstrating a commitment to the well-being of yourself and those around you. Don't wait for an emergency to occur; take the initiative and prepare yourself for the unexpected by enrolling in a basic first aid course today."
E18,prose,Easy,Mistral,unsloth/mistral-7b-instruct-v0.3-bnb-4bit,2,2002,651,0,477,"Engaging in the simple yet profound activity of cultivating a small herb or vegetable garden at home can be an incredibly rewarding hobby. Not only does this pastime provide a steady supply of fresh, nutritious produce, but it also offers a tranquil escape from the hustle and bustle of daily life and fosters a sense of patience that transcends the garden's boundaries.

Firstly, the most immediate advantage of having a home garden is the access to an abundance of fresh food, often right outside your door. The taste and quality of homegrown produce far surpass store-bought items, as they are picked at their peak ripeness and have not undergone the rigors of transportation and storage. Not only does this ensure that your meals are bursting with flavor, but it also enables you to savor the fruits of your labor in a tangible way. From tomatoes bursting with juicy sweetness to basil leaves that impart a vibrant, aromatic essence to your dishes, the produce from your garden becomes an integral part of your meals, enhancing their taste and nutritional value.

Secondly, tending to a garden can serve as a soothing break from the stresses of modern life. In an era where technology and connectivity dominate, the simple act of nurturing life can provide a much-needed respite. The rhythmic watering, the gentle pruning, and the careful weeding all become meditative practices that allow you to disconnect from the demands of work and technology, and reconnect with nature. The garden becomes a sanctuary, where one can slow down, breathe, and find solace in the quietude. Moreover, the act of gardening can be shared with friends and family, transforming it into a social activity that strengthens bonds and fosters a sense of community.

Lastly, the garden serves as a powerful teacher of patience and perseverance. As a gardener, you embark on a journey with your plants, watching them grow from tiny seeds into thriving, productive organisms. This process takes time, as the plants require care and attention to reach their full potential. The garden becomes a microcosm of life, where the ebb and flow of growth, decay, and renewal are played out in real-time. In this setting, one learns to appreciate the intricate balance that exists within the ecosystem, and the role that every organism plays in maintaining it. This understanding fosters a newfound respect for the natural world and a heightened awareness of the interconnectedness of all living things.

In conclusion, cultivating a small herb or vegetable garden at home is a highly rewarding hobby that offers a myriad of benefits. From the immediate rewards of fresh, flavorful produce to the tranquil escape provided by the act of gardening, and the lessons in patience and perseverance that come with nurturing life, the garden serves as a sanctuary where one can connect with nature, nourish their bodies, and cultivate their spirit."
E19,prose,Easy,Mistral,unsloth/mistral-7b-instruct-v0.3-bnb-4bit,2,2002,465,0,339,"Engaging with a daily planner can significantly transform one's life by fostering organization, reducing stress, and instilling a sense of accomplishment. Here are three compelling arguments that underscore the benefits of recording tasks and appointments in a daily planner:

1. Reduced Forgetfulness: One of the most immediate advantages of using a daily planner is the diminished likelihood of forgetting tasks and commitments. The human brain is prone to forgetfulness, especially when it comes to mundane or routine tasks. By jotting down appointments, deadlines, and errands in a daily planner, one ensures that nothing slips through the cracks. This not only saves time and energy spent on retracing steps due to forgotten tasks, but also fosters a more efficient and productive lifestyle.

2. Mental Clarity and Relaxation: Another benefit of using a daily planner is the mental clarity it provides. By recording tasks and appointments, one can visualize their day-to-day responsibilities and organize them in a manageable format. This organization can lead to a sense of calm and control, as one knows exactly what they need to accomplish and when. By freeing the mind from the mental burden of remembering tasks, one can relax and focus on other aspects of life, such as relationships, hobbies, and self-care.

3. Achievement and Motivation: Lastly, the act of checking items off a daily planner provides a tangible sense of accomplishment. This visual representation of completed tasks serves as a powerful motivator, encouraging one to continue working towards their goals and maintaining a high level of productivity. Seeing a list of completed tasks not only reinforces a sense of achievement, but also serves as a reminder of one's productivity, instilling a sense of pride and motivation to continue making progress.

In summary, a daily planner serves as an indispensable tool for those seeking to stay organized, reduce stress, and maintain a sense of productivity and accomplishment. By reducing forgetfulness, providing mental clarity, and fostering a sense of achievement, a daily planner can transform one's life and empower them to live more efficiently and effectively."
E20,prose,Easy,Mistral,unsloth/mistral-7b-instruct-v0.3-bnb-4bit,2,2002,482,0,356,"Engaging in board games with loved ones is an invaluable investment of time, fostering connections and creating lasting memories. First and foremost, these games serve as a catalyst for conversation, providing a shared experience that transcends the mere exchange of words. As players strategize, negotiate, and collaborate, they delve into discussions that reveal nuances of personality, perspectives, and shared history. The table becomes a communal hearth, warmed by the laughter, banter, and camaraderie that emerge as players navigate the intricate challenges of the game.

Second, board games offer a unique opportunity to cultivate good sportsmanship in both winning and losing. The competitive nature of these games inevitably breeds tension, but it also affords participants the chance to learn graciousness and humility. By embracing the ebb and flow of victory and defeat, players develop resilience and empathy. They come to understand that the true joy of the game lies not in the final score, but in the journey of problem-solving, collaboration, and understanding that takes place along the way.

Lastly, the appeal of board games lies in their accessibility and affordability. Unlike other forms of entertainment, they require no special equipment, location, or admission fee. A simple set of cards or pieces can be enjoyed again and again, adapted to accommodate different numbers of players and skill levels. The versatility of these games ensures that they can provide hours of fun, regardless of age, location, or mood. Furthermore, the shared experience of playing a board game fosters a sense of unity and nostalgia that can persist long after the game has ended. In essence, board games are a treasure trove of cheap entertainment that can be revisited, reimagined, and enjoyed anew for a lifetime.

In conclusion, the myriad benefits of playing board games with family and friends cannot be overstated. By fostering conversation, cultivating sportsmanship, and providing affordable entertainment, these games serve as a powerful tool for building connections, strengthening relationships, and creating memories that will endure for years to come. So, I implore you to embrace the magic of board games, and join me in celebrating the simple, yet profound joy of a shared game night."
E21,prose,Easy,Mistral,unsloth/mistral-7b-instruct-v0.3-bnb-4bit,2,2002,591,0,424,"Learning how to swim is an indispensable skill that not only enhances personal safety but also fosters physical fitness and opens up a world of recreational possibilities. Here are three compelling reasons why everyone should learn this essential life skill:

Firstly, swimming is a powerful tool for self-preservation in various aquatic environments. Swimming proficiency equips individuals with the ability to navigate and maneuver in pools, lakes, and the ocean with greater confidence and control. Whether you find yourself unexpectedly falling into a pool or encountering challenging currents while wading in a lake, having the knowledge and skill to swim can mean the difference between a harmless incident and a potentially life-threatening situation. Furthermore, swimming is a crucial life-saving skill that can empower people to rescue others in distress. By teaching children to swim from a young age, we are not only safeguarding their wellbeing but also fostering a sense of responsibility and empathy.

Secondly, swimming is a full-body workout that offers numerous health benefits, particularly for those seeking a low-impact exercise option. Unlike many traditional workouts that primarily focus on specific muscle groups, swimming engages nearly every muscle in the body, promoting overall strength and toning. The water's buoyancy reduces the impact on joints, making swimming an ideal exercise choice for individuals recovering from injuries or those with joint issues. Moreover, swimming is an excellent cardiovascular workout, improving heart health and boosting endurance. Swimming regularly can help maintain a healthy weight, manage stress levels, and foster mental clarity and focus.

Lastly, mastering the art of swimming unlocks a wealth of fun and exciting recreational activities. From snorkeling to water polo, kayaking to scuba diving, the possibilities are virtually endless. Exploring the underwater world through snorkeling offers a unique opportunity to witness marine life and coral reefs up close, while engaging in water sports like surfing, wakeboarding, or jet-skiing provides adrenaline-pumping excitement. By learning how to swim, individuals gain access to these enjoyable and enriching experiences, fostering a love for the water and a deeper connection with nature.

In conclusion, the ability to swim is an invaluable asset that enhances personal safety, promotes physical well-being, and offers countless recreational opportunities. By learning how to swim, individuals not only safeguard themselves and their loved ones against potential aquatic hazards but also cultivate a deeper appreciation for the beauty and wonders that lie beneath the water's surface. Therefore, it is essential that swimming instruction be made accessible and affordable for people of all ages and abilities, ensuring that everyone has the opportunity to acquire this life-changing skill."
M14,prose,Medium,Mistral,unsloth/mistral-7b-instruct-v0.3-bnb-4bit,2,2002,475,0,339,"Routine preventive maintenance (RPM) of buildings and equipment is a proactive approach that significantly outweighs the costs associated with reactive repairs. This strategic investment in regular upkeep offers numerous advantages, such as early detection of minor defects, minimization of unplanned downtime, and prolongation of asset lifespan, thereby maximizing the return on capital investment.

Firstly, scheduled inspections are instrumental in detecting small defects before they escalate into expensive structural or mechanical failures. By regularly monitoring the condition of buildings and equipment, maintenance personnel can identify and address minor issues before they escalate into costly problems. For instance, a minor electrical fault in a commercial building can quickly develop into a major fire hazard if left unattended. By contrast, routine inspections would enable timely intervention, thus preventing the escalation of the problem and the associated costs.

Secondly, planned maintenance helps to avoid the unplanned downtime and lost output that accompany sudden breakdowns. Unexpected equipment failures can lead to significant disruptions in workflow, resulting in lost productivity and revenue. Regular maintenance, on the other hand, ensures that equipment is running optimally, minimizing the risk of unexpected breakdowns. This predictability allows businesses to plan their operations more efficiently, reducing the impact of potential equipment failures and ensuring a steady output.

Thirdly, well-maintained assets last substantially longer, spreading their capital cost over more years of service. By investing in regular maintenance, assets are kept in good condition, reducing the need for frequent replacement. This extends the useful life of the asset, thus spreading the initial capital cost over a longer period. Moreover, well-maintained assets tend to perform more efficiently, leading to reduced energy consumption and lower operating costs.

In conclusion, routine preventive maintenance is a cost-effective strategy that offers numerous benefits. By catching small defects before they escalate, minimizing unplanned downtime, and prolonging the lifespan of assets, RPM ensures that businesses operate efficiently, with minimal disruptions and lower long-term costs. Therefore, it is prudent for businesses to invest in regular maintenance, as the long-term savings far outweigh the immediate costs associated with such investment."
M15,prose,Medium,Mistral,unsloth/mistral-7b-instruct-v0.3-bnb-4bit,2,2002,494,0,363,"Contributing to open-source software presents a myriad of advantages for organizations, fostering a symbiotic relationship between the collective and individual interests. By participating in open-source communities, companies can reap numerous benefits, including sharing the cost of maintenance, improving software quality, and bolstering their technical reputation.

Firstly, by sharing code, organizations effectively distribute the financial burden of maintenance across a diverse pool of contributors. Instead of shouldering the entire cost of updating, fixing bugs, and ensuring compatibility with various platforms, companies tap into a global network of passionate developers who volunteer their time and expertise. This shared responsibility not only reduces the financial strain on a single entity but also ensures that the software remains up-to-date and relevant in an ever-evolving technological landscape.

Secondly, the public peer review of source code that open-source projects entail serves as a powerful mechanism for enhancing software quality and expediting the detection of security vulnerabilities. The collaborative nature of open-source development invites feedback, critique, and suggestions from a wide array of individuals with varying skill sets and perspectives. This collective intelligence helps identify and address coding errors, architectural flaws, and performance bottlenecks that might have otherwise gone unnoticed. Furthermore, the public exposure of the source code enables the swift detection and remediation of security flaws, safeguarding the integrity of the software and the systems that rely on it.

Lastly, visible open-source contributions serve as a powerful testament to an organization's technical prowess and commitment to the broader developer community. By showcasing their expertise and innovative solutions, companies can attract top talent seeking to work for forward-thinking organizations that prioritize collaboration, continuous learning, and open contribution. A strong open-source presence can also enhance an organization's brand image, signaling a dedication to transparency, openness, and a shared vision for the future of technology.

In conclusion, the strategic investment of time and resources into open-source software development offers organizations a myriad of benefits. By sharing the cost of maintenance, improving software quality, and bolstering their technical reputation, companies can not only contribute to the collective advancement of the industry but also reap tangible benefits that drive innovation, attract skilled engineers, and fortify their competitive edge in the ever-evolving landscape of technology."
M16,prose,Medium,Mistral,unsloth/mistral-7b-instruct-v0.3-bnb-4bit,2,2002,486,0,369,"The standardized shipping container, introduced in the mid-twentieth century, undeniably ranks among the most economically consequential innovations of the century. This revolutionary piece of engineering not only transformed the logistics industry but also significantly reshaped the global economy as we know it today.

Firstly, containerization drastically reduced the labor and time required to load and unload cargo at ports. Prior to the widespread adoption of containers, goods were loaded and unloaded from ships by hand, a labor-intensive and time-consuming process. The advent of containers, with their standardized dimensions and stackable design, streamlined the process, enabling workers to move goods more quickly and efficiently. This reduction in labor and time not only increased productivity but also reduced costs, making shipping goods more affordable and accessible to businesses of all sizes.

Secondly, the common container size allowed goods to move seamlessly between various modes of transportation, including ships, trains, and trucks, without the need for repacking. This intermodal transport enabled the creation of integrated global supply chains. Instead of goods being separated at each transfer point, containers could travel from the manufacturer to the consumer without interruption, significantly reducing transit times and costs. This integration facilitated the rise of just-in-time manufacturing, a production method that requires components to be delivered to the factory precisely when needed, thereby minimizing inventory costs.

Thirdly, the use of sealed containers significantly reduced the risk of theft and damage in transit. The enclosed design of containers provided a secure environment for goods, reducing the likelihood of theft and pilferage. Additionally, the sealed containers protected goods from damage during transit, reducing insurance and handling costs. This increased security and protection encouraged businesses to rely more heavily on international trade, further fueling globalization.

In conclusion, the standardized shipping container was a game-changing innovation that revolutionized the logistics industry and had profound economic consequences. By reducing labor and time required for loading and unloading cargo, enabling intermodal transport, and reducing theft and damage in transit, containers facilitated the creation of integrated global supply chains, fostered just-in-time manufacturing, and encouraged businesses to participate in international trade. As a result, the shipping container has played a crucial role in shaping the modern global economy, making it more efficient, interconnected, and dynamic."
M17,prose,Medium,Mistral,unsloth/mistral-7b-instruct-v0.3-bnb-4bit,2,2002,481,0,372,"The integration of citizen science projects into the realm of scientific research is a testament to the collective intellect and enthusiasm of the public, fostering a symbiotic relationship between community engagement and empirical advancement. This symbiosis not only expands the scope and coverage of data collection but also enhances the accessibility and comprehension of scientific principles.

Firstly, citizen science projects, such as long-running bird counts, exemplify the indispensable role they play in bridging geographic gaps and extending the temporal reach of scientific research. These projects harness the collective efforts of volunteers, who often span vast geographic areas, enabling the compilation of extensive datasets that would be impractical for professional teams to amass alone. For instance, bird counts, like the Christmas Bird Count (CBC), provide valuable insights into the distribution, abundance, and population trends of avian species across North America, contributing to our understanding of avian ecology and conservation.

Secondly, the digitization of scientific research has opened new avenues for citizen science projects, particularly in the classification of large image and audio datasets. Online volunteers, such as those participating in projects like Galaxy Zoo, are able to process and analyze datasets at a scale and speed that would be impossible for small research groups. By analyzing and categorizing these vast datasets, volunteers contribute to the discovery of previously unidentified patterns and phenomena, propelling the frontiers of scientific knowledge.

Lastly, the participation in citizen science projects serves as a potent tool for improving public scientific literacy and fostering a greater understanding of the scientific method. As volunteers engage in the process of data collection, analysis, and interpretation, they develop a more nuanced appreciation for the empirical evidence that underpins scientific claims. This improved understanding equips participants with the ability to critically evaluate scientific information and make informed decisions, ultimately contributing to a more scientifically literate public.

In conclusion, citizen science projects make genuine contributions to scientific research by extending the geographic and temporal reach of data collection, facilitating the processing of large datasets, and enhancing public scientific literacy. These projects not only augment the capabilities of professional research teams but also empower the public to engage in the pursuit of scientific knowledge and contribute to the advancement of our collective understanding of the world."
M18,prose,Medium,Mistral,unsloth/mistral-7b-instruct-v0.3-bnb-4bit,2,2002,485,0,362,"Structured code review, a collaborative practice where team members scrutinize each other's changes, plays a pivotal role in enhancing the quality of software produced by engineering teams. By implementing code reviews, teams can reap numerous benefits, ensuring a more robust, sustainable, and maintainable codebase.

Firstly, one of the most compelling advantages of code reviews lies in the early detection of defects. Code reviews enable reviewers to identify and rectify errors, inconsistencies, and potential security vulnerabilities before the software is released. In this way, teams can address issues at a significantly lower cost than fixing them in production, where the time and resources required for resolution can be exponentially higher. Early identification of defects not only saves on time and resources but also boosts customer satisfaction, as the software is more reliable and stable.

Secondly, code reviews foster a collaborative learning environment, spreading knowledge of the codebase across the team. When team members review one another's code, they gain insights into various coding practices, design patterns, and architectural decisions. This leads to a more uniform understanding of the codebase, reducing the reliance on single experts. By empowering every team member with a comprehensive understanding of the codebase, the team as a whole becomes more self-sufficient, reducing the risk of bottlenecks arising from the unavailability of key individuals.

Lastly, regular code reviews help enforce consistent coding standards, ensuring that the software remains easy to maintain over time. By adhering to a set of established coding standards, the software becomes more readable, maintainable, and scalable. This, in turn, reduces the effort required to make future modifications, enhancements, or bug fixes, as developers can easily navigate the codebase and understand how various components interact with one another. In addition, consistent coding standards help maintain the team's codebase's integrity and help new team members get up to speed more quickly.

In conclusion, structured code review is an invaluable practice that not only catches defects early and reduces costs but also fosters a collaborative learning environment and ensures consistent coding standards. By implementing code reviews, engineering teams can produce higher-quality software that is easier to maintain, more scalable, and more reliable, ultimately delivering better value to their customers."
M19,prose,Medium,Mistral,unsloth/mistral-7b-instruct-v0.3-bnb-4bit,2,2002,560,0,388,"In high-stakes professions such as aviation and surgery, the human factor is inextricably linked to the success and safety of the mission or procedure. Given the critical nature of these fields, even minor errors can have catastrophic consequences. To mitigate the risk of preventable errors, written checklists have emerged as a powerful tool to enhance safety and efficiency.

Firstly, checklists serve to reduce the reliance on memory for routine but critical steps, particularly under stress and fatigue. The human brain is capable of incredible feats, but it is not infallible, especially in high-pressure situations. The sheer volume of information that professionals in these fields must retain can make it challenging to recall every detail when it matters most. By providing a visual aid that outlines essential steps, checklists help ensure that crucial tasks are not inadvertently overlooked. This is especially beneficial in high-stress environments where cognitive overload can lead to memory lapses.

Secondly, checklists standardize communication within teams, offering every member a defined moment to raise concerns. In high-pressure environments, clear and effective communication is vital. Checklists provide an opportunity for each team member to verify that critical steps have been completed correctly, ensuring that no crucial information is overlooked. Moreover, they offer an opportunity for team members to express any concerns they may have, fostering a culture of open communication and collaboration.

Thirdly, the documented results of the implementation of checklists in various high-stakes professions demonstrate measurable reductions in complications after adoption. One notable example is the World Health Organization's (WHO) surgical safety checklist. The WHO checklist, which includes pre-anesthesia, pre-operative, and post-operative checkpoints, has been shown to significantly reduce complications, deaths, and costs in various settings. A meta-analysis of studies on the WHO checklist found that its implementation led to a 36% reduction in postoperative complications, a 47% reduction in surgical site infections, and a 20% reduction in mortality.

In conclusion, written checklists play a crucial role in reducing preventable errors in high-stakes professions. By reducing reliance on memory, standardizing communication, and demonstrating measurable reductions in complications, checklists have proven to be an invaluable tool in ensuring safety and efficiency in aviation and surgery. As the human factor remains an integral part of these professions, the continued development and refinement of checklists will undoubtedly continue to play a vital role in enhancing safety and reducing errors."
M20,prose,Medium,Mistral,unsloth/mistral-7b-instruct-v0.3-bnb-4bit,2,2002,546,0,414,"The evolution of weather forecasting over recent decades has undeniably generated substantial economic value across various sectors, transforming everyday operations and safeguarding both human lives and financial resources.

Firstly, farmers stand to gain significantly from more accurate weather forecasts. By predicting weather patterns with greater precision, farmers can optimize the timing of crucial agricultural activities such as planting, irrigation, and harvesting. For instance, knowledge of an approaching drought might prompt a farmer to delay planting until more favorable conditions arise, thereby ensuring a healthier crop and reduced crop losses. Conversely, forewarning of heavy rainfall could prompt farmers to adjust their irrigation schedules, minimizing water waste and optimizing water usage for their crops. This, in turn, results in increased agricultural productivity and reduced financial losses, thereby contributing to the economic growth of farming communities.

Secondly, early warnings of severe storms have proven to be invaluable in saving lives and minimizing property damage. By predicting the occurrence and trajectory of severe weather events like hurricanes, tornadoes, or blizzards, individuals can make informed decisions about evacuation or sheltering in place, significantly reducing the risk of injury or loss of life. Moreover, advance notice allows governments and emergency response teams to prepare and deploy resources effectively, expediting relief efforts and minimizing property damage. This timely information is especially critical in densely populated urban areas, where the potential for widespread destruction and loss of life is heightened.

Lastly, businesses such as airlines, shipping companies, and electricity grid operators can leverage weather forecasts to make more efficient decisions that impact their bottom line. For example, airlines can adjust flight routes to avoid adverse weather conditions, reducing fuel consumption and preventing costly delays or cancellations. Shipping companies can adapt their schedules to avoid navigating treacherous waters or weather events that might endanger their vessels or cargo. Similarly, electricity grid operators can use weather forecasts to anticipate increased energy demand during extreme heat waves or storms, allowing them to balance supply and demand more effectively and prevent blackouts. In each of these instances, weather forecasting helps businesses operate more smoothly and profitably, generating economic value.

In conclusion, improvements in weather forecasting have generated immense economic value by enabling farmers to optimize their agricultural activities, reducing property damage and loss of life during severe storms, and allowing businesses to plan and operate more efficiently. As our ability to predict weather patterns continues to advance, it is essential to recognize the myriad ways in which this technology can contribute to economic growth and resilience."
H14,prose,Hard,Mistral,unsloth/mistral-7b-instruct-v0.3-bnb-4bit,2,2002,586,0,435,"The thesis that causation cannot be adequately analyzed as mere regular succession between types of events is grounded in the recognition of the distinctiveness of causal relations from accidental or common-cause correlations. To elaborate:

1. Regularity accounts, which define causation as the regular succession of events, fail to distinguish genuine causal relations from seemingly causal, yet accidental or common-cause correlations. A classic example of this failure is the correlation between a falling barometer reading and an approaching storm. The falling barometer reading is regularly followed by a storm, yet the reading does not cause the storm; rather, both phenomena are influenced by a common cause, atmospheric pressure. This demonstrates that regular succession alone is insufficient to delineate causal relations from mere correlations.

2. The interventionist account, developed by Woodward, offers a more promising approach by identifying causal relations with dependencies that remain invariant under ideal interventions on the putative cause. According to this account, a causal relationship exists when manipulating the cause (through an ideal intervention) results in a reliable change in the effect, holding all other factors constant. For instance, in a laboratory experiment, if manipulating the amount of a chemical causes a predictable change in the reaction rate while keeping other variables constant, this suggests a causal relationship between the chemical and the reaction rate. The interventionist account, therefore, provides a means of distinguishing genuine causal relations from mere correlations by focusing on the invariance of dependencies under ideal interventions.

3. The interventionist account explains the epistemic privilege of randomized controlled experiments, whose design approximates an ideal intervention by severing the putative cause from its ordinary antecedents. In a randomized controlled experiment, participants are randomly assigned to different groups, and one group is subjected to the intervention (e.g., a treatment or a manipulation). By randomizing the assignment, the experiment attempts to control for confounding variables, thus approximating an ideal intervention that isolates the causal effect of the intervention from other factors. This design allows researchers to establish causal relationships with greater confidence, as the observed effects can be attributed to the intervention rather than to other variables.

In conclusion, the interventionist account offers a more nuanced and powerful approach to analyzing causation than mere regular succession between events. By focusing on dependencies that remain invariant under ideal interventions, this account provides a means of distinguishing genuine causal relations from accidental or common-cause correlations and explains the epistemic privilege of randomized controlled experiments. Regularity accounts, by contrast, fail to account for the distinctiveness of causal relations and can easily be misled by apparent regularities that are actually due to common causes or other factors."
H15,prose,Hard,Mistral,unsloth/mistral-7b-instruct-v0.3-bnb-4bit,2,2002,596,0,433,"In the realm of biology, understanding the function of a trait is paramount to comprehending its role within an organism and its evolutionary history. While causal-role accounts and purely dispositional analyses have their merits, I contend that etiological accounts offer a more comprehensive and objectively grounded explanation of biological function.

Firstly, selected-effect accounts provide an intrinsic link between function and the normativity of traits. Function, in this context, is defined as the effect for which a trait's ancestors were selected through natural processes. This perspective allows for the possibility of malfunction, as a trait can perform its selected effect optimally under normal conditions, but deviate from this performance under abnormal conditions. For instance, human eyesight is considered functional under normal lighting conditions, but malfunctions when exposed to excessive brightness or darkness. This normative dimension of function, rooted in the evolutionary history of a trait, cannot be captured by a purely dispositional analysis, which focuses solely on the current causal properties of a trait without considering its evolutionary history.

Secondly, the issue of objectivity arises when we consider causal-role accounts following Cummins's framework. Cummins's account defines a trait's function as the role that contributes to the realization of a system's goal, as long as the role is causally isolated from other explanatorily irrelevant roles. However, this account faces the challenge of distinguishing a trait's function from its accidental effects. To avoid this issue, the account must relativize functional attribution to the explanatory interests of the investigator, essentially conceding that the objectivity of functional claims is subjective to the observer's perspective. In contrast, etiological accounts, by focusing on the selected effect of a trait, provide a more objective basis for functional attribution, grounded in the historical processes of natural selection.

Lastly, the explanatory force of functional claims is most powerfully demonstrated through etiological accounts. Etiological accounts answer the historical question of why a trait is present, explaining its persistence through evolutionary time. By citing a trait's selected effect, we provide a compelling explanation for the trait's presence and the adaptive advantage it conferred upon its ancestors. In contrast, a purely causal account describes what a trait does in the present, but does not explain why it exists or why it evolved.

In conclusion, while causal-role and purely dispositional analyses have their utility, etiological accounts offer a more comprehensive and objectively grounded explanation of biological function. They provide an explanation for the normativity of function, accommodate the possibility of malfunction, and vindicate the explanatory force of functional claims by answering the question of why a trait is present rather than merely describing what it currently does."
H16,prose,Hard,Mistral,unsloth/mistral-7b-instruct-v0.3-bnb-4bit,2,2002,677,0,505,"The thesis that knowledge acquired through testimony cannot be reduced to knowledge grounded in the hearer's own perception, memory, and inductive inference posits a fundamental epistemic reliance on others, challenging the traditional reductionist view of knowledge acquisition. This perspective is substantiated by three claims that address the practicality, developmental, and scientific aspects of testimonial knowledge.

First, the practical limitations of individual verification, as argued by Coady, invalidate the possibility of reductionist justification of testimony. In our everyday lives, we rely on a vast array of sources for our beliefs, including experts, eyewitnesses, and various media. However, it is impossible for any individual to personally verify the reliability of more than a small fraction of these sources. The sheer volume of information and the complexity of many fields make it impractical for each of us to independently verify the credibility of every source we encounter. Consequently, we often accept testimony as evidence, even when we cannot independently verify it. This reliance on testimony, which is unavoidable in many cases, undermines the reductionist justification of knowledge, as our beliefs are grounded in the testimonies of others rather than our own perceptual experiences or inferences.

Second, young children acquire vast bodies of knowledge through testimony before they possess the inferential resources that reductionism requires for testimonial justification. Cognitive development research demonstrates that children's understanding of the world is shaped by their interactions with caregivers, teachers, and other trusted sources. For instance, children often learn about complex concepts, such as the existence of dinosaurs or the properties of electricity, from testimonial sources before they have the cognitive tools to understand these concepts through their own perceptual experiences or inductive inference. This reliance on testimonial knowledge during development highlights the inadequacy of reductionism as a comprehensive account of knowledge acquisition.

Third, the division of cognitive labor in contemporary science, analyzed by Hardwig, makes researchers epistemically dependent on colleagues whose results they cannot personally check, demonstrating that scientific knowledge itself rests irreducibly on testimonial trust. In many scientific fields, it is impossible for any single researcher to personally replicate every experiment or study. Instead, scientists rely on the testimonies of their colleagues, trusting in the integrity and accuracy of their findings. This dependence on testimonial knowledge is essential for the progress of science, as new discoveries and theories are often built upon the work of others. The reliance on testimonial trust in the scientific community underscores the fundamental role of testimonial knowledge in the acquisition and dissemination of scientific understanding.

In conclusion, these three claims support the thesis that knowledge acquired through testimony cannot be reduced to knowledge grounded in the hearer's own perception, memory, and inductive inference. The practical limitations of individual verification, the developmental reliance on testimonial knowledge, and the division of cognitive labor in contemporary science all demonstrate that testimonial knowledge plays a critical role in our understanding of the world, challenging the reductionist view of knowledge acquisition. While counterarguments to this thesis may exist, this essay focuses solely on the development and defense of the thesis itself."
H17,prose,Hard,Mistral,unsloth/mistral-7b-instruct-v0.3-bnb-4bit,2,2002,468,0,357,"Idealized scientific models, by their very nature, abstract and simplify complex natural phenomena to a level that is mathematically tractable and conceptually manageable. Models such as frictionless planes, infinite populations, and point masses serve a crucial purpose in isolating the difference-making factors of a phenomenon. By deliberately eliminating factors that do not significantly alter the explanatory structure of the phenomenon, these models enable us to focus on the essential mechanisms that govern the system's behavior.

The utility of idealized models lies in their ability to represent patterns of counterfactual dependence accurately, even when their literal assumptions are demonstrably false. Counterfactual dependence refers to the relationship between a system's properties and the hypothetical changes that could occur within it. Idealized models allow us to examine these relationships and make predictions about the system's behavior under various hypothetical conditions. For instance, a model of a frictionless plane allows us to explore the motion of objects under ideal circumstances, thereby providing insights into the factors that influence that motion under more realistic conditions.

Moreover, minimal-model explanations, as analyzed by Batterman, shed light on the universal behavior across physically heterogeneous systems. These explanations are characterized by their ability to account for the behavior of a system without delving into the microscopic details that differ between systems. By focusing on the macroscopic properties and interactions that are common to all systems, minimal-model explanations provide a unified understanding of phenomena that would otherwise require distinct explanations for each individual system.

In essence, the power of idealized scientific models lies in their ability to distill the essential features of a phenomenon and abstract away the irrelevant details. By representing patterns of counterfactual dependence and offering minimal-model explanations, these models provide genuine understanding of natural phenomena, enabling us to make accurate predictions and develop insights that would be difficult or impossible to achieve through direct observation or analysis of the complexities of the real world. This does not mean that these models are entirely free from limitations or that they are always the best approach for understanding every phenomenon. However, when used judiciously, idealized models play an indispensable role in the pursuit of scientific knowledge."
H18,prose,Hard,Mistral,unsloth/mistral-7b-instruct-v0.3-bnb-4bit,2,2002,640,0,457,"In the quest to understand the nature of knowledge, a fundamental question arises: can practical knowledge, or 'knowing how', be reduced to propositional knowledge, or 'knowing that'? To defend the thesis that these two forms of knowledge are non-reducible, I present three claims that underscore this argument.

First, let us consider Ryle's Regress Argument. Gilbert Ryle, a British philosopher, posited that if every intelligent performance were to be preceded by the contemplation of a proposition, we would be faced with an infinite regress. The reasoning goes as follows: if I know how to ride a bike, the act of riding a bike would require me to know that I should pedal, steer, and balance. However, each of these actions themselves would require further propositional knowledge, creating a never-ending sequence of propositional knowledge that leads back to the original performance. This infinite regress suggests that practical knowledge cannot be reduced to propositional knowledge alone, as it is not possible to exhaustively articulate each and every proposition involved in every action.

The second claim lies in the realm of skilled performance. Skilled performance often involves a context-sensitive responsiveness to particular situations that outstrips any finite set of propositions an agent could articulate or endorse. For example, a skilled musician can improvise a piece of music in response to the audience's reactions, which cannot be captured by a finite set of propositions. This is because the musician's response is not merely a matter of applying a pre-existing set of propositions, but rather a dynamic interaction with the environment. This demonstrates that practical knowledge, which allows for such context-sensitive adaptability, cannot be reduced to propositional knowledge.

Lastly, neuropsychological dissociations provide compelling evidence for the separation of practical and propositional knowledge. Amnesic patients, who suffer from memory impairments, have been observed to acquire new motor skills without any explicit recollection of having practiced them. For instance, a patient who cannot recall learning a new motor task, such as tapping a rhythm, may still be able to perform the task accurately. This dissociation between the acquisition and the explicit recollection of a skill demonstrates that practical knowledge and propositional knowledge can exist independently.

In conclusion, practical knowledge, or knowing how, is not reducible to propositional knowledge, or knowing that, for several reasons. Ryle's Regress Argument illustrates the potential infinite regress that would ensue if every intelligent performance were to be reduced to propositional knowledge. Skilled performance, with its context-sensitive responsiveness, outstrips the limits of any finite set of propositions that could be articulated or endorsed by an agent. Lastly, neuropsychological dissociations, such as the case of amnesic patients, provide empirical evidence that practical and propositional knowledge can come apart. These arguments collectively support the thesis that practical knowledge and propositional knowledge are non-reducible."
H19,prose,Hard,Mistral,unsloth/mistral-7b-instruct-v0.3-bnb-4bit,2,2002,615,0,420,"The intricate web of life, known as ecosystems, is a delicate balance of diverse species, each contributing unique functions that collectively maintain the health and stability of the entire system. Losing biodiversity undermines this balance, jeopardizing the long-term stability and functioning of ecosystems.

Firstly, the insurance hypothesis posits that communities with a greater variety of species demonstrate more resilience against environmental fluctuations. This resilience is rooted in the inherent differences among species in their responses to environmental changes. When faced with unpredictable shifts in climate, resources, or other factors, a diverse community has a higher probability of containing species that can thrive under the new conditions. Conversely, a less diverse community may struggle to adapt, leaving aggregate productivity more vulnerable to environmental changes. In essence, the insurance hypothesis underscores the importance of biodiversity in providing a safety net for ecosystems, enabling them to withstand environmental uncertainties.

Secondly, functional redundancy within ecosystems provides another layer of resilience against the loss of individual species. Functional redundancy refers to the overlap in ecological roles performed by multiple species within a community. For example, several species may serve as pollinators, decomposers, or predators. The presence of multiple species performing similar functions acts as a buffer, ensuring that essential ecological processes continue even if one species is removed. However, as species are lost, this buffer erodes, leaving the ecosystem more vulnerable to disruptions and less able to maintain its functions. Thus, the preservation of biodiversity is crucial for maintaining functional redundancy and promoting ecosystem stability.

Lastly, the loss of keystone species can have profound and far-reaching effects on the entire community, highlighting the interconnectedness of life within ecosystems. Keystone species exert a disproportionate influence on their environment, often maintaining the balance of populations within the community. For instance, sea otters play the role of keystone species in kelp forests, where they control the population of sea urchins that would otherwise overgraze the kelp. When sea otter populations decline, the balance of the system shifts, allowing sea urchins to overgraze the kelp forests, leading to their eventual destruction. This example demonstrates how the decline of a single species can trigger a trophic cascade, with far-reaching consequences for the entire ecosystem.

In conclusion, the loss of biodiversity undermines the long-term stability and functioning of ecosystems by eroding their resilience against environmental fluctuations, diminishing functional redundancy, and disrupting the balance of keystone species. The preservation of biodiversity is essential for maintaining the stability and resilience of ecosystems, ensuring their long-term health and the services they provide to humanity."
S1,short,Easy,Mistral,unsloth/mistral-7b-instruct-v0.3-bnb-4bit,2,2002,94,0,74,"The sky appears blue during the day due to a process called Rayleigh scattering. When sunlight, which is made up of different colors, travels through the Earth's atmosphere, it collides with molecules and tiny particles. Blue light has shorter wavelengths, causing it to scatter more easily compared to red, yellow, or green light. This scattering of blue light results in it being spread out more evenly across the sky, making the sky appear blue."
S2,short,Easy,Mistral,unsloth/mistral-7b-instruct-v0.3-bnb-4bit,2,2002,78,0,63,"Ice floats on liquid water due to a property called density. In its solid state, ice is less dense than water. This is because the hydrogen atoms in water molecules are more closely packed when water freezes, creating a less compact structure that results in lower density. Therefore, ice floats on the denser liquid water, allowing aquatic life to survive during cold seasons."
S3,short,Easy,Mistral,unsloth/mistral-7b-instruct-v0.3-bnb-4bit,2,2002,142,0,99,"A rainbow forms when sunlight refracts, or bends, as it passes through water droplets, causing the light to separate into different wavelengths (colors). As the light is refracted again and undergoes a full 180-degree rotation inside the droplet, it is reflected back to the observer's eye, creating a spectrum of colors that we perceive as a rainbow. The rainbow's position is always 42 degrees from the sun and its height and width can change due to factors such as the size of the water droplets, their altitude, and the angle between the sun and the observer's line of sight."
S4,short,Medium,Mistral,unsloth/mistral-7b-instruct-v0.3-bnb-4bit,2,2002,128,0,96,"Earth has seasons due to its tilted axis of rotation and its orbit around the Sun. As Earth orbits the Sun, different hemispheres are exposed to more or less direct sunlight, causing the seasons. In summer, the tilt allows the Sun's rays to hit the hemisphere at a more direct angle, resulting in longer days and warmer temperatures. Conversely, in winter, the tilt causes the Sun's rays to hit the hemisphere at a more indirect angle, resulting in shorter days and colder temperatures. This tilt and orbital motion create the annual cycle of seasons on Earth."
S5,short,Medium,Mistral,unsloth/mistral-7b-instruct-v0.3-bnb-4bit,2,2002,131,0,104,"Ocean tides are primarily caused by the gravitational pull of the moon and, to a lesser extent, the sun. As the Earth rotates on its axis and orbits the sun, the moon's gravitational force creates two high tide points on the Earth's surface that are facing and opposite the moon. This results in two high tides and two low tides each day. The sun also exerts a gravitational force, but its influence is less pronounced due to its greater distance from Earth compared to the moon. The combination of these two forces creates the complex pattern of tides we observe in the world's oceans."
S6,short,Easy,Mistral,unsloth/mistral-7b-instruct-v0.3-bnb-4bit,2,2002,108,0,67,"Bread dough rises because yeast, a single-celled microorganism, is present in the dough. When flour, water, and yeast are mixed, the yeast feeds on the starches and sugars in the flour, converting them into carbon dioxide and ethanol through fermentation. This carbon dioxide gas is trapped by the dough's gluten structure, causing the dough to expand and rise, resulting in a lighter, fluffier bread loaf once baked."
S7,short,Medium,Mistral,unsloth/mistral-7b-instruct-v0.3-bnb-4bit,2,2002,110,0,91,"A black hole is an object in space where gravity is so strong that nothing, not even light, can escape its pull. It forms when a massive star collapses under its own gravity, compressing its matter into an incredibly dense point known as a singularity. The intense gravity around a black hole warps space-time, creating a boundary called an event horizon, beyond which no information or matter can escape. Black holes are mysterious and fascinating cosmic phenomena, and scientists continue to study them to better understand the fundamental forces of nature."
S8,short,Medium,Mistral,unsloth/mistral-7b-instruct-v0.3-bnb-4bit,2,2002,127,0,103,"A metal spoon feels colder than a wooden spoon at room temperature due to the thermal conductivity of the materials. Metal, being a good conductor of heat, quickly distributes the heat it receives from its surroundings. This rapid heat transfer makes a metal spoon feel colder to the touch, even when both spoons are at the same room temperature. In contrast, wood is a poor conductor of heat, so it retains more of the heat it absorbs from its surroundings, making it feel warmer. This difference in thermal conductivity between metal and wood contributes to the perceived temperature difference between the two spoons."
S9,short,Medium,Mistral,unsloth/mistral-7b-instruct-v0.3-bnb-4bit,2,2002,129,0,97,"A refrigerator keeps food cold by converting electrical energy into heat and cold. Inside the refrigerator, a compressor pumps a refrigerant (a substance that can change from a liquid to a gas and back) to compress and heat it. This heated refrigerant then moves to the condenser, where it releases heat and condenses back into a liquid. The cooled refrigerant then moves to the evaporator, where it expands and absorbs heat from the interior of the refrigerator, thus cooling the air inside. This cooled air circulates inside the refrigerator, maintaining a low temperature and keeping food cold."
S10,short,Easy,Mistral,unsloth/mistral-7b-instruct-v0.3-bnb-4bit,2,2002,131,0,98,"Photosynthesis is a vital process in plants, algae, and some bacteria. It converts light energy, usually from the sun, into chemical energy that plants use to fuel their growth and reproduction. This chemical energy is stored in molecules such as glucose, which plants create from carbon dioxide, water, and minerals they absorb from the soil. This process not only provides energy for the plant but also oxygen that animals and other organisms require for their respiration. Overall, photosynthesis is essential for the survival of plants and the entire ecosystem, as it forms the foundation of the food chain."
S11,short,Easy,Mistral,unsloth/mistral-7b-instruct-v0.3-bnb-4bit,2,2002,142,0,99,"In autumn, trees change color due to a combination of factors. As days get shorter and cooler, trees stop producing chlorophyll – the green pigment essential for photosynthesis. Without chlorophyll, the other pigments present in leaves, such as carotenoids (yellow, orange) and anthocyanins (red, purple), become more visible. These pigments are already present in the leaves but are masked by the strong presence of chlorophyll during the growing season. The changing balance of these pigments gives leaves the array of colors we see in autumn. This process is influenced by the specific species of tree, climate, and environmental conditions."
S12,short,Easy,Mistral,unsloth/mistral-7b-instruct-v0.3-bnb-4bit,2,2002,147,0,109,"Weather refers to the short-term atmospheric conditions in a specific location, such as temperature, precipitation, wind, and humidity, over a period of hours or days. It can change rapidly and is influenced by factors like air pressure, wind patterns, and moisture. Climate, on the other hand, describes the long-term patterns and trends in temperature, precipitation, and other weather-related factors across a region or the entire Earth. Climate is typically measured over decades or longer periods, and it is affected by factors like latitude, altitude, and ocean currents. In simple terms, weather is what you experience outside today, while climate is the general weather pattern over a longer time frame."
S13,short,Easy,Mistral,unsloth/mistral-7b-instruct-v0.3-bnb-4bit,2,2002,134,0,104,"A magnetic compass shows direction by aligning with the Earth's magnetic field. The needle, which is magnetized, tends to point along the magnetic north-south lines. This alignment occurs because the Earth's magnetic field creates a force that acts on the magnetic needle, causing it to turn and point roughly toward magnetic north. This helps people determine their relative north (often labeled as N) and south (S) directions, regardless of their geographic location. The angle between the needle's orientation and the horizontal plane (the magnetic declination) can vary depending on the location, but the needle still helps users generally find the direction they are facing."
S14,short,Medium,Mistral,unsloth/mistral-7b-instruct-v0.3-bnb-4bit,2,2002,107,0,86,"Inflation, in economics, refers to the general increase in the prices of goods and services over time. When inflation occurs, each unit of currency buys fewer goods and services than it did previously. Essentially, inflation erodes purchasing power, meaning the same amount of money can buy less of the items it was originally intended to buy, due to rising prices. It's important to note that a certain level of inflation is desirable as it can stimulate economic growth, but excessive inflation can lead to economic instability."
S15,short,Easy,Mistral,unsloth/mistral-7b-instruct-v0.3-bnb-4bit,2,2002,117,0,80,"The Moon appears to go through phases due to the alignment of Earth, Sun, and Moon. As the Moon orbits around Earth, the Sun's light illuminates different parts of the Moon's surface. From Earth's perspective, we see a varying amount of illuminated Moon surface, creating the illusion of the Moon's phases, ranging from a new Moon (no illuminated surface visible) to a full Moon (entire surface illuminated). This cycle repeats every 29.5 days, as the Moon continues to orbit Earth."
S16,short,Easy,Mistral,unsloth/mistral-7b-instruct-v0.3-bnb-4bit,2,2002,121,0,98,"An algorithm is a step-by-step procedure or formula for solving a problem or accomplishing a specific task. It is a logical sequence of instructions that a computer, calculator, or other machine can automatically follow to complete a task, such as sorting data, finding the shortest path between two points, or encoding and decoding messages. Algorithms can be written in a programming language, but they can also be mental processes or physical methods, like a recipe or a mathematical formula. Essentially, algorithms provide a solution to a problem or a series of problems in a systematic and logical manner."
S17,short,Medium,Mistral,unsloth/mistral-7b-instruct-v0.3-bnb-4bit,2,2002,84,0,67,"Salt is spread on icy roads during winter to lower the freezing point of water and melt the ice. By making the surface temperature below the freezing point, the ice can transform into water, making the roads safer for vehicles and pedestrians. Additionally, salt also acts as a mechanical traction agent, providing grip on the icy surface, thereby reducing the risk of accidents due to slippery conditions."
S18,short,Hard,Mistral,unsloth/mistral-7b-instruct-v0.3-bnb-4bit,2,2002,118,0,93,"Airplane wings generate lift by utilizing Bernoulli's principle and the shape of the wing, known as an airfoil. As air flows over the curved and smooth surface of the wing, it travels faster above the wing than below. This faster-moving air has lower pressure above the wing compared to the pressure below, creating an upward force known as lift. This lift counteracts the force of gravity, allowing the airplane to fly. The angle at which the wing is positioned relative to the airflow, or angle of attack, affects the amount of lift generated."
S19,short,Medium,Mistral,unsloth/mistral-7b-instruct-v0.3-bnb-4bit,2,2002,115,0,81,"DNA, or deoxyribonucleic acid, serves as the hereditary material in all living organisms. Within a cell, DNA is found within the nucleus of eukaryotic cells or the nucleoid of prokaryotic cells. It carries the instructions needed to build and maintain an organism, and it replicates itself before cell division to pass these instructions onto the next generation of cells. Additionally, DNA interacts with proteins to form structures called chromosomes, which are essential for the transmission of genetic information during cell division."
S20,short,Hard,Mistral,unsloth/mistral-7b-instruct-v0.3-bnb-4bit,2,2002,99,0,78,"Water boils at a lower temperature at high altitude due to the decrease in atmospheric pressure. As altitude increases, the air pressure decreases, which allows water to reach its boiling point at a lower temperature than at sea level. This is because the lower pressure reduces the force exerted on the water molecules, allowing them to escape more easily and creating steam. Consequently, the water requires less energy to convert to steam, resulting in a lower boiling point."
C1,code,Easy,Phi,unsloth/Phi-4-mini-instruct-bnb-4bit,2,2003,76,0,39,"```python
def is_palindrome(s: str) -> bool:
    # Convert the string to lowercase and filter out non-alphanumeric characters
    filtered_str = ''.join(filter(str.isalnum, s.lower()))
    
    # Check if the filtered string is a palindrome
    return filtered_str == filtered_str[::-1] and len(filtered_str) > 0
```"
C2,code,Easy,Phi,unsloth/Phi-4-mini-instruct-bnb-4bit,2,2003,121,0,74,"```python
def fizzbuzz(n: int) -> list[str]:
    """"""
    Generate a list of strings for integers 1 to n inclusive, applying the FizzBuzz rules
    and returning an empty list if n < 1.
    """"""
    if n < 1:
        return []
    return [
        ""FizzBuzz"" if i % 15 == 0 else ""Fizz"" if i % 3 == 0 else ""Buzz"" if i % 5 == 0 else str(i)
        for i in range(1, n + 1)
    ]
```"
C3,code,Easy,Phi,unsloth/Phi-4-mini-instruct-bnb-4bit,2,2003,125,0,60,"```python
def sieve_primes(n: int) -> list[int]:
    # Initialize the sieve
    sieve = [True] * (n+1)
    sieve[0] = sieve[1] = False
    for i in range(2, int(n**0.5) + 1):
        if sieve[i]:
            for j in range(i*i, n+1, i):
                sieve[j] = False

    # Return all prime numbers using the sieve
    return [i for i, is_prime in enumerate(sieve) if is_prime and i >= 2]
```"
C4,code,Easy,Phi,unsloth/Phi-4-mini-instruct-bnb-4bit,2,2003,84,0,40,"```python
def second_largest(nums):
    """"""Return the second largest distinct value in `nums`, or None if `nums` contains fewer than two distinct values.""""""
    if len(set(nums)) < 2:
        return None
    unique_nums = list(set(nums))
    unique_nums.sort()
    return unique_nums[-2] if unique_nums[-2] != unique_nums[-1] else None
```"
C5,code,Easy,Phi,unsloth/Phi-4-mini-instruct-bnb-4bit,2,2003,119,0,53,"```python
def run_length_encode(s: str) -> str:
    """"""Compresses a string using run-length encoding.""""""
    if not s:
        return s
    
    encoded = []
    count = 1
    
    for i in range(1, len(s)):
        if s[i] == s[i-1]:
            count += 1
        else:
            encoded.append(s[i-1] + str(count))
            count = 1
    
    # Append the last run
    encoded.append(s[-1] + str(count))
    
    return ''.join(encoded)
```"
C6,code,Easy,Phi,unsloth/Phi-4-mini-instruct-bnb-4bit,2,2003,120,0,58,"```python
def valid_brackets(s: str) -> bool:
    # Dictionary to store opening brackets
    bracket_map = { '(': ')', '[': ']', '{': '}' }
    opening_brackets = bracket_map.keys()
    closing_brackets = bracket_map.values()
    stack = []
    
    for char in s:
        if char in opening_brackets:
            stack.append(char)
        elif char in closing_brackets:
            if not stack or bracket_map[stack[-1]] != char:
                return False
            stack.pop()
    
    return not stack
```"
C7,code,Easy,Phi,unsloth/Phi-4-mini-instruct-bnb-4bit,2,2003,70,0,34,"```python
def flatten(nested):
    """"""Flatten a nested list and return a flat list of non-list elements in left-to-right order.""""""
    flat_list = []
    for item in nested:
        if isinstance(item, list):
            flat_list.extend(flatten(item))
        else:
            flat_list.append(item)
    return flat_list
```"
C8,code,Medium,Phi,unsloth/Phi-4-mini-instruct-bnb-4bit,2,2003,118,0,47,"```python
def merge_intervals(intervals: list[tuple[int, int]]) -> list[tuple[int, int]]:
    if not intervals:
        return []

    # Sort intervals by their start points
    intervals.sort(key=lambda x: x[0])
    merged = []
    for interval in intervals:
        if not merged or merged[-1][0] > interval[1]:
            merged.append(interval)
        else:
            merged[-1] = (merged[-1][0], max(merged[-1][1], interval[1]))
    
    return merged
```"
C9,code,Medium,Phi,unsloth/Phi-4-mini-instruct-bnb-4bit,2,2003,136,0,65,"```python
def rotate_matrix(matrix):
    """"""Rotate an n-by-n square matrix 90 degrees clockwise.
    
    Args:
        matrix (list[list[int]]): The input square matrix to be rotated.
        
    Returns:
        list[list[int]]: A new matrix rotated 90 degrees clockwise.
    """"""
    if not matrix or not matrix[0]:
        return []
    
    n = len(matrix)
    rotated_matrix = [[0] * n for _ in range(n)]
    
    for i in range(n):
        for j in range(n):
            rotated_matrix[j][n-i-1] = matrix[i][j]
    
    return rotated_matrix
```"
C10,code,Medium,Phi,unsloth/Phi-4-mini-instruct-bnb-4bit,2,2003,137,0,55,"```python
def top_k_words(text: str, k: int) -> list[tuple[str, int]]:
    import re
    from collections import Counter
    text = text.lower()
    words = re.findall(r'\w+\'?\w*', text)
    word_counts = Counter(words)
    most_common = word_counts.most_common()
    result = most_common[:k]
    if len(result) < k:
        for word, count in most_common[k:]:
            if word not in dict(result):  else:
                result.append((word, count))
    return sorted(result, key=lambda x: (-x[1], x[0]))
```"
C11,code,Medium,Phi,unsloth/Phi-4-mini-instruct-bnb-4bit,2,2003,138,0,63,"```python
def leftmost_index(arr: list[int], target: int) -> int:
    def binary_search(left, right):
        if left > right:
            return -1
        mid = (left + right) // 2
        if arr[mid] == target:
            if mid == 0 or arr[mid-1] != target:
                return mid
            else:
                return binary_search(left, mid-1)
        elif arr[mid] < target:
            return binary_search(mid + 1, right)
        else:
            return binary_search(left, mid - 1)

    return binary_search(0, len(arr) - 1)
```"
C12,code,Medium,Phi,unsloth/Phi-4-mini-instruct-bnb-4bit,2,2003,182,0,70,"```python
def roman_to_int(s: str) -> int:
    roman_values = {'I': 1, 'V': 5, 'X': 10, 'L': 50, 'C': 100, 'D': 500, 'M': 1000}
    subtractive_pairs = {'IV': 4, 'IX': 9, 'XL': 40, 'XC': 90, 'CD': 400, 'CM': 900}
    total = 0
    i = 0
    while i < len(s):
        if i+1 < len(s) and s[i:i+2] in subtractive_pairs:
            total += subtractive_pairs[s[i:i+2]]
            i += 2
        else:
            total += roman_values[s[i]]
            i += 1
    return total
```"
C13,code,Medium,Phi,unsloth/Phi-4-mini-instruct-bnb-4bit,2,2003,110,0,40,"```python
def max_subarray_sum(nums):
    if not nums:
        raise ValueError(""Input list is empty"")
    
    max_so_far, max_ending_here = nums[0], nums[0]
    for i in range(1, len(nums)):
        max_ending_here = max(nums[i], max_ending_here + nums[i])
        max_so_far = max(max_so_far, max_ending_here)
    
    return max_so_far if max_so_far > max_ending_here else max_ending_here
```"
C14,code,Medium,Phi,unsloth/Phi-4-mini-instruct-bnb-4bit,2,2003,116,0,54,"```python
def moving_average(values: list[float], window: int) -> list[float]:
    if window < 1:
        raise ValueError(""Window size must be at least 1"")
    if window > len(values):
        return []
    
    result = []
    window_sum = sum(values[:window])
    result.append(window_sum / window)
    
    for i in range(window, len(values)):
        window_sum += values[i] - values[i - window]
        window_sum /= window
        result.append(window_sum)
    
    return result
```"
C15,code,Medium,Phi,unsloth/Phi-4-mini-instruct-bnb-4bit,2,2003,137,0,71,"```python
def parse_duration(s: str) -> int:
    """"""Convert a duration string into total seconds.

    Args:
        s: The duration string.

    Raises:
        ValueError: If the string is empty or invalid.

    Returns:
        The total duration in seconds.
    """"""
    if not s:
        raise ValueError(""Duration string is empty"")
    
    parts = s.split('m') + s.split('h') + s.split('s')
    seconds = sum(int(part) for part in parts if part.isdigit())
    
    if seconds < 0:
        raise ValueError(""Duration string contains invalid parts"")
    
    return seconds
```"
C16,code,Hard,Phi,unsloth/Phi-4-mini-instruct-bnb-4bit,2,2003,182,0,85,"```python
def longest_common_subsequence(a: str, b: str) -> int:
    # Initialize the matrix to store lengths of longest common subsequences
    dp = [[0] * (len(b) + 1) for _ in range(2)]
    for i in range(1, len(a) + 1):
        for j in range(1, len(b) + 1):
            if a[i - 1] == b[j - 1]:
                dp[i % 2][j] = dp[(i - 1) % 2][j - 1] + 1
            else:
                dp[i % 2][j] = max(dp[(i - 1) % 2][j], dp[i % 2][j - 1])
    return dp[len(a) % 2][len(b)]
```"
C17,code,Hard,Phi,unsloth/Phi-4-mini-instruct-bnb-4bit,2,2003,222,0,109,"```python
def edit_distance(a: str, b: str) -> int:
    # Initialize matrix
    m, n = len(a), len(b)
    dp = [[0] * (n + 1) for _ in range(m + 1)]
    
    # Fill the first row and column
    for i in range(m + 1):
        dp[i][0] = i
    for j in range(n + 1):
        dp[0][j] = j
    
    # Fill the rest of the matrix
    for i in range(1, m + 1):
        for j in range(1, n + 1):
            if a[i - 1] == b[j - 1]:
                dp[i][j] = dp[i - 1][j - 1]
            else:
                dp[i][j] = 1 + min(dp[i - 1][j], dp[i][j - 1], dp[i - 1][j - 1])
    
    return dp[m][n]
```"
C18,code,Hard,Phi,unsloth/Phi-4-mini-instruct-bnb-4bit,2,2003,265,0,141,"```python
import heapq

def shortest_paths(graph: dict[str, list[tuple[str, int]]], source: str) -> dict[str, int]:
    # Initialize the priority queue and distances dictionary
    queue = [(0, source)]  # Start with source node and distance 0
    distances = {node: float('inf') for node in graph}  # Initialize distances
    distances[source] = 0  # Distance to source is 0
    heapq.heapify(queue)  # Convert list to a heap
    visited = set()  # Keep track of visited nodes

    while queue:
        # Pop the node with the smallest distance
        current_distance, current_node = heapq.heappop(queue)
        visited.add(current_node)

        # Update distances for neighbors
        for neighbor, weight in graph[current_node]:
            if neighbor not in visited:
                new_distance = current_distance + weight
                if new_distance < distances[neighbor]:
                    distances[neighbor] = new_distance
                    heapq.heappush(queue, (new_distance, neighbor))

    # Convert distances to the desired format, excluding unreachable nodes
    return {node: dist for node, dist in distances.items() if dist < float('inf') and node in graph}
```"
C19,code,Hard,Phi,unsloth/Phi-4-mini-instruct-bnb-4bit,2,2003,163,0,70,"```python
def topological_order(graph: dict[str, list[str]]) -> list[str]:
    """"""Return a topological ordering of a directed graph.""""""
    # Initialize necessary structures
    visited = set()
    order = []
    cycle_check = set()

    def dfs(node):
        if node in cycle_check:
            raise ValueError(""Graph contains a cycle"")
        
        cycle_check.add(node)
        for neighbor in sorted(graph.get(node, [])):
            if neighbor not in visited:
                visited.add(neighbor)
                cycle_check.add(neighbor)
                dfs(neighbor)
        
        order.append(node)
        cycle_check.remove(node)

    for node in sorted(graph.keys()):
        if node not in visited:
            visited.add(node)
            dfs(node)
    
    order.reverse()
    return order
```"
C20,code,Hard,Phi,unsloth/Phi-4-mini-instruct-bnb-4bit,2,2003,281,0,148,"```python
def count_n_queens(n: int) -> int:
    """"""Return the number of ways to place n queens on an n-by-n chessboard without conflicts.

    Args:
        n (int): The size of the board and the number of queens.

    Returns:
        int: The number of solutions.

    Raises:
        ValueError: If `n` is negative.
    """"""
    if n < 0:
        raise ValueError(""n must be non-negative"")
    if n == 0:
        return 1
    if n == 1:
        return 0

    def solve(board: list, col: int) -> int:
        if col == n:
            return 1
        count = 0
        row = col
        while row >= 0:
            if is_safe(board, row, col):
                board[row] = col
                row -= 1
                count += solve(board, col + 1)
                board[row] = -1
            row += 1
        return count

    def is_safe(board: list, row: int, col: int) -> bool:
        for i in range(n):
            if board[i] == col or abs(i - col) == abs(row - i):
                return False
        return True

    return solve([], 0)
```"
Q1,math,Easy,Phi,unsloth/Phi-4-mini-instruct-bnb-4bit,2,2003,200,0,131,"Let's break down the problem step by step.

First, we need to calculate the total cost of the notebooks Maria buys. She buys 4 notebooks, and each notebook costs $3.00. So, we multiply the number of notebooks by the cost per notebook:

\[ 4 \text{ notebooks} \times \$3.00 \text{ per notebook} = \$12.00 \]

Next, we calculate the total cost of the pens Maria buys. She buys 6 pens, and each pen costs $1.25. So, we multiply the number of pens by the cost per pen:

\[ 6 \text{ pens} \times \$1.25 \text{ per pen} = \$7.50 \]

Now, we add the total cost of the notebooks and the total cost of the pens together:

\[ \$12.00 + \$7.50 = \$19.50 \]

So, the total amount Maria spends is:

Answer: \$19.50"
Q2,math,Easy,Phi,unsloth/Phi-4-mini-instruct-bnb-4bit,2,2003,228,0,172,"To find out how many kilometers the train travels in total, we'll break down the journey into two parts based on the given speeds and times. 

First, let's calculate the distance covered when the train travels at 72 kilometers per hour for 2.5 hours. 

To find the distance, we use the formula:
Distance = Speed × Time

For the first part of the journey:
Speed = 72 kilometers per hour
Time = 2.5 hours
Therefore, the distance covered = 72 × 2.5 = 180 kilometers

Next, we calculate the distance covered when the train travels at 90 kilometers per hour for 1.5 hours.

For the second part of the journey:
Speed = 90 kilometers per hour
Time = 1.5 hours
Therefore, the distance covered = 90 × 1.5 = 135 kilometers

To find the total distance traveled, we simply add the distances from both parts of the journey:

Total distance = Distance from first part + Distance from second part
Total distance = 180 + 135 = 315 kilometers

Answer: 315 kilometers"
Q3,math,Easy,Phi,unsloth/Phi-4-mini-instruct-bnb-4bit,2,2003,422,0,283,"Alright, let's solve this problem step by step.

First, let's understand the problem: We have a rectangle with a perimeter of 46 centimeters. We also know that the length of the rectangle is 5 centimeters more than its width. We need to find the area of this rectangle.

Let's denote the width of the rectangle as \( w \) (in centimeters). Therefore, the length of the rectangle would be \( w + 5 \) (in centimeters).

Next, we need to use the formula for the perimeter of a rectangle, which is given by:
\[
\text{Perimeter} = 2(\text{Length} + \text{Width})
\]

Substituting the known values into the formula, we get:
\[
46 = 2((w + 5) + w)
\]

Let's simplify this equation step by step:
\[
46 = 2(2w + 5)
\]
\[
46 = 4w + 10
\]
Subtract 10 from both sides to isolate the term with \( w \):
\[
36 = 4w
\]
Divide both sides by 4 to solve for \( w \):
\[
w = 9
\]

Now that we have the width (\( w = 9 \) cm), we can find the length by substituting \( w \) back into the length formula:
\[
\text{Length} = w + 5 = 9 + 5 = 14 \text{ cm}
\]

Now we have both dimensions of the rectangle: width \( w = 9 \) cm and length \( l = 14 \) cm. We can now calculate the area of the rectangle, which is given by the formula:
\[
\text{Area} = \text{Length} \times \text{Width}
\]

Substitute the known values:
\[
\text{Area} = 14 \times 9 = 126 \text{ square centimeters}
\]

So, the final answer is:
Answer: 126"
Q4,math,Medium,Phi,unsloth/Phi-4-mini-instruct-bnb-4bit,2,2003,671,0,420,"To solve this problem, we'll break it down into parts. We need to find the sum of all integers from 1 to 200 inclusive that are divisible by 3 or by 5. To do this, we'll find the sum of numbers divisible by 3, the sum of numbers divisible by 5, and subtract the sum of numbers divisible by both (to avoid double counting).

**Step 1: Sum of numbers divisible by 3**

First, let's find the sum of numbers divisible by 3. The first number divisible by 3 in our range is 3, and the last number divisible by 3 in our range (up to 200) is 198. The formula to find the sum of an arithmetic series is \(S = n \times \frac{(a_1 + a_n)}{2}\), where \(n\) is the number of terms, \(a_1\) is the first term, and \(a_n\) is the last term.

To find \(n\), we divide the last term by 3 and subtract 1, since we're including the first term. So, \(n = \frac{198}{3} + 1 = 66 + 1 = 67\).

The sum of numbers divisible by 3 is then \(S_3 = 67 \times \frac{(3 + 198)}{2} = 67 \times 100.5 = 6735\).

**Step 2: Sum of numbers divisible by 5**

Next, we'll find the sum of numbers divisible by 5. The first number divisible by 5 in our range is 5, and the last number divisible by 5 in our range (up to 200) is 200. Using the same formula as above, we find \(n = \frac{200}{5} + 1 = 40 + 1 = 41\).

The sum of numbers divisible by 5 is then \(S_5 = 41 \times \frac{(5 + 200)}{2} = 41 \times 102.5 = 4235\).

**Step 3: Sum of numbers divisible by both 3 and 5 (i.e., divisible by 15)**

To avoid double counting, we need to subtract the sum of numbers divisible by both 3 and 5. The first number divisible by 15 in our range is 15, and the last number divisible by 15 in our range (up to 200) is 195. We find \(n = \frac{195}{15} + 1 = 13 + 1 = 14\).

The sum of numbers divisible by 15 is then \(S_{15} = 14 \times \frac{(15 + 195)}{2} = 14 \times 105 = 1470\).

**Final Calculation**

Finally, we calculate the sum of numbers divisible by 3 or 5, subtracting the sum of numbers divisible by both 15 (to avoid double counting):

\[S = S_3 + S_5 - S_{15} = 6735 + 4235 - 1470 = 8500\]

Answer: 8500"
Q5,math,Easy,Phi,unsloth/Phi-4-mini-instruct-bnb-4bit,2,2003,275,0,161,"Alright, let's break this down step by step:

1. First, we need to calculate the discount on the shirt. The original price of the shirt is $40, and it is discounted by 25 percent. To find the discount amount, we multiply $40 by 25/100 (or 0.25):
   \[
   \text{Discount amount} = 40 \times 0.25 = 10
   \]

2. Subtract the discount amount from the original price to get the discounted price:
   \[
   \text{Discounted price} = 40 - 10 = 30
   \]

3. Next, we need to apply an 8 percent sales tax to the discounted price. To find the sales tax amount, we multiply the discounted price ($30) by 8/100 (or 0.08):
   \[
   \text{Sales tax amount} = 30 \times 0.08 = 2.4
   \]

4. Finally, add the sales tax amount to the discounted price to get the final price:
   \[
   \text{Final price} = 30 + 2.4 = 32.4
   \]

So, the final price of the shirt in dollars is $32.4.

Answer: 32.4"
Q6,math,Medium,Phi,unsloth/Phi-4-mini-instruct-bnb-4bit,2,2003,204,0,146,"To solve this problem, we first need to list all the possible outcomes when rolling two six-sided dice. Each die has 6 faces, so there are \(6 \times 6 = 36\) possible outcomes in total.

Next, we need to determine the outcomes where the sum of the two numbers is 8. Let's list them:

- Rolling a 1 and getting a 7 (impossible since the highest number is 6)
- Rolling a 2 and getting a 6 (impossible for the same reason)
- Rolling a 3 and getting a 5 (impossible)
- Rolling a 4 and getting a 4 (impossible)
- Rolling a 5 and getting a 3 (impossible)
- Rolling a 6 and getting a 2 (impossible)

From the above analysis, there are no outcomes where the dice sum up to 8. Therefore, the probability of rolling a sum of 8 is zero.

Answer: 0.0000"
Q7,math,Medium,Phi,unsloth/Phi-4-mini-instruct-bnb-4bit,2,2003,377,0,239,"To solve this problem, we need to determine the future value of the investment after 3 years, given that the interest is compounded annually.

The formula for compound interest is:

\[ A = P(1 + r/n)^{nt} \]

where:
- \( A \) is the amount of money accumulated after n years, including interest.
- \( P \) is the principal amount (the initial sum of money).
- \( r \) is the annual interest rate (decimal).
- \( n \) is the number of times that interest is compounded per year.
- \( t \) is the number of years the money is invested or borrowed for.

In this case, the interest is compounded annually, so \( n = 1 \). The interest rate \( r \) is 0.04 (4 percent expressed as a decimal), and the principal amount \( P \) is $5,000. We want to find out the amount after 3 years (\( t = 3 \)).

Plugging the values into the formula, we get:

\[ A = 5000(1 + 0.04/1)^{1*3} \]

Simplifying inside the parentheses:

\[ A = 5000(1 + 0.04)^{3} \]
\[ A = 5000(1.04)^{3} \]

Now we calculate \( (1.04)^{3} \):

\[ (1.04)^{3} = 1.124864 \]

Now, multiply this value by the principal amount:

\[ A = 5000 * 1.124864 \]
\[ A = 5624.32 \]

After 3 years, the amount in the account is approximately $5624.32, rounded to the nearest cent.

Answer: $5624.32"
Q8,math,Medium,Phi,unsloth/Phi-4-mini-instruct-bnb-4bit,2,2003,329,0,189,"First, let's determine the rate at which Ana and Ben can paint the fence individually. 

Ana can paint the fence in 6 hours. Therefore, her painting rate is \( \frac{1}{6} \) fences per hour.

Ben can paint the fence in 4 hours. Therefore, his painting rate is \( \frac{1}{4} \) fences per hour.

When working together, their combined painting rate is the sum of their individual rates. So we add their rates together:

\[ \frac{1}{6} + \frac{1}{4} \]

To add these fractions, we need a common denominator. The least common multiple of 6 and 4 is 12. Converting the fractions to have a common denominator, we get:

\[ \frac{1}{6} = \frac{2}{12} \quad \text{and} \quad \frac{1}{4} = \frac{3}{12} \]

Adding these together:

\[ \frac{2}{12} + \frac{3}{12} = \frac{5}{12} \]

So their combined painting rate is \( \frac{5}{12} \) fences per hour.

To find out how long it takes them to paint the fence together, we take the reciprocal of their combined painting rate:

\[ \frac{12}{5} \]

Simplifying this fraction gives us:

\[ \frac{12}{5} = 2.4 \]

Thus, it takes them 2.4 hours to paint the fence together.

Answer: 2.4 hours."
Q9,math,Easy,Phi,unsloth/Phi-4-mini-instruct-bnb-4bit,2,2003,480,0,297,"To solve the problem of choosing a committee of 3 members from a club with 10 members, where the order of selection does not matter, we can use the concept of combinations.

Combinations are used when the order of selection does not matter. The formula to find the number of combinations (denoted as C(n, k)) is given by:

\[ C(n, k) = \frac{n!}{k!(n-k)!} \]

Where:
- \( n \) is the total number of items (in this case, members of the club),
- \( k \) is the number of items to choose (in this case, members of the committee),
- \( n! \) (n factorial) is the product of all positive integers up to \( n \),
- \( k! \) (k factorial) is the product of all positive integers up to \( k \),
- \( (n-k)! \) is the product of all positive integers up to \( (n-k) \).

In our case, \( n = 10 \) and \( k = 3 \).

First, we calculate \( 10! \):

\[ 10! = 10 \times 9 \times 8 \times 7 \times 6 \times 5 \times 4 \times 3 \times 2 \times 1 \]

Next, we calculate \( 3! \):

\[ 3! = 3 \times 2 \times 1 = 6 \]

We also need \( (10-3)! \) which is \( 7! \):

\[ 7! = 7 \times 6 \times 5 \times 4 \times 3 \times 2 \times 1 = 5040 \]

Now we plug these values into the combinations formula:

\[ C(10, 3) = \frac{10!}{3!(10-3)!} = \frac{3628800}{6 \times 5040} \]

Simplify the denominator:

\[ 6 \times 5040 = 30240 \]

Now divide:

\[ \frac{3628800}{30240} = 120 \]

So, the number of ways to choose a committee of 3 members from 10 members is 120.

Answer: 120"
Q10,math,Medium,Phi,unsloth/Phi-4-mini-instruct-bnb-4bit,2,2003,291,0,186,"Alright, let's solve this problem step by step:

1. First, let's determine the net rate at which water is flowing into the tank. Water flows in at 30 liters per minute, and a leak drains it at 12 liters per minute. So, the net flow rate into the tank is:
\[ 30 \, \text{liters/min} - 12 \, \text{liters/min} = 18 \, \text{liters/min} \]

2. Next, we need to figure out how much water is needed to fill the tank from its current level to full capacity. The tank holds 1,200 liters and currently contains 300 liters. Thus, the amount of water needed is:
\[ 1,200 \, \text{liters} - 300 \, \text{liters} = 900 \, \text{liters} \]

3. Now, we need to determine how many minutes it will take for the tank to fill up with the net flow rate of 18 liters per minute. We can find this by dividing the total amount of water needed by the net flow rate:
\[ \frac{900 \, \text{liters}}{18 \, \text{liters/min}} = 50 \, \text{minutes} \]

Therefore, it will take 50 minutes for the tank to fill up.

Answer: 50"
Q11,math,Easy,Phi,unsloth/Phi-4-mini-instruct-bnb-4bit,2,2003,190,0,147,"To find the fifth number, we need to follow these steps:

1. Understand the concept of an average. The average of a set of numbers is the sum of the numbers divided by the count of the numbers. 

2. Apply the concept to the given numbers. We know that the average of the five numbers is 18. Therefore, the sum of these five numbers is 5 times 18, which equals 90.

3. Calculate the sum of the four known numbers. Adding 12, 15, 20, and 22 gives us a sum of 69.

4. Subtract the sum of the four known numbers from the total sum of all five numbers. Thus, 90 - 69 equals 21.

5. The fifth number is the remainder after subtracting the sum of the four known numbers from the total sum of all five numbers. Therefore, the fifth number is 21.

Answer: 21"
Q12,math,Easy,Phi,unsloth/Phi-4-mini-instruct-bnb-4bit,2,2003,261,0,149,"To find the 25th term of an arithmetic sequence, we can use the formula for the nth term of an arithmetic sequence, which is given by:

\[a_n = a_1 + (n - 1)d\]

where:
- \(a_n\) is the nth term,
- \(a_1\) is the first term,
- \(d\) is the common difference, and
- \(n\) is the term number.

In this case, we are given:
- The first term \(a_1 = 7\),
- The common difference \(d = 4\),
- We want to find the 25th term, so \(n = 25\).

Plugging these values into the formula, we get:

\[a_{25} = 7 + (25 - 1) \cdot 4\]

Simplifying inside the parentheses first:

\[a_{25} = 7 + 24 \cdot 4\]

Multiplying 24 by 4:

\[a_{25} = 7 + 96\]

Adding 7 and 96 together:

\[a_{25} = 103\]

So the 25th term of the arithmetic sequence is 103.

Answer: 103."
Q13,math,Medium,Phi,unsloth/Phi-4-mini-instruct-bnb-4bit,2,2003,259,0,179,"To find the value of the car after 2 years, we'll follow these steps:

1. Determine the initial value of the car.
2. Calculate the depreciation for the first year.
3. Determine the value of the car at the end of the first year.
4. Calculate the depreciation for the second year.
5. Determine the final value of the car after 2 years.

**Step 1: Initial value of the car**

The car is bought for $24,000.

**Step 2: Calculate the depreciation for the first year**

The car loses 15 percent of its value at the end of each year.

First year depreciation: \( 0.15 \times 24000 = 3600 \)

**Step 3: Determine the value of the car at the end of the first year**

Value after first year: \( 24000 - 3600 = 20400 \)

**Step 4: Calculate the depreciation for the second year**

Second year depreciation: \( 0.15 \times 20400 = 3060 \)

**Step 5: Determine the final value of the car after 2 years**

Value after second year: \( 20400 - 3060 = 17340 \)

Answer: 17340"
Q14,math,Medium,Phi,unsloth/Phi-4-mini-instruct-bnb-4bit,2,2003,311,0,162,"To determine how many positive integers divide 360 exactly, we need to find the divisors of 360. Here's the step-by-step reasoning:

1. Start by finding the prime factorization of 360.
2. Prime factorization of 360: 
   \[
   360 = 2^3 \times 3^2 \times 5
   \]
3. Next, we find the total number of divisors using the formula for the number of divisors. If a number \( n \) has a prime factorization of \( n = p_1^{e_1} \times p_2^{e_2} \times \cdots \times p_k^{e_k} \), then the total number of divisors \( d(n) \) is given by:
   \[
   d(n) = (e_1 + 1)(e_2 + 1) \cdots (e_k + 1)
   \]
4. Applying this to our factorization \( 360 = 2^3 \times 3^2 \times 5^1 \):
   \[
   d(360) = (3 + 1)(2 + 1)(1 + 1)
   \]
5. Calculate the product:
   \[
   d(360) = 4 \times 3 \times 2 = 24
   \]
6. Therefore, there are 24 positive integers that divide 360 exactly.

Answer: 24"
Q15,math,Hard,Phi,unsloth/Phi-4-mini-instruct-bnb-4bit,2,2003,487,0,345,"Let's break down the problem step by step.

Initially, we have a right triangle formed by the ladder, the wall, and the ground. The ladder forms the hypotenuse of the triangle and is 25 feet long. The distance from the base of the wall to the foot of the ladder is 7 feet. We can use the Pythagorean theorem to find the height of the ladder at the wall initially.

Using the Pythagorean theorem:
\[ a^2 + b^2 = c^2 \]
where \( a \) and \( b \) are the legs of the triangle, and \( c \) is the hypotenuse.

Here:
\[ 7^2 + h^2 = 25^2 \]
\[ 49 + h^2 = 625 \]
\[ h^2 = 625 - 49 \]
\[ h^2 = 576 \]
\[ h = \sqrt{576} \]
\[ h = 24 \]

So initially, the height of the ladder is 24 feet.

Next, the problem states that the top of the ladder slides down 4 feet. This means the new height \( h' \) of the ladder at the wall is:
\[ h' = 24 - 4 = 20 \]

Now, we need to find out how far the foot of the ladder moves away from the wall. We again use the Pythagorean theorem, but this time solving for the new distance \( x' \) from the base of the wall to the foot of the ladder.

We know the hypotenuse (ladder length) remains 25 feet, and the new height \( h' \) is 20 feet.

Using the Pythagorean theorem again:
\[ x'^2 + 20^2 = 25^2 \]
\[ x'^2 + 400 = 625 \]
\[ x'^2 = 225 \]
\[ x' = \sqrt{225} \]
\[ x' = 15 \]

Initially, the distance from the base of the wall to the foot of the ladder was 7 feet. Now it is 15 feet.

To find out by how many feet the foot of the ladder moves away from the wall, we subtract the initial distance from the final distance:
\[ 15 - 7 = 8 \]

Answer: 8"
Q16,math,Hard,Phi,unsloth/Phi-4-mini-instruct-bnb-4bit,2,2003,445,0,290,"To solve this problem, we'll set up an equation based on the concept of mixture. We are combining two solutions with different concentrations of acid to achieve a desired concentration. Let's denote the amount of the 60% acid solution we need to add as \(x\) liters.

First, let's understand the concept of concentration and how it changes when two solutions are mixed. When we mix two solutions, the total amount of acid in the mixture comes from the acid in both original solutions. 

1. The first solution has 10 liters with a concentration of 20%. This means it contains \(0.20 \times 10 = 2\) liters of acid.
2. The second solution, which we are trying to figure out, has \(x\) liters with a concentration of 60%. This means it contains \(0.60 \times x = 0.6x\) liters of acid.
3. We want to combine these solutions to get a final solution with a concentration of 40%.

When we mix these solutions, the amount of acid in the final solution comes from the acid in both original solutions. So, we can set up an equation to solve for \(x\), the amount of the 60% acid solution we need to add:

The equation for the amount of acid in the final solution is:
\[2 + 0.6x = 0.40 \times (10 + x)\]

Expanding and simplifying, we get:
\[2 + 0.6x = 4 + 0.4x\]

Subtracting \(0.4x\) from both sides and simplifying, we get:
\[1.2x = 2\]

Dividing both sides by 1.2, we find:
\[x = \frac{2}{1.2} = \frac{5}{3}\]

This means we need to add \(\frac{5}{3}\) liters, or approximately 1.67 liters, of the 60% acid solution to the 10 liters of the 20% acid solution to produce a 40% acid solution.

Answer: \(\frac{5}{3}\) liters."
Q17,math,Medium,Phi,unsloth/Phi-4-mini-instruct-bnb-4bit,2,2003,290,0,192,"To solve this problem, we need to determine the least common multiple (LCM) of the three given time intervals (12, 18, and 30 seconds). The LCM of a set of numbers is the smallest number that is a multiple of all the numbers in the set. This will give us the time interval after which all three lighthouses flash together again.

Let's break down the steps:

1. Find the prime factorization of each number:
   - 12 = 2^2 * 3
   - 18 = 2 * 3^2
   - 30 = 2 * 3 * 5

2. Identify the highest powers of all prime factors present in any of the numbers:
   - The highest power of 2 is 2^2 (from 12).
   - The highest power of 3 is 3^2 (from 18).
   - The highest power of 5 is 5 (from 30).

3. Multiply the highest powers of all prime factors together to find the LCM:
   - LCM = 2^2 * 3^2 * 5
   - LCM = 4 * 9 * 5
   - LCM = 36 * 5
   - LCM = 180

Thus, all three lighthouses will flash together again after 180 seconds.

Answer: 180"
Q18,math,Medium,Phi,unsloth/Phi-4-mini-instruct-bnb-4bit,2,2003,318,0,178,"Alright, let's solve this step by step.

First, we know the initial population of bacteria is 150 and that it doubles every 20 minutes. We need to determine the population after 2 hours.

1. Convert 2 hours into minutes:
   \[
   2 \text{ hours} = 2 \times 60 = 120 \text{ minutes}
   \]

2. Determine how many 20-minute intervals fit into 120 minutes:
   \[
   \frac{120 \text{ minutes}}{20 \text{ minutes/interval}} = 6 \text{ intervals}
   \]

3. Since the population doubles every 20 minutes, we apply this doubling process 6 times. We can use the formula for exponential growth:
   \[
   P = P_0 \times (2)^{n}
   \]
   where \( P_0 \) is the initial population, \( n \) is the number of doubling periods, and \( P \) is the final population.

4. Plugging in the values, we get:
   \[
   P = 150 \times (2)^6
   \]

5. Calculate \( (2)^6 \):
   \[
   (2)^6 = 64
   \]

6. Now, calculate the final population:
   \[
   P = 150 \times 64
   \]

7. Perform the multiplication:
   \[
   150 \times 64 = 9600
   \]

Answer: 9600"
Q19,math,Hard,Phi,unsloth/Phi-4-mini-instruct-bnb-4bit,2,2003,428,0,302,"To find the angle between the hour and minute hands at 3:40, we'll calculate the positions of both hands at that time.

First, let's determine the position of the minute hand. Since the minute hand moves 360 degrees in 60 minutes, at 40 minutes past the hour, it will have moved:

\[ \text{Angle moved} = 6 \times 40 = 240 \text{ degrees} \]

However, since the clock face is only 360 degrees, we need to consider the remainder when 240 is divided by 360. In this case, 240 degrees is already within the range of 0 to 360 degrees, so we don't need to adjust it.

Now let's calculate the position of the hour hand. At 3:40, the hour hand has moved from 3:00 to 4:00, which is a total of 40 minutes. The hour hand moves 30 degrees per hour, or 0.5 degrees per minute. Therefore, in 40 minutes, the hour hand will move:

\[ \text{Angle moved} = 0.5 \times 40 = 20 \text{ degrees} \]

Since the hour hand is at 3:00, which is 90 degrees from the 12 o'clock position, we add the 20 degrees it has moved in 40 minutes to get the position of the hour hand:

\[ \text{Hour hand position} = 90 + 20 = 110 \text{ degrees} \]

Now we subtract the position of the hour hand from the position of the minute hand to find the angle between them:

\[ \text{Angle between hands} = 240 - 110 = 130 \text{ degrees} \]

Since we are interested in the smaller angle, we need to check if 130 degrees is less than 180 degrees. Indeed, 130 degrees is less than 180 degrees, so it is already the smaller angle.

Therefore, the smaller angle between the hour and minute hands at 3:40 is 130 degrees.

Answer: 130"
Q20,math,Hard,Phi,unsloth/Phi-4-mini-instruct-bnb-4bit,2,2003,645,0,421,"To solve the problem, we first need to count the total number of integers from 1 to 1000, which is straightforward: there are 1000 integers in total.

Next, we need to count how many of those integers contain at least one digit 7. We'll consider numbers in different ranges and count those containing '7'.

1. **Single-digit numbers (1-9)**:
   - There is only one '7'.

2. **Two-digit numbers (10-99)**:
   - We can split the counting by analyzing the tens and units place separately.
   - Tens place: For numbers with tens place 1 to 9, we count how many times 7 appears in the units place: 17, 27, ..., 97 (9 times).
   - Tens place: For numbers with tens place 7, we count how many times 7 appears in the units place: 70, 71, ..., 79 (10 times).
   - Tens place: For numbers with tens place 8, we count how many times 7 appears in the units place: 87, 97 (2 times).
   - Tens place: For numbers with tens place 9, we count how many times 7 appears in the units place: 97 (1 time).
   - Total for two-digit numbers containing '7': 9 + 10 + 2 + 1 = 22.

3. **Three-digit numbers (100-999)**:
   - We can split the counting by analyzing the hundreds, tens, and units place separately.
   - Hundreds place: For numbers with hundreds place 1, we count how many times 7 appears in the tens place and units place: 170-179 (10 times), 270-279 (10 times), ..., 970-979 (10 times). There are 10 sets of 10, so 100 times.
   - Hundreds place: For numbers with hundreds place 7, we count how many times 7 appears in the tens place and units place: 170-179 (10 times), 270-279 (10 times), ..., 970-979 (10 times). There are 10 sets of 10, so 100 times.
   - Hundreds place: For numbers with hundreds place 8, we count how many times 7 appears in the tens place and units place: 870-879 (10 times), 970-979 (10 times). There are 2 sets of 10, so 20 times.
   - Hundreds place: For numbers with hundreds place 9, we count how many times 7 appears in the tens place and units place: 970-979 (10 times). There is 1 set of 10, so 10 times.
   - Total for three-digit numbers containing '7': 100 + 100 + 20 + 10 = 230.

Finally, we need to add up all these counts. The final count is:

1 (single-digit) + 22 (two-digit) + 230 (three-digit) = 252.

Therefore, the final answer is:
Answer: 252."
E1,prose,Easy,Phi,unsloth/Phi-4-mini-instruct-bnb-4bit,2,2003,289,0,241,"Getting enough sleep each night has a profound impact on our cognitive abilities, emotional health, and physical energy. Firstly, it significantly sharpens focus and memory. When we are well-rested, our brain cells are in optimal condition to process information efficiently. This enhanced state of mind allows us to concentrate better and remember information more accurately, making complex tasks seem less daunting and more manageable. Such cognitive clarity not only boosts academic performance but also enriches our daily interactions by making us more perceptive and insightful.

Secondly, sufficient sleep greatly improves our mood and emotional control. When we are tired, our emotional regulation tends to falter, making us more susceptible to stress and anxiety. Conversely, when we get enough sleep, our mood stabilizes, allowing us to manage our emotions more effectively. This emotional equilibrium helps us navigate challenging situations with a calmer demeanor, leading to better interpersonal relationships and a more harmonious daily life.

Lastly, sleep plays a crucial role in enhancing our physical energy levels. Lack of sleep often results in feelings of lethargy and fatigue, making even simple activities seem exhausting. However, when we get ample sleep, our bodies rejuvenate, leading to increased energy and vitality. This refreshed state not only boosts our physical performance but also energizes us mentally, enabling us to tackle our daily responsibilities with renewed vigor and enthusiasm. Therefore, prioritizing sleep is essential for maintaining a healthy balance between cognitive sharpness, emotional stability, and physical energy."
E2,prose,Easy,Phi,unsloth/Phi-4-mini-instruct-bnb-4bit,2,2003,324,0,266,"Drinking water throughout the day can have a profound impact on how you feel, not just physically but mentally and emotionally. First and foremost, staying hydrated can significantly enhance your physical energy levels. When you're dehydrated, even mildly, you often feel fatigued and sluggish. However, when you drink water regularly, your body maintains an optimal balance of fluids, leading to more consistent energy levels and improved overall vitality. This hydration helps maintain the blood flow to your organs and muscles, making you feel more energetic and alert throughout the day.

Moreover, the benefits of hydration extend to your cognitive functions, notably your concentration and mental clarity. Dehydration, even slight, can lead to headaches, brain fog, and diminished cognitive abilities. Conversely, drinking water helps maintain the brain's homeostasis, which is crucial for optimal brain function. When you are adequately hydrated, you find that your focus sharpens, allowing you to concentrate better on tasks, whether it's studying, working, or simply enjoying a conversation. This heightened concentration can improve productivity and overall mental performance.

Lastly, hydration plays a critical role in maintaining clear skin and overall appearance. When you are dehydrated, your skin can become dry, flaky, and more prone to irritation and acne breakouts. Drinking water regularly helps keep your skin hydrated, flushing out toxins and contributing to a healthier, more vibrant complexion. This clear and hydrated skin not only feels better but also looks more vibrant and youthful, boosting your confidence and self-image. In summary, staying hydrated can lead to improved energy levels, sharper focus, and a healthier appearance, all of which contribute to feeling better overall."
E3,prose,Easy,Phi,unsloth/Phi-4-mini-instruct-bnb-4bit,2,2003,438,0,378,"Spending time outdoors every day is incredibly beneficial for mental health, and there are several compelling reasons to support this claim. Firstly, exposure to the natural environment can significantly reduce stress and anxiety levels. Natural settings have a calming effect, often lowering cortisol levels, which is the hormone associated with stress. When people immerse themselves in nature, they tend to experience a sense of tranquility that bustling urban environments or confined indoor spaces cannot replicate. The serene beauty of forests, the calming sound of flowing water, and the refreshing feel of a sunny day can all contribute to a decreased sense of anxiety, allowing individuals to feel more relaxed and at peace.

Secondly, sunlight exposure outdoors is known to improve one's mood and overall mental well-being. Sunlight triggers the release of serotonin, a neurotransmitter that plays a crucial role in mood regulation and feelings of happiness. Getting sufficient sunlight can help combat seasonal affective disorder, also known as seasonal depression, which often occurs during darker months. The simple act of basking in the sun can boost dopamine and norepinephrine levels, leading to improved mood and energy levels. This natural light therapy provides a stark contrast to the gloomy effects of indoor living spaces, especially during periods of low light.

Lastly, spending time outdoors daily provides a valuable escape from screens and indoor routines that are often mentally exhausting. The digital age has brought with it an unprecedented level of screen time, which can lead to digital fatigue and increased feelings of loneliness and isolation. Stepping away from electronic devices and embracing the natural world offers a refreshing break that is beneficial for cognitive functions and mental clarity. Engaging in outdoor activities can also foster social interactions, promote physical exercise, and stimulate creativity and problem-solving skills, all of which contribute positively to mental health.

In conclusion, the myriad benefits of spending time outdoors every day far outweigh the potential drawbacks of staying indoors. Whether it’s the reduction of stress and anxiety, the mood-enhancing effects of sunlight, or the simple joy of escaping digital screens, the outdoors offers an unparalleled opportunity to enhance mental health and well-being. Embracing nature not only revitalizes the body but also nurtures the mind, creating a harmonious balance that is essential for a healthy lifestyle."
E4,prose,Easy,Phi,unsloth/Phi-4-mini-instruct-bnb-4bit,2,2003,367,0,319,"Cooking meals at home offers several advantages over dining out, primarily due to the control over ingredients, cost-effectiveness, and the development of valuable life skills. First and foremost, cooking at home allows individuals to have complete control over what goes into their food. This is crucial because it means you can avoid unhealthy additives, excessive sugars, and fats that are often found in restaurant meals. By preparing meals yourself, you can tailor recipes to meet your dietary preferences and nutritional needs, ensuring that every dish is both delicious and beneficial for your health.

Secondly, cooking at home is generally cheaper than eating out. Dining out can be expensive, not only because restaurants often charge higher prices for convenience, but also because portion sizes tend to be larger and sometimes more indulgent. When cooking at home, you can control portions and avoid the temptation to eat more than you need. Additionally, the cost of groceries and ingredients is generally lower, especially when you shop with a list and compare prices. Over time, these savings add up, making home cooking a more cost-effective choice for your family or yourself.

Lastly, cooking at home is an excellent way to build useful life skills. The process of preparing meals from scratch teaches valuable skills such as planning, budgeting, and time management. Cooking at home also fosters creativity and experimentation with flavors and ingredients, enhancing one's culinary knowledge and skills. Moreover, it promotes family bonding and learning, as cooking together can be a rewarding experience that strengthens relationships. These life skills not only contribute to personal growth but also prepare individuals for future responsibilities and challenges.

In conclusion, cooking meals at home is a healthier, more economical, and enriching practice compared to dining out most of the time. The ability to control ingredients, the cost-saving benefits, and the development of essential life skills make home cooking an advantageous choice for maintaining a balanced lifestyle."
E5,prose,Easy,Phi,unsloth/Phi-4-mini-instruct-bnb-4bit,2,2003,217,0,191,"Having a regular daily routine can significantly help in reducing stress, and this can be understood through several key points. Firstly, it removes the mental load of constant decision-making. When you have a set routine, you no longer need to constantly think about what to do next, which can be a significant source of stress. This mental clarity allows you to focus more on your tasks and interactions, leading to a calmer mind. Secondly, it improves sleep quality by regulating your body clock. When your body clock is regulated, you are more likely to fall asleep and stay asleep longer. This consistent sleep schedule can help your body to wind down and prepare for rest, thereby reducing overall stress levels. Lastly, having a routine makes it easier to find time for exercise and self-care, which are crucial for maintaining mental health. When you have a set schedule, you are more likely to set aside time for these important activities. This consistent effort towards physical health can boost your mood and energy levels, contributing to lower stress. Overall, the benefits of a regular daily routine in reducing stress are clear and compelling."
E6,prose,Easy,Phi,unsloth/Phi-4-mini-instruct-bnb-4bit,2,2003,396,0,344,"Convincing a friend that learning to budget their money each month is worth the effort boils down to presenting the tangible benefits that come with financial discipline. First and foremost, budgeting helps prevent spending more than you earn, which is essential for maintaining financial stability. When you know exactly how much money you have coming in and how much you can afford to spend, you avoid the pitfalls of impulsive purchases and debt accumulation. This not only helps you stay within your means but also allows you to plan for bigger goals, like saving for a vacation or paying off a car loan. The peace of mind that comes from knowing your finances are well-managed is invaluable.

Beyond preventing overspending, budgeting facilitates the accumulation of savings over time. When you set aside money regularly, even in small amounts, it adds up and builds a financial cushion. This accumulated savings can be used for emergencies, reducing the need for high-interest loans or credit card debt in unexpected situations. Furthermore, having savings set aside can help meet future financial goals more quickly, whether it's saving for college tuition, a home, or retirement. The discipline of saving, even incrementally, fosters a habit of financial prudence that can be beneficial throughout life.

Finally, budgeting significantly reduces financial stress by providing a clear picture of one's financial situation. When you know where your money is going, you can make more informed and less impulsive decisions. This clarity helps avoid the anxiety and frustration that often accompany financial uncertainty. Additionally, having a budget allows for setting aside money for enjoyment and leisure activities, ensuring that you can afford to treat yourself occasionally without feeling guilty or stressed about spending. The overall effect is a more relaxed and stress-free approach to finances, which positively impacts your mental health and well-being.

In conclusion, the effort to learn and implement a budget each month pays off by helping prevent overspending, facilitating savings accumulation, and reducing financial stress. These benefits collectively contribute to a more stable and enjoyable financial life, making the effort worthwhile."
E7,prose,Easy,Phi,unsloth/Phi-4-mini-instruct-bnb-4bit,2,2003,511,0,426,"Regular physical exercise is an incredibly beneficial practice for one's mental health, offering numerous advantages that far outweigh the initial effort required to begin such a routine. Firstly, engaging in physical activity stimulates the release of endorphins, often referred to as mood-boosting chemicals, which play a significant role in enhancing one's mood and overall sense of well-being. The feeling of euphoria or a ""runner's high"" experienced after exercise is a direct result of these chemicals, making it easier to cope with stress and depression. Additionally, exercise triggers the production of serotonin, a neurotransmitter that helps regulate mood, sleep, and appetite, further contributing to an improved mental state. Consistent physical activity also leads to the release of dopamine and norepinephrine, both of which are crucial for feeling motivated and energized, thus helping to combat feelings of lethargy or low mood.

Secondly, regular exercise has a profound impact on reducing symptoms of anxiety and depression. Physical activity increases heart rate and blood flow, which can help to release muscle tension and ease physical discomfort that often accompanies anxiety. Furthermore, exercise has been shown to improve sleep patterns, which is essential because poor sleep can exacerbate anxiety and depressive symptoms. The mental clarity and energy boost provided by exercise can also serve as a distraction from ruminative thoughts and worries, offering a form of cognitive respite that can alleviate depressive feelings. By engaging in regular exercise, individuals find themselves better equipped to handle stress, with improved cognitive function and a more positive outlook on life.

Lastly, the cumulative effect of regular physical exercise over time significantly enhances one's self-confidence. Achieving fitness goals, whether they be weight loss, increased stamina, or improved agility, provides tangible evidence of one's progress, fostering a sense of accomplishment and self-efficacy. This newfound confidence can spill over into other areas of life, encouraging more proactive behaviors and reducing the fear of failure. The physical benefits of exercise, such as improved appearance and increased energy levels, further bolster self-esteem. As individuals experience these physical transformations, they often feel more empowered and assured in their abilities, leading to a more positive self-image and enhanced self-confidence.

In conclusion, the multifaceted benefits of regular physical exercise make it an indispensable component of maintaining mental health. The release of mood-enhancing chemicals, the reduction in symptoms of anxiety and depression, and the long-term improvement of self-confidence all underscore the immense value of integrating physical activity into one's daily routine. Engaging in regular exercise thus becomes a powerful strategy for anyone seeking to bolster their mental well-being and overall quality of life."
E8,prose,Easy,Phi,unsloth/Phi-4-mini-instruct-bnb-4bit,2,2003,441,0,372,"Reading books for pleasure is an invaluable activity, particularly when balancing busy schedules. One significant benefit is its contribution to building vocabulary and communication skills. Engaging with a variety of literary genres exposes readers to new words and complex ideas, thus enhancing their vocabulary. This enriched vocabulary enables individuals to express themselves more eloquently and understand written content more profoundly. The act of reading itself, coupled with the cognitive process of deciphering and internalizing language, sharpens one's communication abilities. Consequently, reading becomes a powerful tool for personal development, fostering a deeper understanding and appreciation of language.

Beyond vocabulary expansion, reading books for pleasure also excels in reducing stress far better than screen-based activities. Physical books provide a tactile experience that immerses the reader, creating a calming environment that is less distracting than the multitude of stimuli found on digital devices. The physicality of a book—its weight, texture, and the simple act of turning pages—offers a sensory break from the constant bombardment of digital content. This sensory engagement helps to disengage the mind from stressors, allowing readers to dive into the narrative with a relaxed and focused mindset. Research has shown that this immersion can lower cortisol levels, thereby reducing stress and promoting a sense of tranquility.

Furthermore, reading books for pleasure significantly improves empathy by allowing readers to immerse themselves in others' perspectives. Fiction, in particular, opens doors to diverse worlds and experiences, offering insights into lives, cultures, and emotions that are far removed from the reader's own reality. Through characters' thoughts, dialogues, and experiences, readers develop a deeper understanding of human emotions and societal dynamics. This heightened sense of empathy fosters emotional intelligence and a richer appreciation of the complexities of human relationships. By stepping into different worlds and seeing through the eyes of characters, readers gain a broader, more empathetic worldview, which is invaluable in understanding and relating to people in their own lives.

In conclusion, the act of reading books for pleasure offers manifold benefits, from enhancing vocabulary and communication skills to providing a potent antidote to stress, and ultimately fostering empathy and emotional intelligence. These advantages make it clear that dedicating time to read, even amidst busy schedules, is a worthwhile endeavor that enriches the mind and soul."
E9,prose,Easy,Phi,unsloth/Phi-4-mini-instruct-bnb-4bit,2,2003,369,0,322,"Maintaining a tidy living space significantly impacts our daily lives, making routine tasks and overall well-being much more manageable. Firstly, when everything has its place, the time spent searching for misplaced items diminishes drastically. This simple act of organization allows for a smoother, more efficient daily routine, freeing up moments that would otherwise be wasted in a cluttered environment. Imagine the frustration of searching through a mountain of belongings just to find a single pen or document; such a scenario is entirely avoidable with a systematic approach to cleanliness and organization.

Secondly, the mental clarity that accompanies a clean living space cannot be overstated. Clutter has a way of infiltrating our thoughts, often causing a background level of stress and anxiety. When your living environment is tidy and free of unnecessary items, the psychological burden of clutter is lifted, creating a serene atmosphere conducive to relaxation and unwinding. The absence of visual distractions and physical clutter can help reduce background stress, allowing your mind to focus more fully on the tasks at hand, whether they be mundane chores or important life events.

Finally, a clean and orderly environment directly influences our ability to concentrate on work or study. The presence of clutter often results in cognitive distractions that hinder our ability to focus and think clearly. When we know exactly where every item is stored, our mental energy is not wasted in searching for things; instead, it can be directed towards productive activities. This heightened focus and mental clarity enhance our productivity and learning efficiency, leading to better outcomes in both academic and professional settings.

In conclusion, the benefits of maintaining a tidy living space far outweigh the efforts involved. By saving time, reducing background stress, and improving focus, the daily life becomes significantly easier and more enjoyable. Investing time in organizing and cleaning your living area is not just about aesthetics; it is an investment in your mental and physical well-being."
E10,prose,Easy,Phi,unsloth/Phi-4-mini-instruct-bnb-4bit,2,2003,356,0,301,"Spending less time on social media can significantly enhance one's wellbeing, and there are several compelling reasons to support this claim. Firstly, reducing time on social media diminishes the constant social comparison that plagues many users. Social media platforms are inherently competitive spaces, where individuals often present idealized versions of their lives, leading to feelings of inadequacy and low self-esteem. When we spend less time on these platforms, we minimize our exposure to these unrealistic portrayals, allowing us to focus more on our own authentic experiences and reducing the negative impact on our mental health.

Secondly, by allocating less time to social media, we free up valuable time that can be invested in more fulfilling offline activities. Engaging in hobbies, exercising, spending time with loved ones, or simply enjoying nature can offer profound satisfaction and joy. These activities provide opportunities for personal growth, relaxation, and social interaction, contributing positively to our overall wellbeing. Thus, less time on social media allows us to pursue these enriching experiences, leading to improved mental health and happiness.

Lastly, reducing screen time in the evening can markedly improve sleep quality, which is crucial for overall health and wellbeing. The blue light emitted by screens can interfere with the production of melatonin, a hormone that regulates sleep. Moreover, the mental stimulation and anxiety that can arise from social media use can make it difficult to wind down and fall asleep. By curbing evening screen time, we create a conducive environment for restful sleep, allowing our bodies to rejuvenate fully. Improved sleep quality, in turn, positively impacts our mood, cognitive function, and overall sense of wellbeing. In summary, spending less time on social media helps in reducing social comparison, freeing up time for enriching activities, and improving sleep quality, all of which contribute significantly to enhancing one's wellbeing."
E11,prose,Easy,Phi,unsloth/Phi-4-mini-instruct-bnb-4bit,2,2003,428,0,375,"The presence of pets in our lives has a profound effect on our mental and physical well-being. Firstly, pet ownership significantly reduces feelings of loneliness and provides a sense of companionship. When we have a loyal companion, like a dog or a cat, it fills the void left by human relationships that may falter or fade away. The daily interactions and the unconditional love that pets offer help to alleviate feelings of isolation, creating a bond that can be incredibly fulfilling. This companionship is especially beneficial during periods of life transitions or emotional turmoil, where the presence of a pet can offer a comforting sense of normalcy and warmth.

Secondly, caring for a pet naturally encourages a routine and physical activity that can be beneficial for our health. Taking care of a pet involves daily activities such as feeding, grooming, and playing. These activities create a structured routine that can be therapeutic and help reduce stress. Additionally, pets often require regular exercise, which prompts pet owners to stay active themselves. Walking a dog or playing fetch can serve as an excellent form of physical exercise, helping to maintain a healthy weight and overall fitness. This combination of routine and physical activity fosters a healthier lifestyle, contributing to the overall well-being of the pet owner.

Lastly, the bond formed with a pet has been shown to lower stress hormones, thereby improving mental health. Interacting with pets, engaging in play, or simply sitting with them can trigger the release of endorphins, the body's natural painkillers and mood elevators. Studies have shown that the presence of pets can reduce cortisol levels, which are associated with stress. This physiological response helps to create a calming effect, reducing anxiety and promoting a sense of relaxation and well-being. The emotional support provided by pets can also foster a sense of security and happiness, further contributing to the mental health benefits of pet ownership.

In summary, pets play a crucial role in making us happier and healthier. The companionship they offer reduces loneliness, while their need for regular exercise promotes physical activity and routine. Furthermore, the bond with pets lowers stress hormones and improves mental health, making the experience of living with a pet immensely beneficial for both humans and animals alike."
E12,prose,Easy,Phi,unsloth/Phi-4-mini-instruct-bnb-4bit,2,2003,420,0,367,"Expressing gratitude regularly can profoundly impact one's life, creating a more positive outlook and enriching relationships. Firstly, it shifts attention from problems to what is working well, which is essential in cultivating a mindset focused on the positive aspects of life. When we actively acknowledge and appreciate the good things happening around us, we naturally divert our thoughts away from the negative. This conscious shift enables us to see and appreciate the beauty in our everyday experiences, which is often overlooked amidst our busy lives. By fostering a habit of noticing and celebrating the good moments, we train our minds to be more attuned to the positive facets of our existence, ultimately enhancing our overall well-being.

Secondly, expressing gratitude can significantly strengthen personal relationships when shared with others. When we tell someone we appreciate them, it not only makes them feel valued but also deepens the emotional bond between us. This simple act of sharing gratitude can be incredibly uplifting for the recipient, reinforcing feelings of love, support, and connection. In turn, these strengthened bonds encourage a cycle of positivity and mutual support, creating a more harmonious and joyful environment for everyone involved. By making gratitude a regular part of our interactions, we contribute to building stronger, more fulfilling relationships.

Lastly, research shows that expressing gratitude has measurable benefits in improving mood over time. Studies have demonstrated that practicing gratitude can lead to sustained happiness, lower levels of depression, and even increased life satisfaction. When we focus on the positive aspects of our lives, we are more likely to experience feelings of joy and contentment, which counterbalance the inevitable negative emotions that arise. Over time, consistently recognizing and celebrating the good things in our lives can foster a more optimistic and resilient outlook, making us more adept at handling life's challenges. Consequently, incorporating gratitude into our daily lives can lead to a more fulfilling and happier existence. 

In summary, by regularly expressing gratitude, we shift our focus to the positive aspects of life, strengthen our personal relationships through shared appreciation, and experience measurable improvements in our mood and overall happiness. This simple yet powerful habit can transform our approach to life, making it more positive and enriching."
E13,prose,Easy,Phi,unsloth/Phi-4-mini-instruct-bnb-4bit,2,2003,269,0,234,"Taking short breaks during a long work session is beneficial for several reasons. Firstly, it prevents mental fatigue from accumulating. Continuous work without any form of rest can lead to a decline in cognitive performance, making it difficult to concentrate and think clearly. By taking brief pauses, you allow your brain a momentary reprieve, giving it a chance to recharge and process information more efficiently. This strategy helps in maintaining a high level of productivity and creativity throughout the work session.

Secondly, stepping away from a problem often leads to better solutions when you return. When engrossed in a task, especially one involving problem-solving, the mind can become fixated on a particular line of thought, potentially overlooking alternative solutions. Taking a short break enables you to step away from the problem, giving your mind a chance to reset and approach the task with a fresh perspective. This can result in more innovative and effective solutions upon your return.

Lastly, regular breaks maintain motivation across the full work period. Engaging in work for prolonged periods can lead to a decline in motivation and energy levels, making it increasingly difficult to maintain focus and productivity. By incorporating regular breaks, you create a rhythm that allows for periods of intense focus interspersed with moments of rest and rejuvenation. This balance helps sustain motivation and energy, ensuring that you remain productive and engaged throughout the entire work session."
E14,prose,Easy,Phi,unsloth/Phi-4-mini-instruct-bnb-4bit,2,2003,415,0,357,"Volunteering your time to help others can be incredibly rewarding, but it also yields numerous personal benefits. First and foremost, volunteering allows you to build new skills and expand your professional network. When you engage in volunteer activities, you often find yourself in situations that require you to learn new things or hone existing skills. For instance, if you volunteer at a community center, you might take on responsibilities that teach you project management or event planning, which could be directly applicable to your professional life. Furthermore, the environment where you volunteer is typically bustling with diverse individuals, opening doors to potential professional connections. Meeting new people, especially those in your field, can lead to unexpected collaborations or job opportunities.

In addition to skill-building and networking, volunteering provides a sense of purpose and meaning in life. Engaging in activities that help others allows you to feel a part of something larger than yourself, which can be incredibly fulfilling. When you volunteer, you often encounter individuals who are motivated by similar desires to help and make a difference, creating a community built on shared values. This shared purpose not only enriches your experience but also gives your life a clearer direction and sense of fulfillment, enhancing your overall well-being.

Lastly, volunteering can significantly improve mental health by reducing feelings of isolation. Volunteering immerses you in a community-oriented activity, which inherently involves interacting with others, thereby reducing feelings of loneliness. When you volunteer, you engage in activities that require collaboration and communication, helping you to form meaningful connections with others. This social interaction can alleviate feelings of isolation and depression, contributing positively to your mental health. Furthermore, the sense of accomplishment and purpose gained from helping others can be incredibly uplifting, providing a mental escape from everyday stresses and contributing to overall emotional well-being.

In conclusion, volunteering not only benefits others but also brings substantial advantages to your own life. It enables skill-building and networking opportunities, provides a sense of purpose and meaning, and improves mental health by reducing feelings of isolation. Engaging in volunteer activities is a holistic approach that enriches both the community and the volunteer themselves."
M1,prose,Medium,Phi,unsloth/Phi-4-mini-instruct-bnb-4bit,2,2003,412,0,358,"Remote work offers numerous benefits that create a mutually advantageous environment for both employees and employers. One of the primary advantages for employees is the measurable gains in productivity and focus that they experience. The reduction in commute time allows employees to return home refreshed and ready to work, thereby minimizing the mental fatigue that often accompanies commuting. Additionally, remote work environments often eliminate the distractions present in open-plan offices, allowing employees to focus better and complete tasks more efficiently. This increased productivity can lead to higher job satisfaction and improved overall well-being.

For employers, the benefits of remote work are equally compelling. Firstly, remote work enables access to a broader talent pool. Employers are no longer restricted to hiring only those who live within commuting distance or who fit the company's local culture. This expanded talent pool allows companies to find highly skilled individuals who may not have been available otherwise, thus driving innovation and business growth. Furthermore, remote work can significantly reduce real-estate overhead costs. Companies no longer need to maintain large office spaces for employees, which can be costly to rent, furnish, and maintain. By allowing employees to work remotely, businesses can downsize their office spaces or even eliminate them altogether, resulting in substantial savings.

Lastly, the flexible work arrangements that accompany remote work have a profound impact on employee retention and turnover costs. Flexible arrangements, such as remote work options, are highly valued by employees, contributing to increased job satisfaction and loyalty. When employees have the flexibility to work remotely, they often experience a better work-life balance, which is a significant factor in job satisfaction and retention. As a result, employers benefit from reduced turnover costs, as they are less likely to lose valuable employees to competitors. This improved employee retention further enhances overall productivity and organizational culture, creating a virtuous cycle of benefits.

In summary, remote work creates a beneficial environment for both employees and employers. Employees enjoy increased productivity, focus, and job satisfaction, while employers benefit from access to a wider talent pool, reduced overhead costs, and improved employee retention. This synergy underscores the growing appeal and feasibility of remote work arrangements."
M2,prose,Medium,Phi,unsloth/Phi-4-mini-instruct-bnb-4bit,2,2003,399,0,342,"Public libraries continue to be essential institutions in the digital age, primarily due to their unwavering commitment to providing free, equitable access to information technology, which is crucial for populations who cannot afford it. These institutions ensure that individuals from various socioeconomic backgrounds have access to the same digital resources, thereby promoting digital inclusion and bridging the digital divide. The provision of free internet access, computer labs, and digital literacy programs allows individuals to gain essential skills and knowledge, contributing significantly to their personal and professional development.

Moreover, libraries serve as community anchors offering job support, child literacy programs, and safe public spaces, which are invaluable for fostering community engagement and development. Libraries often host job fairs, resume workshops, and career counseling sessions, providing critical support to job seekers. The presence of child literacy programs and safe reading environments also plays a crucial role in the educational development of children, encouraging reading habits and improving literacy skills. Additionally, libraries offer a welcoming space where people of all ages can gather, exchange ideas, and engage in community activities, thereby strengthening social bonds and community cohesion.

Lastly, professional librarians perform a curation and verification role that unmediated internet search cannot replicate. Librarians are trained to critically evaluate and curate information, ensuring that the resources provided are accurate, relevant, and reliable. Unlike the often chaotic and unfiltered nature of internet searches, librarians offer expert guidance and support in navigating the vast sea of information available online. Their expertise in information literacy empowers users to access high-quality information, while also teaching them essential skills to effectively find, evaluate, and utilize information. This professional support elevates the user experience, making libraries indispensable centers for learning, research, and information discovery.

In conclusion, public libraries remain indispensable in the digital age through their commitment to providing equitable access to digital resources, serving as vibrant community centers, and offering the specialized knowledge of librarians to ensure the accurate curation and verification of information. These facets collectively affirm the enduring relevance and necessity of public libraries in our ever-evolving digital landscape."
M3,prose,Medium,Phi,unsloth/Phi-4-mini-instruct-bnb-4bit,2,2003,388,0,326,"Learning a second language not only enriches one's cultural understanding but also confers significant cognitive and professional benefits. First and foremost, bilingualism has been shown to bolster executive function, particularly enhancing cognitive flexibility and task-switching abilities. This heightened cognitive capacity is a result of the constant mental juggling required to switch between languages, which in turn strengthens the brain's control over attention and thought processes. Research indicates that bilingual individuals often exhibit superior executive function, which can manifest as an improved ability to focus, resist distractions, and efficiently switch between tasks.

Moreover, proficiency in multiple languages contributes to enhanced abstract reasoning and metalinguistic awareness. Abstract reasoning, the ability to think outside the conventional boundaries, is crucial for problem-solving and complex thought processes. Metalinguistic awareness, on the other hand, refers to an individual's ability to reflect upon and understand the structure and function of language itself. Studies have demonstrated that multilingual individuals frequently perform better in tasks requiring abstract thinking and possess a deeper understanding of language mechanics, highlighting the profound cognitive advantages conferred by bilingualism.

Lastly, fluency in a second language significantly amplifies professional opportunities in today's globalized labor market. In an era where businesses and opportunities often transcend national borders, the ability to communicate in multiple languages becomes a valuable asset. Professionals who are bilingual or multilingual can navigate diverse cultural contexts more effectively, engage with a broader network of colleagues and clients, and often possess an edge in industries where international communication is paramount. This global linguistic competence not only widens one's professional horizons but also enhances career prospects and potential earnings.

In conclusion, the acquisition of a second language fosters cognitive benefits, such as improved executive function and heightened abstract reasoning abilities. These advantages extend to professional realms, where multilingualism opens doors to enhanced career opportunities and financial rewards in an increasingly interconnected world. The cognitive, metacognitive, and professional advantages of bilingualism are undeniable, underscoring the immense value of learning a second language."
M4,prose,Medium,Phi,unsloth/Phi-4-mini-instruct-bnb-4bit,2,2003,357,0,311,"Investing in training existing employees rather than defaulting to external hiring is a strategic decision that companies should consider. First and foremost, focusing on internal development helps preserve institutional knowledge that external hires take months to acquire. When a company invests in training, it ensures that the acquired skills and knowledge are retained within the organization, contributing to a stronger internal culture and continuity. This preservation of expertise is crucial for maintaining business operations smoothly, as employees who already understand the company's processes and values can apply their skills effectively and swiftly.

Moreover, visible investment in employee growth measurably improves retention and reduces turnover costs. When employees witness their organization actively investing in their development, it fosters loyalty and motivation. This visible commitment to employee growth leads to higher job satisfaction and engagement, which subsequently reduces the costs and negative impacts associated with high turnover rates. Companies that demonstrate a strong commitment to their employees’ development are likely to retain their staff longer, saving the company from the frequent need to hire and train new employees.

Lastly, upskilling existing employees is typically faster and less expensive than a full external recruitment cycle. External hiring processes are often lengthy, involving multiple stages of recruitment, interviews, and background checks. In contrast, internal training programs can be swiftly implemented, allowing employees to gain new skills almost immediately. This expedited process not only saves time but also significantly reduces costs associated with hiring external talent, such as recruitment fees and onboarding expenses. By choosing to invest internally, companies can quickly adapt to changing skill requirements, enhancing their workforce's capabilities and productivity.

In conclusion, investing in training existing employees offers substantial benefits in terms of preserving institutional knowledge, improving retention, and being cost-effective. This approach not only strengthens the organization's internal capabilities but also fosters a more engaged and loyal workforce, contributing to long-term business success."
M5,prose,Medium,Phi,unsloth/Phi-4-mini-instruct-bnb-4bit,2,2003,375,0,321,"Regular physical exercise plays a significant role in reducing long-term healthcare costs at both individual and societal levels. Firstly, active individuals exhibit substantially lower rates of preventable chronic diseases, including type 2 diabetes and cardiovascular disease. Engaging in regular physical activity helps maintain a healthy weight, improves metabolic health, and reduces the risk factors associated with these diseases. Studies have shown that regular exercise can prevent or delay the onset of these conditions, leading to decreased medical expenses and hospitalizations over time. This reduction in chronic disease occurrence translates directly into lower healthcare costs for individuals who maintain active lifestyles.

Secondly, exercise has been found to reduce the frequency and severity of mental health conditions, which constitute a growing share of healthcare expenditure. Physical activity stimulates the release of endorphins, which are chemicals in the brain that act as natural painkillers and mood elevators. Regular exercise has been linked to improved mental health outcomes, including reduced symptoms of anxiety and depression. By enhancing mental well-being, exercise indirectly lowers the costs associated with mental health treatments, including therapy sessions, medication, and other related healthcare services.

Lastly, population-level physical activity programs have demonstrated cost-effectiveness in multiple national healthcare systems. Governments and public health organizations have invested in community-based exercise initiatives, recognizing the broader benefits of encouraging physical activity among citizens. These programs have not only improved public health outcomes but also shown to be financially beneficial in the long run. By promoting physical activity, these programs help to mitigate the rise in healthcare costs related to sedentary lifestyles and their associated health complications. Thus, the investment in promoting physical activity through community programs yields considerable savings in healthcare costs, benefiting society as a whole. Overall, the cumulative effect of regular physical exercise on reducing chronic diseases, mental health issues, and the cost-effectiveness of national health initiatives strongly supports the argument that exercise significantly lowers long-term healthcare expenditures at both individual and societal levels."
M6,prose,Medium,Phi,unsloth/Phi-4-mini-instruct-bnb-4bit,2,2003,289,0,256,"Personal financial literacy is crucial for young adults, as the absence of financial education correlates with high rates of consumer debt and financial vulnerability. Studies have shown that students who receive formal financial education are better equipped to make sound financial decisions, avoid pitfalls such as poor credit management and high-interest loans, and ultimately achieve greater financial stability. This lack of financial education often leaves young adults ill-prepared for the financial challenges they will inevitably face, making them more susceptible to debt traps and financial missteps.

Moreover, financial literacy is a universal life skill that benefits all students regardless of income or career path. It empowers students with the knowledge and skills needed to manage their finances effectively, plan for the future, and make informed decisions. The ability to budget, save, invest wisely, and understand the implications of financial choices is invaluable across all aspects of life. Teaching financial literacy in schools ensures that students from diverse backgrounds receive the same foundational knowledge, promoting equality and inclusiveness in financial education.

Lastly, schools are the only institution with reliable access to all young people before they face high-stakes financial decisions. Unlike online resources or informal advice, schools provide a structured and reliable environment where students can receive consistent and comprehensive financial education. By integrating financial literacy into the curriculum, schools can ensure that students gain the necessary skills and knowledge to navigate their financial futures confidently. This makes schools a pivotal institution in fostering financially savvy individuals who can withstand the pressures of financial decisions in adulthood."
M7,prose,Medium,Phi,unsloth/Phi-4-mini-instruct-bnb-4bit,2,2003,423,0,365,"The benefits of urban green spaces and parks are substantial and well-documented, presenting compelling arguments for their maintenance and development. Firstly, research consistently shows that access to green spaces is strongly correlated with reduced rates of cardiovascular disease, obesity, and stress-related illnesses. Studies have demonstrated that physical activity in green spaces leads to lower body mass indices and improved cardiovascular health. Furthermore, the serene and natural environment helps in mitigating stress, thereby lowering the incidence of stress-related diseases. The psychological benefits are equally significant, as green spaces provide a restorative environment that can buffer individuals against anxiety and depression. This restorative effect is critical in urban settings where mental health issues are prevalent. The presence of parks and green spaces can significantly enhance mental well-being, providing an escape from the urban hustle and promoting relaxation and mental recovery.

Moreover, green infrastructure plays a crucial role in reducing urban heat island effects and air pollution, with direct respiratory health consequences. Urban heat islands occur because concrete and asphalt surfaces absorb and re-radiate heat, making cities significantly warmer than their rural surroundings. Green spaces, with their vegetation and water bodies, help in cooling the environment through processes such as evapotranspiration. This cooling effect mitigates the urban heat island effect, thereby reducing the overall temperature in urban areas. Additionally, green spaces contribute to the filtration and purification of air by trapping pollutants, leading to improved air quality and reduced respiratory issues among urban populations. These environmental benefits directly translate to public health improvements, underscoring the importance of investing in urban green spaces and parks.

In summary, urban green spaces and parks offer measurable public health benefits that justify their cost to municipalities. The connection between green spaces and reduced rates of cardiovascular disease, obesity, and stress-related illnesses is well established. Parks and green spaces also provide essential mental health benefits by creating restorative environments that combat anxiety and depression. Furthermore, the environmental advantages of green infrastructure, such as the mitigation of urban heat islands and the improvement of air quality, directly impact respiratory health. These multifaceted benefits underscore the vital role urban green spaces play in promoting public health, making a strong case for their preservation and expansion."
M8,prose,Medium,Phi,unsloth/Phi-4-mini-instruct-bnb-4bit,2,2003,396,0,349,"Reading literary fiction can significantly enhance empathy and social understanding through several mechanisms. Firstly, literary fiction often places readers in the minds and experiences of characters with lives vastly different from their own. This immersive exercise requires readers to actively imagine and understand perspectives that diverge from their own experiences. By doing so, readers practice perspective-taking, a fundamental skill for developing empathy. When readers step into the shoes of characters from diverse backgrounds and circumstances, they are compelled to understand and feel emotions and thoughts that are not their own. This practice helps in building a deeper emotional intelligence and empathy towards others in real life, as readers are more likely to recognize and appreciate the complexities of different human experiences.

Secondly, experimental research has provided empirical evidence to support the benefits of reading literary fiction. Studies have shown measurable short-term improvements in theory-of-mind scores, which are indicative of enhanced social cognition and empathy. When individuals read literary fiction, they are exposed to complex characters and situations, which require them to infer the thoughts, feelings, and motivations of others. Research findings suggest that this process can lead to immediate improvements in one's ability to understand and predict the behavior and mental states of people around them. Thus, engaging with literary fiction has been scientifically linked to better social understanding and emotional intelligence.

Lastly, the inherent ambiguity and psychological depth found in literary fiction fosters tolerance for uncertainty, a trait crucial for real-world social competence. Literary fiction often delves into the intricacies of human psychology and emotions, presenting narratives that are rich, complex, and sometimes ambiguous. This characteristic challenges readers to grapple with uncertainty and interpret nuanced situations. As readers encounter and process these complex stories, they become more adept at handling ambiguous and uncertain social interactions in their own lives. Developing a tolerance for uncertainty helps individuals navigate the unpredictable nature of human relationships, allowing them to remain composed and empathetic even when faced with ambiguous situations. Consequently, the act of reading literary fiction equips readers with the emotional and cognitive skills necessary for thriving in complex social environments."
M9,prose,Medium,Phi,unsloth/Phi-4-mini-instruct-bnb-4bit,2,2003,302,0,253,"Mentorship programs play a pivotal role in the development of early-career professionals, providing tangible benefits that significantly enhance their career trajectories. First and foremost, mentorship accelerates skill development by granting mentees access to tacit professional knowledge that is seldom captured in formal training programs. This kind of knowledge transfer is invaluable because it encompasses the unwritten wisdom, industry nuances, and experiential insights that mentors have accumulated over their careers. Consequently, mentees benefit from these rich, context-specific insights, which help them navigate their professional journeys more effectively and confidently.

Furthermore, mentorship programs have a demonstrable impact on career progression. Mentees are significantly more likely to receive promotions and salary increases within five years of participating in a mentorship program. This correlation is supported by research data indicating that employees with mentors are more likely to be recognized for their contributions and achievements. The guidance and support provided by mentors can lead to enhanced performance and visibility within an organization, which directly translates to accelerated career advancement opportunities.

Lastly, mentorship relationships extend beyond immediate professional benefits by expanding mentees' professional networks in ways that generate lasting career advantages. Through mentorship, mentees are exposed to a wider array of opportunities, connections, and perspectives that they might not otherwise encounter. These expanded networks enable mentees to gain access to diverse insights and opportunities, facilitating long-term career growth and success. Mentorship relationships thus become a critical component of the professional development framework, enriching early-career professionals with the knowledge, support, and networks essential for thriving in their chosen fields."
M10,prose,Medium,Phi,unsloth/Phi-4-mini-instruct-bnb-4bit,2,2003,336,0,283,"Diversified investment portfolios are widely recognized as a strategy that mitigates risk, particularly for ordinary savers. One of the primary benefits of diversification is its ability to reduce exposure to the idiosyncratic failure of any single investment. When investors spread their capital across various asset classes, they limit the impact of any single investment's poor performance on their overall portfolio. This dispersion of risk helps protect the investor's capital from the volatility and unpredictability inherent in individual securities, ensuring that losses in one area can be offset by gains in another.

Moreover, historical data consistently demonstrates that diversified portfolios tend to outperform concentrated holdings on a risk-adjusted basis over long horizons. By analyzing extensive historical financial data, investors can observe the long-term benefits of maintaining a diversified portfolio. These benefits often manifest as reduced volatility and improved returns when compared to portfolios that concentrate investments in a limited set of holdings. Such empirical evidence supports the conclusion that diversification enhances the risk-return profile of an investment portfolio.

Finally, low-cost index funds make genuine diversification accessible to investors without specialized knowledge. Index funds, by design, replicate the performance of a market index, offering a broad exposure to a diversified portfolio with minimal fees. This accessibility allows ordinary savers to participate in the benefits of diversification without needing extensive market knowledge or incurring high expenses. Consequently, low-cost index funds serve as an effective tool for achieving diversification, thereby enhancing the investment outcomes for average investors.

In summary, diversified investment portfolios reduce idiosyncratic risk, demonstrate superior long-term performance compared to concentrated holdings, and are made accessible through low-cost index funds, providing ordinary savers with a viable means to mitigate investment risks and improve returns over time."
M11,prose,Medium,Phi,unsloth/Phi-4-mini-instruct-bnb-4bit,2,2003,320,0,279,"Strong public transportation systems are a boon for urban economies, generating substantial net economic benefits. One of the primary advantages is the enhancement of labor market access. Efficient transit networks facilitate connectivity between workers and employers, thus expanding the range of potential job opportunities. This connectivity is crucial in metropolitan productivity, as it allows individuals to commute more easily to areas where jobs are available, thereby reducing unemployment and boosting economic growth.

Another significant benefit of robust public transportation systems is the reduction in car dependency, which translates into lower household transportation costs and increased disposable income. When citizens rely less on private vehicles, they save money on fuel, maintenance, and other associated expenses. These savings can then be redirected towards other economic activities, boosting consumer spending and enhancing overall economic vitality.

Furthermore, transit-oriented development (TOD) plays a pivotal role in urban economic prosperity. This development strategy focuses on creating high-density residential and commercial areas around transit hubs, which in turn raises property values. The increased property values generate substantial tax revenues that can be used to offset the infrastructure costs associated with building and maintaining public transportation systems. Thus, the initial investment in public transportation infrastructure yields long-term economic benefits through enhanced property values and increased tax revenues.

In summary, the investment in strong public transportation systems yields multiple economic benefits. It enhances labor market access, thereby boosting metropolitan productivity. It reduces car dependency, lowering household transportation costs and freeing disposable income. Moreover, it promotes transit-oriented development, which raises property values and generates tax revenue to offset infrastructure costs. Collectively, these factors contribute to the net economic benefits enjoyed by cities that invest in robust public transportation systems."
M12,prose,Medium,Phi,unsloth/Phi-4-mini-instruct-bnb-4bit,2,2003,418,0,364,"Companies that prioritize diversity and inclusion stand to benefit significantly in their business outcomes. Firstly, diverse teams bring a wealth of perspectives to problem-solving, which reduces the risk of groupthink. When team members from varied backgrounds come together, they bring different experiences and viewpoints that contribute to more innovative and effective solutions to business challenges. This diversity in thought and approach can lead to improved decision quality, as it allows companies to avoid the pitfalls of homogenous thinking and encourages more dynamic and creative strategies. Consequently, businesses that foster diverse teams are better positioned to respond to complex and rapidly changing market conditions, ultimately enhancing their competitive edge.

Secondly, inclusive workplaces foster higher employee engagement and retention, which is crucial for reducing costly turnover rates. Employees in inclusive environments feel valued and supported, which boosts their morale and job satisfaction. High levels of employee engagement directly correlate with improved performance, creativity, and productivity. When employees are engaged and committed to their roles, they are more likely to stay with the company, reducing the financial and operational burdens associated with high turnover rates. Moreover, organizations with inclusive cultures tend to attract top talent, which further strengthens their workforce and business outcomes.

Finally, workforce diversity enhances an organization's ability to understand and serve a diverse customer base. In today’s globalized economy, customers are increasingly diverse and have nuanced needs and preferences. Companies that embrace diversity within their workforce are better equipped to understand and empathize with the varied backgrounds and experiences of their customers. This deepened understanding allows businesses to tailor their products, marketing strategies, and customer service approaches more effectively, thereby meeting the needs of a broader audience. As a result, companies that prioritize diversity and inclusion not only thrive internally but also succeed in capturing and expanding their market share by resonating more deeply with a diverse set of customers.

In conclusion, prioritizing diversity and inclusion in the workplace yields substantial business benefits. By leveraging the wide-ranging perspectives of diverse teams, fostering environments that enhance employee engagement and retention, and improving the organization’s ability to understand and serve a diverse customer base, companies can achieve better business outcomes, ultimately driving sustained growth and success."
M13,prose,Medium,Phi,unsloth/Phi-4-mini-instruct-bnb-4bit,2,2003,415,0,364,"Early childhood education programs are foundational investments that yield significant long-term benefits, justifying the public expenditure involved. Firstly, high-quality early childhood education is instrumental in fostering measurable improvements in cognitive development and literacy among young children. Research has demonstrated that children who participate in these programs exhibit enhanced cognitive abilities, including improved memory, problem-solving skills, and attention span, all of which contribute to their academic performance. These children also show marked progress in literacy skills, with a higher rate of reading proficiency and better comprehension abilities. These improvements are not fleeting; they persist through primary school and lay the groundwork for future academic success.

Moreover, longitudinal studies provide compelling evidence of the enduring impact of early childhood education on participants’ future outcomes. These studies reveal that children who attended early childhood education programs are more likely to graduate high school, secure employment, and earn higher incomes in adulthood. The continuity and quality of early education have been shown to translate into higher educational attainment, better job prospects, and increased economic productivity. As these individuals progress through their educational journeys and enter the workforce, the foundational skills and confidence developed in early childhood education programs enable them to succeed and thrive in their subsequent endeavors.

Finally, the economic return on investment in early childhood education programs far exceeds the initial expenditures. The economic benefits of these programs are substantial, with estimates suggesting that for every dollar spent, the return is several times greater. This economic advantage is realized through reduced expenditures on remedial education and social welfare programs. When children receive high-quality early childhood education, they are less likely to require additional educational support or social services in the future. This cost-benefit analysis strongly favors public investment in early childhood education programs, highlighting their role in producing economically productive citizens and reducing future social welfare expenditures.

In summary, the long-term benefits of early childhood education programs are evident and multifaceted. These programs foster significant improvements in cognitive development and literacy, produce higher rates of educational and economic success, and offer an impressive economic return on investment. These advantages justify the public investment in early childhood education, making it a sound economic and social policy decision."
H1,prose,Hard,Phi,unsloth/Phi-4-mini-instruct-bnb-4bit,2,2003,400,0,324,"Scientific knowledge, when examined through the lens of historical developments and philosophical scrutiny, reveals a landscape of theories and hypotheses that are inherently provisional and fallible. The history of science underscores this perspective by demonstrating that even well-established theories, such as Newtonian mechanics and classical thermodynamics, have undergone significant revisions or have been shown to hold only within certain bounded domains. This historical trajectory validates fallibilism as the empirically warranted epistemic stance, acknowledging that our current understanding of the universe and its workings is always subject to change and refinement as new evidence and theories emerge.

Furthermore, the Duhem-Quine thesis elucidates the interconnectedness and holistic nature of scientific knowledge, illustrating that no single hypothesis can be conclusively falsified in isolation. This thesis posits that any experimental outcome can be consistent with auxiliary hypotheses being revised, thereby making scientific knowledge irreducibly holistic and defeasible. In essence, it implies that scientific theories and hypotheses are always embedded within a larger theoretical framework, and isolating a single hypothesis for falsification is not feasible without considering the entire theoretical context.

Lastly, the principle of the underdetermination of theory by evidence further reinforces the fallibility and provisional nature of scientific knowledge. It posits that any finite dataset can be consistent with infinitely many competing theoretical frameworks, meaning that empirical confirmation is always partial and certainty claims exceed what evidence can justify. Consequently, no empirical data can ever definitively confirm or falsify a scientific theory; instead, the evidence only partially supports a theory and leaves room for alternative explanations.

Taken together, these three claims—fallibilism validated by historical revisions, the holistic nature of scientific theories as demonstrated by the Duhem-Quine thesis, and the underdetermination of theory by evidence—collectively affirm that scientific knowledge is best understood as provisional and fallible, rather than a body of established certainties. This perspective highlights the dynamic and evolving nature of scientific inquiry, emphasizing the importance of continuous questioning, testing, and revision in the pursuit of knowledge."
H2,prose,Hard,Phi,unsloth/Phi-4-mini-instruct-bnb-4bit,2,2003,313,0,261,"Moral responsibility hinges fundamentally on the presupposition that agents possess counterfactual competence, which deterministic causal chains are inherently incapable of satisfying. This counterfactual competence implies that agents must have the capacity to do otherwise, implying a normative surplus that mechanistic frameworks do not inherently possess. Such an understanding is crucial because it underscores the concept of agency as something more than mere causal sequences, raising a normative dimension to the concept of responsibility.

Furthermore, reactive attitudes like resentment, indignation, and gratitude can only be understood within a framework that views agents as sources of reasons-responsive action, rather than simply nodes in causal networks. This perspective inherently imbues agents with the ability to act based on reasons, which aligns with the concept of moral responsibility and agency. Reactive attitudes presuppose agents' capacity to respond to reasons, suggesting that they are more than mere automatons, but rather beings capable of moral agency.

Lastly, compatibilist attempts to reconcile agency within a deterministic framework often end up shifting the conceptual target of agency. They do this by redefining 'could have done otherwise' in dispositional terms, thus preserving the linguistic form of responsibility attribution while abandoning its normative substance. This shift results in a conceptual tension, where the compatibilist model tries to maintain the appearance of agency and moral responsibility but ultimately sacrifices the normative dimension that makes such concepts meaningful in the first place. Thus, while compatibilism attempts to offer a coherent account of agency within determinism, it does so at the cost of losing the normative essence that underpins our understanding of moral responsibility."
H3,prose,Hard,Phi,unsloth/Phi-4-mini-instruct-bnb-4bit,2,2003,533,0,444,"Language fundamentally shapes human thought and cognition, a concept supported by extensive cross-linguistic research. Studies examining spatial cognition reveal that speakers of languages with rich spatial vocabulary, such as Guugu Jowen speakers, demonstrate heightened spatial awareness compared to speakers of languages with more limited spatial terms, like Japanese speakers. This finding suggests that linguistic categories shape the granularity of conceptual representations, allowing speakers to perceive and conceptualize spatial phenomena with greater precision. Similarly, research on color categorization shows that speakers of different languages categorize colors in ways that reflect their linguistic distinctions. For example, Russian speakers, who have distinct color terms for light and dark blue, tend to perceive these colors as more separate than English speakers, who lack these specific terms. This further supports the notion that linguistic distinctions influence cognitive performance and conceptualization. Moreover, studies on number representation demonstrate that speakers of languages with different counting systems exhibit systematic cognitive differences. For instance, the Pirahbas people of Brazil, who lack a specific counting system, show different cognitive patterns in numerical tasks compared to speakers of languages with well-defined counting systems. These cross-linguistic findings collectively establish that linguistic distinctions shape the granularity of conceptual representations and cognitive performance.

Language acquisition in early childhood also actively restructures the child's representational system, rather than merely labeling pre-existing content. This restructuring process is evidenced by category-learning differences observed in infants at the boundary of language acquisition. Research indicates that infants exhibit different performance on linguistic tasks compared to non-linguistic tasks, suggesting that the acquisition of language actively restructures the child's cognitive framework. For example, infants learning to categorize objects based on linguistic cues show different patterns of learning and categorization compared to those relying solely on visual or non-linguistic cues. This difference highlights the active restructuring of cognitive representations as children acquire language, indicating that linguistic input reshapes the child's conceptual system.

Finally, even internal deliberative thought is partially constituted by linguistic representation. The sequential and negation-permitting structure of natural language enables forms of reasoning that non-linguistic cognitive systems cannot support. This is evident in how thoughts and reasoning processes are conducted. Natural language allows for complex constructions, including nested negations and hypothetical scenarios, which facilitate advanced forms of reasoning and thought processes. For instance, the ability to construct and understand nested thoughts, such as ""I thought that I thought that I shouldn't go,"" relies heavily on the sequential and structurally complex nature of language. This intricate structure of natural language provides a cognitive framework that shapes and enables the formation of internal deliberative thoughts, demonstrating that internal thought processes are not purely non-linguistic but are significantly influenced by the structure and nature of natural language."
H4,prose,Hard,Phi,unsloth/Phi-4-mini-instruct-bnb-4bit,2,2003,332,0,276,"The phenomenology of genuine aesthetic experience involves a claim to intersubjective validity. When we judge a work as beautiful, we do not solely rely on our personal preferences or subjective feelings. Instead, there is an implicit appeal to others' judgments and a shared understanding of beauty. This intersubjective dimension suggests that aesthetic judgments have a normative force that transcends individual subjectivity. Such experiences evoke universal emotions and reactions that are not entirely personal but resonate with a broader audience, indicating that aesthetic value has something beyond mere subjective preference.

Additionally, the practice of aesthetic criticism presupposes that aesthetic assessments are answerable to considerations beyond individual response. The field of aesthetic criticism is structured around reasons, standards, and education, which collectively argue for the existence of a more informed and rational dimension to aesthetic judgment. Critics, educators, and practitioners within the arts operate on the premise that certain responses to art are more justified and well-founded than others. This implies that aesthetic judgments are not merely subjective whims but involve a complex interplay of cultural, historical, and intellectual factors that elevate some responses over others.

Lastly, aesthetic relativism generates a regress, ultimately undermining the normative force of the relativist position from within. If every preference is equally valid, then the preference for pluralism over dogmatism is itself merely a preference, leading to a logical impasse. This regress highlights the incoherence in the relativist position, as it fails to provide a substantive foundation for aesthetic judgments. Without some form of normative framework, relativism leaves aesthetic value entirely subjective and unaccountable, which contradicts the very nature of aesthetic experiences and judgments that imply a shared understanding and normative expectations."
H5,prose,Hard,Phi,unsloth/Phi-4-mini-instruct-bnb-4bit,2,2003,405,0,344,"The explanatory challenge posed by consciousness remains a formidable obstacle for both physicalist and functionalist frameworks. Central to this challenge is what philosophers call the ""hard problem"" of consciousness, which asks why and how physical processes in the brain give rise to subjective experience. This problem is conceptually distinct from the ""easy problems"" of explaining cognitive functions and the workings of the brain. Functional accounts, which focus on the brain's computational aspects, address these easy problems by explaining what the brain does but leave the hard problem untouched. They fail to explain why subjective experience exists at all because they overlook the qualitative aspect of conscious experience, which physical processes alone cannot account for.

The conceivability of philosophical zombies furthers the argument against purely physicalist explanations. Philosophical zombies are hypothetical beings that are physically identical to humans but lack phenomenal experiences. This conceivability suggests that phenomenal consciousness is not logically entailed by physical description. In other words, there is no necessary connection between physical properties and phenomenal experiences; if it were, there would be no conceivable way to conceive of a zombie-like being. This demonstrates that any identity between physical and phenomenal properties is contingent rather than necessary, further highlighting the gap left by physicalist and functionalist accounts.

Mary's Room, a thought experiment devised by philosopher Frank Jackson, illustrates that even if one had complete physical knowledge, it would not necessarily entail complete knowledge of phenomenal properties. In the thought experiment, Mary, a scientist, learns the complete physical information about her own color vision through brain surgery. However, when she first experiences color vision, she realizes that she had no idea what it felt like to see red. This suggests that phenomenal facts are epistemically irreducible to physical facts even if ontological dualism is not entailed. Mary's newfound knowledge upon experiencing color vision underscores the distinction between knowing all physical facts and understanding the subjective experience of consciousness. This thought experiment supports the view that physicalism and functionalism fail to fully explain the nature of subjective experience, leaving the hard problem of consciousness unresolved."
H6,prose,Hard,Phi,unsloth/Phi-4-mini-instruct-bnb-4bit,2,2003,317,0,260,"Distributive justice, while often focusing on procedural fairness, requires a substantive examination of the outcomes generated by those procedures. This is because procedurally fair processes can and do routinely produce outcome distributions that are substantively unjust, as they incorporate and amplify pre-existing structural inequalities, including differential access to education and inherited wealth. Therefore, while procedural fairness is necessary, it is not sufficient to ensure justice in the outcomes.

To further understand why substantive attention is crucial, consider Rawls's difference principle, which provides a principled criterion for evaluating outcome patterns. According to Rawls, inequalities in the distribution of goods are only justified if they maximize the absolute position of the least-advantaged members of society. This principle emphasizes that distributive justice should not merely focus on fair procedures but also on how those procedures affect people's lives in practice, particularly those at the bottom end of the socio-economic spectrum.

Moreover, the baseline problem—determining what counts as a fair starting point for procedurally legitimate exchange—cannot itself be resolved by procedural criteria. Any choice of baseline presupposes a prior substantive judgment about entitlement. Without addressing substantive issues, the procedural approach fails to address the foundational inequities that exist before any exchange takes place, thus perpetuating injustice.

In summary, distributive justice must attend to the substantive patterns of outcomes generated by fair processes, as merely focusing on procedural fairness is insufficient to address the deep-seated structural inequalities that exist. By examining the substantive outcomes, we ensure that justice is not only procedural but also materially fair for all members of society, especially the most disadvantaged."
H7,prose,Hard,Phi,unsloth/Phi-4-mini-instruct-bnb-4bit,2,2003,458,0,394,"Large-scale technological systems exhibit what Winner calls 'politics built into design,' meaning that the material properties of platform architecture embed particular distributions of agency and dependency that are not visible to or revisable by individual users. These designs favor certain outcomes and behaviors, often privileging the interests of powerful stakeholders, and thus shape the social structures in ways that are resistant to individual choice or conventional regulatory frameworks. The architecture of platforms like social media networks or software ecosystems can lead to certain behaviors, relationships, and dependencies that users find difficult to alter, even if they wish to do so. This embeddedness can limit the scope of governance and make it challenging for users to exert meaningful control over the systems they engage with, reinforcing power imbalances and shaping social dynamics in ways that are often not immediately apparent or modifiable by individuals.

Network externalities, switching costs, and data-compounding effects create structural lock-in that renders the theoretical availability of alternatives formally compatible with effective technological monopoly, making market competition insufficient as a governance mechanism. When users and consumers are locked into a particular technology due to network effects, where the value of a product increases as more people use it, the switching costs—both monetary and effortful—become prohibitively high. This lock-in effect is compounded by data-compounding effects, where the accumulation and utilization of data create significant barriers to entry. As a result, even though alternatives exist in theory, the dominant platform effectively monopolizes the market, rendering traditional competitive dynamics insufficient to challenge its dominance. Consequently, users find themselves constrained by the established systems and technologies, with limited options for governance or change.

The pace of technological deployment systematically outstrips the capacity of regulatory institutions to develop adequate oversight frameworks, creating a persistent governance gap that individual adaptation cannot close. The rapid evolution and deployment of technologies often outpace the ability of regulatory bodies to keep up, resulting in a gap between the governance mechanisms available and the actual needs of regulation. This lag creates a situation where new technologies emerge and evolve in ways that are not immediately subject to effective regulatory oversight, leading to potential abuses of power, privacy infringements, and other societal harms. Individual adaptations and choices become insufficient to address these gaps, reinforcing the dominance of established platforms and reducing the efficacy of conventional governance mechanisms in regulating and managing technological advancements."
H8,prose,Hard,Phi,unsloth/Phi-4-mini-instruct-bnb-4bit,2,2003,458,0,377,"The debate over the significance of authorial intent in determining the meaning of literary texts centers around key arguments that challenge traditional notions of authorship and textual interpretation. Wimsatt and Beardsley, in their concept of the intentional fallacy, assert that a literary work, once composed, becomes a linguistic artifact whose meanings are constituted by the conventions and interpretive practices of its language community, none of which are under the author's control. This argument posits that once a text is published, it is no longer subject to the whims or intentions of the author; instead, it is the reader's engagement with the text that activates its meaning.

Building upon this foundation, the hermeneutic gap between what an author consciously intended and what a text semantically encodes is irreducible. Authorial intention underdetermines textual meaning because the same linguistic tokens are consistent with multiple interpretive elaborations. This gap highlights the limitations of relying solely on the author's intended meaning to fully grasp the nuances and layers of a text. The reader's role becomes paramount as they draw from their linguistic competencies and interpretive strategies to engage with the text, thereby creating meaning that may diverge from the author's original intent.

Furthering this perspective, Barthes's concept of the 'death of the author' can be understood as a claim about interpretive authority rather than eliminativism. Barthes argues that the activation of textual meaning occurs in the reader's engagement with the text, drawing on competences that vary across readers and historical moments in ways that original intention cannot anticipate. This position underscores the dynamic nature of textual interpretation, suggesting that the meaning of a text is not static or confined to the author's intentions but is instead continually reshaped through readers' diverse engagements.

In conclusion, the arguments presented by Wimsatt and Beardsley, the concept of the hermeneutic gap, and Barthes's 'death of the author' collectively establish that the meaning of a text is not fully determined by the author's original intentions. Instead, they emphasize the role of the reader and the interpretive practices within the community of language users in activating and shaping the meanings of texts. This perspective shifts the focus from the author's intentions to the broader context of linguistic conventions and readerly engagements in determining the meanings of literary works."
H9,prose,Hard,Phi,unsloth/Phi-4-mini-instruct-bnb-4bit,2,2003,522,0,437,"Democratic legitimacy is a complex and multifaceted concept that goes beyond the simple mechanics of majority rule or the satisfaction of aggregated preferences. To understand why more comprehensive principles are necessary, one must first consider the potential pitfalls of unrestricted majority rule. The concept of the ""tyranny of the majority"" highlights how majority rule can systematically exclude permanent minorities whose interests are structurally underrepresented in majoritarian aggregation. This exclusionary mechanism poses a significant threat to democratic legitimacy, as it can lead to the disenfranchisement of entire groups of citizens, thereby undermining the foundational democratic principle of equal representation. Constitutional rights constraints and counter-majoritarian institutions are therefore essential in a democratic system. These elements act as safeguards against the potential abuses of majority rule, ensuring that certain fundamental rights and principles are upheld even when they are not supported by a simple majority.

Further complicating the issue, deliberative democracy theorists like Habermas and Cohen argue that for political decisions to be considered legitimate, they must be reached through the exchange of reasons under conditions of equal standing, mutual recognition, and openness to rational revision. These conditions are crucial in creating an environment where citizens can genuinely participate in the political process, and where decisions are made based on rational deliberation rather than mere numerical superiority. Majority rule, however, neither requires nor ensures such conditions, potentially leading to outcomes that are not truly deliberative or representative of the citizens' rational interests. Thus, the deliberative model emphasizes the importance of reason-giving and discourse in achieving legitimate outcomes.

Finally, the epistemic argument for democracy posits that democratic legitimacy is contingent upon the quality of deliberation. Majority decisions reached under conditions of systematic misinformation or manipulation lack the epistemic credentials necessary to justify the authority of democratic decisions. In such scenarios, even if the majority vote is technically followed, the legitimacy of the decision itself is compromised. Therefore, the mere compliance with procedural rules of majority voting does not automatically confer legitimacy. Instead, the deliberative process and the quality of the discourse must meet certain epistemic standards to ensure that the outcomes of democratic decisions are informed, rational, and justifiable.

In conclusion, the democratic principle of majority rule, while fundamental, is insufficient to guarantee the legitimacy of democratic decisions. The exclusion of minorities, the lack of deliberative conditions, and the potential for epistemic deficiencies all highlight the need for additional mechanisms and principles to ensure that democracy remains genuinely legitimate and representative of its citizens' rational interests. Constitutional constraints, counter-majoritarian institutions, and the emphasis on deliberative democracy are all essential components in strengthening the legitimacy of democratic decisions beyond mere majority rule."
H10,prose,Hard,Phi,unsloth/Phi-4-mini-instruct-bnb-4bit,2,2003,597,0,478,"The thesis that rationality is not a universal context-independent capacity but is instead shaped by cognitive, social, and institutional conditions finds strong support through several lines of research and thought. Beginning with the bounded rationality research, scholars like Herbert Simon have demonstrated that human reasoning systematically departs from classical rationality norms under ecologically realistic conditions. Simon's satisficing framework posits that individuals often settle for a solution that is ""good enough"" rather than optimal, due to cognitive limitations and time constraints. This concept was further expanded upon by researchers like Daniel Kahneman and Amos Tversky, who developed the heuristics-and-biases program. Their work showed that people rely on mental shortcuts—heuristics—that lead to systematic biases, particularly in uncertain situations. These findings collectively indicate that human reasoning, far from being uniformly rational, is deeply influenced by ecological factors and cognitive constraints.

Moving forward, it is evident that rationality itself is institutionally scaffolded, relying heavily on external cognitive artifacts, socially distributed knowledge, and institutional norms of evidence. These elements are not universally constant but vary historically and across epistemic communities. For instance, the development of scientific methodologies and peer-reviewed publications has created frameworks for evaluating and validating knowledge, influencing what is considered rational within scientific communities. Similarly, the widespread use of technological tools, such as computers and the internet, shapes our cognitive processes and decision-making strategies. The reliance on social networks and platforms further influences our perception of knowledge and rationality, as information from these sources must be critically assessed and often cross-checked with other sources. Institutional norms, such as those established by universities and research institutions, further shape the standards by which reasoning is evaluated, making rationality a product of specific epistemic traditions and institutional practices.

Lastly, the standards by which reasoning is evaluated as rational or irrational are not neutral and universal but embedded in particular epistemic traditions. What counts as a reason, a valid inference, or an appropriate standard of evidence varies across domains in ways that resist reduction to a single transcontextual rationality norm. For example, within the scientific community, the scientific method, characterized by hypotheses, experiments, and repeatable observations, is the prevailing standard for rational inquiry. In contrast, within the legal system, the standard of evidence and reasoning involves a different set of norms and practices, as seen in legal reasoning and the application of precedents. In business, the standards for decision-making often rely on frameworks such as SWOT analysis, market analysis, and financial forecasting, which are inherently context-dependent. These variations underscore that rationality cannot be distilled into a single, universal norm, but instead is always situated within specific contexts and traditions.

In conclusion, rationality, far from being a universal context-independent capacity, is deeply influenced by bounded rationality research, institutionally scaffolded processes, and domain-specific epistemic traditions. This understanding emphasizes the importance of considering cognitive constraints, institutional frameworks, and contextual variations when evaluating what constitutes rational thought and decision-making."
H11,prose,Hard,Phi,unsloth/Phi-4-mini-instruct-bnb-4bit,2,2003,429,0,352,"The psychological continuity view, as advanced by John Locke and further developed by Derek Parfit, posits that personal identity is fundamentally rooted in psychological continuity rather than in physical or biological continuity. This perspective is supported by our intuitive judgments, especially evident in thought experiments involving brain transplantation. When considering brain-transplant thought experiments, our natural inclination is to say that identity follows the brain, not merely the body. This suggests that the essence of one's identity lies in the continuity of psychological states, including memories, personality traits, and intentions. Thus, the psychological continuity view argues that identity is preserved through overlapping chains of psychological connections, rather than through the persistence of a physical substrate. This viewpoint underscores the primacy of psychological continuity over mere biological continuity in matters of personal identity.

However, the biological continuity view fails to adequately address the normative significance of personal identity. Biological continuity alone cannot capture the essence of what matters in survival. Consider irreversible vegetative states where individuals are biologically alive but lack psychological connectedness. In such scenarios, there is no compelling reason to identify oneself with those vegetative beings because they lack the psychological relations—memories, personality, and intentions—that constitute personal identity. This failure highlights that biological continuity alone cannot ground prudential concern for one's future self or moral responsibility for one's past actions. It is the psychological connectedness that matters normatively in identity matters, not just the biological continuity.

Parfit's reductionism furthers this argument by suggesting that identity consists solely in psychological continuity and connectedness, without going beyond these concepts. This approach is preferable to non-reductionist accounts because it dissolves apparent paradoxes in scenarios involving fission and gradual psychological replacement. In such cases, instead of generating arbitrary verdicts, Parfit's reductionism simplifies and clarifies our intuitions about identity. It argues that personal identity can be understood through the lens of psychological connectedness, thus avoiding the complications and ambiguities that arise from trying to fit identity into a rigid biological or physical continuity framework. Consequently, Parfit's reductionism stands as a coherent and intuitive account of personal identity, emphasizing the primacy of psychological relations over mere biological continuity."
H12,prose,Hard,Phi,unsloth/Phi-4-mini-instruct-bnb-4bit,2,2003,310,0,270,"The thesis that mathematical objects possess a form of objectivity independent of human psychological or social construction is defensible by examining several key arguments. Firstly, the indispensability argument posits that our most successful scientific theories quantify over mathematical entities, and their empirical success confirms their truth. Just as scientists who accept electrons because of their indispensability in theoretical physics, proponents of mathematical realism have no principled grounds for rejecting the existence of mathematical objects based solely on their theoretical indispensability. The successful application and empirical validation of mathematical theories in scientific practice reinforce the objective existence of mathematical entities.

Secondly, the phenomenology of mathematical discovery illustrates that mathematicians often encounter unexpected theorems, fail proofs that are corrected by necessity rather than convention, and surprising connections across independently developed branches. These phenomena are more naturally described as explorations of a domain with a determinate structure than as inventions of arbitrary formal systems. The discovery process in mathematics demonstrates a consistent and predictable structure that emerges independently of individual human psychological states or social constructs, reinforcing the idea of mathematical objectivity.

Thirdly, nominalist alternatives that attempt to eliminate mathematical objects in favor of physical inscriptions or mental constructions face decisive technical objections. These alternatives either fail to recover the full expressive power of standard mathematics or generate circularity by presupposing mathematical structure in the account meant to eliminate it. The technical limitations and inherent circularity in these nominalist approaches suggest that they cannot adequately account for the objective existence of mathematical objects, further supporting the thesis that mathematical entities possess an objective form of existence independent of human psychological or social constructs."
H13,prose,Hard,Phi,unsloth/Phi-4-mini-instruct-bnb-4bit,2,2003,415,0,340,"The replication crisis in psychology is a multifaceted problem that extends far beyond mere methodological flaws. At its core, the crisis reveals deep-seated institutional and incentive-structural issues. The proximate methodological failures observed in psychological research, such as underpowered studies, p-hacking, HARKing, and selective outcome reporting, are not solely the product of individual researcher incompetence. Instead, they emerge as rational responses to a publication incentive structure that systematically rewards novel positive results while penalizing replication attempts and null findings. This environment fosters behaviors that compromise scientific integrity, as researchers find themselves pressured to produce publishable outcomes, often at the expense of methodological rigor.

Furthermore, the peer review system, as it currently operates, provides insufficient verification of methodological adequacy. This system does not mandate data sharing, pre-registration, or independent replication, and it operates under time constraints that prevent reviewers from detecting the flexible analytical choices that inflate false-positive rates. Consequently, reviewers are often unable to thoroughly scrutinize the methodological decisions made by researchers, which perpetuates the cycle of publishing unreliable findings.

Addressing these systemic issues requires field-level interventions. Pre-registration mandates, registered reports, open data requirements, and tenure criteria that weight replication efforts are crucial steps toward reducing the false-positive rate in psychological research. However, the adoption of these interventions is slow because they are individually rational only if adopted collectively. This creates a classic coordination problem where individual researchers find themselves unable to solve the issue without enforcement from funding bodies. This slow adoption cycle allows the systemic issues to persist, delaying the much-needed reformative actions within the psychological research community.

In summary, the replication crisis in psychology is not merely a methodological failure but a manifestation of deeper institutional and incentive-driven problems. The rationality of current research behaviors under the prevailing publication incentives, the inadequacy of the current peer review system, and the slow adoption of necessary field-level interventions collectively contribute to the perpetuation of the crisis. To effectively address these challenges, concerted action and enforcement from funding bodies are imperative to foster a culture of methodological rigor and replication fidelity."
E15,prose,Easy,Phi,unsloth/Phi-4-mini-instruct-bnb-4bit,2,2003,338,0,296,"Learning to play a musical instrument in adulthood can be incredibly rewarding and beneficial in several ways. Firstly, it exercises memory and hand coordination, which are essential skills for overall cognitive development. Mastering an instrument often requires the ability to remember complex pieces of music, as well as coordinating movements between fingers and hands, engaging both hemispheres of the brain. This kind of cognitive exercise can enhance mental acuity and improve problem-solving skills over time.

Secondly, having a creative outlet after work or school is invaluable for mental health and well-being. Music provides an escape from the monotony of everyday life, allowing individuals to express emotions and ideas that they might not otherwise find the words for. It also serves as a form of relaxation and stress relief, which can be especially beneficial after long days of work or school. Engaging in music after a tiring day helps rejuvenate the mind and body, offering a unique form of leisure that can refresh one's thoughts and emotions.

Lastly, playing an instrument provides a steady sense of progress as one practices. This aspect of musical education is particularly gratifying for adults, who often find themselves in roles where their progress can feel stagnant or slow. The incremental improvements in technique and skill can be motivating and rewarding, offering tangible goals to strive for. Each piece mastered or technical skill improved brings a sense of accomplishment and forward momentum, making the journey of learning an instrument deeply satisfying.

In conclusion, the cognitive benefits, the emotional release, and the continual sense of achievement make learning an instrument in adulthood an endeavor worth pursuing. Whether it's the mental exercise, the creative outlet, or the steady progress, playing a musical instrument enriches one's life in multiple ways, making it a worthwhile pursuit."
E16,prose,Easy,Phi,unsloth/Phi-4-mini-instruct-bnb-4bit,2,2003,291,0,257,"Walking or biking for short trips instead of driving offers numerous benefits that enhance everyday life. Firstly, it saves money on fuel and parking. The cost of fuel alone can add up quickly, not to mention the occasional parking fees that can sneak up unnoticed. By choosing to walk or bike, you can avoid these expenses altogether, freeing up your budget for other necessities or pleasures.

Secondly, opting to walk or bike instead of driving can seamlessly add exercise to your day without extra planning. It’s easy to skip a workout session or find an excuse not to exercise, but walking or biking to your destination ensures that you get some physical activity integrated into your daily routine. This simple change can contribute significantly to your physical health and overall well-being, making your day more productive and enjoyable.

Lastly, walking or biking allows you to notice and enjoy your neighborhood. When you drive, the hustle and bustle of traffic and the monotony of the car's interior often keep you isolated and detached from your surroundings. However, walking or biking exposes you to the sights, sounds, and smells of the area, making you more connected to your community and environment. This heightened awareness can transform mundane trips into enriching experiences, adding a sense of adventure and appreciation for the places you live in.

In conclusion, walking or biking for short trips instead of driving can lead to substantial financial savings, an effortless way to incorporate exercise, and a deeper connection with your neighborhood, making everyday life better overall."
E17,prose,Easy,Phi,unsloth/Phi-4-mini-instruct-bnb-4bit,2,2003,230,0,204,"Taking a basic first aid course over a weekend is a decision that stands out as both practical and rewarding. Firstly, it equips you with the knowledge to handle common emergencies that people encounter daily. From minor injuries to more severe conditions, understanding the basics of first aid can be life-saving. It's not just about knowing what to do; it's about being able to act swiftly and confidently, which can make a significant difference in an emergency.

Secondly, enrolling in this course helps build a sense of calm and confidence in stressful moments. When faced with high-pressure situations, having a foundation in first aid principles can help you stay composed and focused. This newfound calmness and confidence can be invaluable in everyday life as well, where unexpected events can arise.

Lastly, the course itself is short and inexpensive. Many first aid programs are designed to fit within a weekend, making it easy to fit into your busy schedule. Furthermore, the cost of these courses is relatively low compared to the immense value and life-saving skills you gain. Investing in a basic first aid course is a smart move, offering practical benefits and enriching your skill set in a way that you will always appreciate."
E18,prose,Easy,Phi,unsloth/Phi-4-mini-instruct-bnb-4bit,2,2003,401,0,342,"Growing a small herb or vegetable garden at home is undeniably rewarding. First and foremost, it provides you with fresh food right outside your door, eliminating the need for store-bought produce. Imagine the joy of plucking a ripe tomato or a fragrant basil leaf, knowing that they were nurtured by your own hands. This simple act of gardening transforms the mundane into something magical, filling your kitchen with the vibrant colors and enticing aromas of home-grown ingredients. It’s a sensory delight, from the earthy smell of compost to the fresh dew on morning vegetables, making cooking an even more enjoyable experience.

Secondly, tending to plants offers a serene escape from the daily grind. Gardening becomes a meditative practice, where the rhythmic motions of planting and watering become a form of therapy. It’s a pause in time where you can focus on the present moment, away from the digital distractions and stressors of modern life. The act of digging, weeding, and nurturing your garden is a therapeutic rhythm, one that can slow the heart and mind, bringing a sense of calm and tranquility. This garden sanctuary becomes a haven, a place where you can step away from the chaos of the world outside and find peace in the simplicity of the earth beneath your feet.

Lastly, the garden teaches patience in a way that few other experiences can. Watching plants grow, from seed to sprout, from tiny leaves to robust stalks, requires a deep sense of patience. You learn to wait for the right moment to plant, to water, and to harvest. The garden becomes a teacher of perseverance and timing, as you learn to resist the urge to hastily uproot a plant or to prematurely harvest crops. This patience, cultivated in the garden, translates into life beyond the garden, teaching you to appreciate the gradual process of growth and change. The garden, in its quiet progress, becomes a classroom of life lessons, where the slow, steady, and sometimes frustrating process of nurturing plants mirrors the broader journey of personal development and resilience."
E19,prose,Easy,Phi,unsloth/Phi-4-mini-instruct-bnb-4bit,2,2003,370,0,336,"Writing tasks down in a daily planner helps you stay on top of your life in several ways. Firstly, it aids in remembering fewer tasks and appointments, as the act of writing them down reduces the chances of forgetting them. When you jot down your tasks, it creates a physical record that you can refer to, which helps in keeping track of what needs to be done. This written record acts as a reminder and a checklist, reducing the mental load of remembering everything you need to accomplish in a day. The physical act of writing also creates a mental commitment to follow through with the tasks.

Secondly, writing tasks in a daily planner helps clear your mind, enabling you to relax more effectively. When you take the time to jot down your tasks, it gives you a moment to organize your thoughts and priorities. This act of writing helps in decluttering your mind, allowing you to focus better and relieve some of the mental stress that comes from trying to remember everything. By having a clear plan, you find it easier to relax knowing that you have a tangible guide to follow.

Lastly, checking items off in a daily planner provides a sense of accomplishment and progress. When you write down your tasks and then later check them off, it gives you a clear visual representation of what you've accomplished. This visual confirmation helps in boosting your morale and motivation, as seeing the completed tasks can be a satisfying way to measure your productivity and progress. It also helps you stay motivated to continue writing tasks, knowing that each completed task brings you closer to your goals and helps you stay organized in your daily life.

In conclusion, writing tasks down in a daily planner helps you remember fewer tasks and appointments, clears your mind to enable relaxation, and checking items off provides a sense of accomplishment, keeping you organized and motivated. This simple practice is an invaluable tool for managing your life more effectively."
E20,prose,Easy,Phi,unsloth/Phi-4-mini-instruct-bnb-4bit,2,2003,393,0,345,"Playing board games with family and friends is an excellent way to spend time because it fosters a sense of connection and conversation around the table. When you gather with loved ones, you naturally find yourself engaged in lively discussions, sharing stories, and laughing together. This environment creates a warm and inviting atmosphere where everyone feels included and valued. Moreover, the shared experience of playing a game often leads to memorable moments and bonding over shared challenges and triumphs.

Beyond the social aspect, playing board games also teaches valuable lessons in sportsmanship, particularly when it comes to winning and losing. Engaging in games with family and friends provides a safe space to practice fair play and sportsmanship, as the stakes are generally lower and more focused on fun rather than intense competition. This environment encourages players to act kindly and fairly, even when they are losing, which helps inculcate these important traits early on. Learning to play graciously and acknowledging good moves made by opponents fosters a healthy gaming experience that can be carried into other areas of life.

Lastly, board games are an incredibly affordable form of entertainment that you can enjoy repeatedly without breaking the bank. Unlike movies or video games, board games require little more than a table, chairs, and dice. They are not only cost-effective but also endlessly replayable, as there are countless variations and endless possibilities for replaying favorite games. Whether you’re playing a classic game like chess or Monopoly or trying out new ones, the investment in terms of time and money is minimal compared to other entertainment options. This makes board games a fantastic option for regular family and friend gatherings, offering endless opportunities for fun and bonding.

In conclusion, the benefits of playing board games with family and friends are plentiful. They create opportunities for connection and conversation, teach valuable sportsmanship skills, and offer an inexpensive yet endlessly replayable form of entertainment. Whether you are a seasoned gamer or just looking to try something new, these shared gaming experiences are sure to bring joy and lasting memories."
E21,prose,Easy,Phi,unsloth/Phi-4-mini-instruct-bnb-4bit,2,2003,345,0,297,"Learning to swim is an invaluable skill that everyone should master. Firstly, it greatly enhances safety around bodies of water. Whether it's a pool, a lake, or the vast ocean, knowing how to swim can be the difference between a casual dip and a life-threatening situation. The ability to swim keeps you afloat and confident, allowing you to enjoy water-based activities without the constant worry of drowning. This knowledge is essential, as water can be unpredictable and dangerous without the skills to navigate it safely.

Secondly, swimming is a wonderful form of exercise that is gentle on the joints. Unlike high-impact activities like running or basketball, swimming allows you to work out all parts of your body in a low-impact environment. This can be particularly beneficial for people who have joint issues or prefer a less strenuous workout routine. The buoyancy of water supports your body, reducing the strain on your joints and allowing for a full-body workout that is both effective and enjoyable.

Lastly, swimming opens up a world of fun activities, such as snorkeling and engaging in various water sports. The sense of freedom and adventure that comes with being able to dive into the water and explore underwater landscapes is unparalleled. Activities like snorkeling not only provide an exhilarating experience but also foster a deep appreciation for nature and marine life. Swimming enables you to partake in these exciting endeavors, making the experience all the more rewarding and enjoyable. 

In conclusion, learning to swim is a life-enhancing skill that improves safety, provides a low-impact exercise option, and opens up a plethora of thrilling water-based activities. Embracing the ability to swim makes life safer, healthier, and more exciting. Everyone should strive to learn how to swim, as it undoubtedly enriches one's life in countless ways."
M14,prose,Medium,Phi,unsloth/Phi-4-mini-instruct-bnb-4bit,2,2003,397,0,337,"Routine preventive maintenance of buildings and equipment is undeniably more cost-effective than repairing them after failure. Firstly, scheduled inspections play a pivotal role in catching small defects before they escalate into expensive structural or mechanical failures. By conducting these inspections regularly, maintenance teams can identify and address minor issues early on. This proactive approach prevents minor defects from developing into significant problems that would require costly repairs or replacements. For instance, in the construction industry, regular inspections of concrete structures can reveal early signs of cracking or water infiltration, allowing for timely interventions that avoid expensive repairs later on.

Secondly, planned maintenance helps avoid the unplanned downtime and lost output that accompany sudden breakdowns. When equipment or systems fail unexpectedly, businesses often face significant disruptions to their operations. These unplanned downtimes can lead to substantial financial losses due to halted production processes and potential contractual penalties. However, with a planned maintenance schedule, these operations can continue uninterrupted, ensuring consistent output and productivity. This continuity not only preserves business relationships but also contributes to stable financial performance, as downtime costs are minimized.

Finally, well-maintained assets last substantially longer, spreading their capital cost over more years of service. This longevity results in significant financial benefits as the initial capital expenditure on machinery, buildings, or infrastructure is amortized over an extended period. Consequently, the overall cost of ownership diminishes over time. Moreover, long-term durability reduces the frequency and cost of major repairs or replacements, further contributing to cost-effectiveness. Businesses that adhere to a preventive maintenance regimen are better positioned to manage their assets effectively, optimizing their long-term financial investment and ensuring operational reliability.

In summary, the advantages of routine preventive maintenance far outweigh the costs associated with reactive repairs. The early detection of small defects, the avoidance of unplanned downtime, and the extended lifespan of assets collectively substantiate the argument in favor of a proactive maintenance strategy. Through diligent inspection schedules, planned maintenance routines, and the long-term benefits of durable assets, businesses can achieve significant cost savings and operational efficiency."
M15,prose,Medium,Phi,unsloth/Phi-4-mini-instruct-bnb-4bit,2,2003,346,0,305,"Contributing to open-source software can be immensely beneficial for organizations that actively participate in it. Firstly, sharing code spreads the cost of maintenance across many contributors instead of relying on one company. When organizations collaborate, they pool their resources and expertise, which leads to more efficient development processes and cost savings. This communal effort helps in building robust and scalable software solutions, as the shared burden reduces the financial strain on any single entity, allowing for more innovation and continuous improvement.

Secondly, the public peer review of source code enhances software quality and exposes security flaws sooner. When organizations release their source code to the public, it undergoes scrutiny from developers worldwide. This collaborative process allows for diverse perspectives and contributions, often leading to the identification and resolution of bugs and vulnerabilities more rapidly than if the work were kept internal. The collective intelligence of the open-source community acts as a powerful filter, ensuring higher standards of software quality and security.

Lastly, visible open-source contributions strengthen an organization's technical reputation and aid in recruiting skilled engineers. When organizations actively participate in open-source projects, their contributions become a testament to their commitment and expertise. This visibility builds credibility and trust within the tech community, which can attract top talent who are looking to work with innovative and well-established projects. The positive reputation garnered from open-source contributions can also enhance an organization's brand, making it more appealing to potential clients and partners who value technological excellence and collaborative spirit.

In conclusion, the benefits of contributing to open-source software are substantial for organizations involved. By sharing the maintenance cost, enhancing software quality through public peer reviews, and building a strong technical reputation, organizations not only advance their own interests but also contribute to the larger ecosystem of software development, fostering innovation and collaboration that drive the industry forward."
M16,prose,Medium,Phi,unsloth/Phi-4-mini-instruct-bnb-4bit,2,2003,426,0,373,"The standardized shipping container revolutionized global trade in the twentieth century, marking an unparalleled economic shift. The introduction of the shipping container significantly reduced the labor and time required to load and unload cargo at ports. Before containerization, goods were moved in individual boxes or crates, a process that was both time-consuming and labor-intensive. The advent of containerization streamlined this process, allowing entire containers to be loaded and unloaded with minimal handling. This drastic reduction in manual labor and time saved not only on shipping but also on the broader logistical chain, freeing up vast amounts of resources and enabling industries to scale operations more efficiently.

Moreover, the standardization of container sizes facilitated seamless goods movement across different modes of transportation, including ships, trains, and trucks. This uniformity enabled goods to be transferred between these transport modes without the need for repacking, thus fostering the development of integrated global supply chains. The seamless movement of containers fostered international trade by reducing the friction and delays traditionally encountered when switching transport modes. This seamless transition enabled businesses to operate on a global scale, enhancing their ability to respond swiftly to market demands and improving overall supply chain efficiency.

Additionally, sealed shipping containers played a pivotal role in reducing theft and damage in transit, which had been significant challenges before containerization. The sealed nature of containers offered a more secure environment for goods, minimizing the risks associated with theft and damage. This security advantage translated to lower insurance and handling costs, as the reduced risk of loss and damage led to fewer claims and reduced premiums for businesses shipping goods. The cumulative effect of these lowered costs and enhanced security was a substantial economic benefit, contributing to the overall financial efficiency and cost-effectiveness of global trade operations.

In conclusion, the economic impact of the standardized shipping container was profound and far-reaching. The labor and time savings at ports, the seamless transition of goods across various transportation modes, and the reduction in theft, damage, and handling costs collectively transformed global trade. This innovation not only facilitated more efficient and cost-effective transportation but also enabled the creation of integrated global supply chains, cementing its status as one of the most economically consequential innovations of the twentieth century."
M17,prose,Medium,Phi,unsloth/Phi-4-mini-instruct-bnb-4bit,2,2003,348,0,310,"Citizen science projects play a pivotal role in advancing scientific research by leveraging the contributions of volunteers. One of the most significant ways volunteers contribute to scientific endeavors is through the collection of data across expansive geographic areas and over considerable time spans. For example, long-running bird counts rely heavily on the diligent work of volunteer observers. These volunteers gather crucial data on bird populations, helping scientists track species' movements and population changes. Without the contributions of these volunteers, professional scientific teams would struggle to cover such vast areas and extended periods, making citizen science projects indispensable in the realm of ecological research.

Another major contribution of volunteers in citizen science projects is their ability to classify large datasets, such as images and audio recordings. Online volunteers, often with specialized interests or expertise, classify vast numbers of images and audio files, such as galaxy photographs, at a speed far surpassing that of small research groups. This capacity for rapid, large-scale data processing enables significant advancements in fields like astronomy and biology. The collaborative efforts of volunteers not only facilitate the progress of scientific research but also enhance the scientific community's ability to handle complex datasets efficiently.

Furthermore, the participation in citizen science projects significantly improves public scientific literacy and fosters a deeper understanding of the scientific process among the general populace. When volunteers engage in scientific endeavors, they become more informed about how scientific evidence is gathered and interpreted. This increased understanding helps demystify science and makes it more accessible to the wider community, encouraging more people to take an interest in scientific research. Consequently, citizen science projects not only contribute valuable data and processing capabilities but also enhance public engagement with science, fostering a scientifically literate society. These multifaceted contributions underscore the indispensable role that citizen science projects play in the advancement of scientific knowledge and public scientific literacy."
M18,prose,Medium,Phi,unsloth/Phi-4-mini-instruct-bnb-4bit,2,2003,335,0,295,"Structured code review is an essential practice that significantly enhances the quality of software produced by engineering teams. One of the primary benefits of this practice is the ability to catch defects early in the development process, long before the software reaches the production environment. When defects are identified and fixed early, they are far cheaper and less complex to resolve than those discovered during production. This early detection process ensures that software remains reliable and reduces the likelihood of costly post-release fixes, which can be both time-consuming and financially draining.

Moreover, the practice of structured code review facilitates the spread of knowledge within the team, as engineers review each other's code. This process ensures that team members become familiar with different parts of the codebase, thus reducing reliance on single experts. When engineers understand how different sections of the codebase work, they are better equipped to handle tasks independently and contribute more effectively to the project's progress. This distributed knowledge not only enhances individual skill sets but also fosters a collaborative environment where team members can learn from one another.

Additionally, regular code reviews enforce consistent coding standards across the entire team. When developers adhere to a set of agreed-upon standards, the software becomes easier to maintain and update over time. Consistency in coding practices reduces the likelihood of introducing errors and inconsistencies, making the software more robust and reliable. This uniformity is particularly beneficial in large projects where maintaining a cohesive codebase can be challenging.

In conclusion, structured code review provides numerous advantages, including the early detection of defects, the dissemination of knowledge among team members, and the enforcement of consistent coding standards. These benefits collectively contribute to the production of high-quality software, thereby enhancing the overall efficiency and reliability of engineering projects."
M19,prose,Medium,Phi,unsloth/Phi-4-mini-instruct-bnb-4bit,2,2003,367,0,311,"Written checklists play a crucial role in high-stakes professions like aviation and surgery by reducing reliance on memory, especially under stress and fatigue. In aviation, pilots rely heavily on checklists to perform pre-flight and in-flight procedures. These checklists ensure that all essential steps are followed systematically, thereby minimizing the risk of human error. Similarly, in surgery, checklists such as the World Health Organization's surgical safety checklist provide a structured sequence of steps to follow, which helps surgeons to focus on critical tasks and avoid omissions. This structured approach is particularly beneficial in high-pressure environments where the cognitive load is high, thus reducing the likelihood of mistakes that can have severe consequences.

Furthermore, written checklists standardize communication within teams by giving every member a defined moment to raise concerns. In both aviation and surgery, this uniformity is vital. In aviation, cockpit crew members follow the same checklist procedure regardless of their roles, ensuring that everyone adheres to the same protocols and understands their responsibilities. This shared understanding helps in maintaining clear and effective communication among crew members, which is essential for safety and efficiency. In surgery, the surgical safety checklist prompts every team member, from surgeons to nurses, to review critical steps and raise any concerns, ensuring that everyone is on the same page and that no critical steps are overlooked.

Lastly, documented results show measurable reductions in complications after the adoption of written checklists. Studies and reports, such as those from the World Health Organization, have demonstrated significant improvements in surgical safety and outcomes after the implementation of the surgical safety checklist. These checklists have been correlated with reduced infection rates, lower incidence of surgical errors, and overall improved patient safety. The documented evidence supports the effectiveness of written checklists in creating safer and more reliable processes in high-stakes professions, ultimately enhancing the overall quality of care and reducing preventable errors."
M20,prose,Medium,Phi,unsloth/Phi-4-mini-instruct-bnb-4bit,2,2003,331,0,295,"Over recent decades, improvements in weather forecasting have generated substantial economic value across various sectors. Firstly, the increased accuracy of weather forecasts allows farmers to time their planting, irrigation, and harvesting activities more precisely. This precision in agricultural planning helps reduce crop losses significantly, thereby ensuring better yields and financial stability for farmers. By utilizing reliable weather predictions, farmers can avoid adverse weather conditions and plan their farming activities more effectively, ultimately boosting agricultural productivity and contributing positively to the economy.

Secondly, the advancements in weather forecasting systems provide earlier warnings of severe storms, which are critical for public safety and economic stability. With earlier and more accurate storm warnings, communities can evacuate and prepare adequately, thereby minimizing property damage and loss of life. These timely alerts enable better coordination and response from emergency services and government agencies, helping to protect both human life and infrastructure. The financial implications of reduced property damage and loss of life are substantial, as they prevent the need for costly repairs and recovery efforts following severe weather events.

Lastly, industries such as aviation, shipping, and electricity grid operators greatly benefit from improvements in weather forecasting. Airlines and shipping companies rely heavily on accurate weather predictions to plan their routes and avoid hazardous conditions. This capability allows them to operate more safely and efficiently, thus avoiding costly delays and potential hazards. In the electricity sector, grid operators use weather forecasts to manage the balance between electricity supply and demand more effectively. Accurate weather predictions enable these operators to anticipate and mitigate the effects of adverse weather conditions on the grid, reducing the likelihood of power outages and improving the overall reliability of electricity supply. Consequently, these industries experience reduced operational risks and costs, leading to enhanced economic performance and stability."
H14,prose,Hard,Phi,unsloth/Phi-4-mini-instruct-bnb-4bit,2,2003,387,0,327,"Defending the thesis that causation cannot be adequately analyzed as mere regular succession between types of events requires examining the shortcomings of regularity accounts and contrasting them with interventionist accounts. Regularity accounts fail fundamentally because they cannot distinguish between genuine causal relations and accidental or common-cause correlations. Take, for instance, the observation of a falling barometer reading regularly followed by a storm. While this regular succession occurs, it does not necessarily establish a causal relationship between the barometer reading and the storm. The regularity alone is insufficient to infer causation because the barometer reading and the storm could both be influenced by a common cause, say atmospheric pressure changes, making it impossible to discern the causal link.

In contrast, interventionist accounts, developed by philosopher James Woodward, address these issues by focusing on dependencies that remain invariant under ideal interventions on the putative cause. This means that to establish causation, one must show that manipulating the potential cause in a controlled manner leads to changes in the outcome variable that are consistent and invariant across different contexts or interventions. By focusing on the invariance of dependencies, interventionist accounts provide a clearer framework for identifying causal relations.

Furthermore, the interventionist account also explains the epistemic privilege of randomized controlled experiments. These experiments are designed to approximate an ideal intervention by severing the putative cause from its ordinary antecedents. In randomized controlled trials, participants are randomly assigned to different groups, one receiving the treatment and the other receiving a placebo. This randomization process helps isolate the effect of the treatment from other confounding variables, thereby mimicking an ideal intervention and allowing for the observation of causal relationships with greater epistemic certainty.

In conclusion, interventionist accounts successfully address the limitations of regularity accounts by providing a framework that focuses on invariant dependencies and the epistemic value of randomized controlled experiments. This approach offers a more reliable method for identifying genuine causal relations, emphasizing the importance of controlled interventions and their outcomes."
H15,prose,Hard,Phi,unsloth/Phi-4-mini-instruct-bnb-4bit,2,2003,390,0,325,"The biological function of a trait can be best understood through etiological accounts rather than purely causal-role terms. This argument unfolds in three central claims. First, selected-effect accounts, which identify a trait's function with the effect for which its ancestors were selected, explain the normativity of function, including the possibility of malfunction, which a purely dispositional analysis cannot accommodate. The selection of a trait's function inherently carries a normative aspect; understanding why a trait was selected for its function helps us grasp why it should function in a particular way, even when it might malfunction. This etiological perspective captures the historical selection pressures that shaped the trait, thus providing a richer, historically-grounded understanding of biological function.

Second, causal-role accounts following Cummins cannot distinguish a trait's function from its accidental effects without relativizing function to the explanatory interests of the investigator, thereby surrendering the objectivity of functional attribution. Cummins' causal-role analysis identifies functions based on what a trait causally does, but this approach fails when a trait has both functional and accidental effects, unless those effects are relative to an investigator’s interests. Without the historical context provided by etiological explanations, the causal-role analysis can only offer a superficial understanding of function, potentially leading to subjective interpretations of biological traits.

Third, etiological accounts alone vindicate the explanatory force of functional claims, because citing a trait's selected effect answers the historical question of why the trait is present rather than merely describing what it currently does. The etiological approach, by focusing on historical selection pressures, answers the fundamental question of why a trait evolved in the first place. This historical context provides a deeper explanatory power than purely causal-role accounts, enabling a clearer understanding of the biological functions and their evolutionary significance.

Overall, etiological accounts provide a more comprehensive understanding of biological functions by emphasizing historical selection pressures, allowing for a clearer distinction between functional and accidental effects, and preserving the objectivity and explanatory power of functional claims."
H16,prose,Hard,Phi,unsloth/Phi-4-mini-instruct-bnb-4bit,2,2003,404,0,334,"The thesis that knowledge acquired through testimony cannot be reduced to knowledge grounded solely in the hearer's own perception, memory, and inductive inference can be substantiated through the arguments presented by Coady and supported by Hardwig. Coady, a notable philosopher, contends that no individual is capable of verifying independently the track record of more than a small fraction of the sources on whom ordinary belief depends. This presents a significant challenge to a reductionist justification of testimony, rendering such a justification unavailable in practice. This assertion underscores the impracticality of attempting to verify all sources independently, highlighting the inherent reliance on testimony for everyday knowledge acquisition.

Moreover, young children exemplify the challenges posed by this thesis. Children acquire vast amounts of knowledge through testimony long before they possess the inferential resources required for testimonial justification. Their ability to independently verify the sources of information they receive is limited, further illustrating the impracticality of a reductionist view of testimony. This scenario demonstrates that children rely heavily on testimony to build their knowledge base, reinforcing the argument against reductionism.

Additionally, the division of cognitive labor in contemporary science, analyzed by Hardwig, further substantiates the thesis. Hardwig argues that researchers are often epistemically dependent on their colleagues, as they cannot personally check the results produced by others. This division of labor means that scientific knowledge, to a large extent, rests on testimonial trust. Researchers rely on the testimony of their peers, making it impossible to independently verify the entire body of scientific knowledge. This situation makes scientific knowledge irreducibly dependent on testimonial trust, further validating the thesis against reductionism.

In conclusion, the arguments presented by Coady and supported by Hardwig demonstrate that knowledge acquired through testimony cannot be reduced to knowledge grounded solely in perception, memory, and inductive inference. The impracticality of independently verifying all sources, the reliance of children on testimony, and the division of cognitive labor in science all highlight the inherent dependence on testimonial trust, making a reductionist justification of testimony unavailable in practice."
H17,prose,Hard,Phi,unsloth/Phi-4-mini-instruct-bnb-4bit,2,2003,403,0,340,"Idealized scientific models often simplify complex phenomena by introducing assumptions that are not entirely true in the real world. For instance, models like frictionless planes, infinite populations, and point masses are constructed with deliberate omissions, focusing on the core elements that drive the phenomena under study. By removing factors such as friction or finite population sizes, scientists are able to isolate and understand the underlying mechanics that define the behavior of the systems in question. This process of idealization helps in distilling the essence of the phenomenon, enabling researchers to focus on the most influential aspects without being distracted by extraneous details.

Understanding natural phenomena through these idealized models hinges on grasping the patterns of counterfactual dependence that they represent. Even though the assumptions of these models may be false, they can still provide an accurate depiction of the relationships and dependencies within the system. For example, the idealized concept of a frictionless plane in classical mechanics enables the study of motion in a simplified manner, allowing students and scientists alike to understand the fundamental principles of dynamics. By focusing on these idealized scenarios, one can grasp the core principles and predict outcomes, even if the real-world scenario involves additional complexities.

Furthermore, the minimal-model explanations, as analyzed by researchers like Batterman, demonstrate how such models can account for universal behavior across physically heterogeneous systems. By omitting microscopic details that differ between those systems, minimal-model explanations provide a framework that captures the universal patterns of behavior. This approach is beneficial in understanding complex phenomena because it allows scientists to focus on the macroscopic or large-scale behaviors without getting bogged down by the intricate micro-level details. By emphasizing the general principles and patterns, minimal-model explanations help in creating a clearer picture of how different systems can exhibit similar behaviors despite their underlying differences. In summary, idealized scientific models, despite containing known falsehoods, are instrumental in isolating key factors, representing counterfactual dependencies accurately, and explaining universal behaviors in physically diverse systems. These models enable scientists to grasp fundamental principles and predict outcomes effectively."
H18,prose,Hard,Phi,unsloth/Phi-4-mini-instruct-bnb-4bit,2,2003,318,0,268,"The thesis that practical knowledge, or knowing how, is distinct from propositional knowledge, or knowing that, finds support in several compelling arguments. Firstly, Gilbert Ryle's regress argument vividly illustrates the problem of infinite regress when attempting to ground practical knowledge in propositional knowledge. If every intelligent performance required first contemplating a proposition, then applying that proposition would itself require further propositional knowledge, generating an infinite regress. This paradox highlights the inadequacy of relying solely on propositional knowledge to explain practical knowledge, as it would necessitate an endless chain of reasoning and knowledge application.

Secondly, skilled performance often involves context-sensitive responsiveness to particular situations that cannot be fully captured by any finite set of propositions an agent could articulate or endorse. Skilled performers exhibit a nuanced understanding and adaptability in their actions that far exceeds what can be expressed in simple propositional statements. This dynamic and situational aspect of knowing how underscores the limitations of trying to reduce practical knowledge to mere propositional knowledge, as the richness and flexibility of skilled actions are lost in such reductionism.

Thirdly, neuropsychological dissociations provide further evidence that practical and propositional knowledge can come apart. Consider amnesic patients who, despite losing explicit memories, acquire new motor skills and exhibit context-sensitive performances. This dissociation indicates that these patients can develop practical skills without retaining propositional knowledge of how they acquired these skills. These cases demonstrate that it is possible for an individual to know how to perform certain tasks without being able to articulate the underlying propositions, thus supporting the thesis that knowing how and knowing that are distinct and irreducible forms of knowledge."
H19,prose,Hard,Phi,unsloth/Phi-4-mini-instruct-bnb-4bit,2,2003,316,0,265,"The loss of biodiversity undermines the long-term stability and functioning of ecosystems through several interconnected mechanisms. Firstly, the insurance hypothesis posits that species within an ecosystem respond differently to environmental fluctuations. This implies that communities with a higher number of species will exhibit more stable aggregate productivity as conditions change, acting like an insurance policy. When species are lost, the resilience of the community to environmental stressors diminishes, leading to increased volatility in ecosystem processes.

Secondly, functional redundancy is a concept where several species perform overlapping ecological roles. This redundancy acts as a buffer, protecting ecosystem processes against the loss of any single species. However, as species are removed from the ecosystem, this buffer erodes, making the ecosystem more vulnerable to disturbances. The loss of species performing critical ecological functions can therefore lead to significant disruptions in ecosystem functioning.

Lastly, the loss of keystone species can trigger trophic cascades, profoundly affecting the structure and composition of the entire community. For instance, the decline of sea otters allowed sea urchins to overgraze kelp forests, demonstrating how the effects of a single species' extinction can propagate through an entire community. Keystone species play a crucial role in maintaining the balance of their ecosystem, and their loss can lead to dramatic shifts in the ecosystem dynamics and function.

In summary, the loss of biodiversity weakens ecosystem stability and functionality through the diminished insurance effect, the erosion of functional redundancy, and the triggering of trophic cascades following the extinction of keystone species. These interconnected processes illustrate why maintaining biodiversity is crucial for the long-term health and resilience of ecosystems."
S1,short,Easy,Phi,unsloth/Phi-4-mini-instruct-bnb-4bit,2,2003,89,0,80,"The sky appears blue during the day due to a phenomenon known as Rayleigh scattering. When sunlight enters the Earth's atmosphere, it scatters in all directions by particles much smaller than the wavelength of light. Blue light has a shorter wavelength and is scattered more than other colors, making the sky appear predominantly blue to our eyes. This effect is more pronounced when the sun is higher in the sky, contributing to the blue skies we often see during daytime."
S2,short,Easy,Phi,unsloth/Phi-4-mini-instruct-bnb-4bit,2,2003,78,0,66,"Ice floats on liquid water because of its unique molecular structure. Water molecules form hydrogen bonds, which are stronger than the bonds between water molecules in ice. When water freezes, it forms a crystalline structure that is less dense than liquid water, causing it to float. This phenomenon is known as ""antifreeze"" effect, which occurs because of the lattice structure formed by hydrogen bonds in ice."
S3,short,Easy,Phi,unsloth/Phi-4-mini-instruct-bnb-4bit,2,2003,81,0,68,"A rainbow forms when sunlight passes through water droplets in the atmosphere, undergoing refraction, dispersion, and internal reflection. This process splits the light into its constituent colors and sends the light back into the air, creating a spectrum of colors seen as a circular arc. Rainbows typically require a specific angle of sunlight and a source of water droplets, such as rain, fog, or mist, to be visible."
S4,short,Medium,Phi,unsloth/Phi-4-mini-instruct-bnb-4bit,2,2003,99,0,83,"Earth experiences seasons because of its tilt on its axis, which is approximately 23.5 degrees. As Earth orbits the Sun, this tilt causes different parts of the planet to receive varying amounts of sunlight throughout the year. During summer in one hemisphere, that part of Earth is tilted towards the Sun, receiving more sunlight and warmth, while the opposite hemisphere is tilted away, experiencing winter and less sunlight. The opposite happens during autumn and winter, leading to the cyclical nature of Earth's seasons."
S5,short,Medium,Phi,unsloth/Phi-4-mini-instruct-bnb-4bit,2,2003,100,0,85,"Ocean tides are primarily caused by the gravitational pull of the moon, and to a lesser extent, the sun. The moon's gravity exerts a stronger pull on the side of Earth closest to the moon, creating a bulge of water known as a tidal force. As the Earth rotates, these bulges move, causing the high and low tides experienced along coastlines. Additionally, the Earth's rotation and the slight movements of water in response to these forces contribute to the complex patterns of tides observed globally."
S6,short,Easy,Phi,unsloth/Phi-4-mini-instruct-bnb-4bit,2,2003,76,0,64,"Bread dough rises due to the production of gas by yeast or bacteria. These microorganisms produce carbon dioxide as they metabolize sugars, creating bubbles in the dough. This process, known as fermentation, causes the dough to expand, resulting in a lighter, airy texture. When baked, the heat causes the gases to expand further and escape, creating the final crust and structure of the bread."
S7,short,Medium,Phi,unsloth/Phi-4-mini-instruct-bnb-4bit,2,2003,112,0,96,"A black hole is a region in space where the gravitational pull is so strong that nothing, not even light, can escape it. This occurs when a massive star collapses under its own gravity, forming a point known as a singularity. Black holes can be detected indirectly by observing the behavior of objects and light around them, such as stars orbiting around them or the distortion of light from stars passing near them. Black holes are classified by their size, with supermassive black holes being found at the centers of galaxies, including our own Milky Way."
S8,short,Medium,Phi,unsloth/Phi-4-mini-instruct-bnb-4bit,2,2003,103,0,92,"A metal spoon feels colder than a wooden spoon because metal conducts heat better than wood. When you dip a metal spoon in water, it quickly absorbs heat from the water and transfers it to your hand, making it feel very cold. In contrast, wood is a poor conductor of heat, so it absorbs and transfers less heat to your hand, making it feel relatively warmer. Therefore, the sensation of coldness you feel when holding a metal spoon is due to the efficient transfer of heat from your hand to the metal."
S9,short,Medium,Phi,unsloth/Phi-4-mini-instruct-bnb-4bit,2,2003,86,0,76,"A refrigerator keeps food cold by using a process called refrigeration, which involves a coolant. Inside the refrigerator, the coolant flows through coils on the back or bottom, absorbing heat from the interior and releasing it outside. A thermostat inside the fridge monitors the temperature and activates the compressor to pump the coolant through the coils, maintaining a cold environment. The refrigerator's design and the coolant's properties work together to keep food at the desired temperature."
S10,short,Easy,Phi,unsloth/Phi-4-mini-instruct-bnb-4bit,2,2003,104,0,73,"Photosynthesis is the process by which plants convert light energy into chemical energy stored in glucose, a sugar molecule. This process occurs in the chloroplasts, utilizing chlorophyll to capture light energy. During photosynthesis, plants take in carbon dioxide (CO2) and water (H2O) and produce glucose (C6H12O6) and oxygen (O2) as a byproduct. This process is essential for the survival of plants and the production of oxygen, which is vital for most living organisms."
S11,short,Easy,Phi,unsloth/Phi-4-mini-instruct-bnb-4bit,2,2003,87,0,69,"In autumn, trees change color due to a reduction in chlorophyll production, which is necessary for photosynthesis. As the days shorten and temperatures drop, trees begin to prepare for winter dormancy. This process leads to the formation of other pigments, such as carotenoids and anthocyanins, which become visible as the green fades. This vibrant display of colors is a part of the trees' adaptation to survive the colder months."
S12,short,Easy,Phi,unsloth/Phi-4-mini-instruct-bnb-4bit,2,2003,112,0,91,"Weather refers to the short-term atmospheric conditions at a given moment, such as temperature, precipitation, wind speed, and humidity. Climate, on the other hand, describes the long-term patterns of these conditions over a much longer period, usually averaged over 30 years or more. While weather can change rapidly and unpredictably, climate is more stable and predictable, although it can still vary. For example, while weather can vary dramatically from day to day in a region, climate is what you'd expect over decades, like the consistent rainfall patterns in the Amazon Rainforest."
S13,short,Easy,Phi,unsloth/Phi-4-mini-instruct-bnb-4bit,2,2003,53,0,46,"A magnetic compass works by relying on Earth's magnetic field to indicate direction. The compass needle, which is a magnetized needle, aligns itself with the Earth's magnetic lines of force, allowing the user to determine cardinal directions. This device is commonly used for navigation and orientation."
S14,short,Medium,Phi,unsloth/Phi-4-mini-instruct-bnb-4bit,2,2003,68,0,61,"Inflation in economics refers to the general increase in prices and fall in the purchasing power of money over time. When inflation occurs, each unit of currency can buy fewer goods and services, effectively reducing people's real income and savings. Central banks often aim to control inflation through monetary policy adjustments, such as changing interest rates or conducting open market operations."
S15,short,Easy,Phi,unsloth/Phi-4-mini-instruct-bnb-4bit,2,2003,111,0,92,"The Moon appears to go through phases because of its orbit around Earth, which causes different portions of its surface to be illuminated by the Sun. As the Moon orbits Earth, the angle between the Earth, Moon, and Sun changes, resulting in the varying visibility of the lunar surface. When the Moon is on the side facing away from Earth, we see a new moon; when it is on the side facing Earth, we see a full moon. This cycle of phases repeats approximately every 29.5 days, known as a synodic month."
S16,short,Easy,Phi,unsloth/Phi-4-mini-instruct-bnb-4bit,2,2003,86,0,76,"An algorithm is a step-by-step procedure or set of rules designed to solve a problem or achieve a specific goal. It is often implemented in a programming language, but it can also exist as a mathematical formula or process. Algorithms are crucial in computer science and can be used for tasks like searching and sorting data, performing calculations, or automating processes. The efficiency and correctness of an algorithm can significantly impact the performance of software applications."
S17,short,Medium,Phi,unsloth/Phi-4-mini-instruct-bnb-4bit,2,2003,73,0,60,"Salt is spread on icy roads to lower the freezing point of water, which helps prevent ice formation. When salt dissolves in water, it dissociates into ions, which disrupts the ability of water molecules to form ice. This process, known as freezing point depression, makes it more difficult for ice to form, thus improving traction and safety on icy roads."
S18,short,Hard,Phi,unsloth/Phi-4-mini-instruct-bnb-4bit,2,2003,91,0,82,"An airplane wing generates lift through its shape and the angle of attack. As air flows over the wing, it creates a pressure difference between the upper and lower surfaces due to the wing's curvature. This pressure difference causes the wing to rise, with the upper surface experiencing lower pressure and the lower surface experiencing higher pressure. The angle of attack, or the angle between the wing and the direction of motion, also plays a crucial role in determining the lift generated."
S19,short,Medium,Phi,unsloth/Phi-4-mini-instruct-bnb-4bit,2,2003,127,0,105,"DNA, or deoxyribonucleic acid, is the molecule that carries genetic information in living cells. It consists of two strands that coil around each other, forming the double helix structure. Within cells, DNA is located in the nucleus and is responsible for storing and transmitting genetic information that dictates cellular function and development. During cell division, DNA replicates itself so that each new cell receives an identical copy of genetic material, ensuring the continuity of genetic information across generations. Additionally, DNA plays a crucial role in regulating cellular processes through the synthesis of RNA and proteins, contributing to the cell's overall functioning and the organism's traits."
S20,short,Hard,Phi,unsloth/Phi-4-mini-instruct-bnb-4bit,2,2003,72,0,64,"Water boils at a lower temperature at high altitude because the atmospheric pressure is lower at higher elevations. Boiling occurs when the vapor pressure of water equals the surrounding atmospheric pressure. At lower atmospheric pressures, such as those found at high altitudes, water requires less heat to reach the point where its vapor pressure equals the atmospheric pressure, resulting in a lower boiling point."
