prompt_id,genre,tier,model,model_id,sample,seed,n_tokens,hit_limit,word_count,text
C1,code,Easy,Phi,unsloth/Phi-4-mini-instruct-bnb-4bit,1,1004,66,0,36,"```python
def is_palindrome(s: str) -> bool:
    # Convert to lowercase and filter out non-alphanumeric characters
    s = ''.join(filter(str.isalnum, map(str.lower, s)))
    # Check if the string is the same forwards and backwards
    return s == s[::-1]
```"
C2,code,Easy,Phi,unsloth/Phi-4-mini-instruct-bnb-4bit,1,1004,205,0,121,"```python
def fizzbuzz(n: int) -> list[str]:
    """"""
    Generates a list of strings representing the numbers from 1 to n inclusive.
    Numbers that are multiples of 3 are replaced with ""Fizz"".
    Numbers that are multiples of 5 are replaced with ""Buzz"".
    Numbers that are multiples of both 3 and 5 are replaced with ""FizzBuzz"".
    Every other number is represented in its decimal string form.
    Returns an empty list for n less than 1.
    """"""
    if n < 1:
        return []
    
    result = []
    for i in range(1, n + 1):
        if i % 3 == 0 and i % 5 == 0:
            result.append(""FizzBuzz"")
        elif i % 3 == 0:
            result.append(""Fizz"")
        elif i % 5 == 0:
            result.append(""Buzz"")
        else:
            result.append(str(i))
    
    return result
```"
C3,code,Easy,Phi,unsloth/Phi-4-mini-instruct-bnb-4bit,1,1004,142,0,69,"```python
def sieve_primes(n: int) -> list[int]:
    # Handle base case
    if n < 2:
        return []

    # Initialize the sieve
    sieve = [True] * (n + 1)
    sieve[0] = False
    sieve[1] = False

    for i in range(2, int(n**0.5) + 1):
        if sieve[i]:
            for j in range(i*i, n + 1, i):
                sieve[j] = False

    # Collecting primes
    primes = [i for i, is_prime in enumerate(sieve) if is_prime]
    return primes
```"
C4,code,Easy,Phi,unsloth/Phi-4-mini-instruct-bnb-4bit,1,1004,79,0,41,"```python
def second_largest(nums: list[int]) -> int | None:
    """"""
    Returns the second largest distinct value in `nums`, or None if `nums`
    contains fewer than two distinct values.
    """"""
    if len(set(nums)) < 2:
        return None
    unique_nums = sorted(set(nums), reverse=True)
    return unique_nums[1]
```"
C5,code,Easy,Phi,unsloth/Phi-4-mini-instruct-bnb-4bit,1,1004,142,0,64,"```python
def run_length_encode(s: str) -> str:
    """"""Compress a string using run-length encoding.
    
    Args:
        s (str): Input string to be encoded.
        
    Returns:
        str: Compressed string using run-length encoding.
    """"""
    if not s:
        return s
    encoded = []
    count = 1
    for i in range(1, len(s)):
        if s[i] == s[i-1]:
            count += 1
        else:
            encoded.append(s[i-1] + str(count))
            count = 1
    encoded.append(s[-1] + str(count))
    return ''.join(encoded)
```"
C6,code,Easy,Phi,unsloth/Phi-4-mini-instruct-bnb-4bit,1,1004,209,0,138,"```python
def valid_brackets(s: str) -> bool:
    # Stack to keep track of opening brackets
    stack = []
    # Mapping of opening brackets to their corresponding closing brackets
    brackets = {'(': ')', '[': ']', '{': '}'}
    # Mapping of closing brackets to their corresponding opening brackets
    reverse_brackets = {')': '(', ']': '[', '}': '{'}

    for char in s:
        # Ignore characters that are not brackets
        if char not in brackets and char not in reverse_brackets:
            continue
        # Check if the character is an opening bracket and push it onto the stack
        if char in brackets:
            stack.append(char)
        # Check if the character is a closing bracket and if it matches the latest opening bracket
        elif char in reverse_brackets:
            if not stack or stack.pop() != reverse_brackets[char]:
                return False

    # Check if all opening brackets have been matched
    return not stack
```"
C7,code,Easy,Phi,unsloth/Phi-4-mini-instruct-bnb-4bit,1,1004,110,0,59,"```python
def flatten(nested: list) -> list:
    """"""
    Flattens a nested list structure to a flat list structure, preserving the order and non-list elements.
    :param nested: A list potentially containing nested lists.
    :return: A flat list containing all non-list elements in left-to-right order.
    """"""
    flat_list = []
    for item in nested:
        if isinstance(item, list):
            flat_list.extend(flatten(item))
        else:
            flat_list.append(item)
    return flat_list
```"
C8,code,Medium,Phi,unsloth/Phi-4-mini-instruct-bnb-4bit,1,1004,184,0,90,"```python
def merge_intervals(intervals):
    """"""Merge overlapping or touching intervals and return the minimal list of merged intervals sorted by start.

    Args:
        intervals: list of tuples representing closed intervals (start, end).

    Returns:
        A list of merged intervals.
    """"""
    if not intervals:
        return []

    # Sort intervals based on their start values
    intervals.sort(key=lambda x: x[0])

    merged = []
    current_interval = intervals[0]

    for next_interval in intervals[1:]:
        # Merge intervals if they overlap or touch
        if current_interval[1] >= next_interval[0] - 1:
            current_interval = (current_interval[0], max(current_interval[1], next_interval[1]))
        else:
            merged.append(current_interval)
            current_interval = next_interval
    merged.append(current_interval)

    return merged
```"
C9,code,Medium,Phi,unsloth/Phi-4-mini-instruct-bnb-4bit,1,1004,120,0,59,"```python
def rotate_matrix(matrix):
    """"""
    Rotates a square matrix 90 degrees clockwise.
    :param matrix: list[list[int]], the square matrix to rotate.
    :return: list[list[int]], the rotated matrix.
    """"""
    if not matrix or not matrix[0]:
        return []
    
    n = len(matrix)
    rotated = [[0] * n for _ in range(n)]
    
    for i in range(n):
        for j in range(n):
            rotated[j][n-i-1] = matrix[i][j]
    
    return rotated
```"
C10,code,Medium,Phi,unsloth/Phi-4-mini-instruct-bnb-4bit,1,1004,129,0,65,"```python
import re
from collections import Counter

def top_k_words(text: str, k: int) -> list[tuple[str, int]]:
    # Lowercase the text and split into words
    words = re.findall(r""[a-z']+"", text.lower())
    # Count the frequency of each word
    word_counts = Counter(words)
    # Get the k most common words
    common_words = word_counts.most_common(k)
    # Sort the words by count and then alphabetically for ties
    common_words.sort(key=lambda x: (-x[1], x[0]))
    return common_words
```"
C11,code,Medium,Phi,unsloth/Phi-4-mini-instruct-bnb-4bit,1,1004,94,0,48,"```python
def leftmost_index(arr: list[int], target: int) -> int:
    left, right = 0, len(arr) - 1
    while left < right:
        mid = (left + right) // 2
        if arr[mid] < target:
            left = mid + 1
        else:
            right = mid
    if arr[left] == target:
        return left
    return -1
```"
C12,code,Medium,Phi,unsloth/Phi-4-mini-instruct-bnb-4bit,1,1004,175,0,70,"```python
def roman_to_int(s: str) -> int:
    roman_numerals = {
        'I': 1, 'V': 5, 'X': 10, 'L': 50, 'C': 100, 'D': 500, 'M': 1000,
        'IV': 4, 'IX': 9, 'XL': 40, 'XC': 90, 'CD': 400, 'CM': 900
    }
    total = 0
    prev_value = 0
    
    for char in s:
        current_value = roman_numerals[char]
        if current_value > prev_value:
            total += current_value - 2 * prev_value
        else:
            total += current_value
        prev_value = current_value
    
    return total
```"
C13,code,Medium,Phi,unsloth/Phi-4-mini-instruct-bnb-4bit,1,1004,97,0,41,"```python
def max_subarray_sum(nums):
    if not nums:
        raise ValueError(""Input list is empty."")
    if len(nums) == 1:
        return max(0, nums[0])

    max_sum = curr_sum = nums[0]
    for i in range(1, len(nums)):
        curr_sum = max(nums[i], curr_sum + nums[i])
        max_sum = max(max_sum, curr_sum)
    return max_sum
```"
C14,code,Medium,Phi,unsloth/Phi-4-mini-instruct-bnb-4bit,1,1004,253,0,146,"```python
def moving_average(values: list[float], window: int) -> list[float]:
    """"""
    Calculate the moving average of a list of values.
    
    :param values: List of float values to calculate the moving average.
    :param window: Integer defining the size of the moving window.
    :return: List of float values representing the moving average.
    :raises ValueError: If `window` is less than 1.
    """"""
    if window < 1:
        raise ValueError(""Window must be at least 1."")
    if window > len(values):
        return []
    
    result = []
    running_sum = 0
    window_sum = 0
    
    for i in range(len(values)):
        running_sum += values[i]
        window_sum += values[i - window + 1] if i >= window - 1 else 0
        if i >= window - 1:
            result.append(window_sum / window)
        else:
            result.append(window_sum / (i + 1 - window))
        window_sum = running_sum - values[i - window + 1] if i >= window - 1 else window_sum - values[i - window]
    
    return result
```"
C15,code,Medium,Phi,unsloth/Phi-4-mini-instruct-bnb-4bit,1,1004,172,0,83,"```python
def parse_duration(s: str) -> int:
    if not s or len(s) > 3 or s.count('h') > 1 or s.count('m') > 1 or s.count('s') > 1:
        raise ValueError(""Invalid duration string"")
    try:
        hours, minutes, seconds = s.split('h') if 'h' in s else (0, 0, 0)
        minutes, seconds = minutes.split('m') if 'm' in minutes else (0, 0)
        seconds = int(seconds)
        if seconds != int(seconds):
            raise ValueError(""Invalid seconds format"")
        return int(hours) * 3600 + int(minutes) * 60 + seconds
    except ValueError:
        raise ValueError(""Invalid duration string format"")
```"
C16,code,Hard,Phi,unsloth/Phi-4-mini-instruct-bnb-4bit,1,1004,225,0,120,"```python
def longest_common_subsequence(a: str, b: str) -> int:
    # Initialize a table with zeros for storing lengths of longest common subsequences
    m, n = len(a), len(b)
    dp = [[0] * (n + 1) for _ in range(2)]
    
    # Fill the table in a row-wise manner
    for i in range(m + 1):
        for j in range(n + 1):
            if i == 0 or j == 0:
                dp[i % 2][j] = 0
            elif a[i - 1] == b[j - 1]:
                dp[i % 2][j] = dp[1 - i % 2][j - 1] + 1
            else:
                dp[i % 2][j] = max(dp[i % 2][j - 1], dp[1 - i % 2][j])
    
    # Return the final result stored in the table
    return dp[i % 2][n]
```"
C17,code,Hard,Phi,unsloth/Phi-4-mini-instruct-bnb-4bit,1,1004,238,0,102,"```python
def edit_distance(a: str, b: str) -> int:
    """"""Calculate the Levenshtein distance between two strings.""""""
    if not a: return len(b)
    if not b: return len(a)

    len_a, len_b = len(a), len(b)
    dp = [[0] * (len_b + 1) for _ in range(len_a + 1)]

    for i in range(len_a + 1):
        for j in range(len_b + 1):
            if i == 0: dp[i][j] = j  # Insertions
            elif j == 0: dp[i][j] = i  # Deletions
            else: dp[i][j] = min(
                dp[i-1][j] + 1,  # Deletion
                dp[i][j-1] + 1,  # Insertion
                dp[i-1][j-1] + (0 if a[i-1] == b[j-1] else 1)  # Substitution
            )
    
    return dp[len_a][len_b]
```"
C18,code,Hard,Phi,unsloth/Phi-4-mini-instruct-bnb-4bit,1,1004,201,0,90,"```python
import heapq

def shortest_paths(graph: dict[str, list[tuple[str, int]]], source: str) -> dict[str, int]:
    # Initialize distances and priority queue
    distances = {node: float('inf') for node in graph}
    distances[source] = 0
    priority_queue = [(0, source)]

    while priority_queue:
        current_distance, current_node = heapq.heqopop(priority_queue)[0]
        # If a shorter path is found, update the distance
        if current_distance > distances[current_node]:
            distances[current_node] = current_distance
            for neighbor, weight in graph[current_node]:
                new_distance = current_distance + weight
                if new_distance < distances[neighbor]:
                    distances[neighbor] = new_distance
                    heapq.heappush(priority_queue, (new_distance, neighbor))

    return {node: dist for node, dist in distances.items() if dist < float('inf')}
```"
C19,code,Hard,Phi,unsloth/Phi-4-mini-instruct-bnb-4bit,1,1004,194,0,103,"```python
def topological_order(graph: dict[str, list[str]]) -> list[str]:
    def visit(node):
        # Mark the node as visited
        visited.add(node)
        # Store the order of visitation
        order.append(node)
        # Visit each adjacent node
        for neighbor in sorted(graph[node]):
            if neighbor not in visited:
                visit(neighbor)
            else:
                # Check for cycles
                if neighbor in cycle_check:
                    raise ValueError(""Graph contains a cycle"")
        # Check for cycles
        cycle_check.add(node)
        # Mark the node as part of a cycle
        cycle_check.remove(node)
    
    order = []
    visited = set()
    cycle_check = set()
    
    # Visit each node in the graph
    for node in sorted(graph.keys()):
        if node not in visited:
            visit(node)
    
    return order[::-1]  # Reverse to get the correct order
```"
C20,code,Hard,Phi,unsloth/Phi-4-mini-instruct-bnb-4bit,1,1004,134,0,75,"```python
def count_n_queens(n: int) -> int:
    if n < 0:
        raise ValueError(""n must be non-negative"")
    elif n == 0:
        return 1
    else:
        def solve(col, row):
            if col == n:
                return 1
            else:
                total = 0
                for i in range(n):
                    if i != col and i != row and i != col + row - col and i != col + row + col:
                        total += solve(col + 1, i)
                return total
        
        return solve(0, -1)
```"
Q1,math,Easy,Phi,unsloth/Phi-4-mini-instruct-bnb-4bit,1,1004,234,0,149,"To determine how much Maria spends in total, we'll break down her purchases step by step.

First, we need to find out how much she spends on the notebooks. Each notebook costs $3.00, and she buys 4 notebooks. Therefore, the total cost for the notebooks is calculated as follows:

\[ \text{Total cost for notebooks} = 4 \text{ notebooks} \times \$3.00 \text{ per notebook} = \$12.00 \]

Next, we calculate the total cost for the pens. Each pen costs $1.25, and she buys 6 pens. Therefore, the total cost for the pens is calculated as follows:

\[ \text{Total cost for pens} = 6 \text{ pens} \times \$1.25 \text{ per pen} = \$7.50 \]

Now, we add the total costs of the notebooks and pens together to find out her total spending:

\[ \text{Total spending} = \$12.00 + \$7.50 = \$19.50 \]

Thus, Maria spends a total of $19.50.

Answer: 19.50"
Q2,math,Easy,Phi,unsloth/Phi-4-mini-instruct-bnb-4bit,1,1004,231,0,149,"To solve the problem, we first need to calculate the distance traveled at each speed and then sum these distances. Here's the step-by-step process:

1. **Calculate the distance traveled at 72 kilometers per hour:**
   - Speed: 72 kilometers per hour
   - Time: 2.5 hours
   - Distance = Speed × Time
   - Distance = 72 km/h × 2.5 h
   - Distance = 180 kilometers

2. **Calculate the distance traveled at 90 kilometers per hour:**
   - Speed: 90 kilometers per hour
   - Time: 1.5 hours
   - Distance = Speed × Time
   - Distance = 90 km/h × 1.5 h
   - Distance = 135 kilometers

3. **Add the distances traveled at both speeds:**
   - Total distance = Distance at 72 km/h + Distance at 90 km/h
   - Total distance = 180 km + 135 km
   - Total distance = 315 kilometers

Therefore, the train travels a total of 315 kilometers. 

Answer: 315"
Q3,math,Easy,Phi,unsloth/Phi-4-mini-instruct-bnb-4bit,1,1004,329,0,197,"Let's solve this step by step.

1. First, let's denote the width of the rectangle as \(w\) centimeters. According to the problem statement, the length (\(l\)) of the rectangle is 5 centimeters more than its width. So, we can express the length as \(l = w + 5\).

2. We know that the perimeter (\(P\)) of a rectangle is given by \(P = 2l + 2w\). According to the problem, the perimeter is 46 centimeters. Substituting \(l = w + 5\) into the perimeter formula, we get \(46 = 2(w + 5) + 2w\).

3. Let's solve this equation for \(w\):
   - \(46 = 2w + 10 + 2w\)
   - \(46 = 4w + 10\)
   - \(36 = 4w\)
   - \(w = 9\)

4. Now that we know the width (\(w\)) is 9 centimeters, we can find the length (\(l\)) because \(l = w + 5\), so \(l = 9 + 5 = 14\) centimeters.

5. Finally, we can calculate the area (\(A\)) of the rectangle, which is given by \(A = l \times w\). Substituting the values we found for \(l\) and \(w\), we get \(A = 14 \times 9 = 126\) square centimeters.

Answer: 126"
Q4,math,Medium,Phi,unsloth/Phi-4-mini-instruct-bnb-4bit,1,1004,872,0,523,"To solve this problem, we'll break down the integers from 1 to 200 into two categories based on their divisibility: those divisible by 3 and those divisible by 5. We'll then calculate the sum for each category and finally combine these sums to get our answer. It's important to note that some numbers, like 15, will be counted twice since they are divisible by both 3 and 5. To avoid double counting, we'll subtract the sum of numbers divisible by both 3 and 5 (i.e., divisible by 15) once.

**Step 1: Sum of integers divisible by 3**

The first integer divisible by 3 is 3, and the last integer within our range divisible by 3 is 198. We can find the sum of an arithmetic sequence using the formula \(S = n \times \frac{a_1 + a_n}{2}\), where \(n\) is the number of terms, \(a_1\) is the first term, and \(a_n\) is the last term.

First, let's calculate the number of terms (\(n\)). The sequence starts at 3 and ends at 198, with a common difference of 3 (i.e., it's an arithmetic sequence). To find \(n\), we use the formula \(n = \frac{a_n - a_1}{d} + 1\), where \(d\) is the common difference.

So, \(n = \frac{198 - 3}{3} + 1 = \frac{195}{3} + 1 = 65 + 1 = 66\).

Now, we can calculate the sum of this sequence:

\(S_{3} = 66 \times \frac{3 + 198}{2} = 66 \times 100.5 = 6630\).

**Step 2: Sum of integers divisible by 5**

Next, we calculate the sum of integers divisible by 5, from 5 to 200. The first integer divisible by 5 is 5, and the last integer within our range divisible by 5 is 200. Following a similar process:

First, let's calculate the number of terms (\(n\)). The sequence starts at 5 and ends at 200, with a common difference of 5 (i.e., it's an arithmetic sequence). To find \(n\), we use the formula \(n = \frac{a_n - a_1}{d} + 1\).

So, \(n = \frac{200 - 5}{5} + 1 = \frac{195}{5} + 1 = 39 + 1 = 40\).

Now, we can calculate the sum of this sequence:

\(S_{5} = 40 \times \frac{5 + 200}{2} = 40 \times 102.5 = 4100\).

**Step 3: Sum of integers divisible by 15**

Finally, we calculate the sum of integers divisible by 15, from 15 to 195. This sequence starts at 15 and ends at 195, with a common difference of 15 (i.e., it's an arithmetic sequence). To find \(n\), we use the formula \(n = \frac{a_n - a_1}{d} + 1\).

So, \(n = \frac{195 - 15}{15} + 1 = \frac{180}{15} + 1 = 12 + 1 = 13\).

Now, we can calculate the sum of this sequence:

\(S_{15} = 13 \times \frac{15 + 195}{2} = 13 \times 105 = 1365\).

**Combining the sums and subtracting the double counted numbers**:

To find the total sum, we add the sums of integers divisible by 3 and 5, and subtract the sum of integers divisible by 15 (since these are counted twice):

Total Sum = \(S_{3} + S_{5} - S_{15} = 6630 + 4100 - 1365 = 1845\).

Answer: 1845."
Q5,math,Easy,Phi,unsloth/Phi-4-mini-instruct-bnb-4bit,1,1004,232,0,155,"Alright, let's break down the problem step by step.

First, we need to calculate the discount on the shirt. The shirt is initially priced at $40. The discount is 25 percent. To find 25 percent of $40, we can multiply $40 by 0.25 (since 25 percent is equivalent to 0.25 in decimal form).

$40 * 0.25 = $10.

Next, we subtract this discount from the original price of the shirt.

$40 - $10 = $30.

Now, we need to apply an 8 percent sales tax to the discounted price of $30. To find 8 percent of $30, we can multiply $30 by 0.08 (since 8 percent is equivalent to 0.08 in decimal form).

$30 * 0.08 = $2.40.

Finally, we add this sales tax to the discounted price of the shirt.

$30 + $2.40 = $32.40.

So, the final price of the shirt after the discount and sales tax is applied is $32.40.

Answer: $32.40"
Q6,math,Medium,Phi,unsloth/Phi-4-mini-instruct-bnb-4bit,1,1004,232,0,164,"To solve this problem, let's think about the possible outcomes. When rolling two six-sided dice, there are 36 possible outcomes since each die has 6 faces and they are rolled independently (6 x 6 = 36).

We want to find the probability that the sum of the numbers on the two dice equals 8. We need to determine the number of successful outcomes and divide that by the total number of outcomes.

Let's list the successful outcomes where the sum equals 8:
1. (2, 6)
2. (3, 5)
3. (4, 4)
4. (5, 3)
5. (6, 2)

There are 5 successful outcomes.

Now, we divide the number of successful outcomes by the total number of outcomes to find the probability:
P(summing to 8) = Number of successful outcomes / Total number of outcomes = 5 / 36

To express this probability as a decimal rounded to four decimal places, we perform the division and round the result:
P(summing to 8) ≈ 0.1389

Answer: 0.1389"
Q7,math,Medium,Phi,unsloth/Phi-4-mini-instruct-bnb-4bit,1,1004,348,0,195,"To solve this problem, we need to calculate the future value of the deposit after 3 years, given an annual interest rate of 4% compounded annually.

1. Start with the initial deposit: $5,000.
2. The interest rate is 4%, which is equivalent to 0.04 when expressed as a decimal.
3. The formula for compound interest is given by:

   \[
   A = P \left(1 + \frac{r}{n}\right)^{nt}
   \]

   In this case, since the interest is compounded annually (n = 1), the formula simplifies to:

   \[
   A = P (1 + r)^t
   \]

4. Plugging in the values:
   - Initial principal \( P = 5000 \)
   - Annual interest rate \( r = 0.04 \)
   - Number of years \( t = 3 \)

5. Calculate the future value:

   \[
   A = 5000 (1 + 0.04)^3
   \]

6. Simplify the expression inside the parentheses:

   \[
   A = 5000 (1.04)^3
   \]

7. Calculate \( (1.04)^3 \):

   \[
   (1.04)^3 \approx 1.124864
   \]

8. Multiply the result by the initial deposit:

   \[
   A = 5000 \times 1.124864 \approx 5624.32
   \]

9. Round the final amount to the nearest cent (though already rounded to the nearest cent in this calculation).

Answer: 5624.32"
Q8,math,Medium,Phi,unsloth/Phi-4-mini-instruct-bnb-4bit,1,1004,423,0,218,"Let's solve this problem step by step.

First, we need to determine the rates at which Ana and Ben can paint the fence individually.

1. Ana's painting rate:
   - Ana can paint the fence in 6 hours. Therefore, her painting rate is:
     \[
     \text{Ana's rate} = \frac{1 \text{ fence}}{6 \text{ hours}} = \frac{1}{6} \text{ fences per hour}
     \]

2. Ben's painting rate:
   - Ben can paint the fence in 4 hours. Therefore, his painting rate is:
     \[
     \text{Ben's rate} = \frac{1 \text{ fence}}{4 \text{ hours}} = \frac{1}{4} \text{ fences per hour}
     \]

Next, we need to find their combined painting rate when they work together. To do this, we add their individual rates:

\[
\text{Combined rate} = \frac{1}{6} + \frac{1}{4}
\]

To add these fractions, we need a common denominator. The least common multiple of 6 and 4 is 12. Converting each fraction:

\[
\frac{1}{6} = \frac{2}{12}
\]
\[
\frac{1}{4} = \frac{3}{12}
\]

Adding these fractions together:

\[
\frac{2}{12} + \frac{3}{12} = \frac{5}{12}
\]

So, their combined painting rate is \(\frac{5}{12}\) fences per hour. To find the time it takes them to paint one fence together, we take the reciprocal of their combined rate:

\[
\text{Time to paint one fence together} = \frac{1}{\frac{5}{12}} = \frac{12}{5} = 2.4 \text{ hours}
\]

Therefore, the final answer is:

Answer: 2.4 hours"
Q9,math,Easy,Phi,unsloth/Phi-4-mini-instruct-bnb-4bit,1,1004,339,0,197,"To solve the problem, we first need to understand that we are dealing with combinations, since the order of selection does not matter. The formula for combinations is given by:

\[ C(n, k) = \frac{n!}{k!(n-k)!} \]

Where \( n \) is the total number of items, \( k \) is the number of items to choose, and \( ! \) denotes factorial.

In our problem, \( n = 10 \) and \( k = 3 \). Plugging these values into the combination formula, we get:

\[ C(10, 3) = \frac{10!}{3!(10-3)!} \]

First, calculate the factorials involved:

\[ 10! = 10 \times 9 \times 8 \times 7 \times 6 \times 5 \times 4 \times 3 \times 2 \times 1 = 3628800 \]

\[ 3! = 3 \times 2 \times 1 = 6 \]

\[ (10-3)! = 7! = 5040 \]

Now substitute these values back into our formula:

\[ C(10, 3) = \frac{3628800}{6 \times 5040} \]

Simplify the denominator:

\[ 6 \times 5040 = 30240 \]

Now divide the numerator by the simplified denominator:

\[ \frac{3628800}{30240} = 120 \]

So the number of ways to choose a committee of 3 members from 10 members is 120.

Answer: 120"
Q10,math,Medium,Phi,unsloth/Phi-4-mini-instruct-bnb-4bit,1,1004,255,0,172,"Alright, let's break down the problem step by step.

1. **Initial Setup:**
   - The tank currently holds 300 liters.
   - The tank's capacity is 1,200 liters.
   - Water is flowing in at a rate of 30 liters per minute.
   - Water is leaking out at a rate of 12 liters per minute.
   - Therefore, the net rate of water flow into the tank is \( 30 - 12 = 18 \) liters per minute.

2. **Net Rate Calculation:**
   - Net inflow rate = 18 liters per minute.

3. **Determine the Time Required:**
   - The tank needs to fill up from 300 liters to 1,200 liters.
   - The difference in volume needed = \( 1200 - 300 = 900 \) liters.
   - With an inflow rate of 18 liters per minute, we need to find out how long it takes to fill up the remaining 900 liters.
   - Time required = \( \frac{900 \text{ liters}}{18 \text{ liters/minute}} = 50 \text{ minutes} \).

Therefore, the tank will be full after 50 minutes.

Answer: 50"
Q11,math,Easy,Phi,unsloth/Phi-4-mini-instruct-bnb-4bit,1,1004,321,0,227,"To solve this problem, let's first understand the concept of an average. The average (mean) of a set of numbers is found by summing all the numbers and then dividing by the count of the numbers. In mathematical terms, if we have five numbers, \(a, b, c, d,\) and \(e\), their average is calculated as:

\[
\text{Average} = \frac{a + b + c + d + e}{5}
\]

Given that the average of five numbers is 18, we can set up an equation to find the sum of all five numbers:

\[
\frac{a + b + c + d + e}{5} = 18
\]

Multiplying both sides by 5 to eliminate the denominator, we get:

\[
a + b + c + d + e = 18 \times 5
\]

\[
a + b + c + d + e = 90
\]

Now we know the sum of all five numbers equals 90. We also know four of these numbers: 12, 15, 20, and 22. To find the fifth number, we subtract the sum of these four known numbers from the total sum of 90:

\[
e = 90 - (12 + 15 + 20 + 22)
\]

\[
e = 90 - 69
\]

\[
e = 21
\]

So, the fifth number is 21. Here's the final answer in the requested format:

Answer: 21"
Q12,math,Easy,Phi,unsloth/Phi-4-mini-instruct-bnb-4bit,1,1004,294,0,168,"Alright, let's solve this step by step.

1. First, we need to understand the formula for the nth term of an arithmetic sequence. The formula is given by:
   \[ a_n = a_1 + (n-1)d \]
   Where \(a_n\) is the nth term, \(a_1\) is the first term, \(d\) is the common difference, and \(n\) is the term number.

2. We're given that the first term (\(a_1\)) is 7, and the common difference (\(d\)) is 4.

3. We want to find the 25th term, so we'll plug in the values into the formula. We need to calculate \(a_{25}\), so we'll set \(n = 25\).

4. Plugging in the values, we get:
   \[ a_{25} = 7 + (25-1) \cdot 4 \]

5. Simplify the expression inside the parentheses first:
   \[ (25-1) = 24 \]

6. Multiply 24 by 4:
   \[ 24 \cdot 4 = 96 \]

7. Finally, add 7 to 96:
   \[ 7 + 96 = 103 \]

8. So, the 25th term of the sequence is 103.

Answer: 103."
Q13,math,Medium,Phi,unsloth/Phi-4-mini-instruct-bnb-4bit,1,1004,365,0,236,"Alright, let's solve this problem step by step.

1. First, we need to understand that the car loses 15% of its value at the end of each year. This means we will need to calculate the depreciation for each year.

2. The initial value of the car is $24,000. After the first year, the car will lose 15% of its value. Let's calculate the depreciation amount for the first year:

   Depreciation after 1st year = Initial value * Depreciation rate
                             = $24,000 * 0.15
                             = $3,600

3. Now, subtract the depreciation amount from the initial value to find the value of the car after the first year:

   Value after 1st year = Initial value - Depreciation after 1st year
                       = $24,000 - $3,600
                       = $20,400

4. Next, we need to calculate the depreciation for the second year. The car will lose 15% of its value at the end of the second year. Let's calculate the depreciation amount for the second year:

   Depreciation after 2nd year = Value after 1st year * Depreciation rate
                             = $20,400 * 0.15
                             = $3,060

5. Now, subtract the depreciation amount from the value after the first year to find the value of the car after the second year:

   Value after 2nd year = Value after 1st year - Depreciation after 2nd year
                       = $20,400 - $3,060
                       = $17,340

So the value of the car after 2 years is $17,340.

Answer: $17,340."
Q14,math,Medium,Phi,unsloth/Phi-4-mini-instruct-bnb-4bit,1,1004,376,0,247,"To determine how many positive integers divide 360 exactly, we first need to find the prime factorization of 360.

Step 1: Start with the smallest prime number, which is 2.
360 is divisible by 2, so we divide 360 by 2:
360 ÷ 2 = 180

Step 2: Continue with the prime factorization process.
180 is also divisible by 2:
180 ÷ 2 = 90

Step 3: Continue dividing by 2.
90 ÷ 2 = 45

Step 4: Now, we need to check if 45 can be divided by 3 (the next smallest prime number).
45 ÷ 3 = 15

Step 5: Continue dividing by 3.
15 ÷ 3 = 5

Step 6: Finally, check if 5 is a prime number, which it is.

Thus, the prime factorization of 360 is:
360 = 2^3 × 3^2 × 5

To find how many positive integers divide 360 exactly, we need to consider the divisors based on the prime factorization. The number of divisors of a number is found by adding 1 to each exponent in the prime factorization and then multiplying those results together.

For 360, the prime factorization is:
360 = 2^3 × 3^2 × 5^1

So we add 1 to each exponent:
2^3 → 3 + 1 = 4
3^2 → 2 + 1 = 3
5^1 → 1 + 1 = 2

Multiplying these results together:
4 × 3 × 2 = 24

Therefore, there are 24 positive integers that divide 360 exactly.

Answer: 24"
Q15,math,Hard,Phi,unsloth/Phi-4-mini-instruct-bnb-4bit,1,1004,446,0,315,"Let's break down the problem step by step.

Initially, we have a right triangle formed by the ladder, the wall, and the ground. The ladder forms the hypotenuse of this triangle. When the ladder slides down, the point where it touches the wall moves downwards, creating a new right triangle.

Initially, the ladder is 25 feet long, and the distance from the base of the wall to the foot of the ladder is 7 feet. We need to find out how far the foot of the ladder moves away from the wall when the top of the ladder slides 4 feet down.

1. First, we'll find the height of the ladder initially. We can use the Pythagorean theorem to find the height (let's call it \( h \)) initially:
\[ h = \sqrt{25^2 - 7^2} = \sqrt{625 - 49} = \sqrt{576} = 24 \text{ feet} \]

2. When the top of the ladder slides 4 feet down, we form a new triangle. We need to find the new height (let's call it \( h' \)) after the slide:
\[ h' = 24 - 4 = 20 \text{ feet} \]

3. Now, we form a new triangle with the hypotenuse still being 25 feet, and we need to find the new distance from the base of the wall to the foot of the ladder (let's call it \( x' \)). Using the Pythagorean theorem again:
\[ x'^2 = 25^2 - 20^2 \]
\[ x'^2 = 625 - 400 \]
\[ x'^2 = 225 \]
\[ x' = \sqrt{225} = 15 \text{ feet} \]

4. Initially, the foot of the ladder was 7 feet away from the base of the wall. Now, it is 15 feet away. The change in distance is:
\[ 15 - 7 = 8 \text{ feet} \]

So, the foot of the ladder moves away from the wall by 8 feet.

Answer: 8"
Q16,math,Hard,Phi,unsloth/Phi-4-mini-instruct-bnb-4bit,1,1004,431,0,246,"Sure, let's solve this step by step.

We need to mix two solutions to get a third solution with a different concentration. Here's the breakdown:

1. **Define the variables:**
   - Let \( x \) be the amount of 60% acid solution we need to add.
   
2. **Set up the equation based on the concentration formula:**
   - We have 10 liters of a 20% acid solution and \( x \) liters of a 60% acid solution.
   - The final mixture will have a concentration of 40%.
   
3. **Concentration formula:**
   - The total amount of acid in the final solution equals the sum of the acid in each component solution.
   - The formula for acid concentration is: 
     \[
     \text{Acid} = (\text{Volume} \times \text{Concentration})
     \]
   - For our problem, we can set up the equation based on the acid content:
     \[
     0.2 \times 10 + 0.6 \times x = 0.4 \times (10 + x)
     \]

4. **Solve for \( x \):**
   - Start with the equation:
     \[
     2 + 0.6x = 0.4(10 + x)
     \]
   - Simplify the right-hand side:
     \[
     2 + 0.6x = 4 + 0.4x
     \]
   - Subtract \( 0.4x \) from both sides:
     \[
     2 + 0.2x = 4
     \]
   - Subtract 2 from both sides:
     \[
     0.2x = 2
     \]
   - Divide by 0.2:
     \[
     x = 10
     \]

So, we need to add 10 liters of the 60% acid solution to the 20% acid solution to achieve a 40% acid solution.

**Answer:** 10."
Q17,math,Medium,Phi,unsloth/Phi-4-mini-instruct-bnb-4bit,1,1004,201,0,124,"To find out when the three lighthouses will flash together again, we need to find the least common multiple (LCM) of their flashing intervals. The intervals are 12 seconds, 18 seconds, and 30 seconds.

Step 1: Prime Factorization
- 12 = 2^2 * 3
- 18 = 2 * 3^2
- 30 = 2 * 3 * 5

Step 2: Find the LCM
- LCM is found by taking the highest power of each prime factor that appears in the prime factorizations of the numbers.
- The highest powers are 2^2 (from 12), 3^2 (from 18), and 5 (from 30).

So, LCM = 2^2 * 3^2 * 5 = 4 * 9 * 5 = 36 * 5 = 180 seconds.

Answer: 180 seconds."
Q18,math,Medium,Phi,unsloth/Phi-4-mini-instruct-bnb-4bit,1,1004,307,0,206,"Alright, let's break down the problem step by step.

We start with 150 bacteria, and the population doubles every 20 minutes. We need to find out how many bacteria there will be after 2 hours.

First, let's determine how many 20-minute intervals are there in 2 hours. Since there are 60 minutes in an hour, 2 hours is equal to 120 minutes. Dividing 120 minutes by 20 minutes gives us 6 intervals of 20 minutes each.

Next, we know the population doubles every 20 minutes. So, we need to double the population 6 times (since 6 intervals of 20 minutes each fit into 120 minutes).

Starting with 150 bacteria, we double the population each time:
1. After the first 20 minutes: \( 150 \times 2 = 300 \)
2. After the second 20 minutes: \( 300 \times 2 = 600 \)
3. After the third 20 minutes: \( 600 \times 2 = 1200 \)
4. After the fourth 20 minutes: \( 1200 \times 2 = 2400 \)
5. After the fifth 20 minutes: \( 2400 \times 2 = 4800 \)
6. After the sixth 20 minutes: \( 4800 \times 2 = 9600 \)

After 2 hours (120 minutes), the population will be 9600 bacteria.

Answer: 9600"
Q19,math,Hard,Phi,unsloth/Phi-4-mini-instruct-bnb-4bit,1,1004,328,0,236,"To solve this problem, we'll break down the steps involved in finding the angle between the hour and minute hands at 3:40.

1. First, we need to determine the position of the hour hand at 3:40. The hour hand moves 30 degrees per hour (since there are 60 minutes in an hour and the clock is divided into 12 hours, 360 degrees divided by 12 is 30 degrees per hour). At 3:00, the hour hand is at 90 degrees (3 hours x 30 degrees/hour).

2. Next, we calculate how much the hour hand moves by 3:40. Since 40 minutes is 2/3 of an hour, the hour hand moves 2/3 of 30 degrees (which is 20 degrees). Therefore, at 3:40, the hour hand is at 110 degrees (90 degrees + 20 degrees).

3. Now, let's find the position of the minute hand. The minute hand moves 6 degrees per minute (since 360 degrees divided by 60 minutes is 6 degrees per minute). At 40 minutes past the hour, the minute hand is at 240 degrees (40 minutes x 6 degrees/minute).

4. Finally, we calculate the difference in degrees between the hour and minute hands to find the angle between them. Subtracting the hour hand's position from the minute hand's position gives us 240 degrees - 110 degrees = 130 degrees.

Thus, the smaller angle between the hour and minute hand at 3:40 is 130 degrees.

Answer: 130"
Q20,math,Hard,Phi,unsloth/Phi-4-mini-instruct-bnb-4bit,1,1004,683,0,421,"To solve this problem, we can break it down into several steps. We'll start by calculating the total number of integers from 1 to 1000, then subtract the number of integers that do not contain the digit 7.

Step 1: Calculate the total number of integers from 1 to 1000.
There are 1000 integers in this range.

Step 2: Calculate the number of integers from 1 to 999 that do not contain the digit 7.
- For 1-digit numbers (1-9), there are 8 numbers that do not contain 7 (i.e., 1, 2, 3, 4, 5, 6, 8, 9).
- For 2-digit numbers (10-99), we exclude any number that contains 7 in either place:
  - Exclude numbers with 7 in the tens place (70-79): 10 numbers (70-79)
  - Exclude numbers with 7 in the units place (17, 27, 37, 47, 57, 67, 77, 87, 97): 10 numbers

So, the total number of 2-digit numbers without 7 is 80 (100 numbers total minus 20 numbers with 7).

Step 3: Calculate the number of 3-digit numbers (100-999) without the digit 7.
- For 3-digit numbers, we exclude any number that contains 7 in any place. This can be complex, so let's break it down further:
  - Exclude numbers with 7 in the hundreds place (700-799): 100 numbers
  - Exclude numbers with 7 in the tens place (170-179, 270-279, ..., 970-979): 10 numbers
  - Exclude numbers with 7 in the units place (17, 27, 37, ..., 97): 10 numbers
  - But we double-counted numbers with 7 in two places (e.g., 177, 777, 877, 977). There are 9 such numbers.

So, we subtract 100 (700-799) + 10 (17, 27, ..., 97) + 9 (177, 777, ..., 977) = 119 numbers.

So, the total number of 3-digit numbers without 7 is 900 - 119 = 781.

Step 4: Calculate the total number of integers that do not contain the digit 7.
- Total number of 1-digit numbers without 7: 8
- Total number of 2-digit numbers without 7: 80
- Total number of 3-digit numbers without 7: 781

So, the total number of integers that do not contain the digit 7 is 8 + 80 + 781 = 869.

Step 5: Calculate the number of integers from 1 to 1000 inclusive that contain at least one digit 7.
- Total number of integers from 1 to 1000: 1000
- Total number of integers without the digit 7: 869

So, the number of integers containing at least one digit 7 is: 1000 - 869 = 131

Answer: 131"
E1,prose,Easy,Phi,unsloth/Phi-4-mini-instruct-bnb-4bit,1,1004,389,0,333,"The significance of getting adequate sleep each night cannot be overstated, as it profoundly influences various aspects of our daily functioning. One of the most evident benefits is the improvement in focus and memory. When we get enough sleep, our brains have time to process and consolidate information, leading to sharper cognitive abilities. This enhanced mental clarity allows us to concentrate better on tasks and retain information more effectively. In situations where quick thinking and decision-making are required, the restfulness afforded by sufficient sleep becomes a crucial asset, ensuring that our cognitive faculties operate at peak performance.

Moreover, sleep plays a critical role in regulating our mood and emotional control. Lack of sleep often results in increased stress and irritability, which can negatively impact our interactions with others. Conversely, when we achieve the recommended amount of sleep, we tend to exhibit improved mood and emotional stability. This emotional equilibrium is vital in maintaining healthy relationships and managing stress effectively. Adequate sleep helps to buffer against the negative emotional impacts of stress, allowing for better emotional regulation and overall mental well-being.

Lastly, getting enough sleep each night significantly boosts our physical energy levels. Chronic sleep deprivation can lead to fatigue, lethargy, and a general decline in physical vitality. In contrast, sufficient sleep restores our energy, making us feel refreshed and invigorated. This heightened energy level translates into increased productivity, as we are able to tackle tasks with more vigor and enthusiasm. Furthermore, the restorative nature of sleep aids in the repair and maintenance of our body's physical systems, contributing to overall health and well-being.

In conclusion, the myriad benefits of obtaining ample sleep are evident across cognitive, emotional, and physical domains. Achieving the recommended sleep duration not only sharpens our focus and memory but also fosters better mood regulation and emotional control, while simultaneously enhancing our physical energy levels. Therefore, prioritizing sleep is not merely a matter of personal convenience, but a fundamental aspect of maintaining optimal health and functionality in our daily lives."
E2,prose,Easy,Phi,unsloth/Phi-4-mini-instruct-bnb-4bit,1,1004,324,0,280,"Drinking water throughout the day can have a profound impact on how you feel both physically and mentally. When you consume water regularly, one of the most noticeable benefits is the improvement in physical energy. Staying hydrated helps maintain the balance of bodily fluids, which is essential for optimal function of cells and organs. When you're dehydrated, even slightly, it can lead to fatigue and sluggishness, but once you start drinking water, you'll likely notice a refreshing boost in your energy levels. This can translate to better performance at work or school and even enhance your mood and mental clarity.

Another significant advantage is the improvement in concentration and cognitive function. Water plays a critical role in brain function and neurotransmission. Dehydration, even mild, can impair cognitive abilities and lead to difficulties in focusing and processing information. Conversely, drinking adequate amounts of water can help maintain neurotransmitter function, aiding in better concentration and mental acuity. This is particularly beneficial in environments where focus and mental clarity are essential, such as during academic tasks or complex problem-solving situations.

Furthermore, staying hydrated can also lead to clearer skin and an overall improvement in appearance. Proper hydration helps maintain skin elasticity and flush out toxins and impurities that could otherwise lead to dullness or breakouts. Drinking water regularly contributes to better skin hydration, which in turn can enhance the texture and tone of the skin. This not only improves physical appearance but can also boost self-confidence and overall well-being. The simple act of drinking water throughout the day can therefore contribute to a healthier body and mind, leading to a more energized and focused lifestyle, as well as a clearer, more radiant appearance."
E3,prose,Easy,Phi,unsloth/Phi-4-mini-instruct-bnb-4bit,1,1004,408,0,352,"Spending time outdoors every day is immensely beneficial for mental health, and there are several compelling reasons to support this claim. Firstly, engaging with nature can significantly reduce stress and anxiety levels. When we immerse ourselves in natural settings, our body undergoes a physiological change known as the ""Biophilia hypothesis."" This theory suggests that humans have an innate affinity for nature and natural processes. By stepping outside, individuals often experience a sense of calm and relaxation, which can help to lower cortisol levels, the hormone associated with stress. This tranquil environment allows the mind to wander freely, helping individuals to disconnect from the pressures of daily life, ultimately contributing to a reduction in anxiety and stress.

Secondly, exposure to sunlight outdoors plays a crucial role in improving mood. Sunlight triggers the release of serotonin, a neurotransmitter that is often referred to as the ""feel-good chemical."" Serotonin plays a significant role in mood regulation, and sunlight exposure can help boost levels of serotonin in the brain. This biochemical change can lead to improved mood, enhanced feelings of happiness, and increased energy levels. Furthermore, the natural light helps regulate circadian rhythms, which can be disrupted by excessive screen time, leading to improved sleep patterns and overall mental well-being.

Lastly, spending time outdoors provides an essential break from screens and indoor routines, which can be particularly beneficial for mental health. In our digitally saturated world, constant exposure to screens and indoor environments can lead to sensory overload and burnout. By choosing to spend time outdoors, individuals are able to disconnect from these digital distractions and immerse themselves in the sensory richness of the natural world. This break not only revitalizes the mind but also encourages new experiences and perspectives. The change in environment can stimulate creativity and foster a renewed sense of curiosity and wonder, contributing to a healthier mental state and improved cognitive functioning.

Overall, the mental health benefits of spending time outdoors every day are substantial. From reducing stress and anxiety to improving mood and providing a refreshing escape from digital overload, nature offers a powerful antidote to the pressures of modern life."
E4,prose,Easy,Phi,unsloth/Phi-4-mini-instruct-bnb-4bit,1,1004,313,0,275,"Cooking meals at home consistently proves to be a healthier choice compared to dining out most of the time. First and foremost, cooking at home gives you full control over what goes into your food. When you prepare meals yourself, you can avoid unnecessary fats, sugars, and salt that are often found in restaurant dishes. By selecting fresh ingredients and cooking methods like steaming or grilling, you can significantly reduce the calorie content and enhance the nutritional value of your meals. This level of control is almost impossible when eating out, as restaurant meals are often prepared with convenience and taste in mind rather than pure health benefits.

Secondly, home cooking is generally cheaper in the long run. While the initial investment in kitchen appliances and utensils might be a bit high, the cost of ingredients and dining out is significantly lower. When preparing meals at home, you can shop for ingredients on sale, use leftovers, and avoid the recurring expense of restaurant bills. Not only does this save money, but it also allows for the enjoyment of cooking without the pressure of dining out, which can be quite costly over time.

Lastly, cooking at home provides the opportunity to develop useful life skills. When cooking meals, you engage in the process of planning, preparing, and cleaning up, which can foster creativity and experimentation in the kitchen. These activities also teach important life skills such as budgeting, time management, and problem-solving. Moreover, cooking together can strengthen family bonds and create lasting memories, all of which contribute to a healthier lifestyle overall. Thus, the benefits of home cooking far outweigh the occasional convenience of eating out."
E5,prose,Easy,Phi,unsloth/Phi-4-mini-instruct-bnb-4bit,1,1004,434,0,371,"Maintaining a regular daily routine is instrumental in reducing stress, as it systematically addresses various aspects of our lives. Firstly, the mental load of constant decision-making is alleviated when you establish a routine. By having a set schedule, you eliminate the daily burden of deciding what to wear, what tasks to prioritize, and how to allocate your time. This reduction in cognitive strain frees up mental space, allowing you to focus more on your tasks and less on the chaos of everyday decisions. Consequently, your mind can operate more efficiently, leading to a sense of calm and reduced stress levels.

Secondly, having a regular routine significantly improves sleep quality by helping regulate your body's internal clock, or circadian rhythm. When you follow a consistent sleep schedule, your body begins to anticipate sleep at a particular time, which enhances the quality of your rest. The predictability of your sleep routine signals to your brain when it is time to wind down and prepare for sleep, making it easier to fall asleep and reducing sleep disturbances. As a result, you wake up feeling more rested and rejuvenated, contributing to lower stress levels throughout the day.

Lastly, a consistent routine facilitates the incorporation of exercise and self-care into your daily life, which are crucial for stress management and overall well-being. When you have set times for activities like exercise, you are more likely to stick to your workout schedule because you know when and where you will exercise. This consistency helps you maintain a healthy lifestyle and provides an outlet for stress relief. Similarly, scheduling self-care activities into your routine ensures that you allocate time for activities that rejuvenate you, such as meditation, reading, or simply enjoying a quiet moment. These regular self-care practices contribute to a balanced life, reducing stress and improving mental health.

In conclusion, the benefits of maintaining a regular daily routine far outweigh the drawbacks. By reducing the mental load of constant decision-making, enhancing sleep quality, and making it easier to find time for exercise and self-care, a consistent routine can significantly lower stress levels, improving both mental and physical well-being. Embracing this structure in your life is a simple yet powerful way to foster a calmer, more balanced existence."
E6,prose,Easy,Phi,unsloth/Phi-4-mini-instruct-bnb-4bit,1,1004,362,0,324,"When talking to a friend about budgeting their money, it's crucial to highlight the long-term benefits that far outweigh the initial effort required to set up and stick to a budget. First and foremost, learning to budget helps prevent you from spending more than you earn. Without a budget, it's easy to fall into the trap of impulsive purchases and living beyond your means. By setting aside a portion of your income for essential expenses and saving a little each month, you create a buffer that protects you from financial emergencies and the stress that comes with high debt.

Additionally, budgeting allows you to build savings over time, which is essential for achieving long-term financial goals. Whether you're saving for a vacation, an emergency fund, or retirement, having a clear plan for how much you need to save each month makes it easier to stick to that plan. When you see the savings grow, it serves as a powerful motivator to continue saving, ultimately helping you reach your financial goals faster than if you were just spending freely.

Lastly, budgeting can significantly reduce financial stress by providing a clear picture of where your money is going each month. When you know exactly how much you're spending and how much you're saving, you can avoid the anxiety that comes from unexpected expenses or dwindling bank accounts. The peace of mind that comes from knowing you have a solid plan for your finances can be incredibly freeing and allows you to focus more on enjoying life and less on worrying about money.

In conclusion, the effort put into learning and maintaining a budget is well worth it. Not only does it help prevent you from spending more than you earn, but it also enables you to build savings over time and reduces financial stress, making life more enjoyable and financially secure. Convincing a friend to start budgeting can be challenging, but the long-term benefits are undeniable."
E7,prose,Easy,Phi,unsloth/Phi-4-mini-instruct-bnb-4bit,1,1004,263,0,210,"Regular physical exercise is one of the best things a person can do for their mental health, as it releases mood-boosting chemicals in the brain, reduces symptoms of anxiety and depression, and improves self-confidence over time. The release of endorphins and endocannabinoids during exercise leads to improved mood and emotional well-being. These chemicals act as natural mood enhancers, helping to alleviate feelings of depression and anxiety. When engaging in physical activity, individuals often experience a sense of euphoria known as the ""runner's high,"" which contributes to a positive mental state. Additionally, regular exercise promotes better sleep patterns, which are essential for mental health. Poor sleep often exacerbates symptoms of anxiety and depression, but consistent exercise can help regulate sleep cycles, leading to improved sleep quality and reduced stress. Furthermore, the physical activity involved in regular exercise can significantly boost self-confidence and self-esteem. Over time, as individuals achieve fitness goals and experience the physical benefits of exercise, their self-perception often improves. This increased self-confidence can positively impact other areas of life, including social interactions and mental resilience. In summary, the multifaceted benefits of regular physical exercise—ranging from the release of mood-enhancing chemicals in the brain to the improvement of sleep and self-confidence—underscore its immense value for mental health maintenance and improvement."
E8,prose,Easy,Phi,unsloth/Phi-4-mini-instruct-bnb-4bit,1,1004,452,0,398,"Reading books for pleasure is a timeless activity that brings numerous benefits to individuals, even those with busy schedules. One of the primary advantages is the enhancement of vocabulary and communication skills. When you read, you are exposed to a wide array of words and phrases, many of which you may not encounter in everyday conversations or screen-based activities. The act of reading itself forces your brain to work, processing these words and phrases, which eventually improves your language skills and vocabulary. This expanded vocabulary allows you to express yourself more clearly and confidently in both written and spoken communication. It's an invaluable skill that can boost your academic performance, professional life, and even social interactions.

Beyond language skills, reading for pleasure significantly reduces stress better than screen-based activities. Engaging in digital activities often involves multitasking and constant interruptions, which can fragment your attention and increase stress levels. In contrast, reading a book in a quiet environment allows you to immerse yourself fully in the story or information presented. This uninterrupted focus helps in creating a serene mental space, where you can escape from the pressures and distractions of everyday life. The tranquility that comes with reading helps to lower your stress levels and can serve as a relaxing mental break from the hectic pace of modern life.

Moreover, reading books for pleasure can greatly improve empathy by putting you in other people's perspectives. Fiction, in particular, is a powerful tool for understanding and relating to the emotions and experiences of characters. As you follow characters' journeys and face various challenges, you become more adept at understanding different perspectives and emotional complexities. This deepened sense of empathy and emotional intelligence can translate into your everyday life, making you more understanding and compassionate towards others. The fictional worlds and characters you encounter can teach you valuable lessons and emotions that you may not experience otherwise, helping to create a richer, more empathetic version of yourself.

In conclusion, reading books for pleasure despite busy schedules is worth the time invested. It builds vocabulary and communication skills, reduces stress better than screen-based activities, and improves empathy by allowing you to experience the world through others' eyes. Engaging in the timeless activity of reading can offer immense mental and emotional benefits, contributing to overall well-being and personal growth. Embrace the joy of reading and let the worlds within books enrich your life."
E9,prose,Easy,Phi,unsloth/Phi-4-mini-instruct-bnb-4bit,1,1004,295,0,262,"Maintaining a tidy living space is an investment that pays off in numerous ways, enhancing both mental and physical well-being. One of the most immediate benefits is the significant time saved by not having to search for misplaced items. Imagine the frustration and wasted moments that could be avoided if everything had a designated spot and was kept orderly. This simplicity allows for a more streamlined daily routine, making it easier to manage household chores and other responsibilities efficiently.

Moreover, living in a clean environment can greatly reduce background stress, which is a subtle yet pervasive form of mental clutter. A tidy space fosters a calm and serene atmosphere, helping to clear your mind and allowing you to focus more intensely on tasks at hand. This reduction in stress can lead to a more relaxed and enjoyable living experience, contributing positively to your overall mood and mental health.

Lastly, having a well-organized living space greatly enhances your ability to concentrate on work or study. When clutter is absent, the mind is less distracted, and it becomes easier to dive into tasks with undivided attention. This focused environment not only boosts productivity but also aids in maintaining high levels of cognitive function, enabling you to achieve better academic or professional outcomes.

In conclusion, the benefits of maintaining a tidy living space are manifold. From saving time and reducing stress to improving focus and productivity, the advantages are clear and undeniable. Embrace the simplicity and tranquility that comes with a clean environment, and you will find that life becomes significantly easier and more fulfilling."
E10,prose,Easy,Phi,unsloth/Phi-4-mini-instruct-bnb-4bit,1,1004,352,0,310,"Spending less time on social media can significantly boost one's wellbeing by reducing the constant social comparisons that often lead to feelings of inadequacy and low self-esteem. When we spend hours scrolling through our feeds, we are inundated with images and posts of others seemingly living happier, more exciting lives. This perpetual comparison makes it difficult to appreciate our own journey and can erchieve feelings of envy and dissatisfaction. By reducing our time online, we can focus more on our personal growth and happiness, instead of feeling pressured to match the lifestyles we see on social media.

Moreover, allocating less time to social media allows us to engage in more fulfilling offline activities. Whether it's spending more time with friends and family, picking up a new hobby, or simply enjoying the tranquility of nature, these activities are often more rewarding and enriching than the fleeting pleasures found online. Engaging in hobbies or spending quality time with loved ones fosters stronger relationships and provides a sense of accomplishment and joy that social media often fails to deliver.

Finally, reducing screen time, especially in the evenings, can greatly improve sleep quality. The blue light emitted by screens can disrupt our natural sleep patterns by interfering with the production of melatonin, a hormone essential for regulating sleep. Additionally, winding down from the high-energy environment of social media can be mentally exhausting, making it harder to fall asleep. By setting boundaries around screen time, we can create a more conducive environment for restful sleep, which is vital for overall health and wellbeing.

In conclusion, spending less time on social media can lead to reduced social comparisons, more fulfilling offline activities, and improved sleep quality. By making conscious choices to limit screen time, we not only enhance our mental and emotional wellbeing but also create opportunities for more meaningful and enriching experiences in our lives."
E11,prose,Easy,Phi,unsloth/Phi-4-mini-instruct-bnb-4bit,1,1004,319,0,273,"Pet ownership has been widely recognized as a significant source of happiness and health benefits for individuals. One of the primary advantages is the reduction of loneliness and the provision of companionship that pets offer. Animals, particularly dogs and cats, have a unique ability to form bonds with their owners, creating a sense of belonging and emotional support. This companionship can be particularly beneficial for those who live alone, as pets provide a consistent presence and engagement, fostering a sense of connection and reducing feelings of isolation.

Furthermore, caring for a pet encourages routine and physical activity, which are essential for maintaining overall well-being. The daily responsibilities associated with pet care, such as feeding, grooming, and exercise, often necessitate a structured routine that can help individuals maintain a healthier lifestyle. Pets, especially dogs, require regular physical activity, which can lead owners to engage in more exercise themselves. This increased physical activity can contribute to better physical health, improved fitness levels, and even weight management.

In addition to the emotional and physical benefits, the bond with a pet has been shown to lower stress hormones in individuals. Interacting with pets has been found to release endorphins, the body's natural painkillers, which can lead to reduced stress and anxiety levels. The presence of a pet can create a calming effect, which is particularly beneficial in stressful situations. Studies have shown that petting animals can lower blood pressure, reduce heart rate, and even lower cortisol levels, the hormone associated with stress. These physiological changes can contribute to a general sense of well-being and emotional stability, making pet ownership a valuable source of happiness and health benefits."
E12,prose,Easy,Phi,unsloth/Phi-4-mini-instruct-bnb-4bit,1,1004,400,0,358,"When you consistently practice expressing gratitude, it fundamentally alters your perspective on life. First and foremost, this habit shifts your focus away from problems and challenges, redirecting your attention to the positive aspects of your life. This mental shift is powerful because it helps you appreciate the good moments more deeply and often more quickly. When you actively recognize and celebrate the positive, you find yourself less bogged down by negativity and more engaged in the joys of everyday life. It's like putting on sunglasses to see the bright side of things more clearly.

Secondly, sharing gratitude with others can significantly strengthen personal relationships. When you express gratitude to someone, it not only makes them feel appreciated but also reinforces the bond you share. This shared expression of gratitude fosters a sense of connection and mutual respect, creating a more positive atmosphere in your relationships. It's akin to a communal activity that brings people closer, enhancing the emotional ties between friends and family members. This practice turns simple conversations into moments filled with appreciation and warmth, which naturally improves interactions and deepens friendships.

Lastly, research has shown that expressing gratitude can have a measurable impact on your mood over time. Studies indicate that people who regularly acknowledge and celebrate the positive aspects of their lives experience higher levels of happiness and lower levels of stress and anxiety. This positive shift in mood and mental state is akin to a long-term investment in your well-being. Over time, as you continue to cultivate gratitude, you not only feel better in the moment but also develop a more resilient and optimistic outlook on life. It's like building a mental fortress that shields you from the harshness of life and keeps your spirits lifted, no matter what challenges come your way.

In conclusion, expressing gratitude regularly is not just about acknowledging the good; it's about transforming your mental landscape, strengthening your relationships, and improving your overall mood and happiness. As you continue to embrace this practice, you will likely find yourself experiencing a more positive and fulfilling life, one where the bright moments shine brighter and the bonds with others grow stronger."
E13,prose,Easy,Phi,unsloth/Phi-4-mini-instruct-bnb-4bit,1,1004,330,0,295,"Taking short breaks during a long work session has several advantages that significantly enhance productivity and overall performance. Firstly, these brief pauses are instrumental in preventing mental fatigue from accumulating. When working for extended periods, the brain can become overwhelmed by the constant flow of thoughts and tasks, leading to a decline in cognitive function. By stepping away for a few minutes, you allow your brain to rest and reset. This mental respite helps rejuvenate your focus and energy, making it easier to tackle complex problems or tasks with renewed vigor when you resume work.

Secondly, stepping away from a problem often leads to better solutions when you return. When immersed in a challenging task, it is easy to become fixated on finding a solution, sometimes leading to tunnel vision and overlooking potential alternatives. Taking a brief pause allows you to step back and gain a fresh perspective. Returning to the problem after a short break often provides a clearer mind and better problem-solving skills, as you can approach the task with a renewed focus and potentially different ideas.

Lastly, regular breaks maintain motivation across the full work period. Continuous work without any breaks can lead to a gradual decline in motivation and energy levels, making it difficult to stay productive for long periods. By scheduling short breaks throughout your work session, you can sustain your energy levels and keep your motivation alive. These regular pauses not only prevent burnout but also create a rhythm that helps you stay engaged and focused on your tasks.

In conclusion, taking short breaks during long work sessions is beneficial as it helps prevent mental fatigue, fosters better problem-solving, and maintains motivation. Incorporating these pauses into your work routine ultimately leads to increased productivity and a healthier work mindset."
E14,prose,Easy,Phi,unsloth/Phi-4-mini-instruct-bnb-4bit,1,1004,379,0,329,"Volunteering your time to assist others can have a profound impact on your life, benefiting you in multiple ways. Firstly, engaging in volunteer work can be an excellent opportunity to develop new skills. By working with different groups of people, you are likely to encounter situations that require problem-solving, adaptability, and communication skills. These experiences can help you to build a diverse set of skills that you might not acquire otherwise. For instance, organizing a community event involves planning, leadership, and event management skills, all of which are valuable in any professional setting.

Secondly, volunteering can significantly expand your professional network. When you meet individuals from various backgrounds and professions while volunteering, you create opportunities to build relationships that can be invaluable later in life. Networking is a key component of career development, and volunteering allows you to meet people outside of your immediate circle. You might find connections with local business leaders, educators, or professionals from different fields, which can lead to new career opportunities, mentorship, or collaborations.

Thirdly, volunteering offers a profound sense of purpose and meaning. Helping others often makes you feel connected to something bigger than yourself, which can be incredibly fulfilling. When you dedicate time to assist others, it not only benefits those in need but also gives you a renewed sense of what is important in life. This shift in perspective can lead to increased satisfaction and happiness. Additionally, the act of giving can be therapeutic and can improve your mental health by reducing feelings of isolation and loneliness. Engaging in volunteer activities can provide a sense of belonging and community, which can be beneficial for those who might otherwise feel disconnected.

Overall, the personal benefits of volunteering are substantial. The development of new skills, expansion of your professional network, and improved mental health through reduced feelings of isolation all contribute to a more fulfilling life. Engaging in volunteer work not only helps others but also enriches your own life in meaningful ways."
M1,prose,Medium,Phi,unsloth/Phi-4-mini-instruct-bnb-4bit,1,1004,359,0,304,"Remote work, on balance, benefits both employees and employers in several significant ways. Employees, for one, experience measurable gains in productivity and focus, primarily due to the elimination of commute times and the reduction of distractions commonly found in open-plan office environments. The absence of daily commutes frees up mental and emotional energy, allowing employees to dedicate more attention to their tasks. Moreover, remote work environments often enable employees to create personalized settings that better suit their individual working styles, which can further enhance focus and productivity.

From the employer’s perspective, there are equally compelling advantages. One notable benefit is access to a wider talent pool, as employers are no longer constrained by geographical limitations. This expanded talent pool allows employers to attract highly skilled candidates from diverse backgrounds, fostering a richer pool of talent and potentially boosting innovation and creativity within the organization. Additionally, remote work arrangements enable businesses to reduce their real-estate overhead, as the necessity for large office spaces diminishes. This cost-saving measure can be redirected towards more strategic investments or employee benefits, ultimately enhancing the company’s financial health and flexibility.

Furthermore, the flexibility offered by remote work arrangements significantly improves employee retention and reduces costly turnover rates. Flexible work options cater to employees’ diverse needs and life circumstances, which can lead to increased job satisfaction and loyalty. Employers benefit from lower turnover costs, as retaining employees is generally more cost-effective than recruiting and training new hires. Employees, on their part, enjoy better work-life balance, which can lead to lower stress levels and improved mental health, contributing to higher overall job satisfaction.

In conclusion, the advantages of remote work arrangements extend across various dimensions, benefiting employees through enhanced productivity and well-being, and employers through access to a broader talent pool, cost savings on real-estate overheads, and improved employee retention and satisfaction."
M2,prose,Medium,Phi,unsloth/Phi-4-mini-instruct-bnb-4bit,1,1004,352,0,306,"Public libraries continue to be vital institutions in the digital age, primarily because they fulfill essential roles in society that extend far beyond mere access to books and digital resources. First and foremost, libraries provide free, equitable access to information technology for populations who cannot afford it. This inclusivity is crucial, as it bridges the digital divide and ensures that everyone, regardless of their socio-economic status, has the opportunity to access the vast array of knowledge available online. Without such access, many individuals and communities would be left behind in an increasingly digital world.

Secondly, libraries serve as community anchors, offering job support, child literacy programs, and safe public spaces. These community hubs become focal points for social interaction and learning, where people from diverse backgrounds can gather, learn, and grow together. Programs like job support and literacy initiatives help bridge gaps in educational opportunities and empower individuals to improve their lives and contribute to society more effectively. The presence of safe public spaces in libraries fosters a sense of community and belonging, making them indispensable in their local neighborhoods.

Lastly, professional librarians perform a curation and verification role that unmediated internet search cannot replicate. The expertise of librarians in evaluating the credibility and relevance of information sources cannot be overstated. They offer personalized assistance and guidance, helping users navigate the vastness of the internet and discern trustworthy information from misinformation. This professional curation ensures that individuals receive accurate and reliable information, which is critical in an age where misinformation can easily spread.

In conclusion, public libraries remain essential institutions in the digital age due to their commitment to providing equitable access to information technology, their role as community anchors, and the invaluable curation and verification services provided by professional librarians. These institutions stand as pillars of knowledge, community, and reliability in an increasingly digital world."
M3,prose,Medium,Phi,unsloth/Phi-4-mini-instruct-bnb-4bit,1,1004,373,0,319,"Learning a second language not only enriches one's linguistic repertoire but also brings forth substantial cognitive and professional benefits. Firstly, bilingualism significantly strengthens executive function, a key component of cognitive abilities. This enhancement is particularly evident in cognitive flexibility and task-switching. Studies have shown that bilingual individuals exhibit improved executive control, allowing them to switch tasks more efficiently and adapt to new information or tasks more fluidly. These cognitive advantages stem from the constant mental juggling act required to operate in more than one language, which fosters a heightened ability to manage multiple tasks and adapt to new cognitive demands.

Moreover, multilingual individuals demonstrate notable advantages in abstract reasoning and metalinguistic awareness. The mental agility required to switch between languages sharpens the mind, leading to better problem-solving skills and a deeper understanding of language structures. This heightened awareness extends beyond mere linguistic fluency, allowing individuals to appreciate the nuances and complexities of languages, which can be beneficial in various intellectual pursuits. The ability to think abstractly and understand metalinguistic concepts contributes to a more profound cognitive development, enhancing one's overall intellectual capabilities.

Finally, proficiency in a second language substantially expands professional opportunities in the globalized labor market. In today's interconnected world, employers highly value candidates who possess multilingual capabilities, as it demonstrates cultural competence and adaptability. Being able to communicate in more than one language opens doors to international job markets, enabling professionals to work with a broader range of clients and colleagues. It also positions individuals favorably in global industries, where companies often seek employees who can navigate diverse cultural contexts and contribute to a more inclusive and dynamic workforce.

In summary, learning a second language offers significant cognitive benefits by strengthening executive function, enhancing abstract reasoning and metalinguistic awareness, and expanding professional opportunities in a globalized labor market. These advantages make bilingualism not just a linguistic skill but a valuable asset for cognitive development and career growth."
M4,prose,Medium,Phi,unsloth/Phi-4-mini-instruct-bnb-4bit,1,1004,404,0,355,"Investing in training existing employees is a strategic decision that can yield substantial benefits for companies. Firstly, fostering internal development helps preserve the institutional knowledge that new hires would otherwise take months to assimilate. Employees already familiar with the company culture, values, and processes can quickly transfer their expertise, which is crucial for maintaining operational continuity and avoiding the steep learning curve associated with bringing in fresh talent. This seamless transfer of knowledge reduces the risk of disruptions and ensures that employees are already contributing effectively to their roles.

Secondly, a visible investment in employee growth sends a strong message about the company's commitment to its workforce, which can have a significant positive impact on employee morale and loyalty. When employees see their company investing in their development, they are more likely to feel valued and supported. This visible commitment can lead to measurable improvements in retention and can greatly reduce the costs associated with high employee turnover. Companies often spend thousands of dollars on recruitment and onboarding processes for new hires, not to mention the productivity loss during the transition period. By focusing on internal training, companies can avoid these expenses and instead channel funds into enhancing employee skills and career growth.

Thirdly, upskilling existing employees is typically faster and less expensive than conducting a full external recruitment cycle. Recruitment processes, including job posting, interviewing, and background checks, can be time-consuming and costly, often taking several weeks to several months. In contrast, training programs for existing employees can be implemented relatively quickly, enabling companies to rapidly upskill their workforce. This expedited process not only saves significant time but also reduces the overall financial burden associated with hiring external candidates. Companies can achieve immediate improvements in employee capabilities, ensuring that their workforce remains agile and capable of meeting evolving business needs.

In conclusion, investing in the development of existing employees offers numerous advantages. It preserves invaluable institutional knowledge, visibly demonstrates a commitment to employee growth, and is often faster and more cost-effective than hiring externally. By focusing on internal training and development, companies can foster a highly skilled and loyal workforce, ultimately driving long-term success."
M5,prose,Medium,Phi,unsloth/Phi-4-mini-instruct-bnb-4bit,1,1004,363,0,305,"Regular physical exercise significantly impacts long-term healthcare costs by contributing to the reduction of preventable chronic diseases, improving mental health outcomes, and demonstrating cost-effectiveness at the population level.

Firstly, active individuals experience substantially lower rates of preventable chronic diseases. Physical activity plays a crucial role in preventing type 2 diabetes and cardiovascular disease. Regular exercise helps in maintaining a healthy weight, improving insulin sensitivity, and enhancing cardiovascular health. Studies have shown that people who engage in regular physical activity are less likely to develop these chronic diseases, which are major contributors to long-term healthcare expenses.

Secondly, exercise has a profound impact on mental health conditions, which now account for a significant portion of healthcare expenditures. Engaging in regular physical activity can reduce the frequency and severity of mental health issues such as depression and anxiety. Exercise induces the release of endorphins, which are chemicals in the brain that act as natural painkillers and mood elevators. Moreover, exercise provides a healthy outlet for stress relief and mental clarity, contributing to overall mental well-being.

Lastly, population-level physical activity programs have shown cost-effectiveness in multiple national healthcare systems. These programs, when implemented on a broad scale, have demonstrated substantial economic benefits by reducing the overall burden of healthcare costs associated with chronic diseases and mental health issues. For example, countries with well-established exercise programs for their populations often report lower healthcare expenditures related to diseases preventable through regular physical activity. Moreover, the implementation of these programs can lead to improved public health outcomes, which indirectly contributes to long-term cost savings.

In conclusion, the benefits of regular physical exercise extend far beyond immediate health improvements. By lowering the incidence of chronic diseases, enhancing mental health, and proving cost-effective at the population level, physical exercise emerges as a pivotal factor in reducing long-term healthcare costs, benefiting individuals and society alike."
M6,prose,Medium,Phi,unsloth/Phi-4-mini-instruct-bnb-4bit,1,1004,293,0,253,"The absence of financial education correlates significantly with high rates of consumer debt and financial vulnerability among young adults. Studies show that individuals who lack financial literacy are more prone to making poor financial decisions, leading to debt accumulation and economic instability. For instance, young adults without financial education often fall prey to high-interest loans, impulsive spending, and inadequate saving habits, exacerbating their financial precariousness. This lack of financial acumen among the youth creates a cycle of financial distress that can persist well into adulthood.

Financial literacy is a universal life skill benefiting all students regardless of income or career path. Understanding basic financial concepts such as budgeting, saving, investing, and managing debt is crucial for everyone, not just those in low-income families or aspiring entrepreneurs. Financial literacy empowers students to make informed decisions, avoid unnecessary debt, and build a secure financial future. It also fosters confidence and autonomy in financial matters, enabling students to navigate the complex financial landscape they will inevitably encounter.

Schools are the only institution with reliable access to all young people before they face high-stakes financial decisions. Unlike parents or employers, schools are accessible to all students and provide a stable environment where students can learn and practice financial skills. By integrating financial literacy into the curriculum, schools ensure that every student, regardless of their background, receives the foundational knowledge needed to make sound financial decisions. This early exposure is crucial in shaping students' financial behaviors and attitudes, setting them up for better financial health in the future."
M7,prose,Medium,Phi,unsloth/Phi-4-mini-instruct-bnb-4bit,1,1004,303,0,265,"Urban green spaces and parks provide measurable public health benefits that justify their cost to municipalities. The access to green space is strongly linked with reduced rates of cardiovascular disease, obesity, and stress-related illness. Studies have shown that regular physical activity in parks and green spaces can lead to significant improvements in cardiovascular health and reduce the incidence of obesity. Moreover, the serene environment found in parks contributes to lower stress levels and fewer incidences of stress-related illnesses. The psychological benefits derived from green spaces are profound; they create restorative environments that are essential for mental health. Exposure to natural settings has been found to reduce anxiety and depression, providing a much-needed respite from the urban hustle and bustle. Furthermore, parks support mental well-being by offering peaceful retreats that allow individuals to recharge, thus mitigating mental health issues. Green infrastructure plays a crucial role in urban settings by reducing the urban heat island effect and air pollution, which has direct respiratory health consequences. The vegetation in urban green spaces helps to cool the air, thereby reducing the heat island effect that plagues many cities. Additionally, the presence of plants and trees in urban green spaces helps filter out pollutants, leading to cleaner air and reduced respiratory issues. In conclusion, the public health benefits provided by urban green spaces and parks, such as reducing cardiovascular disease, obesity, and stress-related illnesses, enhancing mental health, and mitigating urban heat island effects and air pollution, far outweigh their costs to municipalities. These spaces are invaluable for promoting healthier lifestyles and creating environments that support both physical and mental well-being."
M8,prose,Medium,Phi,unsloth/Phi-4-mini-instruct-bnb-4bit,1,1004,350,0,297,"Reading literary fiction profoundly improves empathy and social understanding, primarily through its immersive and complex narrative structures. Firstly, literary fiction requires readers to inhabit perspectives of characters whose experiences differ significantly from their own. This direct engagement with diverse characters trains readers in perspective-taking, allowing them to step outside their own experiences and empathize with characters' feelings, thoughts, and motivations. As readers immerse themselves in the lives and struggles of characters, they develop a deeper understanding of different emotional landscapes and social dynamics. This practice not only broadens their emotional vocabulary but also enhances their ability to see situations from multiple viewpoints.

Secondly, experimental research has demonstrated measurable short-term improvements in theory-of-mind scores following literary fiction reading. Theory-of-mind, a cognitive ability to understand others' thoughts and feelings, is crucial for social interactions and empathy. Studies have shown that reading complex narratives can lead to immediate, albeit temporary, enhancements in this area, indicating that literary fiction readers can better infer the mental states of characters. This improvement in theory-of-mind scores highlights the cognitive benefits derived from the mental gymnastics required to navigate and comprehend literary fiction, thus contributing to readers' social and emotional intelligence.

Lastly, the ambiguity and psychological complexity inherent in literary fiction fosters tolerance for uncertainty and ambiguity. Real-world social competence often requires individuals to navigate unclear and uncertain situations, making decisions and forming opinions without clear-cut answers. Engaging with literary fiction allows readers to practice dealing with complex, ambiguous scenarios in a controlled, fictional environment. This repeated exposure to uncertainty helps readers develop greater tolerance and understanding of ambiguity, which directly translates into improved social competence and empathy in real-life situations. Thus, the experience of reading literary fiction equips readers with valuable skills for understanding and navigating the complexities of human emotions and social interactions."
M9,prose,Medium,Phi,unsloth/Phi-4-mini-instruct-bnb-4bit,1,1004,434,0,361,"Mentorship programs for early-career professionals offer several measurable benefits that can significantly impact their career trajectory. Firstly, these programs accelerate skill development by providing access to tacit professional knowledge that is seldom captured in formal training programs. Mentors, often seasoned professionals, possess a wealth of unwritten expertise and insights that can be invaluable to mentees. Through their guidance, mentees gain a deeper understanding of industry norms, unspoken expectations, and subtle nuances of professional conduct. This transmission of tacit knowledge allows mentees to bridge the gap between theoretical knowledge and practical application, thereby enhancing their competency and confidence in their roles much faster than they might otherwise.

Secondly, the presence of a mentor can dramatically improve the likelihood of receiving promotions and salary increases within a short span, such as five years. Mentorship fosters a relationship built on trust and mutual respect, which can positively influence the mentee’s professional performance and visibility within an organization. Mentored employees often receive more opportunities for growth and recognition, as mentors actively advocate on their behalf. Employers, recognizing the added value of an employee with a dedicated mentor, are more inclined to offer promotions and raises, acknowledging the enhanced skill set and improved performance outcomes.

Lastly, mentorship relationships significantly expand professional networks, creating durable long-term career advantages. Mentors, by virtue of their own extensive networks, can introduce mentees to influential contacts and opportunities that might otherwise have been inaccessible. This expansion of networks not only provides immediate professional benefits but also lays the foundation for enduring professional relationships. Mentees often find themselves better positioned for future career moves, collaborations, and opportunities as a result of the broadened network facilitated by their mentors. Over time, this network growth becomes a critical asset, reinforcing the mentee's career development and opening doors to new possibilities and advancements that might not have been possible otherwise.

In conclusion, mentorship programs provide early-career professionals with accelerated skill development, higher chances of promotions and salary increases, and expanded professional networks, all of which contribute to significant long-term career benefits. The combination of tacit knowledge transfer, advocacy, and network expansion underscores the immense value these programs bring to the professional growth of early-career individuals."
M10,prose,Medium,Phi,unsloth/Phi-4-mini-instruct-bnb-4bit,1,1004,429,0,361,"Diversified investment portfolios provide a robust mechanism for reducing investment risk, especially for ordinary savers who may not have the expertise or resources to manage highly concentrated holdings. The first principle underpinning the benefits of diversification is the concept of spreading risk across various asset classes. By investing in a mix of stocks, bonds, and perhaps other assets, investors can mitigate the impact of any single investment's failure. This principle is rooted in financial theory, where the performance of a diversified portfolio tends to be less volatile compared to one concentrated in a single asset or asset class, given that the idiosyncratic risks inherent to individual investments are averaged out.

Moreover, the historical performance data of diversified portfolios consistently show superior outcomes compared to concentrated holdings, especially when evaluated on a risk-adjusted basis over long periods. This has been observed through various market cycles and economic downturns, where diversified portfolios tend to exhibit lower volatility and better risk-adjusted returns. For example, the evolution of diversified index funds, such as the S&P 500 or broad-market indices, demonstrates their ability to outperform single-asset concentrated investments, especially after adjusting for risk factors. This historical evidence strongly supports the argument that diversification can lead to improved long-term financial outcomes for investors.

Finally, the advent of low-cost index funds has revolutionized the accessibility of genuine diversification to investors without specialized knowledge. Index funds, which track the performance of a broad market index, offer a simple and cost-effective way to achieve broad market exposure. These funds are managed passively, meaning they aim to replicate the performance of their benchmark index without active trading strategies, resulting in significantly lower fees and expenses compared to actively managed funds. As a result, ordinary savers can easily participate in diversified investment strategies, gaining exposure to a wide array of assets while maintaining low costs, thereby enabling them to benefit from the long-term advantages of diversification.

In summary, diversified investment portfolios effectively reduce risk by spreading investments across various asset classes, consistently outperforming concentrated holdings on a risk-adjusted basis over extended periods, and making genuine diversification accessible through low-cost index funds, which are especially beneficial for ordinary savers without specialized investment knowledge."
M11,prose,Medium,Phi,unsloth/Phi-4-mini-instruct-bnb-4bit,1,1004,358,0,299,"Strong public transportation systems yield significant economic benefits for cities that invest in them. Firstly, efficient transit systems expand labor market access by connecting workers to a wider range of employers, thereby raising metropolitan productivity. This broader access allows individuals to seek better job opportunities and enhances the labor market's flexibility, ultimately contributing to economic growth and development. By facilitating more efficient commute patterns, transit systems enable employees to reach more employers, promoting greater job mobility and economic dynamism.

Secondly, transit investment reduces per-capita car dependency, lowering household transportation costs and freeing disposable income. When cities invest in robust public transportation networks, residents rely less on personal vehicles, leading to decreased spending on car maintenance, fuel, insurance, and parking fees. This shift not only results in direct cost savings but also frees up disposable income, which residents can then spend on other goods and services, stimulating local economies. The reduced need for car ownership also promotes environmental benefits by lowering emissions and reducing urban congestion.

Lastly, transit-oriented development (TOD) raises property values and generates tax revenue that offsets infrastructure costs. Transit-oriented development encourages high-density housing and mixed-use developments near transit stations, leading to increased property values and revitalized urban neighborhoods. As property values rise, local governments benefit from increased property tax revenues, which can be reinvested into the transit system itself, creating a virtuous cycle of investment and development. Furthermore, the concentration of development around transit hubs often attracts businesses and shoppers, boosting local economic activity and enhancing the vibrancy of urban centers. 

In conclusion, strong public transportation systems create economic benefits by improving labor market access, reducing transportation costs, and stimulating urban development. These advantages collectively enhance metropolitan productivity, economic growth, and urban revitalization, making public transportation investments a wise choice for cities aiming for long-term economic prosperity."
M12,prose,Medium,Phi,unsloth/Phi-4-mini-instruct-bnb-4bit,1,1004,389,0,345,"Companies that prioritize diversity and inclusion reap substantial benefits, starting with the diverse nature of their teams. Diverse teams bring together individuals from varied backgrounds, each bringing unique perspectives and experiences. This amalgamation of viewpoints helps in mitigating groupthink, where homogeneous groups might miss critical insights. Instead, by embracing a wide range of ideas and approaches, businesses can enhance the quality of their decision-making processes. Such environments foster innovation and creativity, enabling companies to tackle problems more effectively and devise superior strategies that can give them a competitive edge.

Furthermore, inclusive workplaces demonstrate higher employee engagement and retention. When employees feel valued and included, regardless of their background, they are more likely to be engaged and committed to their work. High employee engagement translates into better productivity, higher quality of work, and overall improved performance. Additionally, when employees feel included and supported, they are less likely to leave the organization. Reducing turnover not only saves considerable costs associated with hiring and training new employees but also ensures continuity and stability within the organization. Companies that invest in creating an inclusive culture benefit immensely by retaining top talent and maintaining high levels of employee satisfaction and productivity.

Lastly, workforce diversity enhances an organization's ability to understand and serve a diverse customer base. Companies that boast a diverse workforce are better positioned to empathize with and understand the varied needs of their customers. This understanding can lead to the development of more innovative products and services that cater to a broader audience, ultimately driving business growth and market share. When companies reflect the diversity of their clientele in their workforce, they are more likely to build trust and loyalty among their diverse customer segments, leading to sustained business success.

In summary, prioritizing diversity and inclusion results in better business outcomes through diverse teams bringing wider perspectives to problem-solving, inclusive workplaces boosting employee engagement and retention, and workforce diversity enhancing an organization's ability to understand and serve a diverse customer base. These advantages collectively contribute to the overall success and sustainability of companies committed to fostering inclusive environments."
M13,prose,Medium,Phi,unsloth/Phi-4-mini-instruct-bnb-4bit,1,1004,275,0,247,"Early childhood education programs are instrumental in laying the groundwork for lifelong learning and development. The quality of early childhood education has a profound impact on children's cognitive development and literacy skills. Research consistently demonstrates that high-quality early childhood education produces measurable improvements in these areas, with benefits persisting through primary school. This foundational period is crucial, as the cognitive and academic skills children acquire early on form the basis of their future educational journey and overall academic success.

Furthermore, longitudinal studies tracking participants of early childhood education programs reveal significant long-term benefits. These studies consistently show that individuals who participated in high-quality early childhood education programs exhibit higher rates of high school graduation, employment, and earnings in adulthood. The positive outcomes are not only academic but also extend into economic realms, providing compelling evidence for the long-term value of investing in early childhood education.

Moreover, the economic return on investment in early childhood education has been extensively analyzed and proven to be highly favorable. The economic benefits far exceed the initial investment costs, with estimates suggesting that every dollar spent on early childhood education yields several dollars in return. This economic return is realized through reduced costs in remedial education and social welfare programs, which are offset by the enhanced educational outcomes and later economic productivity of individuals who benefited from early childhood education. These economic advantages, coupled with the substantial academic benefits, make a strong case for the public investment in early childhood education programs."
H1,prose,Hard,Phi,unsloth/Phi-4-mini-instruct-bnb-4bit,1,1004,368,0,307,"Scientific knowledge, when examined closely, reveals a landscape far from the static, unassailable fortress of certainty that some might wish to portray. The history of science itself demonstrates that even the most well-established theories are subject to significant revision, or are understood to apply only within certain constrained domains. Newtonian mechanics, for instance, remains a cornerstone of physics, yet its classical form has been modified to accommodate relativistic effects and quantum phenomena. Similarly, classical thermodynamics, while robust in many contexts, encounters limitations when confronted with phenomena at extremely low temperatures or high energy densities, necessitating a shift to quantum field theories. These examples underscore the notion of fallibilism as an empirically warranted epistemic stance, suggesting that scientific theories are inherently provisional and open to change.

Moving forward, the Duhem-Quine thesis further elucidates why scientific knowledge cannot be deemed entirely certain. This thesis posits that no single hypothesis within a scientific theory can be conclusively falsified in isolation. When experimental outcomes are observed, they can always be made consistent with a revision of auxiliary hypotheses, rather than a direct falsification of the central hypothesis. This inherently holistic and defeasible nature of scientific knowledge means that scientific theories are always part of larger theoretical frameworks and are never isolated propositions that can be definitively proven or disproven.

Lastly, the principle of underdetermination of theory by evidence reinforces the idea that scientific knowledge is always partial and provisional. This principle asserts that any finite dataset will be consistent with infinitely many competing theoretical frameworks, meaning that empirical confirmation alone cannot definitively support one theory over another. As a result, any empirical confirmation is always partial and incomplete, and scientific certainty claims always exceed what evidence can justify. These claims collectively affirm the provisional and fallible nature of scientific knowledge, challenging the notion of science as a body of established certainties."
H2,prose,Hard,Phi,unsloth/Phi-4-mini-instruct-bnb-4bit,1,1004,396,0,329,"Moral responsibility hinges fundamentally on the nature of agency. For agents to be held morally responsible, it must be established that they possess the ability to act otherwise in a given situation; this counterfactual competence condition cannot be satisfied if their actions are merely determined by causal chains. In a purely mechanistic framework, the concept of agency would be devoid of any normative content, reducing agents to mere nodes within deterministic networks. To posit that agents could have acted otherwise implies that they possess some degree of freedom or counterfactual ability, which inherently introduces a normative dimension that deterministic causal explanations lack.

Furthermore, the attitudes we have toward others—resentment, indignation, gratitude—are meaningful only when we conceive of agents as capable of responding to reasons. This reactive attitude framework presupposes that agents have a certain degree of agency, where they can be seen as rational agents who can be influenced by reasons and motivations. If agents were merely nodes in causal networks, devoid of any capacity for reason-responsive action, then our reactive attitudes would lose their intelligibility and normative force. The concept of agency as understood in the context of moral responsibility thus necessitates that agents be seen as sources of reasons-responsive action, not merely as products of deterministic causal forces.

Lastly, compatibilists strive to reconcile agency with determinism, yet their efforts often involve redefining core concepts. They attempt to salvage a form of agency by redefining what it means to 'could have done otherwise' in a way that fits within a deterministic framework. However, this shift in conceptualization results in the abandonment of the original normative content associated with agency and moral responsibility. By redefining 'could have done otherwise' in dispositional terms, compatibilists maintain the linguistic form of attributing responsibility but strip away its normative essence. This reveals an inherent tension in compatibilist thought, where the attempt to preserve agency within a deterministic universe ultimately compromises the substantive normative dimension that underlies our conceptions of moral responsibility and agency."
H3,prose,Hard,Phi,unsloth/Phi-4-mini-instruct-bnb-4bit,1,1004,506,0,424,"The thesis that language fundamentally shapes human thought and cognition can be defended through three main claims. First, cross-linguistic research on spatial cognition, color categorization, and number representation shows a systematic covariation between linguistic categories and non-linguistic cognitive performance. This evidence indicates that linguistic distinctions influence the granularity of conceptual representations. For instance, speakers of languages with rich spatial vocabulary, like the Aymara speakers, show different patterns of spatial cognition compared to speakers of languages with less spatial vocabulary, such as Japanese speakers. These differences are not merely superficial; they reflect deeper cognitive structures shaped by linguistic distinctions. Thus, the language we speak shapes how we conceptualize and process spatial information.

Second, language acquisition in early childhood does not merely label pre-existing content but actively restructures the child's representational system. Studies reveal that infants at the boundary of language acquisition show category-learning differences when engaging in linguistic tasks compared to non-linguistic tasks. For example, infants demonstrate the ability to categorize novel objects differently when they are learning names for those objects. This suggests that the process of acquiring language actively restructures the child's cognitive system, altering how they organize and represent information. Such restructuring is evident in how infants begin to form categories based on linguistic input, indicating that language acquisition is a transformative process rather than merely labeling existing concepts.

Third, even internal deliberative thought is partially constituted by linguistic representation, as the sequential and negation-permitting structure of natural language enables forms of reasoning that non-linguistic cognitive systems cannot support. When individuals engage in internal deliberation or reasoning, they often rely on the linguistic structures available to them. For example, complex thought processes like counterfactual thinking or nested reasoning rely on the syntactic and grammatical structures of natural language. These linguistic structures allow for the sequential arrangement of thoughts and the ability to negate or consider alternatives, enabling forms of reasoning that would be impossible in purely non-linguistic cognitive systems. Thus, the structures and affordances of natural language play a crucial role in shaping the way human thought processes operate internally.

In conclusion, the influence of language on human cognition and thought processes is profound and multifaceted. The systematic covariation between linguistic categories and cognitive performance, the active restructuring of cognitive systems during language acquisition, and the reliance on linguistic structures for internal deliberative thought all serve to establish that language fundamentally shapes human thought and cognition. This thesis underscores the deep interplay between linguistic structures and cognitive processes, demonstrating that the way we think is heavily influenced by the language we speak."
H4,prose,Hard,Phi,unsloth/Phi-4-mini-instruct-bnb-4bit,1,1004,319,0,269,"The phenomenology of genuine aesthetic experience involves a claim to intersubjective validity. When we judge a work beautiful, we do not merely express a personal preference; rather, we implicitly call upon others to agree with our assessment. This normative dimension suggests that aesthetic judgments are not solely based on individual responses, but also involve shared human experiences and values. Such shared experiences imply a common standard or criterion that goes beyond mere subjective feelings, thus pointing to an intersubjective component of aesthetic evaluation.

The practice of aesthetic criticism presupposes that aesthetic assessments are answerable to considerations beyond individual response, and that some responses are better-informed than others. Aesthetic criticism, as a field, relies on established standards, reasons, and educational frameworks to evaluate art. This system of evaluation is designed to be more objective and informed, rather than purely subjective. By incorporating educational and critical elements, the practice of aesthetic criticism underscores the importance of informed judgment and the role of communal understanding in assessing aesthetic value.

Aesthetic relativism generates a regress, whereby if every preference is equally valid, then the preference for pluralism over dogmatism becomes merely another preference. This relativist position undermines the normative force of the argument by reducing all aesthetic judgments to mere subjective preferences. Without a shared framework or objective standard, relativism fails to provide a coherent basis for evaluating aesthetic judgments, as it ultimately collapses into an untenable position where all preferences are equally valid and none can be normatively preferred over others. This regress highlights the limitations of aesthetic relativism and underscores the need for some form of normative framework in aesthetic evaluation."
H5,prose,Hard,Phi,unsloth/Phi-4-mini-instruct-bnb-4bit,1,1004,505,0,418,"The philosophical debate surrounding consciousness is deeply complex and unresolved, particularly when examining the explanatory power of physicalist and functionalist theories. At the core of this debate lies the ""hard problem"" of consciousness, famously articulated by philosopher David Chalmers. This problem asks why and how physical processes in the brain give rise to subjective experiences, or phenomenally conscious states. The distinction between the easy problems and the hard problem is crucial. Easy problems pertain to explaining cognitive functions and processes, which functionalism and physicalism address by detailing how mental states correlate with physical states and how cognitive functions operate. However, these theories fall short when confronted with the hard problem; they explain *how* the brain functions but not *what* it is like to experience consciousness.

The conceivability of philosophical zombies furthers this point. A philosophical zombie is a hypothetical being that is physically indistinguishable from a human being, yet lacks phenomenal experience. If we could imagine such creatures, it suggests that phenomenal consciousness is not logically entailed by physical description. This implies that there is a contingent identity between physical and phenomenal properties; that is, the relationship between physical processes and phenomenal experiences is not necessarily fixed and could be different in other possible worlds. Thus, the notion of zombies challenges the idea that physical processes alone suffice to explain consciousness.

Moreover, consider the thought experiment known as ""Mary's Room."" In this scenario, Mary, a neuroscientist, has complete physical knowledge of a room and all the objects within it. She then learns the color of red by observing someone in a red room. When she sees red for the first time, she experiences a phenomenal sensation. This thought experiment shows that even with full physical knowledge, Mary still gains new phenomenal information when she sees red. This indicates that phenomenal facts are epistemically irreducible to physical facts, even though the ontological dualism—where physical and phenomenal properties are considered distinct—may not be strictly necessary. Hence, while physicalism and functionalism might explain cognitive processes, they do not fully address the nature of consciousness itself.

Therefore, consciousness poses an explanatory challenge that current physicalist and functionalist frameworks do not fully resolve. The hard problem remains elusive, philosophical zombies demonstrate the contingent nature of consciousness, and thought experiments like Mary's Room reveal the epistemic gap between physical knowledge and phenomenal experience. These points collectively affirm that any current explanation of consciousness that relies solely on physical processes and functions leaves the hard problem of consciousness—why physical processes give rise to subjective experiences—unanswered."
H6,prose,Hard,Phi,unsloth/Phi-4-mini-instruct-bnb-4bit,1,1004,352,0,294,"Distributive justice fundamentally necessitates a substantive assessment of outcome patterns, as merely focusing on procedural fairness falls short. Procedurally fair processes, while essential, do not inherently produce just outcomes. This is because such processes often overlook and perpetuate existing structural inequalities. For instance, differential access to education and inherited wealth are significant factors that can skew outcomes, regardless of how fair the process appears. Therefore, procedural fairness alone cannot suffice to ensure justice; there must also be a substantive evaluation of the outcomes themselves to address these inequalities.

The difference principle, as articulated by Rawls, offers a clear and principled criterion for evaluating outcome patterns. According to this principle, inequalities are justified only if they result in the greatest benefit to the least advantaged members of society. This criterion allows for a substantive assessment, focusing on how outcomes affect the most vulnerable. In contrast to purely procedural fairness, Rawls's difference principle provides a substantive framework that scrutinizes the actual distribution of benefits and burdens in society, ensuring that the least advantaged are indeed better off as a result of any inequalities that might exist.

The baseline problem, however, poses a significant challenge in distributive justice. Determining what counts as a fair starting point for procedurally legitimate exchange is inherently problematic. Any chosen baseline presupposes a prior substantive judgment about what individuals are entitled to. For example, deciding who gets what initial resources or opportunities involves making substantive choices that cannot be fully captured by procedural fairness alone. Such initial judgments about entitlements and baselines are crucial and must be addressed substantively, as they lay the groundwork for any subsequent distributional considerations. Thus, while procedural fairness is vital, it cannot address the substantive issues of justice that arise at the outset of any distributive process."
H7,prose,Hard,Phi,unsloth/Phi-4-mini-instruct-bnb-4bit,1,1004,391,0,330,"Large-scale technological systems exert profound influence on social structures and distributions of power, often resisting effective governance through individual choice or conventional regulatory frameworks. Winner's concept of 'politics built into design' is pivotal in understanding how material properties of platform architecture embed particular distributions of agency and dependency. These built-in properties are not visible to individual users and are not easily revisable. For instance, the architecture of social media platforms like Facebook or Twitter inherently shapes user behavior, dictating how content is shared and consumed. Users become dependent on these platforms for social interactions, thus reducing their agency in how they engage with technology.

Moreover, the dynamics of network externalities, switching costs, and data-compounding effects contribute to a structural lock-in that favors technological monopolies. Network externalities imply that the value of a network increases as more people join it, creating a barrier for newcomers. Switching costs, including financial and psychological barriers to moving from one platform to another, reinforce this lock-in effect. Data-compounding effects, wherein the accumulation of user data enhances the platform's capabilities and attractiveness, further entrench the dominant position of certain platforms. This combination makes market competition insufficient as a governance mechanism because even if alternatives exist, the entrenched user base and data advantages create substantial barriers to switching.

Lastly, the pace of technological deployment systematically outstrips the capacity of regulatory institutions to develop adequate oversight frameworks. As technology rapidly evolves, regulatory bodies struggle to keep pace, leading to a persistent governance gap. Individual adaptation alone cannot close this gap, as the inherent complexities and rapid changes of technology demand robust, agile, and proactive governance mechanisms. The result is a landscape where power is concentrated in the hands of a few tech giants, who can shape social interactions and power dynamics in ways that are resistant to effective governance through individual choice or traditional regulatory frameworks. This convergence of architectural design, economic lock-in, and regulatory lag underscores the challenges posed by large-scale technological systems in shaping modern society."
H8,prose,Hard,Phi,unsloth/Phi-4-mini-instruct-bnb-4bit,1,1004,363,0,308,"The concept of the intentional fallacy as articulated by Wimsatt and Beardsley posits that a literary work, once created, becomes a linguistic artifact whose meanings are determined by the conventions and interpretive practices of its language community, rather than solely by the author's original intentions. This perspective challenges the notion that an author's intent is the sole determinant of a text's meaning, emphasizing instead the dynamic and evolving nature of language and interpretation. It is crucial to recognize that authors cannot fully control the myriad ways their words will be understood and used in different contexts and times.

Moreover, the hermeneutic gap — the difference between what an author consciously intended and what a text semantically encodes — is argued to be irreducible. This gap underscores the fact that authorial intention alone cannot account for the full spectrum of meanings that emerge from a text. The same linguistic tokens can lead to multiple interpretive elaborations, each potentially diverging from what the author might have envisioned. This gap, therefore, implies that textual meaning is not merely a function of the author's original intentions but is instead shaped by broader linguistic and cultural forces.

Finally, Roland Barthes's concept of the 'death of the author' furthers this argument by focusing on interpretive authority rather than eliminativism. Barthes suggests that the activation of textual meaning occurs not in the author's mind but in the reader's engagement with the text. This engagement draws on various competencies that readers bring to the text, influenced by their historical context and personal experiences. These factors vary across readers and historical moments, meaning that original intentions cannot fully anticipate the diverse and rich interpretations that a text will generate over time. Thus, the meaning of a text is seen as emerging from the interplay between reader and text, rather than being strictly determined by the author’s intentions."
H9,prose,Hard,Phi,unsloth/Phi-4-mini-instruct-bnb-4bit,1,1004,336,0,267,"The concept of democratic legitimacy is far more complex than mere majority rule or aggregated preference satisfaction. Firstly, unrestricted majority rule poses significant risks, notably the ""tyranny of the majority."" This term refers to the phenomenon where the interests of permanent minorities are systematically excluded. Majority rule, when exercised without constitutional or institutional constraints, can lead to the oppression of minority groups. To counter this, constitutional rights and counter-majoritarian institutions like courts or bicameral legislatures become essential. These are not limitations on democracy but rather indispensable mechanisms that safeguard against the potential excesses of pure majoritarianism.

Secondly, deliberative democracy theorists like Habermas and Cohen argue that legitimate political decisions hinge on the exchange of reasons under conditions of equal standing, mutual recognition, and openness to rational revision. These conditions are critical for achieving meaningful democratic outcomes. Bare majoritarianism, however, neither requires nor ensures these deliberative conditions. The focus on deliberation, as opposed to simple voting, stresses the importance of rational discourse and the exchange of arguments, which are vital for justifying the legitimacy of political decisions.

Lastly, the epistemic argument for democracy posits that the quality of deliberation determines the legitimacy of democratic decisions. Majority decisions reached under conditions of systematic misinformation or manipulation lack the epistemic credentials necessary to justify democratic authority. Therefore, procedural compliance alone, such as mere majority rule, does not automatically confer democratic legitimacy. This argument underscores that the epistemic quality of deliberation—how well-informed, honest, and rational the participants are—plays a crucial role in legitimizing democratic outcomes. Consequently, democracy requires not just voting but also a high-quality deliberative process to be genuinely legitimate."
H10,prose,Hard,Phi,unsloth/Phi-4-mini-instruct-bnb-4bit,1,1004,496,0,400,"The concept of rationality has long been considered as an unchanging, universal principle applicable across all contexts. However, a deeper examination reveals that rationality is not a static, context-independent capacity but one that is deeply influenced by cognitive processes, social dynamics, and institutional frameworks. This perspective finds substantial support in the domain of bounded rationality research, which traces its roots back to the pioneering works of Herbert A. Simon, who introduced the concept of ""satisficing,"" where decision-makers settle for an acceptable solution rather than the optimal one due to cognitive and environmental constraints. Building on this foundation, researchers like Daniel Kahneman and Amos Tversky have further elucidated how human reasoning is inherently flawed, influenced by heuristics and biases that systematically depart from classical rationality norms under ecologically realistic conditions. This body of research underscores the significant deviations from idealized rationality that occur in real-world scenarios, driven by cognitive limitations and environmental pressures.

Furthermore, rationality is significantly influenced by the institutional scaffolding that shapes human cognition and decision-making processes. The capacity for extended, reliable reasoning is heavily dependent on external cognitive artifacts, socially distributed knowledge, and institutional norms of evidence. These elements are themselves historically contingent and vary across epistemic communities, suggesting that what constitutes rational thought and action is deeply influenced by the socio-institutional context in which it occurs. For instance, the reliance on formalized methodologies, such as scientific experiments or legal reasoning, reflects the institutional requirements and cognitive schemas that shape rationality. This institutional dependency highlights the historical and social variability of rationality norms, further undermining the notion of a universal rationality principle.

Lastly, the evaluation of what constitutes rational or irrational thinking is not neutral or universal but deeply embedded within particular epistemic traditions. The standards by which reasoning is judged, the validity of inferences, and the appropriateness of evidence are determined by domain-specific norms. For example, the standards of rationality in scientific research differ markedly from those in legal practice or artistic expression. This variability across domains and traditions suggests that rationality norms resist reduction to a single transcontextual rationality norm, further emphasizing the context-dependence of rationality.

Together, these three claims illustrate that rationality is not an immutable, universal capacity but one that is deeply shaped by cognitive processes, social dynamics, and institutional frameworks. This understanding challenges the classical view of rationality and underscores the importance of considering context-specific factors when evaluating human reasoning and decision-making processes."
H11,prose,Hard,Phi,unsloth/Phi-4-mini-instruct-bnb-4bit,1,1004,416,0,341,"The psychological continuity view advanced by Locke and developed by Parfit is a compelling perspective on personal identity, as it correctly identifies that what matters in survival is the persistence of overlapping chains of memory, personality, and intention. This view posits that our identity is preserved through psychological connections, not merely through physical continuity. The intuitiveness of this verdict is evident when considering brain-transplant thought experiments. Imagine a scenario where your brain is transplanted into another body. Intuitively, you would conclude that the person with your brain is the one who possesses your identity, not the person with your body. This supports the psychological continuity view because the essence of who you are—your memories, personality, and intentions—remains intact with the transplanted brain.

However, the biological continuity view fails to capture the normative significance of personal identity. What grounds our prudential concern for our future self and our moral responsibility for our past actions is psychological connectedness, not mere biological continuity. Consider the possibility of entering an irreversible vegetative state where biological continuity persists, but the psychological relations are absent. In such a scenario, it would be nonsensical to claim that your identity endures, as there is no psychological connectedness. The biological continuity view overlooks the essential role that psychological connections play in forming our identity.

Parfit's reductionism further refines our understanding of personal identity by emphasizing that identity consists in and does not go beyond psychological continuity and connectedness. This perspective is preferable to non-reductionist accounts because it dissolves apparent paradoxes in cases of fission and gradual psychological replacement rather than generating arbitrary verdicts. For instance, in a scenario involving fission, Parfit's view allows us to understand that identity is not a matter of preserving a soul or some metaphysical essence, but rather it is about the continuity of psychological states. By focusing on psychological continuity, Parfit's reductionism offers a coherent and non-arbitrary way to navigate complex scenarios concerning personal identity, ensuring that we maintain a clear and rational understanding of what it means to be the same person over time."
H12,prose,Hard,Phi,unsloth/Phi-4-mini-instruct-bnb-4bit,1,1004,390,0,329,"To defend the thesis that mathematical objects possess a form of objectivity independent of human psychological or social construction, we must delve into three main claims. The first claim hinges on the indispensability argument, which asserts that our best scientific theories quantify over mathematical entities and are confirmed by the empirical success of those theories. Just as scientific realists accept entities like electrons based on theoretical indispensability, there is no principled ground for rejecting the existence of mathematical objects on similar grounds. This argument posits that mathematical entities are indispensable to our scientific theories, providing a form of objectivity akin to that of physical entities in scientific inquiry.

Moving to the second claim, we must consider the phenomenology of mathematical discovery. Mathematicians often encounter unexpected theorems, stumble upon failed proofs, and discover surprising connections across different branches. This exploration of mathematical structures is more naturally described as an investigation into a domain with determinate structure rather than as the invention of arbitrary formal systems. The discovery process in mathematics reveals a consistent structure and interrelations that transcend subjective human invention, suggesting an objective mathematical reality.

Finally, the third claim addresses nominalist alternatives that attempt to eliminate mathematical objects in favor of physical inscriptions or mental constructions. These nominalist approaches face decisive technical objections. Firstly, they either fail to recover the full expressive power of standard mathematics, making it inadequate for certain applications. Secondly, they often generate circularity, as they presuppose mathematical structure in the account meant to eliminate it. This circularity undermines the nominalist attempt to construct a purely psychological or social basis for mathematics, leaving the argument unpersuasive in favor of the existence of mathematical objects.

In conclusion, these three claims collectively support the thesis that mathematical objects possess a form of objectivity independent of human psychological or social construction. The indispensability argument, the phenomenology of mathematical discovery, and the technical objections to nominalist alternatives all contribute to the case for mathematical objects as possessing an objective reality."
H13,prose,Hard,Phi,unsloth/Phi-4-mini-instruct-bnb-4bit,1,1004,320,0,263,"The replication crisis in psychology highlights a deeply rooted institutional and incentive-structural problem, rather than merely a methodological one. The proximate methodological failures seen in psychological research — such as underpowered studies, p-hacking, HARKing, and selective outcome reporting — are fundamentally a rational response to the prevailing publication incentive structure. In this system, novel positive results are highly rewarded, whereas replication attempts and null findings are systematically penalized. Researchers, therefore, find themselves incentivized to engage in practices that produce significant findings, even if it means compromising on the scientific rigor and integrity of their research.

Moreover, the peer review system as currently constituted exacerbates this problem by providing insufficient verification of methodological adequacy. Peer reviewers, often operating under significant time constraints, are unable to detect the flexible analytical choices researchers employ to inflate false-positive rates. This lack of scrutiny is compounded by the absence of requirements for data sharing, pre-registration, or independent replication. Consequently, the peer review process fails to catch methodological flaws that contribute to the replication crisis.

To address these issues, field-level interventions are necessary and sufficient to substantially reduce the false-positive rate, but their adoption is hindered by the individual rationality problem. Initiatives like pre-registration mandates, registered reports, open data requirements, and tenure criteria weighting replication are individually rational only if adopted collectively. However, researchers face a coordination problem where they cannot independently adopt these practices without an overarching enforcement mechanism, typically provided by funding bodies. This leads to the slow adoption of such reforms, perpetuating the methodological flaws and incentive structures that contribute to the replication crisis in psychology."
E15,prose,Easy,Phi,unsloth/Phi-4-mini-instruct-bnb-4bit,1,1004,362,0,311,"Learning to play a musical instrument as an adult, while initially daunting, can be immensely rewarding and beneficial in numerous ways. First and foremost, it serves as a powerful exercise for both memory and hand coordination. As you progress through lessons and practice sessions, you are constantly challenging your brain, enhancing your cognitive abilities, and improving your dexterity. This constant engagement helps maintain mental acuity and can even slow down age-related cognitive decline. Additionally, playing an instrument requires a great deal of physical coordination, which can lead to improved fine motor skills. This can be particularly beneficial for adults who spend significant time at desks or computers, as it helps counterbalance the sedentary nature of modern work life. Furthermore, as an adult learner, you possess the maturity and self-discipline necessary to master complex pieces, which can be a gratifying experience. Moreover, having a creative outlet after work or school can be incredibly fulfilling. When the day ends, picking up an instrument provides an escape, allowing you to channel your thoughts and emotions into music, something that purely intellectual pursuits may not offer. This creative outlet fosters a sense of artistic expression and joy, enabling you to decompress and find inspiration in a different realm. Finally, the steady sense of progress that comes from practicing an instrument cannot be overstated. Each practice session builds upon the last, gradually increasing your skill and confidence. The tangible milestones, such as learning a new piece or mastering a challenging section, provide a sense of accomplishment and motivation to continue. This ongoing progress, coupled with the mental and physical benefits of playing an instrument, makes the journey worthwhile and enriching. Thus, even as an adult, the investment of time and effort into learning to play a musical instrument is undeniably beneficial, offering a holistic enhancement to one's cognitive abilities, creative expression, and overall sense of achievement."
E16,prose,Easy,Phi,unsloth/Phi-4-mini-instruct-bnb-4bit,1,1004,332,0,294,"Walking or biking for short trips instead of driving can significantly enhance everyday life in numerous ways. Firstly, it saves money on fuel and parking, which is often overlooked. The cost of filling up your car each week can add up, not to mention the sporadic expenses associated with car maintenance and unexpected repairs. When you opt to walk or bike, you eliminate these costs, freeing up funds that can be better spent elsewhere. Additionally, parking can be a hassle and expensive in urban areas, where the costs of parking frequently exceed those of gas or other travel expenses.

Moreover, choosing to walk or bike instead of driving offers the benefit of adding exercise to your day without extra planning. Many people struggle to find time for exercise, often opting for sedentary activities such as watching TV or browsing the internet. However, simply switching to walking or biking for short trips can seamlessly integrate physical activity into your routine, boosting your health without requiring any special arrangements or time set aside just for exercise.

Lastly, walking or biking allows you to notice and enjoy your neighborhood in ways that driving never allows. When you drive, you are often confined to the seat of your car, surrounded by glass and metal, which isolates you from your surroundings. Conversely, walking or biking exposes you to the sights and sounds of your community. You get a chance to see the greenery, hear the birds, and even smell the flowers. These experiences foster a connection with your environment that is often lost when driving.

In conclusion, walking or biking for short trips instead of driving can save money, seamlessly incorporate exercise into your routine, and enrich your connection with your surroundings, making everyday life better in numerous ways."
E17,prose,Easy,Phi,unsloth/Phi-4-mini-instruct-bnb-4bit,1,1004,408,0,366,"Taking a basic first aid course is an excellent investment of a weekend and should be considered by anyone looking to enhance their skills in handling common emergencies and build confidence in stressful situations. Firstly, the course prepares you to help in common emergencies, which is invaluable given the unpredictable nature of life. By learning basic first aid techniques, you will be equipped to handle situations such as choking, burns, or even unconsciousness, which can be crucial when seconds count. Not only does this knowledge empower you to assist in emergencies, but it also offers peace of mind knowing you have the skills to help others in their time of need.

Secondly, the course builds calm confidence in stressful moments. Life is fraught with unexpected challenges, and knowing how to respond calmly under pressure can make a significant difference in everyday situations. Whether you're dealing with an accident at home or witnessing an accident, having the basic skills to manage and calm the scene can help prevent panic and ensure that everyone involved remains safe and composed. This calm demeanor can be incredibly beneficial in high-pressure environments, allowing you to act swiftly and effectively.

Finally, the course is short and inexpensive, making it an ideal option for those looking to enhance their skill set without committing significant time or financial resources. Many first aid courses are designed to fit into busy schedules, often offering weekend or evening sessions that fit perfectly into a weekend getaway. These courses are typically low-cost, with some even offering digital certificates or online completion options. This affordability and convenience make it a smart investment, providing valuable skills and peace of mind at a fraction of the cost of more extensive courses.

In conclusion, taking a basic first aid course is a smart use of a weekend. It prepares you for common emergencies, builds calm confidence in stressful moments, and is both short and inexpensive. Not only do you gain essential life-saving skills, but you also stand out as someone capable of handling emergencies with confidence and composure. It's an invaluable investment of your time and a small expense that can significantly benefit your life and the lives of those around you."
E18,prose,Easy,Phi,unsloth/Phi-4-mini-instruct-bnb-4bit,1,1004,307,0,267,"Growing a small herb or vegetable garden at home offers numerous benefits that make it a rewarding hobby. Firstly, having fresh herbs and vegetables right outside your door is a delightful experience. There's something invigorating about picking fresh basil, cherry tomatoes, or young lettuces, knowing exactly where they came from. This immediacy of fresh produce not only enhances the flavors of your meals but also reduces the temptation to turn to processed foods, encouraging healthier eating habits.

Secondly, tending to plants provides a calming and meditative break from the daily grind. The rhythmic motions of watering plants, feeling the soil between your fingers, and observing the gradual growth of your garden can be incredibly soothing. It's a form of physical activity that helps relieve stress, while also offering a peaceful escape from the hustle and bustle of urban life. The gentle hum of bees, the scent of earth, and the vibrant colors of flourishing plants create a serene environment that rejuvenates your spirit.

Lastly, gardening teaches patience and the value of watching things grow over time. As you nurture your garden, you learn to appreciate the slow and steady progress that plants make. It's a reminder of the importance of nurturing and waiting for the best outcomes, a lesson that can be applied to various aspects of life. Watching a plant sprout from a seedling or watching a vegetable ripen to perfection is a gratifying process that fosters a deep sense of accomplishment and patience. Growing a garden at home, therefore, is not just about producing food; it’s about enjoying the process and learning invaluable life lessons."
E19,prose,Easy,Phi,unsloth/Phi-4-mini-instruct-bnb-4bit,1,1004,346,0,312,"Writing tasks down in a daily planner provides several advantages that significantly enhance one's ability to stay organized and focused on life’s myriad responsibilities. Firstly, the act of physically writing tasks down helps to reinforce memory retention. When you jot down a task or appointment, it transforms abstract thoughts into concrete entries, making it easier for your brain to recall them later. Unlike digital reminders or mental notes, paper planners offer a tactile experience that many find more memorable and less prone to being forgotten. This method reduces the chances of missing important tasks and appointments, thus reducing anxiety and stress over forgotten commitments.

Secondly, maintaining a daily planner helps in clearing your head and allowing you to relax. When you have everything written down, it creates a structured environment that can reduce mental clutter and overwhelm. The act of writing itself can be meditative, allowing you to focus on the task at hand without the distractions that digital devices often bring. This sense of order and clarity helps in reducing anxiety and provides a mental respite from the chaos of daily life, enabling you to relax and unwind.

Finally, the satisfaction of checking off completed tasks in your daily planner provides a tangible sense of progress and accomplishment. Each time you check off an item, it serves as a small but significant victory, boosting your mood and motivation. This visual and tactile feedback loop reinforces positive behavior and encourages you to stay on top of your responsibilities. The act of crossing off tasks not only boosts your productivity but also provides a clear and satisfying record of what you have accomplished, contributing to a more organized and fulfilling life. Writing tasks down in a daily planner, therefore, offers a simple yet powerful way to stay organized, reduce stress, and celebrate small victories, ultimately helping you stay on top of your life."
E20,prose,Easy,Phi,unsloth/Phi-4-mini-instruct-bnb-4bit,1,1004,349,0,303,"Playing board games with family and friends is an enriching experience that offers numerous benefits, making it a worthwhile activity to indulge in. Firstly, it fosters conversation and connection around the table, providing an excellent opportunity for participants to engage in meaningful dialogue. When people gather around a board game, they naturally tend to discuss their thoughts, strategies, and experiences, creating a lively atmosphere that encourages bonding and relationship-building. This shared interaction helps to strengthen relationships and create lasting memories.

Secondly, playing board games teaches good sportsmanship, especially in terms of handling winning and losing scenarios gracefully. Board games often come with their own set of rules and strategies, and understanding these dynamics teaches players the importance of patience, fair play, and sportsmanship. By experiencing the highs of victory and the lows of defeat, players learn to approach games with a sense of respect for opponents and the game itself. This mindset carries over into everyday interactions, promoting a more considerate and thoughtful approach to life's challenges.

Lastly, board games offer cheap entertainment that can be enjoyed repeatedly, making them a cost-effective form of leisure activity. Many board games have simple setup processes and minimal cost implications, allowing families and friends to enjoy them multiple times without breaking the bank. Unlike expensive movie nights or dining out, playing board games at home provides endless hours of fun, creativity, and intellectual stimulation. The replay value of many board games ensures that players can revisit favorite games, keeping the excitement alive with each new play session.

In conclusion, playing board games with family and friends is an enriching activity that fosters meaningful interactions, teaches essential life skills, and offers affordable entertainment. It is a timeless activity that encourages bonding, sportsmanship, and creativity, making it an excellent choice for anyone looking to spend quality time together."
E21,prose,Easy,Phi,unsloth/Phi-4-mini-instruct-bnb-4bit,1,1004,375,0,325,"There is no denying the immense benefits of learning how to swim. Firstly, mastering swimming skills significantly enhances one's safety around bodies of water such as pools, lakes, and the ocean. Without the ability to swim, one becomes vulnerable to potential accidents and life-threatening situations. Knowing how to swim empowers individuals to confidently enter and enjoy these aquatic environments. Furthermore, swimming can prevent drowning incidents, making it a vital skill for ensuring personal safety and peace of mind when in or near water.

Secondly, swimming serves as an excellent full-body workout that is gentle on the joints. Unlike many other forms of exercise, swimming allows individuals to engage multiple muscle groups while reducing the impact on their joints. This low-impact exercise makes it accessible to people of all ages and fitness levels, including those who may have previously struggled with joint pain or injuries. Swimming's ability to provide a comprehensive workout while protecting the body contributes to its popularity as a fitness activity.

Lastly, learning how to swim opens up a world of exciting activities such as snorkeling and water sports. These activities not only enhance one's swimming skills but also provide unique and thrilling experiences that one would not otherwise enjoy. Snorkeling, for instance, offers a serene underwater adventure, allowing individuals to explore vibrant marine life while enjoying the freedom of movement in water. Water sports like paddleboarding and kayaking present exhilarating adventures that combine skill, balance, and fun. Engaging in these activities boosts one's confidence and love for the water, leading to lifelong memories and an enriched appreciation for the natural world.

In conclusion, the skills gained from learning how to swim are invaluable, contributing to personal safety, providing a low-impact exercise option, and opening up a myriad of exciting activities. Whether it’s staying safe around water, enjoying a full-body workout, or embarking on thrilling adventures like snorkeling and kayaking, swimming stands out as an essential skill and a source of endless enjoyment."
M14,prose,Medium,Phi,unsloth/Phi-4-mini-instruct-bnb-4bit,1,1004,265,0,231,"Routine preventive maintenance of buildings and equipment is a prudent investment that yields significant long-term benefits. Firstly, scheduled inspections are vital as they catch small defects early on before they escalate into expensive structural or mechanical failures. By conducting these inspections regularly, building managers and maintenance teams can identify and address minor issues promptly, preventing them from developing into costly problems. This proactive approach allows for the timely replacement or repair of worn components, ensuring the longevity and safety of the building and its equipment.

Secondly, planned maintenance is crucial in avoiding the unplanned downtime and lost output that accompany sudden breakdowns. When equipment or systems fail unexpectedly, it often results in significant downtime, causing production delays and financial losses. Scheduled maintenance plans help avoid these unplanned interruptions by ensuring that all systems and equipment are maintained and inspected regularly. This helps keep operations running smoothly and efficiently, reducing the likelihood of costly emergency repairs.

Lastly, well-maintained assets last substantially longer, spreading their capital cost over more years of service. Routine maintenance ensures that equipment and buildings remain functional and efficient over an extended period. This extended lifespan means that the initial capital investment is amortized over a longer time frame, reducing the annual cost of owning and operating the asset. As a result, the overall cost-effectiveness of routine maintenance is greatly enhanced, making it a wise investment for any organization."
M15,prose,Medium,Phi,unsloth/Phi-4-mini-instruct-bnb-4bit,1,1004,346,0,304,"Contributing to open-source software provides significant benefits to the organizations involved. Firstly, the collaborative nature of open-source projects allows for the sharing of code, which distributes the cost of maintenance across many contributors. Instead of relying on a single company to shoulder the burden of ongoing updates and support, a multitude of developers and organizations can contribute their expertise and resources. This shared responsibility not only reduces the financial strain on individual entities but also fosters a diverse set of ideas and solutions that enhance the overall robustness and functionality of the software.

Secondly, the public peer review of source code in open-source projects plays a crucial role in improving software quality and exposing security vulnerabilities much earlier. Developers from around the world can examine, critique, and suggest improvements to the codebase, leading to a more thorough and rigorous development process. This collective scrutiny helps catch potential flaws and security issues sooner, ultimately resulting in more reliable and secure software. Moreover, the ability to review others' code can inspire developers to adopt best practices and innovative solutions that they might not have considered independently.

Lastly, visible contributions to open-source projects bolster an organization's technical reputation and play a pivotal role in recruiting skilled engineers. When organizations actively participate in and contribute to open-source software, they signal their commitment to the tech community and their willingness to collaborate. This not only enhances their reputation as tech-savvy and supportive entities but also attracts highly skilled engineers who appreciate the culture of open-source development. Such contributions demonstrate the company's expertise and dedication, making it an appealing employer for top-tier talent who seek challenging and dynamic work environments. In summary, the collaborative nature of open-source projects, the rigorous peer review process, and the enhanced organizational reputation all contribute to the substantial benefits that open-source contributions yield for organizations."
M16,prose,Medium,Phi,unsloth/Phi-4-mini-instruct-bnb-4bit,1,1004,310,0,264,"The advent of the standardized shipping container in the twentieth century stands as one of the most economically consequential innovations of the era. Firstly, the introduction of containerization revolutionized the way cargo was handled at ports by sharply reducing the labor and time required to load and unload cargo. Prior to containerization, cargo was often transported in bulk or by individual pieces, which was not only time-consuming but also labor-intensive. The standardized container, however, allowed entire containers to be loaded onto ships in one go, dramatically streamlining the process and significantly lowering operational costs.

Secondly, the uniformity in container size facilitated seamless global trade by allowing goods to move effortlessly between ships, trains, and trucks without the need for repacking. This uniformity created a highly efficient and integrated global supply chain network, enabling businesses to operate with unprecedented efficiency and cost-effectiveness. The seamless movement of goods across various modes of transport enabled companies to take advantage of economies of scale, further enhancing the economic impact of this innovation.

Lastly, sealed shipping containers played a crucial role in reducing theft and damage in transit. By enclosing goods in a secure environment, containers mitigated the risk of loss, theft, and wear, which in turn lowered the associated insurance and handling costs. The reduced risk and improved security conditions fostered greater confidence among businesses and consumers alike, further contributing to the economic advantages brought forth by containerization.

Collectively, the standardized shipping container transformed global trade dynamics, enabling significant economic benefits that ripple through various industries, making it one of the most pivotal innovations of the twentieth century."
M17,prose,Medium,Phi,unsloth/Phi-4-mini-instruct-bnb-4bit,1,1004,298,0,257,"Citizen science projects contribute significantly to scientific research by leveraging the enthusiasm and dedication of volunteers. Firstly, volunteer observers collect data across geographic areas and time spans that professional teams could not cover alone. For example, long-running bird counts, like those conducted by the Cornell Lab of Ornithology, rely heavily on the contributions of volunteers. These observers gather data spanning vast regions and extended periods, making it possible to gather comprehensive datasets that would otherwise be impossible for professional researchers to achieve in the same timeframe.

Secondly, online volunteers play a crucial role in classifying large image and audio datasets, such as galaxy photographs or bird calls, much faster than small research groups could. Platforms like Zooniverse enable volunteers to participate in tasks that require extensive amounts of data processing and classification. This not only speeds up the research process but also allows scientists to tackle large-scale projects, like the Galaxy Zoo or eBird, which would be unfeasible for individual researchers or small teams.

Lastly, participation in citizen science projects improves public scientific literacy and understanding of how evidence is gathered. Engaging with these projects allows volunteers to gain firsthand experience in scientific research methods, data collection, and analysis processes. This interaction fosters a better understanding of the scientific process among the general public, thereby enhancing scientific literacy. Moreover, it empowers volunteers to contribute meaningfully to scientific endeavors, creating a sense of ownership and pride in their contributions. Overall, citizen science projects not only advance scientific research but also promote educational growth and public engagement in science."
M18,prose,Medium,Phi,unsloth/Phi-4-mini-instruct-bnb-4bit,1,1004,296,0,260,"Structured code review plays a pivotal role in enhancing the quality of software produced by engineering teams. Firstly, it enables reviewers to catch defects well before the software reaches release, when they are significantly cheaper to fix than if discovered in production. This early detection is crucial as it minimizes the cost and effort required to rectify issues, thereby improving software reliability and performance. Consequently, teams can avoid the costly implications of post-release defect fixing, which often involves complex debugging processes and can disrupt ongoing development work.

Secondly, structured code review fosters a culture of shared knowledge and collective code ownership. When engineers review each other's changes, they gain insights into different parts of the codebase that they may not have worked on. This process not only broadens their understanding of the system but also ensures that knowledge is distributed across the team rather than centralized in a single expert. As a result, teams become more resilient to changes in personnel or unforeseen absences, thereby maintaining productivity and continuity in development efforts.

Lastly, the practice of regular review enforces consistent coding standards and best practices within the team. By adhering to predefined review guidelines and methodologies, engineering teams develop a uniform approach to writing and maintaining code. This consistency is vital for long-term software maintenance as it ensures that the codebase remains readable, understandable, and modifiable by any team member. The disciplined approach to code review ultimately leads to software that is easier to manage, extend, and debug over time, contributing to the overall robustness and sustainability of software projects."
M19,prose,Medium,Phi,unsloth/Phi-4-mini-instruct-bnb-4bit,1,1004,427,0,355,"Written checklists serve as a vital tool in high-stakes professions such as aviation and surgery by reducing reliance on memory for routine but critical steps, especially under stress and fatigue. In aviation, pilots are trained to use checklists extensively, ensuring that every step of a flight plan, from pre-takeoff procedures to landing and post-landing checks, is followed meticulously. The structured nature of written checklists helps pilots focus on the task at hand, reducing cognitive load and the potential for human error. This is particularly crucial during emergencies or high-stress situations, where a pilot's ability to remember and execute procedures can be compromised. By having a written checklist, pilots can rely on a predefined sequence of actions, allowing them to manage stress and fatigue more effectively, thereby enhancing safety and operational reliability.

Similarly, in the realm of surgery, the adoption of written checklists, such as the World Health Organization's surgical safety checklist, has shown significant benefits in reducing preventable errors and complications. Surgeons and operating room staff can follow a structured sequence of steps, ensuring that critical elements of patient safety and surgical success are not overlooked. For instance, the checklist prompts the surgical team to verify the patient's identity, the intended procedure, and the potential risks, thus standardizing communication within the team. Every team member, including nurses and technicians, is given a defined moment to raise concerns or confirm details, which helps prevent misunderstandings and missed steps. The documented results of studies on the surgical safety checklist have demonstrated measurable reductions in complications and adverse events after its adoption, highlighting the checklist's role in improving patient outcomes in surgical settings.

In both aviation and surgery, written checklists foster a culture of safety and meticulousness. They ensure that every step of a procedure, no matter how routine, is followed without omissions, thereby enhancing overall safety and reducing the likelihood of errors. The structured nature of these checklists means that professionals are better equipped to handle high-pressure situations, as they provide a clear and reliable framework to guide their actions. Ultimately, written checklists contribute significantly to the reduction of preventable errors, improving safety outcomes in high-stakes environments."
M20,prose,Medium,Phi,unsloth/Phi-4-mini-instruct-bnb-4bit,1,1004,311,0,274,"Over recent decades, advancements in weather forecasting have brought about significant economic benefits. Firstly, the enhanced accuracy of weather forecasts has allowed farmers to optimize their planting schedules, irrigation plans, and harvesting times. This precision in timing has led to a reduction in crop losses, which in turn boosts agricultural productivity and profitability. Farmers can better anticipate weather conditions and make informed decisions, ultimately leading to a more stable and prosperous agricultural sector.

Secondly, the improved forecasting systems have provided earlier warnings of severe storms, which plays a crucial role in public safety and property protection. These timely alerts enable evacuations and the necessary preparations to minimize property damage and loss of life. Governments and emergency services can plan and respond more effectively, reducing the overall economic impact of natural disasters on communities.

Lastly, industries such as airlines, shipping companies, and electricity grid operators heavily rely on accurate weather forecasts to plan their operations efficiently. Airlines use these forecasts to determine flight routes and schedules, reducing delays and cancellations caused by adverse weather conditions. Shipping companies utilize weather predictions to avoid dangerous waters and optimize shipping routes, enhancing fuel efficiency and reducing costs. Electricity grid operators benefit from forecasts to balance supply and demand, preventing outages and ensuring a stable energy supply to consumers.

In summary, the advancements in weather forecasting have produced large economic value by enabling farmers to reduce crop losses, providing timely warnings to minimize property damage and loss of life, and allowing industries to operate more efficiently and cost-effectively. These benefits collectively enhance economic stability and growth, underscoring the significant economic value generated by improved weather forecasting over recent decades."
H14,prose,Hard,Phi,unsloth/Phi-4-mini-instruct-bnb-4bit,1,1004,411,0,331,"The thesis that causation cannot be adequately analyzed solely through the lens of regular succession between events finds strong support in several compelling arguments. Firstly, regularity accounts struggle significantly as they fail to distinguish genuine causal relations from accidental or common-cause correlations. Take, for instance, the regular succession of falling barometer readings followed by storms; this regularity does not imply that the falling barometer reading causes the storm. Instead, both phenomena may share a common cause, such as atmospheric pressure changes, rendering the regularity account insufficient for capturing genuine causality. This failure of regularity accounts is evident as they cannot adequately disentangle the complex web of causally connected events.

Secondly, interventionist accounts, notably developed by Woodward, succeed where regularity accounts fail by identifying causal relations through dependencies that remain invariant under ideal interventions on the putative cause. Woodward's interventionist framework posits that a causal relationship exists between two variables if, and only if, an intervention on one variable results in a corresponding change in the other variable, holding all other variables constant. This method allows for a clearer demarcation of causation by focusing on the invariance of causal relationships under ideal interventions, thereby addressing the shortcomings of regularity accounts.

Lastly, the interventionist account also explains the epistemic privilege of randomized controlled experiments (RCEs). The design of RCEs approximates an ideal intervention by severing the putative cause from its ordinary antecedents, thereby isolating the effect of the putative cause. In randomized controlled experiments, participants are randomly assigned to treatment or control groups, which mimics the effect of an intervention by ensuring that confounding variables are evenly distributed between groups. This design thus allows researchers to observe the effects of the treatment in a controlled setting, enhancing the epistemic credibility of the causal claims derived from such experiments. Through these three arguments, it becomes evident that the interventionist account offers a more robust framework for analyzing causation, overcoming the limitations of regularity accounts and reinforcing the reliability of RCEs in establishing causal relationships."
H15,prose,Hard,Phi,unsloth/Phi-4-mini-instruct-bnb-4bit,1,1004,399,0,336,"The biological function of a trait within an organism can be understood most effectively through etiological accounts, as opposed to purely dispositional or causal-role accounts. The etiological perspective, which posits that a trait's function is determined by its evolutionary history and the effects that its ancestors were selected for, offers several compelling advantages. Firstly, etiological accounts address the normativity of biological functions, including the possibility of malfunction, in a way that purely dispositional analyses struggle to accommodate. When a trait's function is understood in terms of its evolutionary history, it inherently includes the notion of what the trait *ought* to do, given the effects its ancestors were selected to produce. This perspective allows for a nuanced understanding of biological phenomena that accommodates not just the current function of a trait, but also its historical context and potential deviations from that function, which can be seen as malfunctions.

Secondly, etiological accounts provide a clear advantage over causal-role accounts, which are often criticized for their inability to distinguish a trait's function from its accidental effects without relativizing function to the explanatory interests of the investigator. Cummins' causal-role theory, while useful, falters when attempting to disentangle functional attributes from incidental outcomes without resorting to subjective determinations based on the investigator's interests. This undermines the objectivity of functional attribution, making etiological accounts superior in their ability to offer an objective historical explanation for why a trait exists and functions as it does.

Lastly, etiological accounts alone vindicate the explanatory force of functional claims by offering a clear and objective historical explanation for why a trait is present in an organism rather than merely describing what it currently does. By focusing on the historical selection pressures that shaped a trait's ancestors, etiological accounts answer the historical question of why a trait exists, providing a deeper understanding of its biological significance. This historical perspective not only explains the current function of the trait but also situates it within an evolutionary context, offering a richer and more objective framework for understanding biological functions."
H16,prose,Hard,Phi,unsloth/Phi-4-mini-instruct-bnb-4bit,1,1004,389,0,335,"C.A. Coady argues persuasively that the justification of testimony cannot be reduced to knowledge grounded in the hearer's own perception, memory, and inductive inference. This argument hinges on several key points, the first of which is the practical impossibility of verifying independent sources. In everyday life, no individual has the capacity to independently verify the track records of all the sources upon which ordinary beliefs rely. Given the vast array of sources that constitute our everyday knowledge, it becomes evident that one cannot practically validate all these sources independently. Consequently, a reductionist justification of testimony, which attempts to ground testimony purely on personal verification, is unavailable in practice.

Furthermore, this argument gains additional support when considering the acquisition of knowledge by young children. Young children acquire vast bodies of knowledge through testimony before they possess the inferential resources required by reductionism for testimonial justification. This is evident in the developmental stages of children, where they rely heavily on parental or teacher testimony to form their initial understanding of the world. The inferential capabilities that a reductionist approach would require to justify such testimony are simply beyond their developmental stage, rendering the reductionist justification unavailable and highlighting the necessity of testimonial trust in early childhood development.

Lastly, when examining scientific knowledge, the division of cognitive labor as analyzed by James R. Hardwig illustrates the inherent epistemic dependence of researchers on their colleagues. In contemporary science, researchers cannot personally check the results of their colleagues, making scientific knowledge itself rest irreducibly on testimonial trust. This division of cognitive labor means that researchers must rely on the testimony of their peers to validate experimental results and theoretical conclusions. The epistemic gap created by this reliance on testimony underscores the foundational role of testimonial trust in the construction and validation of scientific knowledge.

Together, these claims underscore the impossibility of reducing testimonial justification purely to the hearer's own cognitive faculties, thereby reinforcing the necessity of trusting testimony as an indispensable component of both everyday knowledge acquisition and scientific progress."
H17,prose,Hard,Phi,unsloth/Phi-4-mini-instruct-bnb-4bit,1,1004,340,0,288,"Idealized scientific models, while often containing known falsehoods, nonetheless provide genuine understanding of natural phenomena. First, such idealizations like frictionless planes, infinite populations, and point masses serve to isolate the difference-making factors of a phenomenon. By deliberately removing factors that do not alter its explanatory structure, these models allow scientists to focus on the core dynamics of the system being studied. Frictionless planes, for instance, eliminate the complexities introduced by friction, thereby simplifying the study of motion and allowing researchers to derive fundamental principles like conservation of momentum with greater clarity.

Second, understanding a phenomenon hinges on grasping patterns of counterfactual dependence, which an idealized model can accurately represent even when its literal assumptions are false. Theoretical models that abstract away certain details can still capture the essential relationships and dependencies between variables. In physics, for example, the idealization of point masses in classical mechanics enables the study of gravitational interactions in a way that simplifies calculations and focuses on the fundamental forces involved, even though real masses are distributed over a finite space.

Third, minimal-model explanations, as analyzed by Batterman, account for universal behavior across physically heterogeneous systems precisely because they omit the microscopic details that differ between those systems. By focusing on the macroscopic properties and behaviors, minimal models provide a framework to understand how complex systems behave in a simplified manner. This approach helps in identifying the fundamental principles that govern the behavior of different physical systems, such as the conservation laws in physics or the principles of thermodynamics, even when the microscopic details vary significantly between systems. Overall, the use of idealized models allows scientists to uncover the core principles and relationships that define natural phenomena, providing a robust framework for understanding complex systems."
H18,prose,Hard,Phi,unsloth/Phi-4-mini-instruct-bnb-4bit,1,1004,332,0,275,"Ryle's regress argument, as articulated by philosopher G.E. Ryle, challenges the reduction of knowing how to merely knowing that. Ryle posits that if every intelligent performance required first contemplating a proposition, the act of applying that proposition would itself require further propositional knowledge. This creates an infinite regress, as there would never be a finite end to the chain of knowing that to achieve intelligent action. Thus, Ryle concludes that the act of knowing how cannot be simply broken down into knowing that because it would always lead to a recursive need for more propositions.

Moving forward, skilled performance, such as playing a musical instrument or driving, involves a context-sensitive responsiveness that far exceeds any finite set of propositions an agent could articulate or endorse. This kind of performance is not merely a matter of recalling facts or propositions; rather, it encompasses an embodied understanding of the situation, where the performer responds intuitively and adaptively. In such contexts, the performer demonstrates a kind of tacit knowledge that does not rely solely on propositional knowledge.

Finally, neuropsychological dissociations provide compelling evidence for the separation of practical and propositional knowledge. Consider amnesic patients who, despite having lost explicit memory of having practiced a particular skill, are able to acquire new motor skills. This phenomenon shows that practical knowledge, or knowing how, can develop independently of propositional knowledge, or knowing that. These dissociations illustrate that individuals can exhibit competent performance without necessarily having explicit propositional knowledge, further supporting Ryle's argument that knowing how cannot be reduced to knowing that. Thus, the distinction between knowing how and knowing that remains significant and observable in various cognitive and psychological domains."
H19,prose,Hard,Phi,unsloth/Phi-4-mini-instruct-bnb-4bit,1,1004,371,0,312,"The loss of biodiversity undermines the long-term stability and functioning of ecosystems primarily through three interconnected mechanisms. Firstly, the insurance hypothesis posits that species within a community respond differently to environmental fluctuations. This implies that communities with a greater variety of species are better equipped to maintain stable aggregate productivity when conditions change. In other words, having more species means that the ecosystem is more resilient to disturbances because different species can compensate for each other's absence.

Secondly, functional redundancy is a critical concept wherein multiple species within an ecosystem perform overlapping ecological roles. This redundancy acts as a buffer, protecting ecosystem processes against the loss of any single species. However, when species are removed from an ecosystem, this buffer erodes, leading to decreased ecosystem stability and functionality. The redundancy in ecological roles ensures that the ecosystem can continue to operate even when one species is lost, but the overall resilience diminishes as more species are lost.

Thirdly, the loss of keystone species can trigger trophic cascades, which have far-reaching consequences for entire ecosystems. Keystone species play a crucial role in maintaining the structure of ecological communities and their removal can lead to dramatic changes. For instance, the decline of sea otters in marine ecosystems allowed sea urchins to overgraze kelp forests, demonstrating how the effects of a single species' extinction can propagate through the entire community. The absence of a keystone species like sea otters disrupts the balance of predator-prey dynamics, leading to cascading effects that destabilize the ecosystem.

In conclusion, the loss of biodiversity poses a significant threat to ecosystem stability and functionality. Through the insurance hypothesis, functional redundancy, and the loss of keystone species triggering trophic cascades, the intricate balance of ecological communities is disrupted, leading to diminished resilience and increased vulnerability to environmental changes. This highlights the urgent need to preserve biodiversity to maintain ecosystem health and stability."
S1,short,Easy,Phi,unsloth/Phi-4-mini-instruct-bnb-4bit,1,1004,83,0,70,"During the day, the sky appears blue because of a phenomenon called Rayleigh scattering. When sunlight enters the Earth's atmosphere, it collides with molecules and tiny particles in the air. Blue light, having a shorter wavelength, is scattered in all directions more than other colors with longer wavelengths. As a result, when we look up, we see the scattered blue light from all angles, giving the sky its blue hue."
S2,short,Easy,Phi,unsloth/Phi-4-mini-instruct-bnb-4bit,1,1004,72,0,62,"Ice floats on liquid water because it is less dense than water. When water freezes, it forms a crystalline structure that is less dense than liquid water. This lower density causes ice to push water molecules upward, making ice buoyant. As a result, when ice melts in water, it sinks to the bottom, releasing water that is denied in the original ice."
S3,short,Easy,Phi,unsloth/Phi-4-mini-instruct-bnb-4bit,1,1004,87,0,75,"A rainbow forms when sunlight passes through water droplets in the atmosphere. This process involves the bending and dispersion of light, which occurs when light enters the droplets at an angle, undergoes refraction, reflection, and then exits the droplets. The dispersed light then appears as a spectrum of colors, forming a circular arc in the sky. The specific angles at which the light is refracted and reflected create the distinct colors observed in a rainbow."
S4,short,Medium,Phi,unsloth/Phi-4-mini-instruct-bnb-4bit,1,1004,95,0,82,"Earth has seasons because of its axial tilt of approximately 23.5 degrees relative to its orbital plane. This tilt causes different parts of Earth to receive varying amounts of sunlight throughout the year. During summer, the hemisphere tilted towards the sun receives more direct sunlight, while during winter, it tilts away, receiving less sunlight. This variation in sunlight exposure results in the changing seasons, with summer occurring when the tilt directs sunlight towards the hemisphere and winter when it directs sunlight away."
S5,short,Medium,Phi,unsloth/Phi-4-mini-instruct-bnb-4bit,1,1004,86,0,73,"Ocean tides are primarily caused by the gravitational pull of the moon and the sun. The moon's gravitational force exerts a tidal force on Earth, creating bulges in the oceans that result in high and low tides. Additionally, the rotation of Earth causes these tidal forces to shift, leading to the cyclical movement of the tides. The sun also contributes to tidal forces, although its effect is less significant compared to the moon's."
S6,short,Easy,Phi,unsloth/Phi-4-mini-instruct-bnb-4bit,1,1004,54,0,45,"Bread dough rises before baking because of the yeast or chemical leaveners that produce carbon dioxide gas during fermentation. This gas gets trapped in the gluten network, creating bubbles. As the dough bakes, these bubbles expand and contract, forming the airy texture of the bread."
S7,short,Medium,Phi,unsloth/Phi-4-mini-instruct-bnb-4bit,1,1004,101,0,88,"A black hole is a region in space where the gravitational pull is so strong that nothing, not even light, can escape from it. This happens because the matter has been crushed into an infinitely dense point known as a singularity. Black holes are formed when massive stars collapse under their own gravity, creating a point where the gravitational forces are infinitely strong. They can exist in different forms, such as stellar black holes, formed from dying stars, or supermassive black holes found at the centers of galaxies."
S8,short,Medium,Phi,unsloth/Phi-4-mini-instruct-bnb-4bit,1,1004,81,0,72,"A metal spoon feels colder than a wooden spoon at room temperature because metals are good conductors of heat. When you touch a metal spoon, it quickly draws heat from your hand, making it feel cold. On the other hand, wood is a poor conductor of heat, so it does not draw heat away from your hand as quickly, making it feel warmer or at least less cold than the metal spoon."
S9,short,Medium,Phi,unsloth/Phi-4-mini-instruct-bnb-4bit,1,1004,108,0,91,"A refrigerator keeps food cold by using a refrigerant like Freon or R-134a, which cycles through evaporation and condensation in a closed loop. The refrigerant absorbs heat from the inside as it evaporates at low temperatures, then transfers this heat to the outside as it condenses at higher temperatures. This process is driven by a compressor and evaporator coils, creating a temperature difference that keeps food cold inside the refrigerator. The heat exchange mechanism in the refrigerator transfers the absorbed heat to the outer environment, thereby maintaining the cold temperature inside."
S10,short,Easy,Phi,unsloth/Phi-4-mini-instruct-bnb-4bit,1,1004,87,0,76,"Photosynthesis is the process by which plants convert sunlight into chemical energy, allowing them to produce food. During this process, plants absorb carbon dioxide and water, using sunlight to create glucose and oxygen. The glucose serves as energy for the plant's growth and development, while oxygen is released into the atmosphere as a byproduct. This process is essential for the survival of plants and the overall balance of oxygen and carbon dioxide in the Earth's atmosphere."
S11,short,Easy,Phi,unsloth/Phi-4-mini-instruct-bnb-4bit,1,1004,95,0,78,"In autumn, the chlorophyll in leaves breaks down, revealing other pigments like carotenoids and anthocera. Chlorophyll's dominance fades as temperatures drop, and trees enter a dormant phase to prepare for winter. The changing colors are a result of the complex interplay between environmental factors and the physiological changes occurring within the trees. This phenomenon is also influenced by the angle of sunlight and the reflection of light on the leaves, creating vibrant hues of red, orange, and yellow."
S12,short,Easy,Phi,unsloth/Phi-4-mini-instruct-bnb-4bit,1,1004,89,0,73,"Weather refers to the short-term conditions of the atmosphere at a given time and place, such as temperature, precipitation, and wind patterns. Climate, on the other hand, describes the long-term average weather patterns in a particular region, encompassing patterns of temperature, precipitation, and wind over extended periods of time. While weather can change rapidly and unpredictably, climate is more stable and predictable, shaped by the geographical features and environmental conditions of an area."
S13,short,Easy,Phi,unsloth/Phi-4-mini-instruct-bnb-4bit,1,1004,84,0,74,"A magnetic compass works by detecting the Earth's magnetic field. The compass needle aligns itself with the Earth's magnetic field lines, pointing towards the magnetic north and south poles. When you hold the compass, the needle will rotate until it points in the direction of the magnetic field, allowing you to determine direction. The compass's needle typically points to the magnetic north, which is slightly off from the geographic north due to magnetic declination."
S14,short,Medium,Phi,unsloth/Phi-4-mini-instruct-bnb-4bit,1,1004,93,0,78,"Inflation in economics refers to the general increase in prices and the fall in the purchasing power of money over time. When inflation occurs, it means that the money you have will buy less than it did before. For example, if a loaf of bread cost $1 last year, but now it costs $1.05, that loaf has become slightly more expensive. Inflation affects consumers, businesses, and the economy as a whole by altering spending habits and investment decisions."
S15,short,Easy,Phi,unsloth/Phi-4-mini-instruct-bnb-4bit,1,1004,107,0,95,"The Moon appears to go through phases because of its orbit around the Earth and the angle of sunlight hitting it. As the Moon orbits Earth, the angle at which sunlight hits the Moon changes, causing different portions of its surface to be illuminated. During a full moon, the Earth is between the Sun and the Moon, lighting the entire face we see. During a new moon, the Earth is between the Sun and the Moon, causing the side facing us to be in shadow. These changing angles result in the lunar phases we observe."
S16,short,Easy,Phi,unsloth/Phi-4-mini-instruct-bnb-4bit,1,1004,90,0,80,"An algorithm is a step-by-step procedure or formula used to solve a problem or achieve a specific outcome. It involves a series of instructions that are logically organized to perform a task, often programmed into a computer. Algorithms can vary in complexity and are designed to be efficient and effective in solving problems within the constraints of time and resources. They are fundamental in fields like computer science, mathematics, and engineering, where they help in optimizing solutions and improving processes."
S17,short,Medium,Phi,unsloth/Phi-4-mini-instruct-bnb-4bit,1,1004,65,0,55,"Salt is spread on icy roads because it lowers the freezing point of water. When salt dissolves in water, it creates a brine that has a lower freezing point, making the water more likely to stay liquid even at subfreezing temperatures. This helps prevent ice formation and improves traction, making driving on icy roads safer."
S18,short,Hard,Phi,unsloth/Phi-4-mini-instruct-bnb-4bit,1,1004,107,0,93,"An airplane wing generates lift through the aerodynamic principle known as the Bernoulli effect, which involves air flowing faster over the curved top surface of the wing than beneath it. This difference in airspeed creates a pressure difference, with lower pressure on top and higher pressure at the bottom, producing an upward force called lift. Additionally, the wing's angle of attack and shape contribute to the overall lift generated, allowing the airplane to stay airborne. The wing's design and materials ensure it can withstand the forces and maintain its structural integrity during flight."
S19,short,Medium,Phi,unsloth/Phi-4-mini-instruct-bnb-4bit,1,1004,116,0,88,"DNA, or deoxyribonucleic acid, is the molecule that carries genetic instructions in living cells. It is composed of two strands that coil around each other, forming a double helix. The sequence of nucleotides in DNA encodes the information necessary for the synthesis of proteins, which are essential for cell function and development. In eukaryotes, DNA resides in the cell nucleus, while in prokaryotes, it exists in the cytoplasm. DNA replication and transcription are fundamental processes that enable cells to pass genetic information to daughter cells during cell division."
S20,short,Hard,Phi,unsloth/Phi-4-mini-instruct-bnb-4bit,1,1004,84,0,72,"Water boils at a lower temperature at high altitudes because the atmospheric pressure is lower. At sea level, the atmospheric pressure is higher, which requires more energy (heat) for water to reach its boiling point. At higher elevations, the decreased atmospheric pressure means that water will boil at a lower temperature, making the process less energy-intensive. This phenomenon affects cooking times and the behavior of liquids in environments with lower atmospheric pressure."
C1,code,Easy,Qwen,unsloth/Qwen2.5-7B-Instruct-bnb-4bit,1,1000,99,0,66,"```python
def is_palindrome(s: str) -> bool:
    """"""
    Returns True if the given string s reads the same forwards and backwards,
    after converting it to lowercase and removing non-alphanumeric characters.
    """"""
    # Convert the string to lowercase and keep only alphanumeric characters
    cleaned = ''.join(ch.lower() for ch in s if ch.isalnum())
    
    # Check if the cleaned string is equal to its reverse
    return cleaned == cleaned[::-1]
```"
C2,code,Easy,Qwen,unsloth/Qwen2.5-7B-Instruct-bnb-4bit,1,1000,221,0,110,"```python
def fizzbuzz(n: int) -> list[str]:
    """"""
    Returns a list of strings from 1 to n inclusive, where multiples of both 3 and 5 are ""FizzBuzz"",
    multiples of 3 are ""Fizz"", multiples of 5 are ""Buzz"", and others their own decimal string.
    
    Parameters:
    n (int): The upper limit of the range (inclusive).
    
    Returns:
    list[str]: A list of strings based on the FizzBuzz logic.
    """"""
    if n < 1:
        return []
    result = []
    for i in range(1, n + 1):
        div_by_3 = i % 3 == 0
        div_by_5 = i % 5 == 0
        if div_by_3 and div_by_5:
            result.append(""FizzBuzz"")
        elif div_by_3:
            result.append(""Fizz"")
        elif div_by_5:
            result.append(""Buzz"")
        else:
            result.append(str(i))
    return result
```"
C3,code,Easy,Qwen,unsloth/Qwen2.5-7B-Instruct-bnb-4bit,1,1000,195,0,100,"```python
def sieve_primes(n: int) -> list[int]:
    """"""
    Returns a list of prime numbers less than or equal to n using the Sieve of Eratosthenes.
    
    :param n: Upper limit for prime numbers (inclusive)
    :type n: int
    :return: List of prime numbers <= n
    :rtype: list[int]
    """"""
    if n < 2:
        return []
    
    sieve = [True] * (n + 1)
    sieve[0] = sieve[1] = False  # 0 and 1 are not primes
    
    for i in range(2, int(n**0.5) + 1):
        if sieve[i]:
            for j in range(i*i, n + 1, i):
                sieve[j] = False
                
    return [i for i in range(2, n+1) if sieve[i]]
```"
C4,code,Easy,Qwen,unsloth/Qwen2.5-7B-Instruct-bnb-4bit,1,1000,133,0,78,"```python
def second_largest(nums: list[int]) -> int | None:
    """"""
    Finds the second largest distinct value in nums.
    
    Args:
        nums (list[int]): The input list of integers.
    
    Returns:
        int | None: The second largest distinct value, or None if there are not enough distinct values.
    """"""
    unique_nums = set(nums)  # Remove duplicates
    if len(unique_nums) < 2:  # Check if there are at least 2 distinct values
        return None
    else:
        return sorted(unique_nums)[-2]  # Sort and return the second last element
```"
C5,code,Easy,Qwen,unsloth/Qwen2.5-7B-Instruct-bnb-4bit,1,1000,176,0,91,"```python
def run_length_encode(s: str) -> str:
    """"""Compresses a string using run-length encoding.
    
    Args:
        s (str): The input string to be compressed.
        
    Returns:
        str: The compressed string where each sequence of identical characters is replaced 
             by a single character followed by the count of repetitions.
    """"""
    if not s:
        return """"
    
    encoded_str = []
    count = 1
    prev_char = s[0]
    
    for char in s[1:]:
        if char == prev_char:
            count += 1
        else:
            encoded_str.append(prev_char + str(count))
            count = 1
            prev_char = char
            
    # Append the last run
    encoded_str.append(prev_char + str(count))
    
    return ''.join(encoded_str)
```"
C6,code,Easy,Qwen,unsloth/Qwen2.5-7B-Instruct-bnb-4bit,1,1000,157,0,95,"```python
def valid_brackets(s: str) -> bool:
    """"""
    Checks if the brackets in the string s are correctly matched and nested.
    
    Args:
        s (str): The input string containing brackets.

    Returns:
        bool: True if every opening bracket has a corresponding closing bracket and they are properly nested; False otherwise.
    """"""
    stack = []
    bracket_map = {')': '(', ']': '[', '}': '{'}
    
    for char in s:
        if char in bracket_map.values():
            stack.append(char)
        elif char in bracket_map.keys():
            if not stack or stack.pop() != bracket_map[char]:
                return False
                
    return not stack  # If stack is empty, all brackets were properly matched
```"
C7,code,Easy,Qwen,unsloth/Qwen2.5-7B-Instruct-bnb-4bit,1,1000,130,0,72,"```python
def flatten(nested: list) -> list:
    """"""
    Recursively flattens a nested list into a flat list of non-list elements.
    
    Args:
        nested (list): A potentially nested list of elements.

    Returns:
        list: A flat list containing all non-list elements from the nested structure.
    """"""
    flat_list = []
    for item in nested:
        if isinstance(item, list):
            # Recursively flatten the sublist
            flat_list.extend(flatten(item))
        else:
            # Add non-list items directly to the flat list
            flat_list.append(item)
    return flat_list
```"
C8,code,Medium,Qwen,unsloth/Qwen2.5-7B-Instruct-bnb-4bit,1,1000,206,0,104,"```python
def merge_intervals(intervals: list[tuple[int, int]]) -> list[tuple[int, int]]:
    """"""
    Merge overlapping or adjacent intervals and return a sorted list of merged intervals.
    
    Args:
        intervals: A list of tuples representing closed intervals [start, end].
        
    Returns:
        A list of tuples representing the merged and sorted intervals.
    """"""
    if not intervals:
        return []
    
    # Sort intervals based on the start time
    intervals.sort(key=lambda x: x[0])
    
    merged = [intervals[0]]
    
    for current_start, current_end in intervals[1:]:
        last_start, last_end = merged[-1]
        
        # If current interval overlaps or touches the last one in the merged list, merge them
        if current_start <= last_end:
            merged[-1] = (last_start, max(last_end, current_end))
        else:
            merged.append((current_start, current_end))
    
    return merged
```"
C9,code,Medium,Qwen,unsloth/Qwen2.5-7B-Instruct-bnb-4bit,1,1000,156,0,82,"```python
def rotate_matrix(matrix: list[list[int]]) -> list[list[int]]:
    """"""
    Rotate an n-by-n square matrix 90 degrees clockwise.
    
    Args:
        matrix (list[list[int]]): The input square matrix to be rotated.
        
    Returns:
        list[list[int]]: A new matrix that is the 90-degree clockwise rotation of the input.
    """"""
    n = len(matrix)
    # Create a new matrix to store the rotated result
    rotated = [[0]*n for _ in range(n)]
    for r in range(n):
        for c in range(n):
            # Assign values based on the rotation formula
            rotated[c][n-1-r] = matrix[r][c]
    return rotated
```"
C10,code,Medium,Qwen,unsloth/Qwen2.5-7B-Instruct-bnb-4bit,1,1000,209,0,116,"```python
from collections import Counter
import re

def top_k_words(text: str, k: int) -> list[tuple[str, int]]:
    """"""
    Extracts and counts words from the given text, returning the k most frequent words.
    
    Args:
        text (str): The input text to process.
        k (int): The number of top frequent words to return.
        
    Returns:
        list[tuple[str, int]]: A list of (word, count) tuples for the k most frequent words.
    """"""
    # Lowercase the text to ensure case-insensitive matching
    text = text.lower()
    
    # Use regex to extract words as maximal runs of [a-z] and apostrophes
    words = re.findall(r""[a-z]+['']*"", text)
    
    # Count the occurrences of each word
    word_counts = Counter(words)
    
    # Return the k most common words, sorting alphabetically for ties
    return word_counts.most_common(k)
```"
C11,code,Medium,Qwen,unsloth/Qwen2.5-7B-Instruct-bnb-4bit,1,1000,224,0,133,"```python
def leftmost_index(arr: list[int], target: int) -> int:
    """"""
    Perform a binary search to find the leftmost index of `target` in the sorted list `arr`.
    If `target` is not found, return -1.
    
    :param arr: List of integers in non-decreasing order
    :param target: Integer value to search for
    :return: Index of the first occurrence of `target`, or -1 if not found
    """"""
    left, right = 0, len(arr) - 1
    
    while left <= right:
        mid = left + (right - left) // 2
        
        if arr[mid] < target:
            left = mid + 1
        elif arr[mid] > target:
            right = mid - 1
        else:
            # Found a target, move towards the left to find the leftmost one
            if mid == left or arr[mid - 1] != target:
                return mid
            right = mid - 1
            
    return -1
```"
C12,code,Medium,Qwen,unsloth/Qwen2.5-7B-Instruct-bnb-4bit,1,1000,267,0,119,"```python
def roman_to_int(s: str) -> int:
    """"""
    Convert a valid uppercase Roman numeral to an integer.
    
    Parameters:
    s (str): The Roman numeral string.

    Returns:
    int: The integer value of the Roman numeral.
    """"""
    # Mapping of Roman numerals to integers
    roman_values = {'I': 1, 'V': 5, 'X': 10, 'L': 50, 'C': 100, 'D': 500, 'M': 1000,
                    'IV': 4, 'IX': 9, 'XL': 40, 'XC': 90, 'CD': 400, 'CM': 900}
    
    i = 0
    num = 0
    
    # Loop through the string
    while i < len(s):
        # Check if two characters form a valid subtractive pair
        if (i + 1 < len(s)) and (s[i:i+2] in roman_values):
            num += roman_values[s[i:i+2]]
            i += 2
        else:
            num += roman_values[s[i]]
            i += 1
    
    return num
```"
C13,code,Medium,Qwen,unsloth/Qwen2.5-7B-Instruct-bnb-4bit,1,1000,99,0,38,"```python
def max_subarray_sum(nums: list[int]) -> int:
    if not nums:
        raise ValueError(""Input list cannot be empty"")
    
    max_so_far = nums[0]
    max_ending_here = nums[0]
    
    for num in nums[1:]:
        max_ending_here = max(num, max_ending_here + num)
        max_so_far = max(max_so_far, max_ending_here)
        
    return max_so_far
```"
C14,code,Medium,Qwen,unsloth/Qwen2.5-7B-Instruct-bnb-4bit,1,1000,242,0,146,"```python
def moving_average(values: list[float], window: int) -> list[float]:
    """"""
    Calculate the moving average of a list of numbers with a given window size.
    
    Args:
        values (list[float]): The input list of numbers.
        window (int): The size of the window to calculate the moving average over.
        
    Returns:
        list[float]: A list containing the moving averages.
        
    Raises:
        ValueError: If the window size is less than 1.
    """"""
    if window < 1:
        raise ValueError(""Window size must be at least 1"")
    if window > len(values):
        return []
    
    n = len(values)
    avg_list = []
    current_sum = sum(values[:window])  # Initial sum for the first window
    
    for i in range(n - window + 1):
        if i != 0:
            # Update the sum by subtracting the element going out of the window and adding the new one
            current_sum = current_sum - values[i - 1] + values[i + window - 1]
        avg_list.append(current_sum / window)
    
    return avg_list
```"
C15,code,Medium,Qwen,unsloth/Qwen2.5-7B-Instruct-bnb-4bit,1,1000,253,0,129,"```python
def parse_duration(s: str) -> int:
    """"""
    Converts a duration string to total seconds.
    
    Args:
        s (str): The duration string containing hours, minutes, and seconds.
        
    Returns:
        int: The total number of seconds represented by the input string.
        
    Raises:
        ValueError: If the string is invalid.
    """"""
    if not s:
        raise ValueError(""Duration string cannot be empty"")
    
    units = {'h': 3600, 'm': 60, 's': 1}
    total_seconds = 0
    current_unit = None
    
    for token in s.split():
        if token[-1] not in units:
            raise ValueError(f""Invalid unit in duration string: {token}"")
        
        value = int(token[:-1])
        if not value >= 0:
            raise ValueError(f""Negative value found in duration string: {token}"")
        
        if token[-1] != current_unit and current_unit is not None:
            raise ValueError(f""Units out of order in duration string: {token}"")
        
        current_unit = token[-1]
        total_seconds += value * units[current_unit]
    
    return total_seconds
```"
C16,code,Hard,Qwen,unsloth/Qwen2.5-7B-Instruct-bnb-4bit,1,1000,238,0,126,"```python
def longest_common_subsequence(a: str, b: str) -> int:
    """"""
    Returns the length of the longest common subsequence of strings a and b.
    
    :param a: First input string
    :param b: Second input string
    :return: Length of the longest common subsequence
    """"""
    if len(a) < len(b):
        a, b = b, a  # Ensure a is the longer or equal length string
    
    # Initialize the DP array to store lengths of LCS up to current characters
    dp = [0] * (len(b) + 1)
    
    for i in range(1, len(a) + 1):
        # Store previous row values
        prev_dp = dp[1]
        for j in range(1, len(b) + 1):
            temp = dp[j]
            if a[i-1] == b[j-1]:
                dp[j] = 1 + prev_dp
            else:
                dp[j] = max(dp[j], dp[j-1])
            prev_dp = temp
    return dp[-1]
```
```"
C17,code,Hard,Qwen,unsloth/Qwen2.5-7B-Instruct-bnb-4bit,1,1000,256,0,131,"```python
def edit_distance(a: str, b: str) -> int:
    """"""
    Returns the Levenshtein distance between two strings.
    
    Args:
        a (str): First string.
        b (str): Second string.
    
    Returns:
        int: The Levenshtein distance.
    """"""
    if len(a) < len(b):
        a, b = b, a  # Ensure a is always the longer string to minimize memory usage
    
    prev_row = list(range(len(b) + 1))  # Initialize previous row of DP table
    for i, char_a in enumerate(a):
        this_row = [i + 1]  # Initialize current row with insertion costs
        for j, char_b in enumerate(b):
            cost = (char_a != char_b)  # Substitution cost is 1 if characters differ
            this_row.append(min(
                prev_row[j + 1] + 1,  # Deletion
                this_row[-1] + 1,      # Insertion
                prev_row[j] + cost     # Substitution
            ))
        prev_row = this_row  # Update previous row for next iteration
    
    return prev_row[-1]
```"
C18,code,Hard,Qwen,unsloth/Qwen2.5-7B-Instruct-bnb-4bit,1,1000,236,0,120,"```python
import heapq

def shortest_paths(graph: dict[str, list[tuple[str, int]]], source: str) -> dict[str, int]:
    """"""
    Finds the shortest paths from the source to all other nodes using Dijkstra's algorithm.
    
    :param graph: A dictionary where keys are node names and values are lists of tuples containing
                  (neighbor, edge_weight).
    :param source: The starting node.
    :return: A dictionary mapping each node to the length of the shortest path from the source.
    """"""
    distances = {node: float('inf') for node in graph}
    distances[source] = 0
    priority_queue = [(0, source)]  # (distance, node)
    
    while priority_queue:
        current_distance, current_node = heapq.heappop(priority_queue)
        
        if current_distance > distances[current_node]:
            continue
        
        for neighbor, weight in graph[current_node]:
            distance = current_distance + weight
            
            if distance < distances[neighbor]:
                distances[neighbor] = distance
                heapq.heappush(priority_queue, (distance, neighbor))
                
    return distances
```"
C19,code,Hard,Qwen,unsloth/Qwen2.5-7B-Instruct-bnb-4bit,1,1000,255,0,139,"```python
def topological_order(graph: dict[str, list[str]]) -> list[str]:
    """"""
    Returns a topological ordering of a directed graph.

    :param graph: A dictionary where keys are nodes and values are lists of nodes
                  that have edges from the key node.
    :return: A list of nodes in topological order.
    :raises ValueError: If the graph contains a cycle.
    """"""
    visited = {}
    stack = []

    def visit(node):
        nonlocal visited, stack
        if node in visited:
            return visited[node]
        visited[node] = ""gray""  # Gray indicates node is being processed
        for neighbor in graph.get(node, []):
            if neighbor in visited:
                if visited[neighbor] == ""gray"":  # Cycle detected
                    raise ValueError(""Graph contains a cycle"")
                continue
            visit(neighbor)
        visited[node] = ""black""  # Black indicates node is fully processed
        stack.appendleft(node)  # Append processed node to stack

    from collections import deque
    topo_order = deque()

    for node in graph:
        visit(node)

    while stack:
        topo_order.append(stack.popleft())

    return list(topo_order)
```"
C20,code,Hard,Qwen,unsloth/Qwen2.5-7B-Instruct-bnb-4bit,1,1000,318,0,154,"```python
def count_n_queens(n: int) -> int:
    if n < 0:
        raise ValueError(""n must be non-negative"")
    if n == 0:
        return 1
    
    def is_safe(board, row, col):
        # Check this row on left side
        for i in range(col):
            if board[row][i] == 1:
                return False
        
        # Check upper diagonal on left side
        for i, j in zip(range(row, -1, -1), range(col, -1, -1)):
            if board[i][j] == 1:
                return False
        
        # Check lower diagonal on left side
        for i, j in zip(range(row, n, 1), range(col, -1, -1)):
            if board[i][j] == 1:
                return False
        
        return True

    def solve(board, col):
        if col >= n:
            return 1
        
        total_ways = 0
        for i in range(n):
            if is_safe(board, i, col):
                # Place queen
                board[i][col] = 1
                # Move on to the next column
                total_ways += solve(board, col + 1)
                # Remove queen (backtrack)
                board[i][col] = 0
        
        return total_ways

    board = [[0 for _ in range(n)] for _ in range(n)]
    return solve(board, 0)
```
```"
Q1,math,Easy,Qwen,unsloth/Qwen2.5-7B-Instruct-bnb-4bit,1,1000,223,0,139,"To find out how much Maria spends in total, we first need to calculate the cost of the notebooks and the pens separately, and then add these amounts together.

First, let's calculate the cost of the notebooks:
- Maria buys 4 notebooks.
- Each notebook costs $3.00.
- So, the total cost for the notebooks is \(4 \times 3.00 = 12.00\) dollars.

Next, we calculate the cost of the pens:
- Maria buys 6 pens.
- Each pen costs $1.25.
- Therefore, the total cost for the pens is \(6 \times 1.25 = 7.50\) dollars.

Now, we add the two totals together to find the overall cost:
- The total cost for the notebooks is $12.00.
- The total cost for the pens is $7.50.
- Adding these together gives us \(12.00 + 7.50 = 19.50\) dollars.

Answer: 19.50"
Q2,math,Easy,Qwen,unsloth/Qwen2.5-7B-Instruct-bnb-4bit,1,1000,319,0,187,"To find out how many kilometers the train travels in total, we need to calculate the distance covered during each part of its journey and then add those distances together.

First, let's look at the distance covered when the train is traveling at 72 kilometers per hour for 2.5 hours. We can use the formula:

\[ \text{Distance} = \text{Speed} \times \text{Time} \]

For the first part of the journey:
- Speed = 72 km/h
- Time = 2.5 hours

So, the distance covered in this part is:
\[ \text{Distance}_1 = 72 \times 2.5 = 180 \, \text{kilometers} \]

Next, we calculate the distance covered during the second part of the journey where the train travels at 90 kilometers per hour for 1.5 hours:
- Speed = 90 km/h
- Time = 1.5 hours

So, the distance covered in this part is:
\[ \text{Distance}_2 = 90 \times 1.5 = 135 \, \text{kilometers} \]

Now, to find the total distance traveled, we add the distances from both parts of the journey:
\[ \text{Total Distance} = \text{Distance}_1 + \text{Distance}_2 = 180 + 135 = 315 \, \text{kilometers} \]

Answer: 315"
Q3,math,Easy,Qwen,unsloth/Qwen2.5-7B-Instruct-bnb-4bit,1,1000,331,0,222,"To solve this problem, we first need to set up the equations based on the information given.

We know that the perimeter of a rectangle is calculated as \(2 \times (length + width)\). We are told the perimeter is 46 cm. Let's call the width of the rectangle \(W\) and the length \(L\). According to the problem, the length is 5 cm more than the width, so we can write:

\[ L = W + 5 \]

The formula for the perimeter then becomes:

\[ 2 \times (L + W) = 46 \]

Substituting the expression for \(L\) into this equation gives us:

\[ 2 \times ((W + 5) + W) = 46 \]
\[ 2 \times (2W + 5) = 46 \]
\[ 4W + 10 = 46 \]

Now, we solve for \(W\):

\[ 4W = 36 \]
\[ W = 9 \]

Since \(W = 9\) cm, we can find \(L\) using the relationship \(L = W + 5\):

\[ L = 9 + 5 = 14 \] cm

Now that we have both the width and the length, we can calculate the area of the rectangle. The area \(A\) of a rectangle is given by the formula:

\[ A = length \times width \]

So,

\[ A = 14 \times 9 = 126 \] square centimeters.

Answer: 126"
Q4,math,Medium,Qwen,unsloth/Qwen2.5-7B-Instruct-bnb-4bit,1,1000,782,0,465,"To find the sum of all integers from 1 to 200 that are divisible by either 3 or 5, we can use the principle of inclusion-exclusion. This principle helps us avoid double-counting numbers that are divisible by both 3 and 5 (i.e., divisible by 15).

First, let's count how many numbers between 1 and 200 are divisible by 3:
- The sequence starts at 3 and ends at 198.
- To find the number of terms in this sequence, we divide the last term by the divisor: \( \frac{198}{3} = 66 \).
- So, there are 66 numbers divisible by 3.

Next, let's count how many numbers between 1 and 200 are divisible by 5:
- The sequence starts at 5 and ends at 200.
- To find the number of terms in this sequence, we divide the last term by the divisor: \( \frac{200}{5} = 40 \).
- So, there are 40 numbers divisible by 5.

Now, let's count how many numbers between 1 and 200 are divisible by both 3 and 5 (i.e., divisible by 15):
- The sequence starts at 15 and ends at 195.
- To find the number of terms in this sequence, we divide the last term by the divisor: \( \frac{195}{15} = 13 \).
- So, there are 13 numbers divisible by 15.

Using the principle of inclusion-exclusion, we add the counts for multiples of 3 and 5, then subtract the count for multiples of 15 (since these were counted twice):
- Total = \( 66 + 40 - 13 = 93 \).

Now, we need to find the sum of these 93 numbers. We can do this in two parts:

1. Sum of multiples of 3:
   - The sum of an arithmetic series is given by \( S_n = \frac{n}{2}(a + l) \), where \( n \) is the number of terms, \( a \) is the first term, and \( l \) is the last term.
   - For multiples of 3: \( a = 3 \), \( l = 198 \), \( n = 66 \).
   - Sum = \( \frac{66}{2}(3 + 198) = 33 \times 201 = 6633 \).

2. Sum of multiples of 5:
   - Using the same formula: \( a = 5 \), \( l = 200 \), \( n = 40 \).
   - Sum = \( \frac{40}{2}(5 + 200) = 20 \times 205 = 4100 \).

3. Subtract the sum of multiples of 15:
   - For multiples of 15: \( a = 15 \), \( l = 195 \), \( n = 13 \).
   - Sum = \( \frac{13}{2}(15 + 195) = \frac{13}{2} \times 210 = 13 \times 105 = 1365 \).

Finally, we combine these sums:
- Total sum = \( 6633 + 4100 - 1365 = 9368 \).

Answer: 9368"
Q5,math,Easy,Qwen,unsloth/Qwen2.5-7B-Instruct-bnb-4bit,1,1000,259,0,145,"First, let's calculate the discount on the shirt. The shirt is priced at $40 and it is discounted by 25 percent. To find out how much the discount is in dollars, we take 25% of $40:

\[ \text{Discount Amount} = 40 \times \frac{25}{100} = 40 \times 0.25 = 10 \]

So, the discount amount is $10. We subtract this from the original price to get the discounted price:

\[ \text{Discounted Price} = 40 - 10 = 30 \]

Now, we apply the 8 percent sales tax to the discounted price of $30. To find the sales tax amount, we calculate 8 percent of $30:

\[ \text{Sales Tax Amount} = 30 \times \frac{8}{100} = 30 \times 0.08 = 2.4 \]

We add this sales tax to the discounted price to get the final price:

\[ \text{Final Price} = 30 + 2.4 = 32.4 \]

Answer: 32.4"
Q6,math,Medium,Qwen,unsloth/Qwen2.5-7B-Instruct-bnb-4bit,1,1000,254,0,172,"To solve this, we first need to identify all the possible outcomes when two six-sided dice are rolled. Each die has six faces, numbered from 1 to 6. When two dice are rolled, there are a total of \(6 \times 6 = 36\) possible outcomes.

Next, we need to determine which of these outcomes result in the sum of the numbers on the two dice being 8. We can do this by listing the pairs of numbers that add up to 8:

- (2, 6)
- (3, 5)
- (4, 4)
- (5, 3)
- (6, 2)

These are the only combinations that give a sum of 8. Counting these, we have 5 successful outcomes.

The probability of an event is given by the number of successful outcomes divided by the total number of possible outcomes. Therefore, the probability that the sum of the two dice is 8 is:

\[ \frac{5}{36} \]

Now, converting this fraction to a decimal and rounding to four decimal places:

\[ \frac{5}{36} \approx 0.1389 \]

Answer: 0.1389"
Q7,math,Medium,Qwen,unsloth/Qwen2.5-7B-Instruct-bnb-4bit,1,1000,307,0,174,"To solve this, we need to use the formula for compound interest, which is:

\[ A = P (1 + r)^n \]

where:
- \( A \) is the amount of money accumulated after n years, including interest.
- \( P \) is the principal amount (the initial amount of money).
- \( r \) is the annual interest rate (decimal).
- \( n \) is the number of years the money is invested or borrowed for.

Given:
- \( P = 5000 \) dollars
- \( r = 0.04 \) (which is 4% as a decimal)
- \( n = 3 \) years

Plugging these values into the formula:

\[ A = 5000 (1 + 0.04)^3 \]

First, calculate \( 1 + 0.04 \):

\[ 1 + 0.04 = 1.04 \]

Next, raise 1.04 to the power of 3:

\[ 1.04^3 = 1.124864 \]

Now, multiply this result by the principal amount:

\[ A = 5000 \times 1.124864 = 5624.32 \]

Rounding to the nearest cent:

\[ A \approx 5624.32 \]

Answer: 5624.32"
Q8,math,Medium,Qwen,unsloth/Qwen2.5-7B-Instruct-bnb-4bit,1,1000,428,0,242,"To solve this, we first need to figure out how much of the fence each person can paint per hour.

Ana can paint the whole fence in 6 hours, which means she paints \(\frac{1}{6}\) of the fence per hour. Similarly, Ben can paint the whole fence in 4 hours, so he paints \(\frac{1}{4}\) of the fence per hour.

When Ana and Ben work together, we add their rates of painting to find out how much of the fence they can paint together per hour. So, the combined rate is:

\[
\frac{1}{6} + \frac{1}{4}
\]

To add these fractions, we need a common denominator. The least common multiple of 6 and 4 is 12. We convert both fractions to have this common denominator:

\[
\frac{1}{6} = \frac{2}{12} \quad \text{and} \quad \frac{1}{4} = \frac{3}{12}
\]

Now we can add the two fractions:

\[
\frac{2}{12} + \frac{3}{12} = \frac{5}{12}
\]

This means that together, Ana and Ben can paint \(\frac{5}{12}\) of the fence per hour. To find out how long it takes them to paint the entire fence together, we consider that \(\frac{5}{12}\) of the fence corresponds to one hour of work. Therefore, the time \(T\) it takes to paint the whole fence is the reciprocal of \(\frac{5}{12}\):

\[
T = \frac{12}{5} \text{ hours}
\]

Converting \(\frac{12}{5}\) into a mixed number gives us \(2 \frac{2}{5}\) hours. So, it takes them 2.4 hours or 2 hours and 24 minutes to paint the fence together.

Answer: 2.4"
Q9,math,Easy,Qwen,unsloth/Qwen2.5-7B-Instruct-bnb-4bit,1,1000,517,0,295,"To solve this problem, we need to determine the number of different ways to select a committee of 3 members from a club of 10 members, where the order of selection does not matter. This is a classic combination problem.

Step 1: Understand that combinations are used when the order of selection does not matter. The formula for combinations is given by:

\[ C(n, k) = \frac{n!}{k!(n-k)!} \]

where \( n \) is the total number of items to choose from (in this case, 10 members), and \( k \) is the number of items to choose (in this case, 3 members).

Step 2: Substitute the values into the formula:

\[ C(10, 3) = \frac{10!}{3!(10-3)!} \]

Step 3: Simplify the factorial expressions. Recall that \( n! \) means the product of all positive integers up to \( n \). So, \( 10! = 10 \times 9 \times 8 \times 7 \times 6 \times 5 \times 4 \times 3 \times 2 \times 1 \), but we only need the part up to \( 7! \) because the rest will cancel out with \( 7! \) in the denominator.

\[ C(10, 3) = \frac{10 \times 9 \times 8 \times 7!}{3! \times 7!} \]

The \( 7! \) terms cancel each other out:

\[ C(10, 3) = \frac{10 \times 9 \times 8}{3!} \]

Step 4: Calculate \( 3! \):

\[ 3! = 3 \times 2 \times 1 = 6 \]

So,

\[ C(10, 3) = \frac{10 \times 9 \times 8}{6} \]

Step 5: Perform the multiplication and division:

\[ 10 \times 9 = 90 \]
\[ 90 \times 8 = 720 \]
\[ \frac{720}{6} = 120 \]

Therefore, there are 120 different ways to choose a committee of 3 members from a club of 10 members.

Answer: 120"
Q10,math,Medium,Qwen,unsloth/Qwen2.5-7B-Instruct-bnb-4bit,1,1000,285,0,170,"To solve this problem, we need to determine the net rate at which the water level in the tank is changing. Initially, water is flowing into the tank at 30 liters per minute, but there's also a leak that drains the tank at 12 liters per minute. Therefore, the net rate at which the tank is being filled is:

\[ \text{Net rate} = \text{Inflow rate} - \text{Leak rate} = 30 - 12 = 18 \text{ liters per minute} \]

The tank starts with 300 liters and needs to hold 1,200 liters in total. So, the amount of water needed to fill the tank from its current state is:

\[ \text{Water needed} = \text{Total capacity} - \text{Current amount} = 1,200 - 300 = 900 \text{ liters} \]

Now, to find out how long it will take to fill these 900 liters at a rate of 18 liters per minute, we can use the formula:

\[ \text{Time} = \frac{\text{Amount of water needed}}{\text{Net rate}} = \frac{900}{18} = 50 \text{ minutes} \]

Answer: 50"
Q11,math,Easy,Qwen,unsloth/Qwen2.5-7B-Instruct-bnb-4bit,1,1000,309,0,199,"To find the fifth number, we start by understanding that the average of the five numbers is 18. The formula for the average of these numbers is the sum of all five numbers divided by 5. Given this, we can set up an equation to solve for the unknown number.

First, let's calculate the total sum of the five numbers using the average:
\[ \text{Average} = \frac{\text{Sum of all five numbers}}{5} \]
\[ 18 = \frac{\text{Sum of all five numbers}}{5} \]

Multiplying both sides by 5 to isolate the sum gives us:
\[ \text{Sum of all five numbers} = 18 \times 5 = 90 \]

Now, we know the sum of the five numbers is 90. We already have four of these numbers: 12, 15, 20, and 22. Adding these together gives us:
\[ 12 + 15 + 20 + 22 = 79 \]

Let's denote the fifth number as \( x \). So, the sum of all five numbers can also be written as:
\[ 79 + x = 90 \]

To find \( x \), we subtract 79 from 90:
\[ x = 90 - 79 = 11 \]

Therefore, the fifth number is 11. 

Answer: 11"
Q12,math,Easy,Qwen,unsloth/Qwen2.5-7B-Instruct-bnb-4bit,1,1000,220,0,131,"To find the 25th term of an arithmetic sequence where the first term (a1) is 7 and the common difference (d) is 4, we use the formula for the nth term of an arithmetic sequence:

\[ a_n = a_1 + (n - 1)d \]

Here, \( n \) is the term number, which in this case is 25.

First, we substitute the known values into the formula:

\[ a_{25} = 7 + (25 - 1) \times 4 \]

Next, we perform the subtraction within the parentheses:

\[ a_{25} = 7 + 24 \times 4 \]

Then, we multiply 24 by 4:

\[ a_{25} = 7 + 96 \]

Finally, we add 7 to 96:

\[ a_{25} = 103 \]

Therefore, the 25th term of the arithmetic sequence is 103. Answer: 103"
Q13,math,Medium,Qwen,unsloth/Qwen2.5-7B-Instruct-bnb-4bit,1,1000,228,0,133,"To determine the car's value after 2 years, we need to calculate the depreciation of its value at the end of each year.

Step 1: Calculate the car’s value at the end of the first year.
The car loses 15% of its value each year. So, it retains 85% of its value after one year (100% - 15% = 85%).

First Year Value = Original Price * 85%
= $24,000 * 0.85
= $20,400

Step 2: Calculate the car’s value at the end of the second year.
At the start of the second year, the car is worth $20,400. Again, it loses 15% of its value during the second year and retains 85% of its value.

Second Year Value = First Year Value * 85%
= $20,400 * 0.85
= $17,340

Answer: $17,340"
Q14,math,Medium,Qwen,unsloth/Qwen2.5-7B-Instruct-bnb-4bit,1,1000,430,0,214,"To find how many positive integers divide 360 exactly, we first need to factorize 360 into its prime factors. 

Starting with 360, we can see it's even, so we start dividing by 2:

\[360 \div 2 = 180\]
\[180 \div 2 = 90\]
\[90 \div 2 = 45\]

So far, we have \(360 = 2^3 \times 45\).

Next, we factorize 45. It's not divisible by 2, but it is divisible by 3:

\[45 \div 3 = 15\]
\[15 \div 3 = 5\]

And 5 is a prime number. So, the full prime factorization of 360 is:

\[360 = 2^3 \times 3^2 \times 5\]

To find the number of divisors, we use the formula for the number of divisors based on the prime factorization. If a number \(n\) has a prime factorization of the form \(p_1^{e_1} \times p_2^{e_2} \times \ldots \times p_k^{e_k}\), then the number of divisors of \(n\) is given by:

\[(e_1 + 1) \times (e_2 + 1) \times \ldots \times (e_k + 1)\]

For \(360 = 2^3 \times 3^2 \times 5\), the exponents are 3, 2, and 1 respectively. Applying the formula:

\[(3 + 1) \times (2 + 1) \times (1 + 1) = 4 \times 3 \times 2 = 24\]

Therefore, there are 24 positive integers that divide 360 exactly.

Answer: 24"
Q15,math,Hard,Qwen,unsloth/Qwen2.5-7B-Instruct-bnb-4bit,1,1000,423,0,234,"To solve this problem, we start with the initial position of the ladder. The ladder is 25 feet long and its foot is 7 feet from the base of the wall. This forms a right triangle where the ladder is the hypotenuse, the distance from the foot of the ladder to the wall is one leg, and the height up the wall is the other leg.

First, we calculate the initial height of the ladder on the wall using the Pythagorean theorem:

\[ \text{Height}^2 + \text{Distance from wall}^2 = \text{Hypotenuse}^2 \]

Substituting the known values:

\[ \text{Height}^2 + 7^2 = 25^2 \]

\[ \text{Height}^2 + 49 = 625 \]

\[ \text{Height}^2 = 576 \]

\[ \text{Height} = 24 \text{ feet} \]

Next, the top of the ladder slides down by 4 feet. So, the new height on the wall is:

\[ 24 - 4 = 20 \text{ feet} \]

Now, we need to find the new distance of the ladder's foot from the wall. Using the Pythagorean theorem again:

\[ \text{New Distance}^2 + \text{New Height}^2 = \text{Hypotenuse}^2 \]

\[ \text{New Distance}^2 + 20^2 = 25^2 \]

\[ \text{New Distance}^2 + 400 = 625 \]

\[ \text{New Distance}^2 = 225 \]

\[ \text{New Distance} = 15 \text{ feet} \]

The original distance was 7 feet, so the increase in distance from the wall is:

\[ 15 - 7 = 8 \text{ feet} \]

Answer: 8"
Q16,math,Hard,Qwen,unsloth/Qwen2.5-7B-Instruct-bnb-4bit,1,1000,340,0,192,"Let's break down this problem into steps.

First, we need to determine how much pure acid is in each solution before mixing:

- For the 10 liters of 20% acid solution, there is \(10 \times 0.20 = 2\) liters of pure acid.
- Let \(x\) be the amount of 60% acid solution to be added. This means that the 60% acid solution contains \(0.60x\) liters of pure acid.

After mixing, the total volume of the solution will be \(10 + x\) liters, and we want this to be a 40% acid solution. Therefore, the total amount of pure acid in the mixed solution should be \(0.40(10 + x)\) liters.

Now, we can set up an equation based on the amounts of pure acid before and after mixing:

\[2 + 0.60x = 0.40(10 + x)\]

Next, let's simplify and solve for \(x\):

\[2 + 0.60x = 4 + 0.40x\]
\[0.60x - 0.40x = 4 - 2\]
\[0.20x = 2\]
\[x = \frac{2}{0.20}\]
\[x = 10\]

So, 10 liters of the 60% acid solution must be added to the 10 liters of the 20% acid solution to achieve a 40% acid solution.

Answer: 10"
Q17,math,Medium,Qwen,unsloth/Qwen2.5-7B-Instruct-bnb-4bit,1,1000,291,0,175,"To solve this problem, we need to determine the time when all three lighthouses will flash together again after their initial flash. This can be found by calculating the least common multiple (LCM) of their flashing intervals.

The intervals given are 12 seconds, 18 seconds, and 30 seconds.

Step 1: Find the prime factors of each interval.
- 12 = 2 × 2 × 3
- 18 = 2 × 3 × 3
- 30 = 2 × 3 × 5

Step 2: Identify the highest power of each prime number that appears in the factorizations.
- The highest power of 2 is \(2^2\) (from 12).
- The highest power of 3 is \(3^2\) (from 18).
- The highest power of 5 is \(5^1\) (from 30).

Step 3: Multiply these highest powers together to find the LCM.
- LCM = \(2^2 \times 3^2 \times 5\)
- LCM = \(4 \times 9 \times 5\)
- LCM = \(36 \times 5\)
- LCM = 180

Therefore, the lighthouses will next flash together after 180 seconds. Answer: 180"
Q18,math,Medium,Qwen,unsloth/Qwen2.5-7B-Instruct-bnb-4bit,1,1000,402,0,237,"To solve this, we need to understand how the bacteria population grows over time. The bacteria double every 20 minutes, which means that if we start with a certain number of bacteria, after 20 minutes, we will have twice that number.

First, let's determine how many times the population doubles in 2 hours. Since there are 60 minutes in an hour, 2 hours equal 120 minutes. Given that the population doubles every 20 minutes, we can calculate the number of doubling periods as follows:

\[ \text{Number of doubling periods} = \frac{\text{Total minutes}}{\text{Minutes per doubling period}} = \frac{120}{20} = 6 \]

So, the population doubles 6 times in 2 hours.

Starting with 150 bacteria, each doubling period multiplies the population by 2. After the first 20 minutes, the population is:

\[ 150 \times 2 = 300 \]

After the second 20-minute period (40 minutes total), it becomes:

\[ 300 \times 2 = 600 \]

We can see a pattern here: each 20-minute period multiplies the previous amount by 2. Therefore, we can represent the population after \( n \) doubling periods as:

\[ \text{Population} = \text{Initial population} \times 2^n \]

For our scenario, the initial population is 150 and \( n = 6 \):

\[ \text{Population} = 150 \times 2^6 \]

Calculating \( 2^6 \):

\[ 2^6 = 64 \]

Now, multiply this by the initial population:

\[ \text{Population} = 150 \times 64 = 9600 \]

Answer: 9600"
Q19,math,Hard,Qwen,unsloth/Qwen2.5-7B-Instruct-bnb-4bit,1,1000,404,0,217,"To find the smaller angle between the hour and minute hands at 3:40 on an analog clock, we'll follow these steps:

1. **Calculate the position of the minute hand:**  
   Each minute represents 6 degrees (since \(360^\circ / 60 = 6^\circ\)). At 40 minutes past the hour, the minute hand is at \(40 \times 6 = 240^\circ\) from the 12 o'clock position.

2. **Calculate the position of the hour hand:**  
   Each hour represents 30 degrees (since \(360^\circ / 12 = 30^\circ\)). At 3 o'clock, the hour hand is at \(3 \times 30 = 90^\circ\). However, since it's 40 minutes past 3 o'clock, we need to account for the movement of the hour hand. The hour hand moves as time progresses, so every minute, it moves \(30^\circ / 60 = 0.5^\circ\). In 40 minutes, the hour hand moves an additional \(40 \times 0.5 = 20^\circ\). So, the hour hand at 3:40 is at \(90 + 20 = 110^\circ\).

3. **Find the difference between the two angles:**  
   The difference between the positions of the minute hand and the hour hand is \(240 - 110 = 130^\circ\).

4. **Determine the smaller angle:**  
   Since the clock is circular and a full circle is \(360^\circ\), the larger angle would be \(360 - 130 = 230^\circ\). Therefore, the smaller angle is \(130^\circ\).

Answer: 130"
Q20,math,Hard,Qwen,unsloth/Qwen2.5-7B-Instruct-bnb-4bit,1,1000,488,0,288,"To solve this, we can first understand how many numbers do not contain the digit 7 at all, and then subtract that from the total number of integers from 1 to 1000.

First, consider the range from 1 to 999 (since 1000 itself is not affected by our method and contains no digits beyond the thousands place, which we can handle separately). We can break this down by place value:

- **Ones place:** For any given tens or hundreds place, there are 9 options (0-9 except 7) for the ones place.
- **Tens place:** Similarly, for any given hundreds place, there are 9 options for the tens place.
- **Hundreds place:** Here, we have 8 options (1-9 except 7) for the hundreds place since we cannot have 000 (which would be outside our range).

Thus, for each hundreds block (e.g., 000-099, 100-199, ..., 900-999), there are \(9 \times 9 \times 8 = 648\) numbers that do not contain the digit 7. There are 10 such blocks (000-099, 100-199, ..., 900-999).

Next, we calculate the total number of numbers from 1 to 999 without a 7:

\[ 648 \times 10 = 6480 \]

However, this calculation actually counts up to 999, so we need to adjust by adding back the number 1000, as it does not contain any 7s either. Thus, there are 1000 - 648 = 352 numbers from 1 to 999 that contain at least one digit 7.

Now, let's check the number 1000 itself. Since it does not contain any digit 7, it does not affect our previous count.

Therefore, the total number of integers from 1 to 1000 that contain at least one digit 7 is:

\[ 1000 - 352 = 648 \]

Answer: 648"
E1,prose,Easy,Qwen,unsloth/Qwen2.5-7B-Instruct-bnb-4bit,1,1000,463,0,391,"Sleep, often underestimated as a simple biological necessity, is a cornerstone for cognitive function, emotional regulation, and physical health, all of which collectively enhance our daily performance. When we get adequate rest, our brains are better equipped to process information and form memories, leading to a more focused and efficient mind. This phenomenon begins with the consolidation of short-term memories into long-term storage during deep sleep phases, particularly during slow-wave sleep when the brain reorganizes and refines information. As a result, individuals who sleep well can tackle complex tasks with greater ease and precision, maintaining a high level of concentration throughout the day without experiencing the mental fog that accompanies sleep deprivation.

Moreover, sufficient sleep plays a crucial role in emotional well-being and mood stability. During deep slumber, the body and mind work to regulate stress hormones such as cortisol and adrenaline, which help in reducing anxiety and promoting a sense of calm. Additionally, REM sleep, which occurs later in the sleep cycle, allows the brain to process and integrate emotional experiences, leading to better emotional resilience and clearer thinking. Consequently, people who prioritize their sleep are less likely to experience mood swings or emotional overwhelm, enabling them to respond to challenges with a calmer and more composed demeanor.

The physical benefits of a good night's sleep are equally significant, contributing to overall physical energy levels and endurance. During sleep, the body produces growth hormones that aid in muscle repair and recovery from physical exertion, ensuring that the muscles remain strong and capable of performing at their best. Adequate sleep also helps in regulating the release of appetite hormones, such as ghrelin and leptin, which control hunger and fullness, thus preventing overeating and maintaining a healthy weight. This hormonal balance contributes to sustained energy levels throughout the day, allowing individuals to engage in physical activities without feeling exhausted or fatigued. In essence, by providing the body with the necessary rest and recovery time, sleep enhances both physical stamina and overall quality of life, making each activity and task more enjoyable and productive.

In summary, the multifaceted benefits of sleep are undeniable; it not only sharpens our cognitive abilities but also stabilizes our emotions and boosts our physical capabilities. By ensuring we have sufficient sleep each night, we set ourselves up for a more productive, emotionally balanced, and physically capable day ahead."
E2,prose,Easy,Qwen,unsloth/Qwen2.5-7B-Instruct-bnb-4bit,1,1000,460,0,394,"Hydrating with water throughout the day can indeed enhance your overall well-being in myriad ways, starting with better physical energy. As you go about your daily routine, maintaining adequate hydration ensures that your body functions efficiently, delivering vital nutrients to cells and tissues without hindrance. When you drink water regularly, it helps to flush out toxins and waste products more effectively, which means your body doesn't need to work as hard to remove these substances. This efficient process can lead to increased stamina and energy levels, allowing you to tackle tasks with greater vigor and less fatigue. Moreover, staying hydrated supports muscle function and helps prevent cramps and spasms, all of which contribute to feeling more energized and capable.

Improved concentration is another significant benefit of drinking water consistently throughout the day. When dehydrated, even mild levels can affect cognitive functions, making it harder to focus and process information efficiently. Water plays a crucial role in transporting oxygen and nutrients to the brain, aiding mental clarity and sharpness. By keeping yourself well-hydrated, you ensure that your brain remains nourished and operational at its best, enhancing your ability to concentrate on complex tasks and maintain sustained attention over longer periods. This improvement in cognitive function can have a ripple effect on your productivity and overall performance in both professional and personal settings.

Lastly, the impact of consistent water intake on your skin and overall appearance should not be underestimated. Proper hydration from within is key to maintaining healthy, radiant skin. Water helps in regulating body temperature and aiding in the production of sweat, which keeps your skin moisturized naturally. Additionally, drinking enough water promotes blood circulation, bringing essential nutrients to the skin surface and helping to heal minor abrasions more quickly. Over time, this can result in clearer, smoother skin and a more youthful appearance. Furthermore, staying hydrated can reduce the appearance of fine lines and wrinkles by supporting the elasticity of the skin. In essence, by simply ensuring you drink plenty of water each day, you lay the groundwork for a clearer complexion and a more vibrant, youthful look.

In summary, the benefits of drinking water throughout the day are far-reaching and impactful, extending beyond mere thirst relief. From boosting your physical energy and concentration to improving your skin's texture and overall appearance, maintaining proper hydration is an essential component of a healthy lifestyle."
E3,prose,Easy,Qwen,unsloth/Qwen2.5-7B-Instruct-bnb-4bit,1,1000,444,0,381,"In the bustling pace of daily life, where digital screens often dominate our attention, stepping into the tranquility of nature offers a profound respite that nurtures both body and mind. As one ventures outside, the immediate reduction in stress levels becomes palpable; the constant hum of urban environments gives way to the natural symphony of birds and rustling leaves. Research has shown that spending time in green spaces significantly lowers cortisol levels, the hormone associated with stress. This natural setting acts as a soothing balm for the mind, allowing individuals to unwind and detach from the pressures that can otherwise weigh heavily.

Moreover, the simple act of basking in sunlight is a powerful yet underappreciated tool for uplifting one's mood. Sunlight exposure is crucial for the production of vitamin D, which not only supports bone health but also plays a vital role in regulating mood and cognitive function. The warmth of sunlight on the skin, particularly during the later afternoon hours, can trigger the release of serotonin, a neurotransmitter known for its calming effects and enhancing feelings of well-being. This natural light also helps regulate the body’s internal clock, or circadian rhythm, which in turn can improve sleep patterns and overall mental health. For those who may struggle with seasonal affective disorder, regular exposure to natural daylight throughout the year can be a lifeline, offering a natural remedy against the winter blues or any form of low mood.

Lastly, the change from the monotony of indoor living to the dynamic and unpredictable nature of outdoor spaces cannot be overstated. Disconnecting from the endless cycle of screens and indoor routines provides an invaluable opportunity for mindfulness and introspection. Engaging in outdoor activities such as walking, hiking, or simply sitting in a park allows individuals to disconnect from the artificial constructs of modern life and reconnect with the natural world. This break from the usual daily grind not only offers a refreshing change of scenery but also fosters a sense of calm and perspective. It encourages a slower, more mindful approach to life, reducing the constant bombardment of notifications and alerts that can contribute to anxiety and overwhelm. In essence, stepping outside each day serves as a reset button for both the mind and soul, promoting a healthier and happier state of being."
E4,prose,Easy,Qwen,unsloth/Qwen2.5-7B-Instruct-bnb-4bit,1,1000,461,0,400,"When considering the health implications of cooking at home versus eating out, one of the most compelling arguments lies in the control over ingredients. At home, every element of a meal can be carefully selected and measured, ensuring that no harmful additives or preservatives sneak their way into your diet. This level of control allows for precise adjustments to suit dietary needs such as reducing salt and sugar intake or increasing the proportion of vegetables and lean proteins. Such customization is nearly impossible when dining out, where restaurant chefs must cater to a wide range of tastes and dietary restrictions, often resulting in less healthy options being chosen to ensure broad appeal. Furthermore, the ability to prepare fresh, whole foods at home supports a more balanced nutritional profile, reducing the risk of consuming excessive amounts of processed foods that are typically high in unhealthy fats, sugars, and sodium.

In terms of cost, home cooking offers significant savings compared to frequent dining out. The upfront investment in cookware, appliances, and initial groceries might seem daunting, but once established, the long-term financial benefits are clear. Cooking from scratch requires fewer resources than purchasing pre-packaged meals or restaurant dishes. Additionally, buying in bulk and planning meals around seasonal produce can further reduce expenses. Restaurant meals, on the other hand, incur a higher price tag due to the labor costs associated with preparation, service, and the overhead of maintaining a business. Over time, these expenses add up, making home cooking an economically efficient choice for maintaining a healthy lifestyle.

Moreover, home cooking is not merely about nutrition and cost; it also serves as a vital tool for building essential life skills. As individuals learn to prepare meals, they gain confidence in managing their own health and well-being. These skills extend beyond the kitchen, fostering a sense of independence and responsibility. Cooking involves problem-solving, time management, and budgeting, all of which are crucial for navigating adult life successfully. By engaging in the process of selecting ingredients, preparing recipes, and cleaning up afterward, children and adults alike develop a deeper understanding of food systems and sustainable living practices. This foundation of culinary knowledge and practical skills can be invaluable as people progress through life, helping them make informed decisions about their health and lifestyle choices. Thus, the act of cooking at home is far more than just a daily activity—it contributes to personal growth and resilience."
E5,prose,Easy,Qwen,unsloth/Qwen2.5-7B-Instruct-bnb-4bit,1,1000,549,0,468,"In the labyrinthine maze of daily life, a regular routine acts as a navigational beacon, guiding one through the dense fog of uncertainty. One of its most profound benefits is the removal of the mental burden associated with constant decision-making. Each day, we face an array of choices from what to wear in the morning to deciding whether to take an umbrella when stepping out – these decisions, while seemingly trivial, can collectively weigh heavily on our minds, sapping energy and increasing anxiety. A structured schedule, however, streamlines these choices, assigning them to set times and eliminating the need for daily deliberation. Waking up at the same hour every day, for instance, allows the brain to establish a rhythm, reducing the cognitive load of figuring out what to do next. This predictability not only saves mental bandwidth but also fosters a sense of control and stability, crucial for maintaining a calm state of mind.

Furthermore, a consistent routine plays a pivotal role in improving sleep quality by regulating the body's internal clock, known as the circadian rhythm. Our bodies respond well to routines that include fixed times for activities such as eating, exercising, and sleeping. When these activities are performed regularly, they help align the body's natural cycles with external cues like daylight and darkness. This alignment is critical for optimal sleep regulation, as it ensures that the release of melatonin, the hormone responsible for inducing sleep, occurs at the right time each night. A routine that includes winding down activities before bed, such as reading or meditating, further enhances this effect by signaling to the body that it is time to prepare for sleep. Consequently, individuals who maintain a consistent schedule often report better quality sleep, waking up feeling more refreshed and ready to face the day, thus reducing the cumulative effects of sleep deprivation and stress.

Lastly, a regular routine makes it easier to carve out time for essential activities such as exercise and self-care. In a world where time feels scarce and precious, adhering to a schedule can provide the necessary blocks of time to engage in physical activity without conflict. Whether it’s a morning jog, an afternoon yoga session, or evening stretching, scheduling these activities ensures they remain a priority rather than an afterthought or a luxury. Additionally, self-care activities, such as taking a bath, journaling, or spending time with loved ones, become part of the day rather than something that might get pushed aside due to unexpected events or overwhelming demands. The predictability of a routine means these activities are consistently included, promoting overall well-being and resilience against stress. By integrating regular exercise and self-care into the daily routine, individuals create a balanced lifestyle that nurtures both physical and mental health, thereby naturally lowering levels of stress and enhancing overall quality of life."
E6,prose,Easy,Qwen,unsloth/Qwen2.5-7B-Instruct-bnb-4bit,1,1000,385,0,339,"Understanding how to budget your monthly income might seem like a tedious task but its benefits far outweigh the effort put into it. Firstly, it acts as a shield against overspending, ensuring that you do not dip into areas where money should be saved or invested instead. Imagine setting aside a portion of your earnings for necessities such as rent and groceries, then allocating another part towards entertainment or travel, with a small amount set aside for emergencies or unexpected expenses. This structured approach not only keeps your finances organized but also prevents the temptation of impulse purchases that often lead to debt. By consistently sticking to this plan, you will notice that your spending habits become more responsible, helping you avoid unnecessary financial pitfalls.

Secondly, learning to budget allows you to start building savings over time. Whether it's a rainy day fund, an emergency reserve, or simply putting aside money for future goals like buying a home or funding a child’s education, the discipline of budgeting ensures that these savings grow steadily. It’s like planting a seed; while it might take some time to see results, once established, the growth can be significant. Over months and years, these savings can accumulate to provide a financial cushion that reduces anxiety about future costs and provides peace of mind knowing there is a safety net when needed.

Lastly, one of the most transformative aspects of budgeting is the reduction in financial stress. Financial insecurity can cause significant mental strain, leading to worry and stress about bills, debts, and potential emergencies. By creating a budget and sticking to it, you begin to gain control over your finances. As you watch your savings grow and your expenses align with your means, the stress around money fades away. Instead of constantly worrying about how to pay for things, you focus on enjoying life and planning for the future with confidence. This shift can improve overall well-being, making budgeting not just a financial tool but a key factor in achieving greater happiness and stability."
E7,prose,Easy,Qwen,unsloth/Qwen2.5-7B-Instruct-bnb-4bit,1,1000,451,0,375,"Regular physical exercise serves as an indispensable tool for enhancing mental well-being, fundamentally altering the chemistry within our brains to foster a more positive outlook on life. When we engage in physical activity, our bodies release endorphins, often referred to as ""feel-good"" hormones, which interact with the receptors in our brain to reduce pain perception and trigger positive feelings similar to those from pleasure and joy. These endorphins not only alleviate physical pain but also contribute to a natural high that can significantly boost one's mood, making daily challenges seem less daunting. Moreover, the release of these chemicals helps in creating a sense of euphoria and calmness, effectively acting as nature’s own form of antidepressant.

In addition to the immediate mood-lifting effects of exercise, there are long-term benefits that contribute to reducing the symptoms of anxiety and depression. Regular physical activity has been shown to decrease levels of stress hormones such as cortisol, while increasing the production of neurotransmitters like serotonin and norepinephrine, which play crucial roles in regulating mood and emotions. This physiological shift can lead to a noticeable reduction in feelings of anxiety and depression, offering a natural and effective way to manage mental health conditions without relying solely on medication. By consistently engaging in physical activity, individuals can develop a stronger resilience against the ups and downs of life, thereby fostering a more stable and positive mental state over time.

Lastly, regular exercise profoundly impacts self-confidence, another critical aspect of mental health. As one commits to a fitness routine and sees tangible improvements in strength, endurance, and overall physical health, self-esteem naturally increases. This enhancement in physical capability not only boosts personal satisfaction but also provides a tangible measure of success that can be carried into other areas of life. Additionally, the discipline required to maintain a consistent exercise regimen nurtures a sense of achievement and control, further bolstering one’s confidence. Over time, this cumulative effect of small victories can lead to a significant improvement in self-image and self-worth, essential components for maintaining a healthy and balanced mental state. Thus, through its multifaceted benefits—from releasing mood-boosting chemicals to reducing anxiety and depression and improving self-confidence—regular physical exercise stands out as one of the most powerful and accessible tools for enhancing mental well-being."
E8,prose,Easy,Qwen,unsloth/Qwen2.5-7B-Instruct-bnb-4bit,1,1000,509,0,436,"In an era where digital distractions seem to encroach upon every moment, the act of reading books for pleasure stands as a timeless practice that enriches our lives beyond measure. Each page turned not only broadens one’s vocabulary but also subtly shapes the way we communicate. As one delves into the nuances of language through books, a rich tapestry of words and expressions becomes familiar, enhancing both the quality and depth of conversations. This growth in vocabulary is not just academic; it fosters a more articulate and nuanced understanding of the world around us, allowing us to express complex thoughts and emotions more effectively. Furthermore, the ability to articulate oneself clearly and empathetically becomes more pronounced as one reads widely, for each book offers a unique lens through which to view human experiences.

Moreover, when life’s stressors feel overwhelming, turning to books can be a far more restorative activity than engaging with screens. The physical act of holding a book, the tactile experience of turning pages, and the quiet environment it provides offer a stark contrast to the often chaotic and overwhelming digital world. Studies have shown that reading can significantly reduce cortisol levels, the hormone associated with stress, more effectively than using digital devices. Books serve as a sanctuary from the relentless demands of modern life, offering moments of respite and reflection. They encourage a slower pace, allowing the mind to wander and decompress, thus providing a mental space to process and manage stress.

Lastly, perhaps one of the most profound benefits of reading is its capacity to enhance empathy. By stepping into the minds and lives of characters from various backgrounds, one gains a deeper understanding of different perspectives and experiences. This empathetic journey fosters a greater sense of connection and understanding with others, whether they share similar experiences or vastly different ones. Reading introduces us to diverse cultures, historical epochs, and personal struggles, encouraging us to see beyond our own limited viewpoints. It challenges stereotypes and promotes tolerance, as we recognize the commonality of human emotion and aspiration across all boundaries. In this way, reading not only builds bridges between individuals but also between cultures, fostering a more compassionate and connected global community.

Thus, amidst the whirlwind of daily activities and the constant stream of information, the simple act of reading for pleasure remains a valuable and indispensable activity. It fortifies our communication skills, provides a powerful tool for managing stress, and nurtures our capacity for empathy. These benefits, while subtle at first glance, cumulatively contribute to a richer, more fulfilling life, making the time spent reading an investment well worth the effort."
E9,prose,Easy,Qwen,unsloth/Qwen2.5-7B-Instruct-bnb-4bit,1,1000,431,0,377,"When your living space is cluttered with unnecessary items, every day becomes a challenge as you spend more time than necessary searching for the things you need. Imagine trying to find a book in a room filled with boxes, clothes, and random objects – it’s like playing an endless game of hide-and-seek. This constant hunt for what you need not only takes up your precious time but also adds to your frustration and stress levels. By keeping your living area tidy, you streamline this process, allowing yourself to locate items quickly without the added anxiety of where they might be hiding. This efficiency in finding what you need can be particularly crucial when you’re in a rush, such as getting ready for work or starting your day’s tasks.

Moreover, a clean and organized living space significantly reduces background stress. Clutter tends to have a snowball effect; the more you have, the harder it becomes to keep track of everything. This overwhelming sense of having too much to manage can create a constant state of anxiety and overwhelm. In contrast, a neat and tidy home provides a sense of calm and control. It’s easier to maintain mental clarity and peace when you don’t have to constantly remind yourself to put something away or worry about the mess. This psychological benefit of a clean environment cannot be overstated—it allows you to approach each day with a clearer mind, free from the burden of visual and mental clutter.

Lastly, maintaining a tidy living space enhances your ability to focus on work or study. When your surroundings are disorganized, your mind often mirrors the chaos, making it difficult to concentrate. Imagine trying to work on a complex project while your desk is covered in papers, half-filled glasses, and digital devices. The sheer amount of visual distraction can fragment your attention, leading to mistakes and reduced productivity. On the other hand, a clean workspace acts as a blank canvas, allowing you to focus fully on the task at hand. It provides a clear backdrop against which your thoughts and actions can align, fostering a state of deep concentration and better cognitive performance. This environment supports your ability to tackle challenging tasks efficiently and effectively, making the most of your time and efforts."
E10,prose,Easy,Qwen,unsloth/Qwen2.5-7B-Instruct-bnb-4bit,1,1000,420,0,366,"Spending less time on social media significantly enhances overall well-being as it addresses multiple aspects of mental health and lifestyle. First and foremost, by reducing the amount of time spent scrolling through various platforms, individuals experience a marked decrease in the insidious and relentless comparisons they make to others' curated lives. This practice often leads to feelings of inadequacy and decreased self-esteem, especially among young people who are particularly vulnerable to such comparisons. When one spends less time on these platforms, they naturally encounter fewer instances where they feel inferior due to someone else's seemingly perfect life. Instead, they can focus on their own growth and development without the constant pressure of measuring up to unrealistic standards.

Furthermore, dedicating less time to social media allows for a reclamation of valuable time that can be invested in more meaningful pursuits. Engaging in offline activities such as reading, exercising, spending time with loved ones, or pursuing hobbies not only provides a sense of accomplishment but also contributes to a richer and more balanced life. These activities offer genuine sources of joy and satisfaction that cannot be replicated online. Additionally, engaging in regular physical activity and intellectual pursuits can have numerous benefits for mental health, including improved mood regulation and enhanced cognitive function. The freedom from the constraints of digital engagement opens up space for these enriching experiences, fostering personal growth and a deeper connection with the world around them.

Lastly, cutting down on evening screen time from social media directly impacts sleep quality. Exposure to blue light from electronic devices has been shown to disrupt the production of melatonin, a hormone essential for regulating sleep cycles. By reducing this exposure, especially during the critical hours before bed, individuals can improve their sleep patterns, leading to better rest and overall physical health. Better sleep is crucial for cognitive functions, emotional stability, and physical recovery. It also helps in managing stress levels, which are often exacerbated by the constant stimulation provided by social media. Thus, by making a conscious decision to spend less time on social media, individuals can create a healthier balance between their digital and real-world lives, ultimately enhancing their well-being in both the short and long term."
E11,prose,Easy,Qwen,unsloth/Qwen2.5-7B-Instruct-bnb-4bit,1,1000,515,0,446,"In the quiet corners of our homes, pets often become more than just animals; they transform into companions who fill the void of loneliness and provide an unspoken understanding that can be incredibly comforting. The presence of a dog or cat, particularly during challenging times such as work-related stress or personal hardships, offers a steady, loving support system that can alleviate feelings of isolation. This emotional connection is profound because it's built on a foundation of trust and unconditional love that goes beyond human relationships sometimes marked by misunderstandings and disappointments. By simply being there, pets offer a constant source of comfort and joy, their mere presence capable of shifting one's mood from melancholy to one of contentment.

Moreover, caring for a pet introduces a daily routine that can be both grounding and beneficial for physical health. Feeding schedules, walks, playtime – these activities might seem small but collectively they contribute to a structured day that helps maintain a sense of normalcy and order. For those who may have fallen into irregular eating or sleeping habits, the responsibility of a pet can act as a natural reminder to stay on a schedule. Additionally, pets encourage their owners to venture out more, whether it’s taking them for a walk around the block or simply getting up to feed them, these small movements add up over time. The cumulative effect of this increased physical activity can lead to better overall health, contributing to lower blood pressure, improved cardiovascular health, and even aiding in weight management. In essence, while caring for a pet doesn’t replace professional medical advice or a healthy lifestyle, it can certainly complement it, offering a gentle nudge towards a healthier life.

Lastly, the bond between a person and their pet is known to have a direct impact on physiological responses, notably reducing levels of cortisol, a hormone closely associated with stress. In moments of anxiety or high stress, the calming effect of petting a cat or dog can be immediate and profound. This interaction triggers the release of oxytocin, often referred to as the ‘bonding hormone’, which helps in reducing the levels of cortisol, thus lowering overall stress. Studies have shown that regular interactions with pets can also decrease the risk of heart disease by lowering blood pressure and reducing cholesterol levels. Furthermore, the simple act of spending time with a pet can shift focus away from worries and onto something more positive, thereby enhancing mental well-being. Thus, the companionship of a pet not only offers emotional support but also has tangible effects on the body, making the experience of having a pet not just enjoyable but also profoundly beneficial for one's health and happiness."
E12,prose,Easy,Qwen,unsloth/Qwen2.5-7B-Instruct-bnb-4bit,1,1000,444,0,396,"Reflecting on the profound impact of expressing gratitude on our daily lives, one cannot overlook how it fundamentally shifts our lens from the shadows of challenges to the light of achievements and successes. By focusing on what we have rather than what we lack, we naturally diminish the weight of our troubles and amplify the joys around us. This act of looking for the silver lining in every situation not only enriches our current experiences but also creates a lasting, optimistic outlook that permeates through our days. When we consistently acknowledge the good in our lives, whether it be the kindness of a friend or the simple beauty of nature, we begin to see the world in a more positive light, fostering an environment where happiness can flourish.

Moreover, the act of expressing gratitude serves as a powerful glue in our personal relationships, fortifying the bonds between individuals and enhancing the quality of our interactions. When we take the time to thank someone for their support or contribution, we communicate not just appreciation but also respect and value for them. This act of acknowledgment creates a ripple effect, making both the giver and receiver feel seen and appreciated. In doing so, it strengthens the emotional connections and fosters a sense of community, knowing that each member of the group contributes positively to the whole. Over time, these small expressions of gratitude weave together a tapestry of mutual understanding and support, creating a nurturing and resilient social fabric that withstands the tests of time and adversity.

Research consistently underscores the tangible benefits of cultivating a grateful mindset. Studies have shown that individuals who practice gratitude experience measurable improvements in their overall mood and mental health. Regularly reflecting on things we are thankful for triggers the release of neurotransmitters such as dopamine and serotonin, which are associated with feelings of joy and contentment. Furthermore, gratitude journaling or simply taking a moment each day to express what one is thankful for can lower stress levels and increase resilience against negative emotions. These findings suggest that the simple act of being thankful can serve as a buffer against life's stresses, helping us maintain a balanced perspective even in challenging times. Thus, by integrating gratitude into our daily routines, we not only enhance our personal well-being but also contribute to a more harmonious and joyful existence for all those around us."
E13,prose,Easy,Qwen,unsloth/Qwen2.5-7B-Instruct-bnb-4bit,1,1000,378,0,335,"Taking short breaks during long work sessions significantly enhances productivity and efficiency as it prevents the accumulation of mental fatigue which can otherwise diminish one's cognitive abilities. When the mind is allowed to rest for a few minutes, it has an opportunity to reset and reenergize, much like how a computer needs to be restarted after prolonged use to function optimally. This brief pause allows the brain to clear out unnecessary information, making space for new insights and ideas to emerge. The psychological benefit of stepping away from a task also means that when returning to the work, one approaches it with a fresh mindset, often leading to more innovative and effective solutions than if one had continued in a state of mental exhaustion.

Moreover, stepping away from a problem frequently aids in finding better solutions because it allows the subconscious mind to work on the problem in the background while the conscious mind is occupied with something else entirely. This phenomenon, known as incubation effect, suggests that stepping away from a challenge can provide the clarity needed to see connections and patterns that were previously obscured, ultimately leading to more creative and efficient resolutions upon return. Regular breaks thus act as a catalyst for creativity and innovation, fostering an environment where solutions to complex problems can be discovered more readily.

Additionally, maintaining motivation throughout an extended work period is crucial for keeping up productivity levels and achieving long-term goals. Short, scheduled breaks serve as mini-rewards that keep the mind engaged but prevent burnout. By punctuating work with these brief respites, individuals can stay focused on their tasks without succumbing to the monotony that can arise from sustained concentration. This balance helps in sustaining a high level of engagement over time, ensuring that the work pace remains steady and that goals are met consistently. In essence, the strategic inclusion of regular breaks not only rejuvenates the mind but also keeps the motivational fires burning, allowing for sustained performance and productivity across the entire work period."
E14,prose,Easy,Qwen,unsloth/Qwen2.5-7B-Instruct-bnb-4bit,1,1000,512,0,446,"Engaging in volunteer work not only contributes positively to the community but also offers profound personal benefits that extend far beyond the immediate acts of kindness. Firstly, volunteering provides an exceptional platform for skill development and expansion of one's professional network. By dedicating time to assist those in need, individuals can learn a wide array of skills that are often not acquired through traditional job roles. Whether it involves mastering software applications for digital volunteer work, developing leadership abilities by organizing events, or learning a new language in international volunteer settings, these skills not only enhance personal capabilities but also open up diverse career opportunities. Additionally, the connections made during volunteer activities are invaluable; they offer access to professionals from various sectors and industries who might not have been accessible otherwise. These relationships can lead to mentorship, sponsorship, or even direct job offers, as companies increasingly value candidates with demonstrated community service experience and interpersonal skills honed through volunteer work.

Secondly, volunteering offers a profound sense of purpose and meaning that can be deeply satisfying and enriching. In today's fast-paced and sometimes isolating world, people often seek ways to find their place and contribute meaningfully to something larger than themselves. Volunteering allows individuals to engage in activities that align with their values and passions, providing a sense of fulfillment and joy that can be hard to replicate elsewhere. This sense of contribution can significantly boost one’s self-esteem and overall well-being, fostering a deeper connection with oneself and others. Moreover, the meaningful interactions with volunteers and beneficiaries alike can provide insights into different life experiences and perspectives, broadening one's worldview and empathy. Such personal growth is not just beneficial for the individual but also enhances their ability to relate to others, making them more compassionate and understanding members of society.

Lastly, volunteering plays a crucial role in improving mental health by reducing feelings of isolation and increasing social connections. In our modern society, where loneliness and disconnection are becoming increasingly common issues, volunteering offers a way to combat these challenges. Participating in group activities and events organized through volunteer organizations can help build a supportive community around shared interests and goals. This sense of belonging and connection can significantly reduce feelings of loneliness and depression. Furthermore, helping others directly can lead to an increased sense of purpose, which has been shown to correlate with better mental health outcomes. The act of giving back, no matter how small, can shift focus away from personal problems and towards positive contributions, fostering a more optimistic outlook on life. These psychological benefits are especially important in times of stress or uncertainty, offering a tangible means to maintain resilience and mental well-being."
M1,prose,Medium,Qwen,unsloth/Qwen2.5-7B-Instruct-bnb-4bit,1,1000,289,0,248,"Remote work offers significant benefits to both employees and employers, starting with a notable enhancement in productivity and focus among workers. By eliminating the need for daily commutes, individuals save valuable time and energy, allowing them to arrive at their tasks more refreshed and ready to tackle challenges head-on. Moreover, the absence of an open-plan office environment, often filled with constant interruptions and distractions, fosters a more concentrated work atmosphere. This setup helps employees maintain a clear focus on their assigned tasks, leading to better outcomes and a higher quality of work. For employers, the advantages of remote work extend beyond the individual worker's experience. The ability to source talent from across the globe means companies can hire the best professionals available, regardless of geographical limitations, thereby enriching their team with diverse skills and perspectives. Additionally, the reduction in real-estate costs associated with maintaining office spaces provides a substantial financial advantage. Companies can allocate these savings into other critical areas such as technology upgrades, training programs, or even higher salaries for their employees. Furthermore, flexible work arrangements significantly contribute to improved employee retention rates. By offering the flexibility to manage their schedules around personal needs and commitments, employers can enhance job satisfaction and overall well-being among staff members. This level of accommodation fosters a strong sense of loyalty and commitment, reducing turnover rates and the associated costs of hiring and training new employees. As a result, both parties benefit from a more stable, efficient, and productive work environment."
M2,prose,Medium,Qwen,unsloth/Qwen2.5-7B-Instruct-bnb-4bit,1,1000,487,0,422,"In the age of ubiquitous smartphones and streaming services, public libraries remain indispensable institutions, especially for those who cannot afford their own devices or subscriptions. Libraries stand as beacons of free access to information technology, providing computers, Wi-Fi, and digital resources that are otherwise out of reach for many individuals and families. For students from low-income backgrounds, libraries offer a crucial resource for completing homework and accessing online learning materials. Adults without personal internet access can find employment assistance through library computers equipped with job search tools and resume builders. The library's commitment to accessibility ensures that all members of a community have equal opportunities to engage with the digital world, regardless of their financial situation.

Beyond their technological offerings, libraries serve as community hubs that foster social connections and support local development. As physical spaces where people gather, libraries act as anchors in neighborhoods, offering a wide array of programs and services that benefit residents of all ages. Child literacy programs, often held during school breaks, introduce young children to the joy of reading while also helping to develop early literacy skills. These initiatives can be critical in areas where home environments may not provide such opportunities. Additionally, adult literacy classes and English language learning programs help non-native speakers integrate into society and advance their education and career prospects. The libraries also host book clubs, art workshops, and film screenings, enriching cultural life and creating spaces for dialogue and community building. This role is particularly important in times of social isolation, such as during the recent pandemic when in-person gatherings were limited.

Moreover, the work of professional librarians goes beyond mere cataloging and lending. They play a vital role in curating and verifying information, ensuring that users of the internet can find reliable and accurate content. Unlike unmediated searches, which can lead to an overwhelming amount of data and often include misinformation and bias, librarians are trained to evaluate sources critically and guide patrons toward credible information. Librarians can help users navigate the complex landscape of digital content, teaching them how to distinguish between reputable sources and less reliable ones. This service is especially crucial in today's media environment, where fake news and clickbait can spread rapidly. By offering this guidance, librarians empower individuals to make informed decisions and foster a more knowledgeable and discerning citizenry. Thus, the library not only provides access to technology but also ensures that this access is accompanied by the ability to understand and critically engage with the vast and sometimes confusing realm of online information."
M3,prose,Medium,Qwen,unsloth/Qwen2.5-7B-Instruct-bnb-4bit,1,1000,415,0,351,"The acquisition of a second language profoundly enriches cognitive abilities and enhances professional prospects, particularly by bolstering executive function. Among the most notable benefits is the strengthening of cognitive flexibility, a critical component of executive function that enables individuals to adapt to new situations, think creatively, and switch between different mental tasks efficiently. Bilingual individuals exhibit superior performance in tasks that require them to switch between different rules or tasks, such as those involving language translation or problem-solving under changing conditions. This enhanced cognitive flexibility can translate into improved adaptability in professional settings where quick thinking and the ability to navigate diverse scenarios are crucial.

Moreover, bilingualism fosters a unique form of metalinguistic awareness, which involves the conscious understanding of the structure and use of one's own and others' languages. This heightened metalinguistic awareness allows individuals to better understand and manipulate linguistic structures, enhancing their ability to analyze and synthesize information. In abstract reasoning tasks, bilinguals often outperform monolingual individuals due to the enhanced capacity to recognize and utilize patterns across different linguistic systems. This proficiency in abstract thinking and linguistic analysis can be particularly advantageous in fields such as law, diplomacy, and international business, where the ability to discern subtle nuances and communicate effectively across cultural and linguistic barriers is paramount.

The professional advantages of bilingualism extend significantly in a globalized labor market. As businesses increasingly operate on an international scale, the ability to speak multiple languages opens up a wide array of career opportunities that might otherwise remain inaccessible. Multilingual professionals are highly sought after in industries such as finance, technology, and healthcare, where they can facilitate communication between colleagues and clients from diverse linguistic backgrounds. Additionally, proficiency in a second language can provide a competitive edge in recruitment processes, as it demonstrates adaptability, cultural sensitivity, and the ability to work effectively in multicultural environments. This linguistic versatility is particularly valuable in roles that require travel, client interaction, or project management across different countries and cultures. Thus, the cognitive and linguistic benefits of bilingualism not only enhance personal development but also significantly expand professional horizons in today’s interconnected world."
M4,prose,Medium,Qwen,unsloth/Qwen2.5-7B-Instruct-bnb-4bit,1,1000,429,0,366,"Investing in the training of existing employees instead of hiring externally can be a strategic move that yields significant long-term benefits for organizations. One of the primary advantages of this approach is the preservation of institutional knowledge. When companies grow through internal development, they maintain a deep understanding of their unique business context, operations, and industry nuances. External hires, while bringing fresh perspectives and skills, often need extensive onboarding to grasp these intricacies, which can take several months. During this period, critical decision-making and operational continuity may be compromised. By contrast, internal development ensures that the organization's accumulated wisdom remains intact, facilitating more informed and rapid decision-making processes.

Moreover, the visible commitment to employee growth through training programs measurably enhances retention rates and significantly lowers turnover costs. High turnover rates can lead to substantial financial burdens, including the expenses associated with recruiting, selecting, and training new hires. Additionally, there are intangible costs such as reduced productivity during transitions and potential disruptions to team dynamics. By investing in current staff, companies demonstrate a dedication to their professional development, fostering a sense of loyalty and belonging among employees. This approach can transform an organization into a place where top talent views as a destination rather than just a stepping stone. Consequently, the reduction in turnover directly translates to savings and a more stable workforce that can focus on innovation and achieving company goals without frequent disruptions.

Lastly, upskilling existing employees is often both faster and less expensive than a full external recruitment process. The time and resources required to conduct extensive interviews, assess candidates, negotiate salaries, and on-board new hires can be considerable. In contrast, identifying areas for improvement within the current workforce and providing targeted training is typically a quicker and more cost-effective solution. Organizations can leverage existing infrastructure, such as HR departments and training facilities, without the need for additional investments. Moreover, since these employees already understand the company’s culture and values, they tend to assimilate new skills more efficiently, leading to quicker results and better alignment with organizational objectives. This efficiency not only saves money but also accelerates the realization of training outcomes, allowing businesses to stay agile and competitive in rapidly changing market conditions."
M5,prose,Medium,Qwen,unsloth/Qwen2.5-7B-Instruct-bnb-4bit,1,1000,545,0,460,"Regular physical exercise measurably reduces long-term healthcare costs at both the individual and societal levels through several key mechanisms. First, active individuals experience substantially lower rates of preventable chronic diseases such as type 2 diabetes and cardiovascular disease. Engaging in regular physical activity helps to maintain healthy blood sugar levels, promote effective circulation, and reduce body fat, all of which significantly lower the risk of developing these conditions. Consequently, fewer people require expensive medical interventions, hospital stays, or ongoing treatments for these diseases, thereby reducing overall healthcare expenditures. For instance, the American Diabetes Association has reported that the annual cost of managing type 2 diabetes in the United States is approximately $54 billion, with much of this expense stemming from complications that could be prevented through consistent physical activity.

Second, exercise plays a crucial role in reducing the frequency and severity of mental health conditions, which represent an increasingly large share of healthcare expenditures worldwide. Mental health issues such as anxiety, depression, and stress can be mitigated or even prevented through regular physical activity. Exercise releases endorphins, often referred to as ""feel-good"" hormones, which help to alleviate symptoms of depression and anxiety. Moreover, physical activity can improve sleep quality, enhance cognitive function, and increase overall energy levels, all of which contribute to better mental well-being. Given the rising prevalence of mental health disorders and the associated costs—such as medication, therapy sessions, and lost productivity—reducing their incidence through physical exercise can lead to significant savings in healthcare spending. In the United Kingdom, for example, the National Institute for Health and Care Excellence has recommended that general practitioners prescribe physical activity as part of a treatment plan for mild to moderate depression due to its proven effectiveness and low cost.

Lastly, population-level physical activity programs have consistently shown cost-effectiveness across multiple national healthcare systems. Initiatives aimed at increasing physical activity among the general population can yield substantial economic benefits by reducing the burden on healthcare systems. For instance, the Finnish government launched a comprehensive exercise program in the 1970s, which led to a marked reduction in the incidence of coronary heart disease. The program was not only effective in promoting public health but also resulted in considerable savings for the country's healthcare budget. Similarly, studies conducted in countries like the Netherlands and Canada have demonstrated that investing in physical activity programs can lead to net cost savings by preventing the onset of costly chronic conditions. These programs often include community-based fitness initiatives, workplace wellness programs, and school physical education policies designed to encourage regular physical activity across various demographics. As more nations recognize the value of such initiatives, the potential for cost savings and improved public health outcomes continues to grow, further underscoring the importance of integrating physical activity into healthcare strategies."
M6,prose,Medium,Qwen,unsloth/Qwen2.5-7B-Instruct-bnb-4bit,1,1000,508,0,445,"The absence of financial education among young people can lead to alarming rates of consumer debt and financial vulnerability upon reaching adulthood. In many households, discussions about money and personal finance are often avoided, leaving young adults ill-prepared for managing their finances once they step out into the world. This gap in knowledge can manifest as high levels of credit card debt, student loan debt, and even predatory lending practices that exploit lack of understanding about interest rates and loan terms. These financial burdens not only affect individuals but can also hinder their ability to make informed decisions regarding housing, healthcare, and long-term investments. By integrating financial literacy into secondary school curricula, we can empower students to understand the true cost of borrowing, the importance of saving, and how to navigate the complexities of personal finance responsibly.

Financial literacy is a universal life skill that benefits all students, regardless of their income level or future career paths. Understanding basic financial concepts such as budgeting, savings, investment, and debt management is crucial for everyone's well-being and success in life. For instance, knowing how to manage a checking account, create a budget, and understand the basics of investing can help students avoid common pitfalls such as overdraft fees and falling for scams. Moreover, this knowledge can equip them with tools to plan for unexpected expenses or emergencies, such as medical bills or job loss, which could otherwise derail their financial stability. Additionally, financial literacy can play a significant role in reducing financial stress, improving mental health, and enhancing overall quality of life by helping individuals set and work towards meaningful financial goals.

Schools are uniquely positioned to provide comprehensive and accessible financial education to all young people before they face the high-stakes decisions that come with adulthood. Unlike other institutions, schools have a consistent and uniform reach across all demographics, ensuring that every student has equal opportunities to learn about personal finance. This consistency is crucial because financial literacy is not just about numbers and equations; it involves developing critical thinking skills and decision-making abilities that can be applied in various real-life scenarios. Furthermore, introducing financial education in schools allows educators to tailor lessons to different age groups and learning styles, making the material more engaging and relevant. Schools can also leverage partnerships with local financial institutions and experts to provide hands-on learning experiences, such as setting up mock stock market games or offering mentorship programs, thereby enhancing the practical application of learned concepts. Thus, by integrating financial literacy into secondary education, we can build a generation that is better equipped to handle the financial challenges of adult life, fostering a more financially secure and resilient society."
M7,prose,Medium,Qwen,unsloth/Qwen2.5-7B-Instruct-bnb-4bit,1,1000,434,0,381,"Urban green spaces and parks offer a spectrum of public health benefits that far outweigh their costs to municipalities. Access to green areas is intrinsically linked to lower rates of cardiovascular disease, obesity, and stress-related illnesses. Studies have shown that individuals living closer to parks and natural landscapes experience significantly reduced risks of heart disease due to improved physical activity levels and better management of blood pressure. Regular exposure to green spaces encourages more walking, cycling, and overall physical movement, which are critical for maintaining cardiovascular health. Additionally, the availability of these spaces promotes healthier lifestyle choices such as increased fruit and vegetable consumption, further reducing the likelihood of developing obesity and related conditions.

Furthermore, parks serve as vital mental health sanctuaries, offering a respite from the daily stresses of city life. These environments provide a restorative effect that can buffer against the onset of anxiety and depression. Research indicates that spending time in nature can decrease symptoms of depression and anxiety by providing a distraction from negative thoughts and promoting relaxation. The calming influence of green spaces is particularly beneficial for urban populations who face higher levels of environmental and social stressors. Moreover, the presence of trees, water features, and other natural elements within parks can stimulate the parasympathetic nervous system, leading to a state of physiological calm that helps manage chronic stress and improve overall mental well-being.

The environmental benefits of urban green spaces also contribute significantly to public health outcomes. Green infrastructure plays a crucial role in mitigating the urban heat island effect, which can be particularly harsh in densely populated areas. By absorbing and reflecting sunlight, trees and other vegetation in parks help to cool the surrounding environment, thereby reducing the incidence of heat-related illnesses such as heat exhaustion and heat stroke. Additionally, these green areas act as natural filters, capturing pollutants and particulates from the air, thus improving respiratory health. Studies have demonstrated that increased exposure to green spaces can lead to significant reductions in asthma attacks and other respiratory issues, contributing to overall community health. The integration of green infrastructure in urban planning not only enhances the aesthetic appeal and recreational opportunities but also directly impacts the air quality and thermal comfort of the urban environment, ensuring that these spaces deliver tangible public health dividends."
M8,prose,Medium,Qwen,unsloth/Qwen2.5-7B-Instruct-bnb-4bit,1,1000,465,0,405,"Reading literary fiction invites us into the minds and hearts of characters whose lives might be vastly different from our own, thus requiring us to engage in perspective-taking. This act of stepping into another's shoes is not merely a temporary exercise but a deep-seated process that fosters a rich and nuanced understanding of human experience. When we read literary works, whether it be Jane Austen’s intricate dance of social manners or a modern exploration of identity through narrative voice, we are challenged to see the world from various angles—angles that may challenge our preconceptions or even our most cherished beliefs. This ongoing practice of inhabiting differing perspectives trains our minds to empathize more deeply with others, as we learn to recognize the complex layers of motivation and emotion that drive human behavior.

Experimental research has consistently shown that reading literary fiction can produce measurable improvements in theory-of-mind skills, which refer to one’s ability to understand that others have thoughts, beliefs, desires, and intentions that are different from one’s own. For instance, a study published in the journal ""Science"" found that participants who read a short story of literary fiction performed better on tasks measuring theory-of-mind than those who read non-fiction or were exposed to no text at all. These findings suggest that literary fiction not only provides a window into diverse human experiences but also enhances our cognitive abilities to navigate the complexities of social interactions. The ability to recognize and understand the mental states of others is a cornerstone of social competence, and these experiments offer compelling evidence that reading literary fiction can contribute to this skillset.

Moreover, the ambiguity and psychological complexity inherent in literary fiction play a crucial role in developing tolerance for uncertainty—a trait that underlies much of real-world social competence. In a world where certainty often feels increasingly elusive, the capacity to entertain multiple viewpoints and accept that people can simultaneously hold true beliefs and yet be mistaken is a vital skill. Literary fiction frequently presents characters and situations without clear-cut solutions or resolutions, forcing readers to engage with the gray areas of human nature and decision-making. This exposure can foster a greater appreciation for the nuances of social dynamics and a willingness to consider alternative explanations or perspectives when faced with social dilemmas. In essence, the literary journey through uncertainty and complexity prepares us to navigate the unpredictable and multifaceted landscape of social relationships with greater ease and sensitivity."
M9,prose,Medium,Qwen,unsloth/Qwen2.5-7B-Instruct-bnb-4bit,1,1000,522,0,433,"Mentorship programs serve as invaluable resources for early-career professionals, accelerating their skill development through access to tacit professional knowledge that often remains unwritten and thus unavailable in formal training environments. In these informal settings, mentors can share insights into industry-specific nuances, insider strategies, and common pitfalls, which might otherwise take years of trial and error to learn. This mentor-provided guidance fosters a deeper understanding of the field, allowing mentees to navigate complex projects with greater efficiency and confidence. Moreover, the personalized nature of mentorship means that learning is highly attuned to individual needs, ensuring that the most relevant and useful information is imparted at precisely the right moment. This direct transfer of experiential wisdom not only speeds up the learning process but also instills a sense of belonging and continuity within an organization.

Furthermore, research consistently shows that mentored employees are significantly more likely to receive promotions and salary increases within just five years of entering the workforce. The supportive relationship between a mentor and mentee creates an environment where both parties work towards shared goals, with the mentor actively advocating for the mentee’s advancement within the organization. Mentors can open doors to high-visibility projects, recommend their protégés for critical assignments, and provide the necessary encouragement and support to overcome obstacles that could otherwise derail career progress. Additionally, the visibility and reliability that come from being mentored often lead to increased recognition among peers and superiors, making it easier for mentees to gain support for their professional growth initiatives. Consequently, the mentee’s upward trajectory in the organization becomes more assured, with each step of their career marked by opportunities and advancements.

Finally, mentorship relationships extend far beyond immediate job-related benefits; they play a crucial role in expanding professional networks in ways that create durable long-term career advantages. A mentor can introduce their mentee to a wide array of contacts within and outside the organization, facilitating connections that might otherwise be difficult to establish. These networks become vital resources throughout one's career, offering advice, referrals, and even potential job opportunities. Moreover, the trust and mutual respect built during a mentorship can last well beyond the initial period of collaboration, evolving into lifelong professional relationships. Such lasting ties not only provide continued support and guidance but also open up new avenues for collaboration and innovation. As mentees move through different stages of their careers, these enduring relationships can prove invaluable, helping them navigate organizational changes, access cutting-edge technologies, and maintain relevance in their chosen fields. Thus, the benefits of mentorship extend far beyond the immediate skills gained, encompassing a robust foundation for sustained professional success."
M10,prose,Medium,Qwen,unsloth/Qwen2.5-7B-Instruct-bnb-4bit,1,1000,423,0,358,"Diversification across various asset classes significantly lowers the risk faced by ordinary savers because it shields them from the pitfalls of concentrating their investments in just one or two types of assets. For instance, if one invests solely in technology stocks and the tech industry experiences a downturn due to unforeseen technological shifts or market saturation, the entire portfolio could suffer substantial losses. However, when an investor's portfolio is spread across different asset categories such as equities, bonds, real estate, commodities, and cash alternatives, each segment can potentially offset the losses from another failing one. This balance ensures that while some parts of the portfolio may underperform during a particular period, others might outperform, thereby stabilizing overall returns and reducing the volatility experienced by the investor.

Historical evidence unequivocally supports the notion that diversified investment portfolios tend to outperform more concentrated ones in terms of risk-adjusted returns over extended periods. Studies have repeatedly shown that a well-diversified portfolio, particularly one that includes a wide range of assets with varying degrees of correlation, can deliver higher Sharpe ratios—a measure of return relative to risk—compared to portfolios focused on a single type of asset. This consistent outperformance occurs because diversified portfolios are less likely to be significantly affected by the idiosyncratic risks of individual investments. Over time, this means that investors can achieve similar levels of return with considerably less risk than they would experience with highly concentrated holdings.

Moreover, the accessibility of genuinely diverse investment options has expanded dramatically thanks to the advent of low-cost index funds. These funds, which track broad market indices rather than trying to beat them through active management, offer ordinary investors an affordable way to diversify their portfolios without requiring advanced financial knowledge or significant capital. By investing in an index fund, an individual can gain exposure to a diverse array of securities at a fraction of the cost associated with actively managed mutual funds. This democratization of investment allows even small savers to participate in the benefits of diversification, enhancing their portfolios' resilience against market fluctuations and ensuring that they are not overly exposed to the performance of any single asset or sector."
M11,prose,Medium,Qwen,unsloth/Qwen2.5-7B-Instruct-bnb-4bit,1,1000,530,0,465,"Efficient public transportation systems significantly enhance a city's economic vitality by increasing labor market access. As transit networks expand and improve, they connect workers to a broader spectrum of job opportunities across the metropolitan area, thereby raising overall productivity. This connectivity is crucial because it allows individuals to reach more distant but often higher-paying employment sites, which in turn can lead to wage growth and better job satisfaction. Moreover, a well-connected public transit system reduces commuting times and stress, enabling workers to be more productive during their working hours and potentially increasing the number of workdays each year as fewer days are lost due to bad weather or traffic issues. The accessibility provided by strong public transportation not only enhances individual career prospects but also fosters economic diversification within the region as businesses can locate more freely based on proximity to their customer base or suppliers without being constrained by road networks.

Simultaneously, investments in public transportation reduce per-capita car dependency, leading to substantial savings in household transportation costs. With fewer cars needed to cover the same distances, families see reductions in both fuel expenses and vehicle maintenance bills. This financial relief can be considerable, particularly for lower-income households where transportation costs constitute a significant portion of the budget. The freed-up disposable income from reduced car ownership can then be allocated to other essential services such as education, healthcare, and housing, thereby indirectly contributing to the local economy by boosting demand for goods and services. Additionally, public transportation systems often offer lower rates for frequent users, which further incentivizes the transition away from private vehicles, especially in urban areas where car ownership might be less necessary. These savings can be substantial enough to impact overall consumer behavior and spending patterns, ultimately spurring economic activity.

Furthermore, the rise of transit-oriented development directly contributes to increased property values and generates significant tax revenue. In areas surrounding well-developed public transit stations, real estate values tend to increase as proximity to reliable and efficient transit options becomes a highly desirable feature. Developers and homeowners alike recognize the added value of properties near efficient public transportation hubs, driving up demand and thus prices. As property values climb, local governments benefit from higher assessed property taxes, which can then be reinvested into maintaining and expanding the transit system. This virtuous cycle means that the initial capital spent on building and improving transit infrastructure is offset by the long-term revenues generated through increased property assessments and related tax collections. Moreover, the economic activity around transit hubs often stimulates additional business openings and expansion, contributing to the overall economic health of the city. Thus, the combination of rising property values and increased tax revenue provides a robust financial foundation for sustainable public transportation systems, ensuring that the benefits continue to compound over time."
M12,prose,Medium,Qwen,unsloth/Qwen2.5-7B-Instruct-bnb-4bit,1,1000,420,0,363,"In organizations where diversity and inclusion are actively cultivated, teams emerge with a broader spectrum of backgrounds, experiences, and viewpoints. This rich tapestry of perspectives is invaluable in problem-solving, as it challenges conventional thinking and fosters innovation. Team members from varied cultural, ethnic, gender, and cognitive backgrounds bring unique insights, allowing for a more comprehensive analysis of issues. This approach mitigates the risk of groupthink, a phenomenon where team members conform to a dominant idea without critically evaluating alternative solutions. By contrast, inclusive environments encourage dissenting opinions and creative divergent thinking, leading to more robust and well-rounded decision-making processes. Consequently, businesses can make more informed choices, enhancing their strategic positioning and operational efficiency.

Moreover, fostering an inclusive workplace significantly boosts employee engagement and loyalty. When individuals feel valued and respected for who they are, regardless of their background, they tend to be more committed to their roles and the organization as a whole. High levels of engagement correlate with increased productivity, job satisfaction, and a stronger sense of belonging among employees. This emotional connection to the company translates into lower turnover rates, saving organizations substantial sums of money that would otherwise go towards hiring and training new staff. Additionally, a more stable workforce reduces the disruption caused by frequent changes in leadership and team dynamics, enabling smoother business operations and maintaining consistent service delivery to customers.

Finally, a diverse workforce plays a critical role in understanding and effectively serving a broad and varied customer base. As the world becomes increasingly interconnected and culturally aware, businesses must adapt to meet the needs of diverse populations. Companies that reflect the demographics of their target markets are better positioned to identify consumer trends, preferences, and pain points. For instance, a team composed of individuals from different racial and ethnic backgrounds can more accurately predict how products will be received across various communities. Furthermore, inclusive leadership styles that value and integrate multiple viewpoints can lead to more innovative marketing strategies and product development cycles, ensuring that the final offerings resonate with a wide audience. In this way, embracing diversity and inclusion not only enriches internal operations but also enhances external customer relationships, driving growth and market competitiveness."
M13,prose,Medium,Qwen,unsloth/Qwen2.5-7B-Instruct-bnb-4bit,1,1000,463,0,408,"High-quality early childhood education programs lay a robust foundation for cognitive and linguistic growth that can be observed as early as infancy, with these benefits often becoming more pronounced by the time children enter primary school. Studies consistently demonstrate that children who participate in such programs exhibit significant improvements in areas like language acquisition, problem-solving skills, and overall academic performance. This enhanced cognitive development is not merely a short-term effect but one that persists throughout schooling, often leading to better reading comprehension, mathematical proficiency, and critical thinking abilities. By fostering a strong educational base from an early age, these programs ensure that children are better prepared to tackle the demands of formal education, thereby reducing the need for costly remedial interventions later on.

Moreover, longitudinal research into the outcomes of early childhood education highlights its profound and lasting impact on future academic and economic success. Participants in these programs are more likely to complete high school, attend college, and secure stable employment. They also tend to earn higher salaries than those without such early educational advantages. The reasons behind this are multifaceted; early intervention helps to address developmental delays, build foundational skills, and instill a love of learning from a young age. These factors collectively contribute to better academic trajectories and increased career opportunities. As individuals grow into adulthood, they are better equipped to navigate complex societal structures and contribute economically to their communities, which in turn can lead to a more productive and prosperous society.

The economic return on investment in early childhood education is another compelling argument for its public funding. Studies have shown that every dollar spent on early childhood programs yields a substantial return, often ranging from four to eleven dollars for every single dollar invested. This calculation takes into account savings from reduced remedial education costs, lower rates of crime, and decreased reliance on social welfare programs among participants. By preventing these issues from arising, early childhood education not only boosts individual well-being but also generates broader socioeconomic benefits. For instance, fewer remediation programs are needed, reducing public expenditures, while improved literacy and numeracy levels increase workforce productivity. Additionally, the reduction in crime rates and healthcare costs associated with early intervention programs further underscores their value. Thus, the long-term gains in terms of higher tax revenues and lower spending on social services make a strong case for public investment in early childhood education, ensuring that it remains a priority in public policy discussions."
H1,prose,Hard,Qwen,unsloth/Qwen2.5-7B-Instruct-bnb-4bit,1,1000,465,0,401,"The history of science reveals a pattern of theoretical refinement and revision that fundamentally challenges the notion of scientific knowledge as a set of definitive and unshakeable certainties. Even theories that were once considered bedrock foundations of scientific understanding, such as Newtonian mechanics and classical thermodynamics, have undergone significant modifications or limitations in their scope. The development of relativity and quantum mechanics, for instance, demonstrated that Newtonian physics was not universally applicable but instead accurate only within certain, bounded domains. This historical evolution underscores the fallibility of scientific theories and supports the argument that scientific knowledge must be viewed as provisional and open to further testing and refinement.

Moreover, the Duhem-Quine thesis elucidates the interconnected nature of scientific inquiry, illustrating how no single hypothesis can be tested in isolation from its supporting network of auxiliary hypotheses. This interconnected structure means that when an experimental result is observed, it can be interpreted in multiple ways depending on which auxiliary hypotheses are modified or retained. For example, if an experiment fails to confirm a hypothesis, scientists might alter one of the underlying assumptions rather than discard the hypothesis outright. This holistic approach to scientific explanation implies that scientific knowledge is not a collection of isolated facts but rather a complex web of related concepts and assumptions that are all subject to revision in light of new evidence. Consequently, the idea of conclusively falsifying a hypothesis is theoretically impossible, reinforcing the fallibilistic perspective on scientific knowledge.

Additionally, the concept of underdetermination of theory by evidence further reinforces the provisional nature of scientific knowledge. This principle asserts that any finite dataset can be explained by an infinite number of competing theoretical frameworks, meaning that empirical evidence alone cannot uniquely determine a single correct theory. For instance, the same set of data could support both a simple linear model and a much more complex nonlinear model, with both models potentially being equally consistent with the observations. This underdetermination highlights the limits of empirical confirmation and suggests that while theories can be corroborated to a high degree, absolute certainty about a theory’s truth is unattainable. Instead, scientific progress involves a process of gradually narrowing down the range of possible explanations based on the available evidence, but this certainty remains a theoretical ideal rather than an empirical reality. Thus, the empirical confirmation of scientific theories is always partial, and any claims to certainty exceed what evidence can justify."
H2,prose,Hard,Qwen,unsloth/Qwen2.5-7B-Instruct-bnb-4bit,1,1000,663,0,555,"Moral responsibility fundamentally rests on the idea that agents could have acted otherwise, a notion that is deeply intertwined with the concept of agency. This counterfactual competence condition is an essential element of ascribing responsibility, suggesting that when we hold someone morally responsible for their actions, we presuppose they had the capacity to choose differently. However, this presupposition faces a significant challenge when viewed through the lens of a deterministic, causal-mechanical framework. Such a framework posits that all events, including human actions, are part of an unbroken chain of cause and effect. In this deterministic view, each action is necessitated by prior events, and there is no room for alternative possibilities. Consequently, the requirement that agents could have done otherwise cannot be satisfied within such a framework because it inherently imports a normative surplus—specifically, the ability to act differently—that deterministic accounts do not provide. This normative surplus is crucial because it introduces a dimension of agency that is not reducible to mere physical or causal facts alone but rather involves a normative assessment of what ought to have been possible.

Reactive attitudes like resentment, indignation, and gratitude are also best understood within a framework where agents are seen as sources of reasons-responsive action rather than just nodes in a causal network. Resentment, for instance, typically arises when someone feels wronged and believes the agent could have acted differently. Indignation can be directed at someone who has acted immorally, indicating a judgment about the appropriateness of their actions. And gratitude, often expressed towards someone who has done something praiseworthy, reflects an understanding that such actions were not inevitable but were instead a matter of choice. These attitudes presuppose a level of agency that goes beyond mere causality; they require that the agent could have done otherwise and that their actions were responsive to reasons or values. Thus, they are intelligible only when we treat agents as having a degree of control over their actions and as being capable of acting in ways that align with certain norms or principles. This perspective allows us to make sense of why certain actions warrant such strong emotional reactions, highlighting the normative significance of agency.

Compatibilist attempts to reconcile free will and determinism within the context of moral responsibility often face criticism for seemingly preserving the linguistic form of responsibility attribution while fundamentally altering its normative content. Compatibilists argue that an agent could have done otherwise even if their decision was determined by past events, provided their actions were still responsive to reasons. They accomplish this by redefining 'could have done otherwise' in dispositional terms, suggesting that agents could have acted differently given the same set of circumstances but did not necessarily do so because of certain character traits or dispositions. This shift in interpretation retains the language of moral responsibility but changes its core meaning. It no longer refers to a literal possibility of choosing differently against an already set causal chain but rather to a dispositional capacity that aligns with the normative expectations of rational agency. By doing so, compatibilists effectively preserve the surface appearance of responsibility attributions while undermining their substantive normative force. The linguistic form remains intact, but the normative substance that underlies moral responsibility is significantly altered, reducing it to a less stringent form of accountability that is more compatible with a deterministic world view."
H3,prose,Hard,Qwen,unsloth/Qwen2.5-7B-Instruct-bnb-4bit,1,1000,524,0,437,"Language fundamentally shapes—rather than merely expresses—the structure of human thought and cognition, a claim supported by extensive research across various domains including spatial cognition, color categorization, and number representation. This research reveals a consistent pattern where linguistic categories systematically correlate with the granularity of non-linguistic cognitive performance, suggesting that the way languages carve up the world influences how individuals perceive and conceptualize it. For instance, studies have shown that speakers of languages with more detailed spatial terms exhibit superior spatial navigation skills compared to those who lack such specific terms in their vocabulary. Similarly, color perception varies significantly among cultures with different color lexicons, indicating that the cognitive system adapts to linguistic distinctions, thus influencing the very way we experience and categorize the world around us. These findings underscore that language does more than just label; it actively restructures our conceptual frameworks, shaping the basic building blocks of our thought processes.

Furthermore, the process of language acquisition in early childhood illustrates how language not only labels but also restructures the developing mind. Infants at the threshold of language acquisition demonstrate significant differences in their ability to categorize objects when the categories are defined linguistically versus those defined through non-linguistic means. In experiments where infants are taught to categorize objects based on linguistic labels versus physical properties, it is observed that they can learn linguistic categories more effectively once they begin to produce and understand speech. This suggests that the development of language is not merely a labeling process but an active reconfiguration of the cognitive representational system itself. The capacity for abstract linguistic categories, which goes beyond simple object recognition, indicates that language acquisition involves more than just acquiring vocabulary—it fundamentally alters how the mind organizes and perceives the world.

Finally, even internal deliberative thought, often considered a purely mental activity, is partially constituted by linguistic representation. The sequential and negation-permitting structure of natural language enables forms of reasoning that non-linguistic cognitive systems cannot support. For example, the ability to form complex sentences involving multiple clauses and logical operations such as ""if...then"" and negation allows for structured, step-by-step reasoning that aligns closely with formal logic systems. This linguistic structure provides a scaffold upon which complex thoughts and arguments can be constructed and manipulated, enabling sophisticated forms of reasoning that go far beyond the capabilities of non-linguistic cognitive systems. Thus, even in the absence of external language use, the internal thought processes of individuals are deeply intertwined with the linguistic structures they have learned and internalized, demonstrating that language is not just a tool for expression but an integral part of the cognitive architecture that shapes thought itself."
H4,prose,Hard,Qwen,unsloth/Qwen2.5-7B-Instruct-bnb-4bit,1,1000,540,0,461,"The argument that aesthetic value cannot be coherently reduced to purely subjective preference or individual psychological response hinges on several critical aspects of aesthetic judgment and practice. Firstly, the phenomenology of a genuine aesthetic experience inherently involves a claim to intersubjective validity. When we declare a work of art as beautiful, we implicitly invite others to concur with our assessment, thus imbuing our judgment with a normative dimension that goes beyond mere personal taste. This appeal to shared understanding and agreement indicates that aesthetic judgments are not simply expressions of isolated, subjective preferences but rather assertions that resonate with a broader community's values and experiences. A purely subjectivist framework struggles to account for this normative aspect because it fails to recognize the social and communal nature of aesthetic appreciation. It treats aesthetic experiences as entirely private phenomena without the capacity to transcend individual minds and become part of a larger, shared discourse about beauty.

Secondly, the practice of aesthetic criticism, with its intricate apparatus of reasons, standards, and educational frameworks, underscores the idea that aesthetic assessments are not confined to individual responses alone but are instead open to scrutiny and improvement. Critics engage in complex discussions about the merits and flaws of artistic works, often referencing historical contexts, formal elements, and thematic resonances to justify their judgments. This practice presupposes that certain responses can be more informed, better grounded in relevant considerations, and therefore more valid than others. The very existence of such critical discourse challenges the notion that all aesthetic preferences are of equal value and instead suggests that some perspectives offer deeper insights into the nature of the work in question. This commitment to reasoning and education within aesthetic criticism implies a belief in the possibility of objective standards against which aesthetic experiences can be measured, thereby refuting the idea that aesthetic judgments are solely based on subjective impressions.

Finally, the concept of aesthetic relativism, while seemingly inclusive, ultimately generates a paradoxical regress. If every aesthetic preference is equally valid and no single response can be deemed superior to another, the preference for pluralism itself becomes just another subjective opinion among many. In this scenario, the very principle of relativism—asserting that all tastes are equally legitimate—loses its normative force because it cannot distinguish between more or less informed judgments. If all responses are seen as equally valid, the choice to embrace diversity and variety in aesthetic experiences becomes indistinguishable from any other preference, thus undermining the relativist position from within. This self-defeating logic reveals that aesthetic relativism, in its absolutist form, cannot sustain the very diversity it aims to protect, leading instead to an incoherent stance where no judgment can be meaningfully distinguished from any other, effectively nullifying the concept of aesthetic value as anything beyond mere personal inclination."
H5,prose,Hard,Qwen,unsloth/Qwen2.5-7B-Instruct-bnb-4bit,1,1000,512,0,439,"The hard problem of consciousness—why physical processes give rise to subjective experience at all—is a distinct challenge from the easier task of explaining how the brain functions. While functionalist theories offer compelling explanations for cognitive processes, they fall short when it comes to elucidating the qualitative aspects of experience. These theories describe what the brain does in terms of information processing and behavioral outputs but fail to account for the “what it is like” aspect of consciousness, which remains a mystery. The subjective qualities of experience, such as the taste of an apple or the feeling of joy, are not reducible to functional descriptions alone. They exist beyond mere causal relationships and mechanisms, highlighting the limitations of functionalism in capturing the essence of consciousness.

Moreover, the conceivability of philosophical zombies—hypothetical beings with the same physical structure as conscious humans but without any subjective experience—provides a powerful argument against the idea that phenomenal consciousness is logically entailed by physical descriptions. If we can imagine beings physically identical to us but lacking any subjective experiences, it follows that there must be some property of consciousness that cannot be derived from or reduced to physical properties alone. This demonstrates that the identity between physical and phenomenal properties is a contingent one, not a necessary one. In other words, while it might be true that certain physical states correspond to certain conscious states, this correspondence is not a logical necessity but rather a factual one. Therefore, even if physicalism were true, it would not entail the existence of phenomenal consciousness, suggesting that the two are fundamentally different in nature.

Furthermore, Mary’s Room thought experiment further elucidates the epistemic irreducibility of phenomenal properties. In this scenario, Mary, a neuroscientist who has spent her entire life in a room where she has learned all the physical facts about color and vision through books but has never seen actual colors, gains new knowledge when she leaves the room and sees red. This experiment demonstrates that complete physical knowledge does not necessarily entail complete knowledge of phenomenal properties. It suggests that there is more to consciousness than just the physical processes involved; it includes an irreducibly subjective dimension that cannot be fully captured by physical descriptions alone. This epistemic irreducibility means that while we may be able to understand the physical basis of consciousness, we will still lack full knowledge of what it is like to have those experiences unless we also consider their subjective aspects. Thus, the ontological unity of mind and body is not established through physical knowledge alone, reinforcing the need for a more comprehensive understanding of consciousness that goes beyond purely physical explanations."
H6,prose,Hard,Qwen,unsloth/Qwen2.5-7B-Instruct-bnb-4bit,1,1000,547,0,470,"Procedurally fair processes can and routinely do generate outcome distributions that are substantively unjust because they incorporate and amplify pre-existing structural inequalities, such as differential access to education and inherited wealth. The mere adherence to fair procedures does not ensure equitable outcomes; rather, it can perpetuate and even exacerbate existing disparities. This is because procedural fairness focuses on the rules and methods used in distribution rather than the actual results they produce. For instance, if a hiring process is procedurally fair but heavily skewed towards candidates from privileged backgrounds due to their superior education and networking opportunities, the resulting employment distribution will likely favor those already advantaged, thereby maintaining and widening economic and social gaps. Thus, while procedural fairness is essential, it is insufficient on its own to address and mitigate the underlying inequalities that contribute to unjust outcomes.

Rawls's difference principle offers a principled criterion for evaluating outcome patterns, stipulating that inequalities should only be permitted if they maximize the absolute position of the least-advantaged members of society. According to this principle, a just society must consider not just whether the rules of distribution are fair, but also whether the resulting outcomes are just. Inequalities are deemed acceptable only if they benefit the poorest and most disadvantaged individuals, ensuring that no one is left behind in the pursuit of progress. This principle aims to balance efficiency with equity, recognizing that while some inequalities may be unavoidable or even productive, they must not come at the cost of severely disadvantaged groups. By focusing on the absolute improvement of the worst-off, the difference principle provides a benchmark against which to measure and justify inequalities, ensuring that they serve a broader goal of increasing overall societal welfare while not undermining the basic rights and capabilities of all members.

The baseline problem—determining what counts as a fair starting point for procedurally legitimate exchange—cannot itself be resolved by procedural criteria, because any choice of baseline presupposes a prior substantive judgment about entitlement. Establishing a fair starting point is inherently complex and often contentious, as it requires addressing fundamental questions about who deserves what based on various factors such as historical injustices, current circumstances, and moral intuitions. Procedural fairness alone cannot settle these foundational issues; it can only determine whether the process used to reach an outcome is fair. For example, deciding whether a child born into poverty has a fair starting point compared to a child born into affluence involves considerations beyond mere procedural rules. It necessitates judgments about the fairness of the initial conditions that each individual faces, which in turn depend on deeper ethical and political considerations about distributive justice. Thus, while procedural fairness is crucial for ensuring that the process of distribution is just, it cannot resolve the underlying substantive issues that determine what constitutes a fair starting point for everyone."
H7,prose,Hard,Qwen,unsloth/Qwen2.5-7B-Instruct-bnb-4bit,1,1000,570,0,493,"Technological systems, especially those vast and complex like platforms and networks, are not merely tools for communication or information exchange but deeply entrenched mechanisms that shape social interactions and power dynamics. They embody what Langdon Winner referred to as 'politics built into design,' where the inherent characteristics of platform architecture—such as user interface features, access control mechanisms, and algorithmic decision-making processes—embed certain distributions of agency and dependency. These material properties often do not align with individual user preferences or intentions; instead, they subtly guide behaviors and outcomes that may not be fully understood or revisable by those who interact with them daily. For instance, the way search results are prioritized by an algorithm might reinforce existing biases or create new ones without users being aware of how their choices are influenced.

Moreover, the nature of network externalities, switching costs, and data compounding effects within these large-scale technological systems contribute to a form of structural lock-in that limits the availability of alternatives and effectively enables monopolistic control over significant portions of the digital economy. Network externalities suggest that the value of a technology increases as more people use it, leading to a self-reinforcing cycle where dominant platforms attract even more users because of the sheer size of their user base. Switching costs, such as the effort required to move from one platform to another and the potential loss of accumulated connections and data, further cement this lock-in. Data compounding effects amplify this phenomenon, as the more data a platform collects about its users, the better it can personalize services and advertising, thereby increasing user engagement and dependency on the platform itself. The combination of these factors means that while alternative platforms might exist theoretically, they often struggle to gain traction due to the established dominance of incumbent platforms, rendering market competition insufficient as a governance mechanism to prevent monopolistic practices.

Finally, the rapid pace at which technological systems are deployed often outstrips the ability of regulatory institutions to develop adequate oversight frameworks, creating a persistent governance gap that individual adaptation alone cannot bridge. Technological advancements can lead to unforeseen consequences and challenges that require timely and effective regulation. However, the speed at which these systems evolve, along with the complexity of their operations, can overwhelm regulatory bodies, which must navigate a labyrinth of technical and legal issues. This gap between technological innovation and regulatory lag is particularly acute when it comes to emerging technologies like artificial intelligence and biotechnology, where the ethical and societal implications are still largely unknown or poorly understood. As a result, the governance of these systems increasingly relies on self-regulation by tech companies and industry standards, which may not always align with broader public interests or address long-term systemic risks. Thus, the persistence of this governance gap underscores the need for more proactive and adaptive regulatory approaches to ensure that technological systems serve the public good rather than concentrating power and influence in the hands of a few powerful entities."
H8,prose,Hard,Qwen,unsloth/Qwen2.5-7B-Instruct-bnb-4bit,1,1000,525,0,439,"Wimsatt and Beardsley's concept of the ""intentional fallacy"" posits that the meaning of a literary work is not solely determined by the author's original intentions but evolves into a linguistic artifact shaped by the conventions and interpretive practices of its language community. This perspective underscores how the moment a work is composed, it transcends the individual consciousness of the author, becoming an object of interpretation subject to the collective norms and understandings of its audience. The author’s intentions, though they might provide initial guidance, do not dictate the final form of meaning due to the dynamic and often unpredictable nature of interpretation. Thus, the meaning of a text is not monolithic but fluid, contingent upon the interpretive frameworks and cultural contexts in which it is read.

The hermeneutic gap between an author's conscious intentions and the semantic encoding of a text is fundamentally irreducible. This gap arises from the fact that linguistic tokens can be interpreted in multiple ways, each potentially valid given the context and the reader's perspective. For instance, a single phrase can be understood as metaphorical, literal, or as part of a broader narrative structure, all depending on the interpretive lens through which it is viewed. The underdetermination of textual meaning by authorial intent highlights how the meaning of a text is not a fixed attribute but a result of the interaction between the text and the reader. This underdetermination means that while an author may have had specific ideas in mind, the full range of interpretations and meanings a text can convey extends far beyond the author's grasp, reflecting a multiplicity of potential readings.

Barthes's assertion of the 'death of the author' is best understood as a critique of the overemphasis on authorial intent in literary analysis rather than a claim for the elimination of the author altogether. By emphasizing the role of the reader in the activation of textual meaning, Barthes underscores that the true life of a text lies in its reception and recontextualization by successive generations of readers. The competences and historical contexts of different readers, along with the evolving cultural and linguistic landscape, ensure that the meaning of a text is continually reinvented and reshaped. Original intentions, therefore, become secondary to the active engagement of the reader, whose interpretations are informed by a complex array of factors that the author could not possibly foresee or control. In this sense, the 'death of the author' signifies the end of a linear narrative of creation and the beginning of a polyphonic dialogue between text and reader, where the meaning of a text is dynamically constructed through the ongoing processes of reading and interpretation."
H9,prose,Hard,Qwen,unsloth/Qwen2.5-7B-Instruct-bnb-4bit,1,1000,445,0,379,"Democratic legitimacy demands more than merely adhering to the will of the majority or satisfying aggregated preferences; it necessitates safeguards against the tyranny of the majority. Unrestricted majority rule can lead to the systematic exclusion of permanent minorities whose interests are inherently underrepresented within the majoritarian framework. This structural imbalance means that without constitutional rights protections and counter-majoritarian institutions such as judicial review or the right to petition, the majority could perpetually marginalize and disenfranchise smaller groups, thereby undermining the very principles of equality and representation upon which democracy is built. These constraints are not limitations on democracy but rather essential components that ensure the broader democratic project remains just and inclusive.

Moreover, the theoretical underpinnings of deliberative democracy, as articulated by philosophers like Jürgen Habermas and Joshua Cohen, highlight that legitimate political decisions must be grounded in reasoned dialogue among citizens who recognize each other’s moral standing and are open to revising their views based on rational argumentation. Bare majoritarianism, with its emphasis on the simple aggregation of votes, does not necessarily provide the necessary conditions for such deliberative engagement. Instead, true democratic legitimacy requires an environment where all participants have equal opportunities to voice their concerns, defend their positions, and engage in a mutual search for understanding and consensus. This kind of discourse is foundational to democratic legitimacy and cannot be assumed merely because a decision has been made by a majority.

Additionally, the epistemic justification for democratic authority hinges on the quality of the deliberations that lead to decisions. When public opinion is shaped by systematic misinformation or when decisions are manipulated through propaganda or other forms of deception, the resulting majority decisions do not possess the epistemic credentials needed to confer democratic legitimacy. Democratic processes are not a mere procedural exercise but require informed and reasoned participation. If the information available to citizens is skewed or controlled, leading to flawed or irrational decisions, then the democratic authority derived from those decisions is weakened. Therefore, the legitimacy of democratic authority is conditional on the integrity and quality of the deliberative process itself, ensuring that decisions are based on accurate information and rational argumentation. This condition underscores that procedural compliance alone is insufficient for democratic legitimacy; substantive engagement and truthfulness in the public sphere are also indispensable."
H10,prose,Hard,Qwen,unsloth/Qwen2.5-7B-Instruct-bnb-4bit,1,1000,617,0,523,"Rationality, far from being a universally applicable and context-independent capacity, is deeply entwined with the cognitive, social, and institutional conditions in which it operates. This interdependence is particularly evident in the field of bounded rationality research, which has shown that human reasoning often diverges significantly from the norms of classical rationality when operating under everyday, rather than idealized, conditions. From Herbert Simon’s pioneering work on satisficing—a concept that recognizes decision-makers often settle for satisfactory outcomes rather than optimal ones—through Daniel Kahneman and Amos Tversky’s heuristic and biases program, which elucidates systematic deviations from expected rational behavior, it becomes clear that human cognition is not a fixed, rigid process but one that is inherently flexible and influenced by its environment. These researchers demonstrated that our reasoning is not just bounded by time or information availability but also by the mental shortcuts and cognitive biases that shape our perceptions and judgments. Under real-world conditions, where information is often incomplete and decision-making is frequently complex, the very notion of rationality must be redefined to accommodate these limitations and adaptations.

Furthermore, rationality is profoundly shaped by the institutions and cognitive artifacts within which it functions. The capacity for extended, reliable reasoning does not emerge in a vacuum but depends on a variety of external factors, including the development of cognitive tools and the creation of socially distributed knowledge. For instance, the invention of writing systems allowed for the preservation and transmission of complex ideas across generations, enhancing cognitive capabilities and enabling more sophisticated forms of reasoning. Similarly, the establishment of scientific methodologies and the development of empirical evidence standards within specific fields like medicine or physics have provided robust frameworks that guide and structure rational inquiry. These institutional norms and cognitive aids are not static but evolve over time and vary between different disciplines and societies, reflecting their unique historical contexts and purposes. Thus, while the concept of rationality remains central to many academic pursuits, its operationalization and the criteria used to evaluate it are inherently tied to the specific epistemic traditions within which they operate.

Lastly, the standards for assessing rationality itself are not neutral or universally applicable but are instead embedded within particular epistemic communities and traditions. What constitutes a reason, a valid inference, or an appropriate standard of evidence can vary widely depending on the field of study or cultural background. In legal settings, for example, the standard of proof required to establish guilt or innocence is rigorously defined and differs from the standards used in scientific research or philosophical discourse. Moreover, these standards are not isolated from their social contexts; they reflect the values, assumptions, and objectives of the communities that uphold them. This variability means that attempts to reduce all forms of rationality to a single, transcontextual norm are misguided. Instead, we must recognize that rationality is a multifaceted and contextual phenomenon, with each domain developing its own criteria and practices for evaluating what counts as rational thought and action. Understanding rationality in this way not only deepens our appreciation of its complexity but also highlights the dynamic and adaptive nature of human cognition in response to its various environments and demands."
H11,prose,Hard,Qwen,unsloth/Qwen2.5-7B-Instruct-bnb-4bit,1,1000,512,0,416,"The psychological continuity view advanced by Locke and further developed by Derek Parfit correctly identifies that what matters in survival is the persistence of overlapping chains of memory, personality, and intention—not the continuity of any physical substrate. This is vividly illustrated in brain-transplant thought experiments where people intuitively believe that personal identity follows the brain rather than the body. If we consider a scenario where a person's brain is transplanted into a new body, the individual's memories, personality traits, and intentions would transfer with the brain, thus maintaining the same personal identity. The physical body, though crucial for life, plays no role in the essence of who that person is; instead, it is the mental attributes that endure and define the individual. This intuition underscores the primacy of psychological continuity in understanding personal identity, as opposed to mere physical continuity.

Moreover, the biological continuity view fails to capture the normative significance of personal identity. What grounds prudential concern for one's future self and moral responsibility for one's past actions is psychological connectedness, not mere biological continuity. Irreversible vegetative states, where an individual's biological functions continue but their cognitive processes cease, highlight this distinction. In such states, the individual's biological continuation may persist, yet there is no psychological connection to past actions or future plans, rendering the concept of prudence and responsibility hollow. Psychological continuity ensures that one's actions have consequences for a psychologically similar entity—the same person—thus preserving the ethical and practical relevance of personal identity. Biological continuity, on the other hand, does not provide this necessary link, as it lacks the psychological engagement that gives rise to personal identity and its associated responsibilities and concerns.

Finally, Parfit's reductionism—that identity consists in and does not go beyond psychological continuity and connectedness—is preferable to non-reductionist accounts because it dissolves apparent paradoxes in cases of fission and gradual psychological replacement rather than generating arbitrary verdicts. Fission scenarios, where a single person splits into two distinct individuals with equal claim to personal identity, challenge non-reductionist views that seek to preserve a unitary identity despite changes in psychological continuity. Non-reductionists often struggle to decide which resulting individual has the true identity, leading to inconsistent and arbitrary decisions. Parfit's reductionist approach avoids these paradoxes by focusing on the enduring psychological connections and chains of memory and intention, thus maintaining a coherent and stable concept of personal identity. This perspective simplifies the complex issues surrounding identity, providing a clearer and more consistent framework for understanding personal identity across time and potential change."
H12,prose,Hard,Qwen,unsloth/Qwen2.5-7B-Instruct-bnb-4bit,1,1000,541,0,467,"The claim that mathematical objects possess an objective existence that transcends human psychology and social constructs finds strong support in several philosophical arguments. Firstly, the indispensability argument asserts that our best scientific theories not only quantify over mathematical entities but also depend on them for their explanatory power and predictive accuracy. This reliance on mathematical objects in scientific theories, which have been confirmed through empirical success, provides a robust foundation for the belief in the objective reality of these entities. Just as scientists accept the existence of electrons based on their indispensability to our best theories of electromagnetism, the same principle should apply to mathematical objects. The confirmation of scientific theories through empirical evidence does not differentiate between the existence of physical entities like electrons and abstract mathematical objects; both are necessary for the theories to hold true. Thus, the scientific realist who accepts the reality of electrons must extend this reasoning to mathematical objects if they are to maintain a coherent epistemological stance.

Moreover, the phenomenology of mathematical discovery offers further evidence for the objective nature of mathematical objects. Mathematicians often report encountering unexpected theorems and results that emerge from rigorous but necessary logical steps, rather than being invented arbitrarily. The experience of discovering theorems that seem to exist outside of human minds, such as when a proof is found after extensive struggle or when new connections between different areas of mathematics are discovered, suggests a pre-existing, structured realm that mathematicians explore rather than invent. This exploration is akin to navigating a landscape with its own inherent features, which cannot be fully shaped by individual conventions or psychological states. Instead, the necessity with which some mathematical truths are discovered—often leading to the correction of failed proofs or the surprise of finding deep connections between seemingly unrelated fields—indicates a domain of thought with its own objective structure, independent of individual mathematicians' mental constructs.

Finally, nominalist attempts to avoid the existence of mathematical objects by positing that they are merely physical inscriptions or mental constructions face significant challenges. Nominalists argue that we can explain mathematical concepts without positing the existence of abstract objects by instead grounding them in physical or mental phenomena. However, such nominalistic accounts often fail to capture the full expressive power of standard mathematical language and practice. For instance, nominalistic interpretations may struggle to account for the rich and varied ways in which mathematicians manipulate and reason about abstract structures without directly referring to such entities. Additionally, these accounts frequently presuppose the very mathematical structures they aim to eliminate, creating a circularity in their foundational assumptions. As such, while nominalistic approaches might seem to avoid the ontological commitment to abstract objects, they ultimately fall short in providing a satisfactory explanation for the mathematical practices and achievements that have been central to scientific progress and understanding."
H13,prose,Hard,Qwen,unsloth/Qwen2.5-7B-Instruct-bnb-4bit,1,1000,626,0,541,"The replication crisis in psychology underscores a deeper issue than mere methodological shortcomings; it highlights an institutional framework that incentivizes practices leading to inflated false-positive rates. The proximate methodological failures such as underpowered studies, p-hacking, HARKing, and selective outcome reporting are not primarily the result of individual incompetence but rather rational responses to a flawed incentive structure within the field. Researchers find themselves in a position where producing novel positive results garners more recognition and publication opportunities compared to replication efforts or null findings. In this competitive academic environment, researchers may feel compelled to engage in questionable research practices to secure publication, even if these methods compromise the integrity of scientific inquiry. This systemic pressure fosters a culture where the pursuit of novel findings overshadows the importance of rigorous methodology and transparency.

Furthermore, the current peer review system falls short in ensuring methodological rigor due to its limitations in verifying the adequacy of research designs and analyses. Reviews typically occur after the study has been completed, focusing on the results rather than the methods used to produce them. This post hoc assessment fails to account for the complex decision-making processes that occur during data analysis, which can significantly influence the final outcomes. Moreover, the stringent time constraints placed on peer reviewers mean that they often lack the necessary time to scrutinize the detailed methodological aspects of a study thoroughly. Consequently, reviewers are unable to detect and challenge the flexible analytical choices made by researchers that can artificially inflate the likelihood of false-positive results. The absence of data sharing, pre-registration, and independent replication requirements exacerbates this issue, as it prevents other researchers from verifying the initial study's methods and results.

Addressing the replication crisis necessitates comprehensive field-level interventions that mandate pre-registration, implement registered reports, and establish open data policies. These measures are designed to improve transparency and accountability, reducing the potential for bias and misconduct. For instance, requiring researchers to pre-register their studies ensures that their hypotheses and analysis plans are established before data collection begins, thereby minimizing the risk of p-hacking and other forms of selective reporting. Registered reports allow peer review to take place before data analysis, providing an additional layer of scrutiny that can catch methodological flaws early in the research process. Additionally, making data openly accessible facilitates replication attempts, allowing others to verify the original findings and replicate the study under similar conditions.

However, the adoption of such interventions faces significant challenges due to the collective action problem inherent in changing institutional norms. Individual researchers may rationally decide against adhering to these new standards if they perceive that most of their colleagues are still following old practices. This creates a dilemma where each researcher must coordinate with many others to see change happen; otherwise, they face the risk of being at a disadvantage professionally. Without external enforcement mechanisms, such as funding bodies mandating adherence to these practices as a condition for grant approval or tenure committees incorporating these standards into their evaluations, it becomes difficult for individuals to act collectively to reform the system. Thus, while field-level interventions are both necessary and sufficient to substantially reduce the false-positive rate, their implementation remains slow unless there is a broader structural change enforced by key stakeholders in the academic community."
E15,prose,Easy,Qwen,unsloth/Qwen2.5-7B-Instruct-bnb-4bit,1,1000,499,0,441,"Learning to play a musical instrument as an adult offers profound benefits that extend far beyond the immediate gratification of making music. One such benefit is the significant enhancement of cognitive functions, particularly memory and hand coordination. When you sit down to practice, your brain is engaged in a complex process that requires it to form new neural connections. Playing an instrument necessitates remembering sequences of notes, which exercises the part of the brain responsible for spatial reasoning, a type of short-term memory crucial for musicians. As you progress, your ability to recall these sequences quickly and accurately improves, much like how regularly exercising a muscle strengthens it. Additionally, the intricate movements required to play an instrument involve fine motor skills and precision control. This can help improve hand-eye coordination and dexterity, something that can be particularly beneficial as you age, countering the natural decline in these abilities.

Moreover, music provides an invaluable creative outlet, offering adults a space to express themselves and escape from the daily stresses of work and school. In an era where digital devices often dominate our free time, playing a musical instrument can serve as a refreshing alternative. It allows individuals to channel their emotions into something tangible and beautiful. Whether you choose to explore classical compositions or modern genres, each piece you learn can be a reflection of your unique perspective. The act of creation through music can also foster a deeper emotional intelligence, helping you understand and articulate feelings that might otherwise remain hidden. For many adults, this kind of expression is essential; it’s a way to reconnect with their inner self and find solace in a world that can often feel overwhelming.

Another significant benefit of learning to play an instrument is the steady sense of progress that comes with regular practice. Unlike some other forms of artistic or intellectual pursuits, music offers a clear measure of advancement. As you start to grasp the basics, the initial frustration and confusion give way to a growing confidence as you master new techniques and pieces. Each lesson learned, each note played correctly, marks a step forward on this journey. This sense of progress is not just about improving at the instrument but also about personal growth. It teaches discipline and perseverance, skills that are invaluable in both professional and personal life. Moreover, as you set and achieve goals—whether they be mastering a challenging piece or simply practicing for a set number of hours—you gain a deeper appreciation for the value of effort and dedication. This progress, visible and tangible, can be incredibly motivating and satisfying, providing a rewarding path for lifelong learners and hobbyists alike."
E16,prose,Easy,Qwen,unsloth/Qwen2.5-7B-Instruct-bnb-4bit,1,1000,462,0,404,"Walking or biking for short trips instead of driving offers numerous benefits that enhance everyday life in various ways. By choosing these modes of transport, individuals can save a significant amount of money on fuel and parking fees. The cost of gasoline fluctuates, but one thing remains constant—the price of driving is often hidden until the monthly bill arrives. Opting out of car usage for short trips reduces this expense, allowing the savings to accumulate over time. Moreover, parking fees can be exorbitant in urban areas or near popular destinations. By eliminating the need for parking, whether in expensive garages or stressful street spots, one can keep more money in their pocket each month. This financial gain can then be used for other necessities or pleasures, thus enhancing overall quality of life.

Beyond the monetary advantages, walking or biking provides an opportunity to incorporate exercise into daily routines without the need for additional planning. Unlike gym memberships or scheduled workouts, walking or cycling becomes part of the journey itself. Whether heading to work, running errands, or simply going to the store, these activities transform into opportunities to stay active. Regular physical activity has been linked to numerous health benefits including improved cardiovascular health, stronger muscles and bones, and even mental health improvements such as reduced stress and anxiety. Additionally, these forms of transportation offer a chance to engage with the environment around you, noticing details about your neighborhood that might otherwise go unnoticed behind a window or through a car’s tinted glass. Walking allows you to appreciate the local flora, hear bird songs, and experience the natural rhythms of the area. Biking can provide a slightly faster yet still leisurely pace to explore and understand your surroundings better. Such connections to nature and community foster a sense of belonging and well-being that is often undervalued in our fast-paced lives.

In conclusion, making small changes to how we travel for short distances can have profound effects on both personal finances and overall lifestyle. Not only does it save money on fuel and parking, but it also introduces a natural way to maintain fitness and connect with one's environment. By integrating walking or biking into daily routines, individuals can enhance their physical health, reduce their environmental footprint, and enrich their experiences within the communities they live in. These simple shifts towards sustainable and active commuting offer a pathway to a more fulfilling and healthier everyday existence."
E17,prose,Easy,Qwen,unsloth/Qwen2.5-7B-Instruct-bnb-4bit,1,1000,493,0,439,"In the event of a minor cut or burn, having the knowledge to properly clean and bandage an injury can mean the difference between a swift recovery and a prolonged discomfort. Imagine standing beside a friend who just twisted their ankle, or witnessing a child choking on a small object; these scenarios are far more common than we often realize, and yet many people feel unprepared to handle them. A basic first aid course equips you with the skills necessary to address such situations effectively and efficiently. You learn how to apply pressure to stop bleeding, recognize signs of a stroke, and perform CPR, all of which can be critical until professional medical help arrives. Moreover, these skills are not confined to specific age groups or physical abilities—they are accessible to anyone willing to learn, making them invaluable in a wide range of social settings from community gatherings to outdoor adventures.

The act of learning first aid also builds an unexpected reservoir of calm confidence within us, particularly during stressful moments. Picture yourself in a panic room where every second counts and a life hangs in the balance. The ability to remain composed under pressure, thanks to your newly acquired knowledge, can be the key to managing the situation effectively. This confidence isn't just about knowing what to do; it’s about understanding that you have the tools to make a positive impact. It’s like having a map when lost or a flashlight in the dark; it provides a sense of direction and light that guides you through unfamiliar territory. By participating in a first aid course, you equip yourself with the mental fortitude to stay focused and rational, reducing the chaos around you and increasing your chances of successfully aiding others.

Perhaps one of the most compelling aspects of enrolling in a first aid course is its brevity and affordability. These courses typically span just a few hours, allowing you to fit the learning experience into a weekend or even an evening. They are often held at convenient times and locations, ensuring accessibility regardless of your schedule. Furthermore, the cost is generally low, making it a wise investment in both your personal safety and the well-being of those around you. Think of it as a small price for peace of mind and the potential to save a life. By committing just a little bit of time and money, you gain access to a suite of skills that could one day prove crucial. In essence, a first aid course offers a significant return on your investment—both in terms of the practical knowledge you acquire and the emotional security it provides."
E18,prose,Easy,Qwen,unsloth/Qwen2.5-7B-Instruct-bnb-4bit,1,1000,469,0,407,"Growing a small herb or vegetable garden at home offers a profound sense of satisfaction and reward that extends beyond the mere act of gardening itself. Firstly, the very essence of having fresh food right outside your door cannot be overstated. Imagine stepping out to your backyard or patio, reaching into a thriving patch of herbs or vegetables, and plucking leaves or fruits that you can instantly use in your cooking. This immediate access to fresh produce not only enhances the taste and quality of your meals but also reduces reliance on store-bought items that often contain preservatives and additives. The journey from seed to plate is a delightful one, offering a direct connection to nature and the natural cycle of life that is too easily overlooked in today’s fast-paced urban environments.

Secondly, tending to a garden provides an excellent mental respite from the daily stresses of life. Amidst the hustle and bustle of modern living, a garden acts as a sanctuary where you can disconnect and reconnect with the earth. Simply bending down to water the plants or pulling weeds can be meditative, allowing you to focus on the present moment rather than worrying about future deadlines or past regrets. The rhythmic movements involved in gardening—like turning soil, pruning branches, or carefully arranging seedlings—can have a calming effect similar to that of yoga or meditation. It’s a form of physical activity that doesn’t require intense exertion yet keeps the mind engaged and peaceful, making it an ideal way to unwind after a long day at work or dealing with family issues.

Lastly, cultivating a garden teaches patience—a virtue that is often in short supply in our impatient society. Watching seeds transform into seedlings and then into fully grown plants requires time, observation, and care. Each day brings new developments, such as the first sprouts pushing through the soil or the gradual growth of foliage. These incremental changes serve as a gentle reminder of the process of development and the importance of taking things one step at a time. Patience in this context isn’t just about waiting for results; it’s about embracing the journey and finding joy in the small victories along the way. Whether it’s the first green shoot emerging from a pot or the first ripe tomato hanging off a vine, these milestones are markers of personal achievement and progress, reinforcing the idea that success often comes from consistent effort and time spent nurturing something."
E19,prose,Easy,Qwen,unsloth/Qwen2.5-7B-Instruct-bnb-4bit,1,1000,399,0,358,"Writing tasks down in a daily planner helps one stay on top of their life by ensuring fewer items slip through the cracks as they forget them less frequently; this method creates a clear, organized vision of each day's responsibilities and appointments, making it easier to navigate through the day without the constant worry of missing something important. By having everything written down, there is a tangible list of things to accomplish, which acts like a mental safety net, preventing the anxiety that often arises from having to remember everything independently. This clarity in planning also allows for better time management as one can see at a glance what needs to be done and when, facilitating the prioritization of tasks based on deadlines and importance.

Moreover, the act of writing tasks down serves as a mental decluttering process; it is a release of the burden that comes with carrying around an unorganized, unwritten list of responsibilities in one’s mind. As each task or appointment is noted in the planner, it feels like a step taken away from the looming shadow of these obligations, providing a sense of relief and freeing up cognitive space for more immediate concerns or relaxation. This mental clarity can lead to a significant reduction in stress levels as one no longer has to mentally juggle multiple tasks, allowing for a more peaceful state of mind where one can focus on the present moment rather than the weight of future tasks.

Additionally, the satisfaction of checking off completed tasks in the planner provides a clear visual representation of progress made throughout the day. Each item marked off, no matter how small, serves as a tangible achievement, reinforcing the sense of accomplishment and motivation to continue moving forward. This ongoing record of achievements can boost confidence and morale, as it becomes evident how much one has managed to accomplish, fostering a positive attitude towards tackling new tasks the next day. The planner thus becomes a tool for personal growth, offering a roadmap of one’s journey and celebrating every milestone reached along the way, all while maintaining a steady grip on the ever-moving sands of daily life."
E20,prose,Easy,Qwen,unsloth/Qwen2.5-7B-Instruct-bnb-4bit,1,1000,392,0,334,"In a world where screens often dominate our downtime, gathering around the board game table becomes not just a break from technology but a rich tapestry of interaction and connection. The moment you sit down to play, the air between family and friends is filled with a palpable sense of anticipation and camaraderie, all centered around the game at hand. The act of choosing a game, whether it's a strategic masterpiece like Settlers of Catan or a quick, laugh-filled session of UNO, sets the stage for a conversation that can span from the mundane to the profound. As players discuss their moves and strategies, they share pieces of themselves—stories, jokes, and insights that wouldn't emerge during casual chatter alone. This deepens bonds, fostering an environment where everyone feels heard and understood. Moreover, playing board games is an excellent lesson in the art of good sportsmanship. When you win, you learn to celebrate genuinely without overshadowing others; when you lose, you practice patience and grace as you reflect on the game and offer encouragement to your fellow players. This shared experience of both triumph and defeat creates a bond that goes beyond the game itself, teaching valuable lessons about resilience and fair play that are as applicable in life as they are in the gaming arena. Lastly, the beauty of board games lies in their enduring appeal and cost-effectiveness. Unlike movies or streaming services that require a new subscription each month, board games offer endless entertainment for years to come. Families can pass down games from generation to generation, creating a legacy of shared experiences. And while the initial investment might seem high, the long-term value in terms of quality time spent together cannot be overstated. Each game played becomes a cherished memory, something to look back on with fondness and laughter. In this way, board games not only fill a room with joy and laughter but also serve as a timeless means of bringing people closer, teaching important life skills, and creating lasting memories."
E21,prose,Easy,Qwen,unsloth/Qwen2.5-7B-Instruct-bnb-4bit,1,1000,457,0,399,"Learning to swim is an essential skill that enhances safety and enjoyment in various aquatic environments, making it a crucial ability for everyone to acquire. Firstly, mastering the art of swimming significantly reduces the risk of drowning in pools, lakes, and oceans. Water can be unpredictable; even those who are strong swimmers can face unexpected situations such as strong currents or underwater obstacles. Knowing how to swim means one can stay afloat and manage such scenarios effectively. For instance, in a lake, one might encounter a sudden drop in water temperature causing shock, or in the ocean, a rip current could sweep someone away from the shore. In each case, being able to float and tread water until help arrives or until one recovers from shock can mean the difference between life and death.

Secondly, swimming is a full-body workout that is particularly gentle on the joints compared to many other forms of exercise. The buoyancy provided by water supports the body's weight, reducing stress on the muscles and joints. This makes swimming an ideal activity for individuals with joint pain or injuries. Moreover, the resistance of water provides a natural form of resistance, which can help build strength and endurance without the impact that comes with running or jumping. Regular swimming can improve cardiovascular health, enhance muscle tone, and even aid in weight loss without the strain that high-impact exercises might impose. This gentleness on the joints makes swimming accessible to a wide range of people, including those recovering from injuries or those with chronic conditions such as arthritis.

Lastly, learning to swim opens up a world of fun and adventure through various water-based activities like snorkeling and water sports. Snorkeling, for example, allows one to explore the underwater world, witnessing the beauty of marine life and experiencing the thrill of diving into the depths of the ocean or a lake. Activities such as surfing, paddleboarding, and water skiing not only provide physical challenges but also offer moments of pure joy and excitement. These activities require proficiency in swimming to enjoy them safely and fully. For families, teaching children to swim not only ensures their safety but also introduces them to a lifetime of water activities that can be shared among family members. Each splash and dive into the water becomes an opportunity for bonding and creating lasting memories, highlighting the broader social and recreational benefits of swimming."
M14,prose,Medium,Qwen,unsloth/Qwen2.5-7B-Instruct-bnb-4bit,1,1000,361,0,317,"Routine preventive maintenance of buildings and equipment indeed offers significant financial benefits when compared to reactive repair strategies. Scheduled inspections play a critical role in catching minor issues before they evolve into severe, often catastrophic failures. For instance, small cracks in concrete structures or corrosion in metal parts can be identified during regular checks and addressed promptly, preventing them from growing into irreparable damage that would necessitate costly reconstruction or replacement. This proactive approach ensures that critical components remain in optimal condition, significantly reducing the likelihood of sudden, extensive failures that could lead to substantial repair expenses and potential safety hazards.

Furthermore, planned maintenance schedules prevent the unplanned downtime and lost productivity that come with unexpected equipment failures. When machinery or building systems suddenly break down, operations are immediately interrupted, leading to lost time and output, as well as the need for immediate, often emergency, repairs. Such interruptions can severely impact business efficiency and profitability. By maintaining a consistent routine, potential issues are managed in a controlled manner, allowing for repairs at convenient times without disrupting ongoing activities. This not only minimizes operational disruptions but also helps in maintaining a steady workflow and customer satisfaction.

Lastly, well-maintained assets have a much longer lifespan, effectively spreading the initial capital investment over an extended period of service. Buildings and equipment that undergo regular maintenance are less likely to suffer from the wear and tear that leads to premature failure. As a result, the overall life expectancy of these assets is increased, meaning that the same initial expenditure can support operations for a longer duration. This extended useful life translates directly into reduced long-term costs, as the need for frequent replacements or major renovations is significantly diminished. Consequently, the upfront investment in routine maintenance emerges as a prudent and economical choice, offering substantial savings over the asset's lifetime by avoiding the higher costs associated with frequent, urgent repairs and replacements."
M15,prose,Medium,Qwen,unsloth/Qwen2.5-7B-Instruct-bnb-4bit,1,1000,388,0,341,"Organizations that contribute to open-source software benefit significantly from this practice. By sharing their code with the broader community, they spread the maintenance costs across numerous contributors rather than bearing the full burden themselves. This distribution of financial responsibility means that the costs associated with keeping the codebase up-to-date, fixing bugs, and adding features are shared among all users of the project. As more individuals and companies contribute, the development process becomes more efficient as each party can focus on specific areas or improvements, leading to faster progress and a more stable product.

Moreover, the public peer review of source code is a critical aspect of open-source development that enhances software quality and security. When code is openly reviewed by a community of developers, it undergoes a rigorous testing process that can catch issues much earlier than if the code were left unexamined. This scrutiny not only helps in identifying and fixing bugs but also in uncovering potential security vulnerabilities before they can be exploited. The transparency of this process ensures that security remains a priority, as the community works collectively to maintain high standards. This proactive approach to quality control and security often results in a more reliable and secure product, which is highly valued by users and can lead to better trust and adoption rates.

Finally, visible contributions to open-source projects can greatly enhance an organization’s technical reputation and attractiveness to top talent. Companies that actively participate in open-source communities demonstrate their commitment to innovation and collaboration, traits that are highly sought after in today’s tech industry. Such contributions serve as a showcase of the organization’s technical capabilities and can attract skilled engineers who value working on cutting-edge projects and contributing to a collaborative effort. Additionally, being part of such communities can lead to networking opportunities, access to talented individuals, and even partnerships that can further advance technological endeavors. In this way, open-source contributions become a form of marketing that positions the company as a leader in its field, thereby enhancing its ability to recruit and retain top talent."
M16,prose,Medium,Qwen,unsloth/Qwen2.5-7B-Instruct-bnb-4bit,1,1000,501,0,436,"The standardized shipping container revolutionized global commerce in the latter half of the twentieth century, catalyzing a series of changes that fundamentally altered the economic landscape. Containerization sharply reduced the labor and time required to load and unload cargo at ports, marking a significant shift from the labor-intensive processes of the past. Before the advent of the container, ships arrived laden with goods packed in various sizes and shapes, necessitating manual handling for each item. This not only made loading and unloading extremely time-consuming but also led to high levels of labor costs. With the introduction of the container, goods were shipped in uniform rectangular boxes, allowing for mechanized loading and unloading processes. Crane systems could now lift entire containers, dramatically increasing efficiency and reducing the need for manual labor. The time saved in handling cargo translated into faster turnaround times for ships, which in turn increased the number of voyages per year and hence the overall throughput of goods.

A common container size further enabled the integration of global supply chains by allowing goods to move seamlessly between ships, trains, and trucks without repacking. This interoperability was crucial as it facilitated the development of complex logistical networks that spanned continents. Manufacturers could produce goods in one country, ship them via container to another country where they would be assembled or packaged, and then transported to yet another location for final distribution. This intermodal transportation capability broke down geographical barriers, enabling businesses to source materials and components from the most cost-effective locations and assemble products in the most efficient production facilities. The seamless transition of containers between different modes of transport also minimized disruptions and delays, contributing to more stable and predictable supply chains.

Sealed containers significantly lowered the risk of theft and damage in transit, thereby reducing insurance and handling costs. Prior to the container era, goods were often damaged during loading and unloading, and the risk of theft was high, particularly in congested port areas. Insurance premiums for such shipments were correspondingly high, adding to the overall cost of transportation. Containers provided a secure and protected environment for goods, with their sealed nature offering enhanced security against pilferage. This reduction in losses and the associated insurance costs translated into lower prices for consumers and greater profits for businesses. Additionally, the ease of handling and the reduced likelihood of damage meant that goods could travel longer distances without significant degradation, extending the reach of global trade networks. These factors collectively contributed to a more efficient and cost-effective global economy, making the world a much smaller place for businesses seeking to operate on an international scale."
M17,prose,Medium,Qwen,unsloth/Qwen2.5-7B-Instruct-bnb-4bit,1,1000,348,0,307,"Citizen science projects fundamentally augment the scope and reach of scientific inquiry far beyond what professional teams alone can achieve. In long-term initiatives like annual bird counts, volunteer observers from diverse locations contribute critical data over vast geographic areas and extended time periods, providing invaluable insights into the natural world's complex dynamics. This collective effort not only fills crucial gaps in our understanding but also extends the temporal and spatial dimensions of study, revealing trends and patterns that might otherwise remain hidden or obscure. Moreover, the sheer volume of data generated by these citizen scientists—whether it be through photographic observations of distant galaxies or recordings of environmental sounds—cannot be feasibly processed by even the most well-funded research teams within reasonable timelines. Online platforms equipped with classification tools enable these volunteers to sift through and categorize such vast datasets at an unprecedented pace, accelerating scientific progress and fostering new discoveries that might otherwise be delayed or missed.

Beyond their direct contributions to research, citizen science initiatives also play a pivotal role in enhancing public engagement with and understanding of science. By inviting individuals to participate directly in scientific activities, these projects foster a sense of ownership and connection to the scientific process. This involvement not only broadens the pool of people who understand and appreciate the importance of gathering evidence but also equips them with skills in observation, classification, and analysis. For instance, as volunteers assist in classifying images of galaxies or identifying species in nature, they learn about the rigorous methods used to gather and verify scientific evidence. This hands-on experience demystifies the scientific process and underscores its reliance on systematic observation and collaboration. Consequently, such engagement can lead to increased public interest in and support for scientific endeavors, creating a more informed and scientifically literate society that values and understands the scientific method and its applications."
M18,prose,Medium,Qwen,unsloth/Qwen2.5-7B-Instruct-bnb-4bit,1,1000,432,0,368,"Structured code review significantly enhances the quality of software produced by engineering teams through multiple mechanisms. Firstly, it acts as an effective barrier against defects making it to production, where they would be much more expensive to address. When developers scrutinize each other’s code, potential issues like logic errors, performance bottlenecks, and security vulnerabilities are caught early. This allows teams to fix problems when they are still simple to resolve, often just requiring a few lines of code modification rather than extensive rework in a live environment. Moreover, the earlier these issues are identified, the less likely they are to cause cascading failures or require complex workarounds later, thus maintaining the overall stability and reliability of the application.

Secondly, code reviews serve as a powerful tool for knowledge sharing within an engineering team. By examining colleagues’ work, developers gain insights into different approaches to solving problems, understand the rationale behind design decisions, and learn about the nuances of the codebase. This collective learning process reduces the dependency on any single individual as a repository of all knowledge, which can lead to burnout or attrition risks. As the team collectively understands more aspects of the system, they can work more independently and efficiently, enhancing overall productivity. Additionally, this distributed knowledge base helps in creating a more resilient team capable of handling various scenarios without relying solely on a few key members.

Lastly, structured code reviews play a crucial role in enforcing consistent coding standards, which are essential for maintaining software quality over the long term. When developers review each other’s code, they can ensure adherence to established best practices, such as naming conventions, error handling, and commenting standards. These guidelines help in writing cleaner, more readable, and more predictable code. Over time, as the codebase grows and evolves, maintaining these standards ensures that new additions are cohesive with existing components, reducing the likelihood of introducing bugs or performance issues. Furthermore, consistent coding practices facilitate easier maintenance and updates, as developers from different parts of the organization can more readily understand and modify the code without significant friction. This consistency also aids in onboarding new team members, helping them quickly integrate into existing workflows and understand the team’s coding philosophy."
M19,prose,Medium,Qwen,unsloth/Qwen2.5-7B-Instruct-bnb-4bit,1,1000,407,0,346,"In environments where precision is paramount and the consequences of error can be catastrophic, such as in aviation and surgery, the use of written checklists serves as a foundational tool in reducing the incidence of preventable mistakes. Checklists reduce the reliance on memory for routine yet critical steps, especially when individuals are under stress or experiencing fatigue. In high-pressure scenarios, cognitive load can increase significantly, making it difficult to recall all necessary actions. For instance, pilots and surgeons may find themselves overwhelmed with information and tasks, leading to lapses in attention and oversight. Checklists provide a structured framework that ensures all essential elements are accounted for, thus mitigating the risk of human error due to forgetfulness or distraction.

Furthermore, checklists enhance team communication and collaboration by providing a standardized format for interaction and task assignment. In complex operations such as surgeries, multiple specialists work together towards a common goal, and effective communication is crucial for ensuring patient safety. By having each team member follow the same checklist, every participant understands their role and responsibilities, and there is an opportunity for everyone to contribute to the discussion and raise any concerns without feeling overlooked. This structured approach not only clarifies individual roles but also encourages a culture of transparency and accountability, which is essential for maintaining high standards of care.

The efficacy of checklists has been substantiated through numerous studies and real-world applications. For example, the introduction of the World Health Organization’s surgical safety checklist in various hospitals around the globe has demonstrated significant reductions in postoperative complications and mortality rates. These checklists, designed to cover critical preoperative, intraoperative, and postoperative phases, have become integral to the workflow in many operating rooms. They serve as a visual reminder of key safety measures and facilitate a systematic review of patient conditions and procedures. The documented results show that adherence to these checklists leads to fewer instances of missed steps, better coordination among team members, and ultimately, improved patient outcomes. Thus, the widespread adoption of checklists in high-risk professions underscores their value in enhancing safety and reducing preventable errors."
M20,prose,Medium,Qwen,unsloth/Qwen2.5-7B-Instruct-bnb-4bit,1,1000,445,0,378,"The advancements in weather forecasting over the past few decades have indeed brought about substantial economic benefits across various sectors. For farmers, more precise predictions regarding planting, irrigation, and harvest timing have become a game-changer. Previously, the unpredictability of weather conditions posed significant risks to agricultural productivity. Now, with enhanced accuracy in seasonal and even weekly forecasts, farmers can better align their activities with optimal climatic conditions. This alignment minimizes the likelihood of crop failures due to excessive rainfall or droughts, ensuring higher yields and reducing financial losses. As a result, farms become more resilient against environmental uncertainties, allowing them to plan and adapt more effectively to changing weather patterns.

In addition, the capacity to issue earlier warnings of severe weather events has had a profound impact on reducing both property damage and loss of life. Before the advent of modern forecasting tools, communities faced unexpected storms with limited preparation time, often leading to catastrophic outcomes. Today, advanced meteorological models provide ample lead time for emergency services to mobilize resources and inform the public. This early intervention has proven crucial in mitigating the devastating effects of hurricanes, tornadoes, and other extreme weather phenomena. By enabling timely evacuations and precautionary measures, the overall cost of weather-related disasters is significantly reduced. Lives are saved, and the economic burden on insurance companies and government disaster relief funds is alleviated, fostering a more stable and sustainable community environment.

Lastly, the utilization of improved weather forecasts by industries such as airlines, shipping companies, and electricity grid operators has led to more efficient operations and cost savings. Airlines can optimize flight paths to avoid turbulence-prone areas and reduce fuel consumption, directly benefiting from the precision of weather predictions. Shipping companies leverage real-time data to reroute vessels around storm zones, minimizing delays and potential damages to cargo and ships. Meanwhile, electricity grid operators use advanced forecasts to manage energy supply and demand, ensuring reliable power during high-demand periods like heatwaves or cold snaps. This proactive approach not only enhances operational efficiency but also prevents outages and costly repairs, contributing to a more robust and resilient infrastructure.

These improvements in weather forecasting underscore the far-reaching economic advantages they offer, ranging from increased agricultural productivity and reduced disaster costs to optimized industrial operations and enhanced public safety."
H14,prose,Hard,Qwen,unsloth/Qwen2.5-7B-Instruct-bnb-4bit,1,1000,471,0,395,"Causation, when sought to be understood merely through the lens of regular succession between types of events, fails to adequately capture the essence of causal relationships. A classic example illustrating this failure is the relationship between a falling barometer reading and an impending storm. While there exists a regularity – a falling barometer often precedes a storm – such a correlation does not establish causation. The barometer reading might fall due to a storm, but it can also fall for other reasons such as the approach of a cold front, making the correlation an accidental one rather than a causal one. This limitation highlights how mere regular successions do not distinguish between true causal connections and coincidental associations or common-cause scenarios.

To address this shortcoming, philosophers like James Woodward have proposed an interventionist account of causation. According to this perspective, a causal claim about X being the cause of Y is justified if and only if the dependency between X and Y remains intact when we intervene on X, effectively setting its value independently of its usual antecedents. In contrast to the regularity account, which looks at statistical associations, the interventionist approach focuses on the structural features of the world that remain constant when we alter the conditions in a controlled manner. For instance, if setting the barometer reading to a particular value does not change the likelihood of a storm occurring, then the barometer reading would not be considered a cause of the storm, thereby distinguishing between accidental and causal relations more accurately.

Moreover, the interventionist account provides a robust explanation for the epistemic privilege of randomized controlled experiments (RCTs). These experiments are designed to approximate ideal interventions by randomly assigning subjects to different conditions, thereby severing the usual antecedents that might otherwise influence the outcome. This random assignment ensures that the observed effects can be attributed to the intervention itself rather than confounding variables. From an interventionist viewpoint, RCTs allow us to identify causal relationships because they test whether changes in the putative cause (e.g., a drug treatment) lead to changes in the effect (e.g., patient recovery), while controlling for all other factors. Thus, the interventionist framework not only identifies causal relationships more reliably but also offers a methodological basis for distinguishing them from mere statistical associations, thereby addressing the limitations of regular succession theories and providing a more comprehensive understanding of causality."
H15,prose,Hard,Qwen,unsloth/Qwen2.5-7B-Instruct-bnb-4bit,1,1000,522,0,449,"The analysis of biological functions through an etiological lens provides a more robust and comprehensive framework compared to purely causal-role accounts. This approach elucidates the normative dimension of function, enabling a clear distinction between normal functioning and malfunction. In contrast, a dispositional account, which focuses on the current dispositions or properties of an organism, fails to capture this essential aspect of function. By identifying a trait's function with the specific effect for which its ancestors were selected, etiological accounts offer an explanation rooted in evolutionary history that highlights the critical role of selection pressures. This focus on selection ensures that the normativity of function is maintained, as it allows us to understand when a trait is working as intended or when it has deviated from its designed purpose. A malfunction can thus be identified when a trait no longer performs the effect for which it was originally selected, highlighting the importance of aligning current function with ancestral function.

Furthermore, causal-role accounts, as proposed by Cummins, inherently face challenges in distinguishing a trait’s true function from its accidental effects unless they are relativized to the investigator's explanatory interests. This relativization undermines the objectivity of functional attribution, making it dependent on the context and the specific questions being addressed. For instance, a trait might seem to have a certain function within one set of explanatory goals but appear as an accidental effect when viewed from another perspective. This subjectivity in functional attribution not only complicates the process of identifying true functions but also introduces a level of arbitrariness that etiological accounts avoid. Etiological approaches, by focusing on the historical selection processes, provide a stable and objective basis for functional attributions, independent of contemporary explanatory needs. This stability ensures that functional claims remain grounded in a consistent and universal understanding of the trait’s role in evolutionary history.

Lastly, etiological accounts alone effectively vindicate the explanatory force of functional claims by addressing the historical question of why a trait is present in an organism rather than simply describing its current role. This distinction is crucial because it moves beyond a mere description of current functions to uncover the deep-seated reasons for the trait’s existence. When we cite a trait’s selected effect, we are answering the fundamental question of its origin and purpose, providing a rationale for its persistence over time. This historical perspective enhances our understanding of how traits have evolved to serve specific adaptive functions, reinforcing their significance in both past and present contexts. Thus, by emphasizing the historical and evolutionary context, etiological accounts not only explain the presence of a trait but also illuminate its enduring relevance and functional importance, thereby offering a more coherent and integrated view of biological function."
H16,prose,Hard,Qwen,unsloth/Qwen2.5-7B-Instruct-bnb-4bit,1,1000,518,0,442,"Coady’s argument against reductionism posits that no individual can independently verify the reliability of most of the sources they rely on for information. This point underscores the practical limitations of reductionist approaches to testimony, where reliance on personal perception, memory, and inductive inference is assumed. In reality, the vast majority of the knowledge we acquire comes from secondary sources such as books, media reports, or expert testimony, which we seldom have the opportunity to test directly. The complexity and breadth of this information often exceed an individual’s ability to independently verify its accuracy, thus rendering a reductionist justification of testimony practically impossible in many cases. This reliance on unverifiable sources highlights the essential role of trust in the transmission of knowledge, something that cannot be fully captured or replicated through individual perceptual and cognitive processes alone.

Moreover, young children exemplify how extensive bodies of knowledge can be acquired through testimony long before they develop the cognitive abilities necessary for complex inferential processes. Infants and young children depend heavily on the testimony of caregivers and educators for a wide range of knowledge about the world, including basic facts about objects, events, and social norms. These early forms of learning are crucial and form the foundation for later cognitive development. However, these early learnings are often based on second-hand information, much of which cannot be verified by direct experience or inference until later stages of cognitive development. This demonstrates that the acquisition of knowledge through testimony does not wait for the development of inferential capacities but rather precedes and shapes them, challenging the reductionist notion that all knowledge must eventually be grounded in personal experiences and inferences.

Finally, the contemporary division of cognitive labor in science, as analyzed by Hardwig, further illustrates the irreplaceable role of testimonial trust in the accumulation and propagation of scientific knowledge. Scientists frequently build upon the work of others, relying on published findings, experimental results, and theoretical frameworks that they cannot personally replicate or verify due to the specialized nature of their work and the constraints of time and resources. This epistemic dependency on the testimony of peers and colleagues means that much of what scientists know and believe about their fields is derived from and validated through testimonial trust rather than direct personal verification. This interdependence within the scientific community underscores the limits of reductionist accounts, which often assume that all knowledge can eventually be reduced to individual perceptions and inferences. Thus, scientific knowledge, like other forms of knowledge gained through testimony, relies fundamentally on trust in the reliability of the information provided by others, making it irreducibly dependent on testimonial trust beyond the scope of individual verification."
H17,prose,Hard,Qwen,unsloth/Qwen2.5-7B-Instruct-bnb-4bit,1,1000,463,0,391,"Idealized scientific models, though often containing known falsehoods, can indeed provide genuine understanding of natural phenomena by isolating the key elements necessary for explanation and prediction. These models operate by simplifying complex systems to focus on the essential features that affect the outcome, thereby removing extraneous variables that would otherwise cloud the core dynamics. For instance, when physicists study motion along a frictionless plane, they deliberately ignore the effect of friction because it does not change the fundamental principle being explored—the relationship between mass and acceleration. This idealization allows them to isolate and understand how these elements interact without the complicating factors that might otherwise obscure the phenomenon under investigation.

Understanding, in this context, is more about grasping the underlying patterns and relationships that govern how things work, rather than capturing every detail of a specific instance. Idealized models can thus represent these patterns of counterfactual dependence accurately, even if their literal assumptions are false. Consider, for example, the concept of an infinite population in demographic studies. While populations cannot truly be infinite, the model allows us to explore how changes in birth rates, death rates, and migration impact population growth. The model's simplicity enables researchers to focus on the key factors influencing population dynamics, such as the net reproductive rate, without being distracted by the complexities of finite numbers. In this way, the model captures the essence of the phenomenon, helping to predict and explain trends in population growth or decline.

Minimal-model explanations, as analyzed by Robert W. Batterman, further illustrate the utility of such idealizations in providing deep insights into the natural world. Batterman's work on catastrophic and universal behavior in physical systems highlights how these simplified models can account for universal behavior across different systems precisely because they omit the microscopic details that vary between these systems. Take, for example, the phenomenon of superconductivity. Superconductors exhibit the same critical temperature at which they lose all resistance, regardless of their chemical composition or microscopic structure. Minimal models that abstract away from these varied microscopic details still capture the essential feature of superconductivity—the critical temperature—and thus provide a powerful tool for understanding this universal behavior across a wide range of materials. By focusing on the macroscopic properties that remain constant, these models enable scientists to identify the common mechanisms driving superconductivity, making them invaluable for both theoretical and applied research."
H18,prose,Hard,Qwen,unsloth/Qwen2.5-7B-Instruct-bnb-4bit,1,1000,396,0,331,"Ryle's regress argument powerfully elucidates the insurmountable challenge posed by reducing practical knowledge to propositional knowledge. According to Ryle, if every intelligent action necessitates prior contemplation of a proposition, one must then contemplate another proposition explaining how to apply the initial proposition, leading to an endless sequence of propositions each requiring further explanation. This recursive structure of needing more and more propositions to explain actions, each dependent on another, generates an infinite regress, thereby demonstrating that no finite set of propositions can exhaustively account for practical knowledge. This infinite regress indicates that practical knowledge cannot be fully captured by propositional knowledge alone.

Furthermore, skilled performance involves an acute sensitivity to the nuances and specifics of a given situation that surpasses what any finite set of propositions could encapsulate. A skilled pianist might play a piece with such precision and feeling that it sounds almost effortless, yet they may struggle to articulate precisely which notes were played or why certain techniques were used. This ability to perform effectively in complex, context-dependent scenarios without relying on explicit rules or propositions underscores the distinct nature of practical knowledge from propositional knowledge. In essence, practical knowledge allows individuals to navigate and respond to the unique qualities of specific situations in ways that go beyond mere propositional understanding.

Lastly, neuropsychological evidence, particularly cases of amnesia where individuals retain motor skills despite losing explicit memory of their practice, provides compelling support for the idea that practical and propositional knowledge operate independently. Amnesic patients who can perform tasks perfectly without recalling having practiced them demonstrate that the ability to execute actions can exist separately from conscious, articulated knowledge of how those actions are performed. These dissociations highlight that practical knowledge, essential for skilled and adaptive behavior, is not reducible to propositional knowledge, which involves explicit, often verbalized, understanding. This separation between the two types of knowledge further solidifies the argument that practical knowledge stands as a distinct form of knowing, one that transcends the bounds of propositional knowledge."
H19,prose,Hard,Qwen,unsloth/Qwen2.5-7B-Instruct-bnb-4bit,1,1000,512,0,430,"The loss of biodiversity fundamentally undermines the long-term stability and functioning of ecosystems through complex interactions among species and their environments. At its core, the insurance hypothesis posits that within any given ecosystem, species exhibit a range of responses to environmental fluctuations. These differences mean that some species may thrive while others falter during periods of stress. As a result, communities rich in species diversity can better maintain aggregate productivity and resilience as conditions shift. This is because the varied responses allow the system to compensate for losses in certain components by leveraging the strengths of others. In essence, biodiversity acts as an insurance policy against environmental unpredictability, ensuring that the overall health and productivity of an ecosystem can persist even when faced with changes in climate, resource availability, or other stressors.

Furthermore, the concept of functional redundancy underscores how multiple species often perform similar ecological functions, such as pollination, decomposition, or predation. This redundancy provides a critical buffer against the negative impacts of losing any one species, as another can step in to carry out the same role. However, as species are lost due to various pressures, including habitat destruction, pollution, and climate change, this buffer begins to erode. With each removal, the remaining species face increased pressure to fulfill the roles vacated by the extinct or disappearing species, leading to a decline in overall ecosystem function. For example, if a key decomposer species disappears, the buildup of organic matter can disrupt nutrient cycling, affecting soil quality and plant growth. This erosion of redundancy highlights why maintaining biodiversity is essential for sustaining ecosystem services and maintaining ecological balance.

Moreover, the impact of losing keystone species illustrates the far-reaching consequences of biodiversity loss. Keystone species, defined by their disproportionate influence on the structure and function of their ecosystems, play pivotal roles in shaping habitats and maintaining biodiversity. When these species are removed, the resulting trophic cascades can dramatically alter the dynamics of an entire community. A classic example of this phenomenon is the decline of sea otters in the waters off Alaska, which led to a proliferation of sea urchins that overgrazed kelp forests. Without the presence of sea otters, which prey on sea urchins, the urchin population exploded, decimating the kelp beds that provided crucial habitat and food for numerous marine species. This single extinction event had cascading effects throughout the ecosystem, demonstrating how the removal of a keystone species can destabilize the entire web of interactions within an ecosystem. Such examples underscore the interconnectedness of species within ecosystems and the potential for widespread disruption when biodiversity is diminished."
S1,short,Easy,Qwen,unsloth/Qwen2.5-7B-Instruct-bnb-4bit,1,1000,57,0,49,"During the daytime, the sky appears blue because the Earth's atmosphere scatters sunlight in all directions, and blue light is scattered more than other colors because it travels as shorter, smaller waves. This scattered blue light fills the entire sky, making it appear blue when viewed from the ground."
S2,short,Easy,Qwen,unsloth/Qwen2.5-7B-Instruct-bnb-4bit,1,1000,52,0,45,"Ice floats on liquid water because it is less dense than liquid water. When water freezes, its molecules form a crystalline structure that creates more space between them, increasing the volume and thus reducing its density, allowing the ice to float on the water's surface."
S3,short,Easy,Qwen,unsloth/Qwen2.5-7B-Instruct-bnb-4bit,1,1000,64,0,55,"A rainbow forms when light from the sun passes through water droplets in the air, such as after rain. The light enters the droplet, is reflected inside, and then exits, with each color bending slightly differently due to its wavelength, spreading the light into its component colors and creating the colorful arc or circle effect."
S4,short,Medium,Qwen,unsloth/Qwen2.5-7B-Instruct-bnb-4bit,1,1000,44,0,41,"Earth experiences seasons because its axis is tilted as it orbits the Sun. This tilt causes different parts of Earth to receive varying amounts of sunlight throughout the year, leading to changes in temperature and weather that we recognize as seasons."
S5,short,Medium,Qwen,unsloth/Qwen2.5-7B-Instruct-bnb-4bit,1,1000,68,0,57,"Ocean tides are primarily caused by the gravitational pull of the moon and, to a lesser extent, the sun on the Earth. As the Earth rotates, different parts of it face towards the moon and sun, experiencing their gravitational pull, which raises the water levels in the oceans, creating high tides while other areas experience low tides."
S6,short,Easy,Qwen,unsloth/Qwen2.5-7B-Instruct-bnb-4bit,1,1000,53,0,45,"Bread dough rises because of the action of yeast, which consumes sugars in the dough and produces carbon dioxide gas as a byproduct. This gas gets trapped in the elastic structure of the dough, causing it to expand and become lighter and fluffier before baking."
S7,short,Medium,Qwen,unsloth/Qwen2.5-7B-Instruct-bnb-4bit,1,1000,45,0,41,"A black hole is a region in space where the gravitational pull is so strong that nothing, not even light, can escape from it. It forms when a massive star collapses in on itself under the influence of its own gravity."
S8,short,Medium,Qwen,unsloth/Qwen2.5-7B-Instruct-bnb-4bit,1,1000,56,0,53,"A metal spoon feels colder than a wooden spoon because metals conduct heat away from your hand more quickly than wood does, making the metal spoon feel cooler to the touch even though both are at the same room temperature. This sensation is due to the difference in thermal conductivity between the materials."
S9,short,Medium,Qwen,unsloth/Qwen2.5-7B-Instruct-bnb-4bit,1,1000,52,0,46,"A refrigerator keeps food cold by using a refrigeration cycle that involves compressing a coolant, which then circulates through coils where it absorbs heat from the interior of the fridge and releases it outside, maintaining a cool environment inside to preserve the freshness of stored food."
S10,short,Easy,Qwen,unsloth/Qwen2.5-7B-Instruct-bnb-4bit,1,1000,46,0,40,"Photosynthesis is the process by which plants convert light energy into chemical energy, producing glucose and releasing oxygen as a byproduct. This process not only fuels the plant's growth but also provides a vital source of oxygen for the planet."
S11,short,Easy,Qwen,unsloth/Qwen2.5-7B-Instruct-bnb-4bit,1,1000,89,0,69,"In autumn, leaves change color because the chlorophyll, which gives them their green color, begins to break down as the days get shorter and temperatures drop. This breakdown reveals other pigments that were present all along but masked by the dominant green, such as yellows and oranges from carotenoids, and reds and purples from anthocyanins, which form in response to bright sunlight and abundant sugar production in the fall."
S12,short,Easy,Qwen,unsloth/Qwen2.5-7B-Instruct-bnb-4bit,1,1000,61,0,48,"Weather refers to the short-term state of the atmosphere, such as sunny, rainy, or windy conditions, which can change day-to-day. Climate, on the other hand, describes the long-term average of weather conditions in an area over many years, giving us an idea of typical weather patterns and trends."
S13,short,Easy,Qwen,unsloth/Qwen2.5-7B-Instruct-bnb-4bit,1,1000,41,0,35,"A magnetic compass shows direction by aligning a magnetized needle with the Earth's magnetic field. The needle floats freely and points toward the magnetic north pole, allowing users to determine their orientation relative to north."
S14,short,Medium,Qwen,unsloth/Qwen2.5-7B-Instruct-bnb-4bit,1,1000,50,0,44,"Inflation refers to the general increase in prices of goods and services over time, which reduces the purchasing power of a currency. As inflation rises, each unit of currency buys less than it did previously, reflecting an overall decline in the value of money."
S15,short,Easy,Qwen,unsloth/Qwen2.5-7B-Instruct-bnb-4bit,1,1000,70,0,57,"The Moon appears to go through phases because of its position relative to the Sun and Earth. As it orbits Earth, the side illuminated by the Sun changes, causing us to see different amounts of the sunlit side from our perspective on Earth, which we perceive as phases such as new, crescent, quarter, gibbous, and full moon."
S16,short,Easy,Qwen,unsloth/Qwen2.5-7B-Instruct-bnb-4bit,1,1000,41,0,35,"An algorithm is a set of instructions or a step-by-step procedure designed to solve a specific problem or perform a certain task, often used in mathematics and computer science to process, analyze, or manipulate data."
S17,short,Medium,Qwen,unsloth/Qwen2.5-7B-Instruct-bnb-4bit,1,1000,45,0,41,"Salt is spread on icy roads in winter to help melt the ice and prevent new ice from forming. The salt lowers the freezing point of water, allowing it to melt at lower temperatures, thus keeping the roads safer for traffic."
S18,short,Hard,Qwen,unsloth/Qwen2.5-7B-Instruct-bnb-4bit,1,1000,70,0,61,"An airplane wing generates lift through the shape of its curved upper surface and flatter lower surface, which causes the air moving over the top to travel faster and create lower pressure than beneath the wing, thus lifting it upward according to Bernoulli's principle. Additionally, the angle of attack and airflow speed also play crucial roles in this lift generation process."
S19,short,Medium,Qwen,unsloth/Qwen2.5-7B-Instruct-bnb-4bit,1,1000,61,0,49,"DNA, or deoxyribonucleic acid, serves as the blueprint for life, carrying the genetic instructions used in the development and functioning of all known living organisms. Within a cell, DNA directs the synthesis of proteins, which are essential for carrying out almost all of the basic functions necessary for life."
S20,short,Hard,Qwen,unsloth/Qwen2.5-7B-Instruct-bnb-4bit,1,1000,54,0,48,"At high altitudes, water boils at a lower temperature because the atmospheric pressure is lower, which means it takes less heat for the water molecules to escape into the air as vapor. This is why recipes and cooking times often need adjustment when preparing food at higher elevations."
C1,code,Easy,Mistral,unsloth/mistral-7b-instruct-v0.3-bnb-4bit,1,1002,216,0,117,"```python

def is_palindrome(s: str) -> bool:
    """"""
    Checks if a given string is a palindrome.
    A palindrome is a word, phrase, number, or sequence that reads the same backward as forward.

    Parameters:
    s (str): The input string to check for palindrome property.

    Returns:
    bool: True if the input string is a palindrome, False otherwise.
    """"""

    # Remove non-alphanumeric characters and convert to lowercase
    s = ''.join(filter(str.isalnum, s)).lower()

    # Check if the string is equal to its reverse
    return s == s[::-1]

```

This function first filters and converts the input string to ensure that only alphanumeric characters are considered. Then it checks if the string is equal to its reverse, which is the definition of a palindrome."
C2,code,Easy,Mistral,unsloth/mistral-7b-instruct-v0.3-bnb-4bit,1,1002,319,0,176,"```python

def fizzbuzz(n: int) -> list[str]:
    """"""
    Returns a list of strings for the integers from 1 to `n` inclusive,
    where multiples of both 3 and 5 are replaced by ""FizzBuzz"",
    other multiples of 3 by ""Fizz"", other multiples of 5 by ""Buzz"",
    and every other number by its decimal string.
    Returns an empty list when `n` is less than 1.
    """"""

    result = []
    for i in range(1, n + 1):
        if i % 3 == 0 and i % 5 == 0:
            result.append(""FizzBuzz"")
        elif i % 3 == 0:
            result.append(""Fizz"")
        elif i % 5 == 0:
            result.append(""Buzz"")
        else:
            result.append(str(i))
    return result or []

```

This function takes an integer `n` as input and returns a list of strings containing the appropriate representations for the numbers from 1 to `n` inclusive. The function uses a for loop to iterate through the numbers and appends the appropriate string to the result list based on the remainder when the number is divided by 3 and 5. If `n` is less than 1, it returns an empty list."
C3,code,Easy,Mistral,unsloth/mistral-7b-instruct-v0.3-bnb-4bit,1,1002,215,0,98,"```python

def sieve_primes(n: int) -> list[int]:
    """"""
    Returns a list of prime numbers less than or equal to n in increasing order.
    Uses the Sieve of Eratosthenes algorithm.
    Returns an empty list when n is less than 2.
    """"""

    if n < 2:
        return []

    primes = [True] * (n + 1)
    primes[0], primes[1] = False, False

    for num in range(2, int(n ** 0.5) + 1):
        if primes[num]:
            start = num * num
            end = n + 1
            while start <= end:
                primes[start] = False
                start += num

    return [num for num, is_prime in enumerate(primes) if is_prime]

```"
C4,code,Easy,Mistral,unsloth/mistral-7b-instruct-v0.3-bnb-4bit,1,1002,268,0,156,"```python

def second_largest(nums: list[int]) -> int | None:
    if len(set(nums)) < 2:
        return None

    max1, max2 = nums[0], float('-inf')

    for num in nums:
        if num > max1:
            max2, max1 = max1, num
        elif num > max2 and num != max1:
            max2 = num

    return max2

```

This function takes a list of integers as input and returns the second largest distinct value in the list, or None if the list contains fewer than two distinct values. It uses the standard Python set data structure to remove duplicates and stores the two largest distinct values in the variables `max1` and `max2`. The `float('-inf')` initializes `max2` to a value smaller than any possible integer, ensuring that it will be updated if a larger number is encountered. The `if num > max1` condition checks if the current number is larger than the current largest number, updating `max2` and `max1` accordingly. Finally, it returns `max2`, the second largest number found."
C5,code,Easy,Mistral,unsloth/mistral-7b-instruct-v0.3-bnb-4bit,1,1002,273,0,149,"```python

def run_length_encode(s: str) -> str:
    """"""
    Compresses a string by replacing each maximal run of a repeated character
    with the character followed by the length of the run.

    Args:
        s (str): Input string to be compressed.

    Returns:
        str: Compressed string.
    """"""

    result = []
    count = 1

    for char in s:
        if char != result[-1][0] or not result:
            result.append((char, count))
            count = 1
        else:
            count += 1

    compressed = """"
    for char, count in result:
        compressed += f""{char}{count}""

    return compressed
```

This function iterates through the input string `s` and checks if the current character matches the previous character in the `result` list. If it does, it increments the count; otherwise, it appends the current character and its count to the `result` list. After iterating through the entire input string, it concatenates the characters and counts from the `result` list to form the compressed string and returns it."
C6,code,Easy,Mistral,unsloth/mistral-7b-instruct-v0.3-bnb-4bit,1,1002,298,0,167,"```python

def valid_brackets(s: str) -> bool:
    """"""
    Checks if given string containing only brackets is valid, i.e., correctly nested.

    Parameters:
    s (str): Input string containing only brackets.

    Returns:
    bool: True if the string is valid, False otherwise.
    """"""

    brackets = {'{': '}', '{': '}', '(': ')', '[': ']'}
    stack = []

    for bracket in s:
        if bracket in brackets:
            stack.append(bracket)
        elif stack and brackets[stack[-1]] == bracket:
            stack.pop()
        else:
            return False

    return not stack
```

This function initializes a dictionary mapping each bracket type to its corresponding closing bracket and an empty stack. It then iterates through each character in the input string. If the character is an opening bracket, it is added to the stack. If the character is a closing bracket, it is popped from the stack only if the stack's top element matches the corresponding opening bracket. Finally, the function checks if the stack is empty, and returns True if it is and False otherwise. This indicates whether the input string is valid or not."
C7,code,Easy,Mistral,unsloth/mistral-7b-instruct-v0.3-bnb-4bit,1,1002,241,0,112,"```python

def flatten(nested):
    """"""
    Flattens a nested list to a single flat list.
    Args:
        nested (list): A list whose elements may be lists nested to any depth.
    Returns:
        list: A flat list of all non-list elements in left-to-right order.
    """"""

    flat_list = []

    def _flatten(elements):
        for element in elements:
            if isinstance(element, list):
                _flatten(element)
            else:
                flat_list.append(element)

    _flatten(nested)
    return flat_list

```

In this example, `flatten()` is a recursive function that takes a nested list as input and flattens it. The `_flatten()` helper function is defined to handle the recursion, appending each non-list element to the `flat_list` as it encounters them. The final result is a flat list with all non-list elements in left-to-right order."
C8,code,Medium,Mistral,unsloth/mistral-7b-instruct-v0.3-bnb-4bit,1,1002,357,0,198,"```python

def merge_intervals(intervals: list[tuple[int, int]]) -> list[tuple[int, int]]:
    """"""
    Merges overlapping or touching closed intervals and sorts the result by start.

    Args:
        intervals (list[tuple[int, int]]): A list of closed intervals in any order.

    Returns:
        A list of sorted closed intervals, where overlapping or touching intervals are merged.
    """"""

    if not intervals:
        return []

    intervals.sort(key=lambda x: x[0])

    result = [intervals[0]]

    for current in intervals[1:]:
        last = result[-1]

        if last[1] >= current[0]:
            last[1] = max(last[1], current[1])
        else:
            result.append(current)

    return result
```

This function first sorts the input list of intervals by their start times. It initializes an empty `result` list and appends the first interval to it.

For each subsequent interval, it checks if the end of the last appended interval is greater than or equal to the start of the current interval. If it is, it merges the intervals by updating the end of the last interval to the maximum of its current end and the end of the current interval. If not, it appends the current interval to the `result` list.

Finally, it returns the sorted and merged list of intervals. The function does not modify the input list and returns an empty list for an empty input."
C9,code,Medium,Mistral,unsloth/mistral-7b-instruct-v0.3-bnb-4bit,1,1002,279,0,137,"Here's the Python function for rotating an n-by-n square matrix 90 degrees clockwise:

```python
def rotate_matrix(matrix: list[list[int]]) -> list[list[int]]:
    """"""
    Rotates an n-by-n square matrix 90 degrees clockwise.

    Args:
        matrix (list[list[int]]): A 2D list representing an n-by-n square matrix.

    Returns:
        list[list[int]]: The rotated matrix as a 2D list.
    """"""
    n = len(matrix)
    rotated_matrix = [[0] * n for _ in range(n)]

    for i in range(n):
        for j in range(n):
            rotated_matrix[j][n - i - 1] = matrix[i][j]

    return rotated_matrix
```

This function works by creating a new matrix with the same dimensions as the input matrix and filling it with the elements from the original matrix transposed and flipped along the diagonal. It uses two nested for loops to iterate through the elements of the original matrix and assign them to the appropriate positions in the rotated matrix."
C10,code,Medium,Mistral,unsloth/mistral-7b-instruct-v0.3-bnb-4bit,1,1002,259,0,125,"```python

def top_k_words(text: str, k: int) -> list[tuple[str, int]]:
    """"""
    Returns the top `k` most frequent words in `text` as tuples of (word, count).

    Args:
        text (str): The text to analyze.
        k (int): The number of top words to return.

    Returns:
        list[tuple[str, int]]: The top `k` words as tuples of (word, count).
    """"""

    from collections import Counter, defaultdict
    words = defaultdict(int)
    for word in text.lower().split():
        words[word] += 1

    counter = Counter(words)
    return counter.most_common(k)

```

This code uses the `collections` module from the Python standard library. It first creates a `defaultdict` to count the occurrences of each word in the text. Then, it uses the `Counter` class to create a frequency distribution of the words and gets the most common `k` words using the `most_common()` method."
C11,code,Medium,Mistral,unsloth/mistral-7b-instruct-v0.3-bnb-4bit,1,1002,465,0,296,"```python

def leftmost_index(arr: list[int], target: int) -> int:
    """"""
    Performs a binary search on a sorted list (possibly with duplicates) and returns the index of the first occurrence of `target`, or -1 if `target` is not present.

    Args:
        arr (list[int]): Sorted list in non-decreasing order (possibly with duplicates).
        target (int): Target value to find in the list.

    Returns:
        int: Index of the first occurrence of `target` in `arr`, or -1 if `target` is not present.
    """"""

    left, right = 0, len(arr) - 1

    while left <= right:
        mid = (left + right) // 2
        if arr[mid] == target:
            if mid == 0 or arr[mid - 1] != target:
                return mid
            right = mid - 1
        elif arr[mid] < target:
            left = mid + 1
        else:
            right = mid - 1

    return -1

```

This function implements a binary search algorithm to find the leftmost index of a target value in a sorted list. The function starts by initializing two pointers (`left` and `right`) that mark the start and end of the search space, respectively. It then enters a loop that continues until the search space is empty or the target value is found. In each iteration, the function calculates the middle index (`mid`) of the current search space and checks if the value at the middle index is equal to the target value. If so, it checks if the middle index is the first occurrence of the target value and adjusts the pointers accordingly. If the value at the middle index is less than the target value, it moves the left pointer to the right; otherwise, it moves the right pointer to the left. The function returns the index of the first occurrence of the target value or -1 if the target value is not present."
C12,code,Medium,Mistral,unsloth/mistral-7b-instruct-v0.3-bnb-4bit,1,1002,307,0,156,"Here's the Python function for converting Roman numerals to integers:

```python
def roman_to_int(s: str) -> int:
    values = {
        ""I"": 1, ""V"": 5, ""X"": 10, ""L"": 50, ""C"": 100, ""D"": 500, ""M"": 1000
    }

    num = 0
    for i in range(len(s) - 1, -1, -1):
        if s[i] in [""IV"", ""IX"", ""XL"", ""XC"", ""CD"", ""CM""]:
            next_value = values[s[i + 1]]
            num += values[s[i]] - next_value
        else:
            num += values[s[i]]
    return num
```

This function defines a dictionary `values` containing the values of each Roman numeral symbol. It then iterates through the input string from right to left (since Roman numerals are read from left to right but processed from right to left for subtractive pairs). If the current symbol is part of a subtractive pair, the function calculates the difference between the current value and the next value in the string and adds that difference to the total. Otherwise, it adds the current value to the total."
C13,code,Medium,Mistral,unsloth/mistral-7b-instruct-v0.3-bnb-4bit,1,1002,172,0,68,"```python

def max_subarray_sum(nums: list[int]) -> int:
    """"""
    Returns the largest sum of any non-empty contiguous subarray of `nums` using Kadane's algorithm.
    If all numbers are negative, returns the largest single element.
    Raises ValueError if `nums` is empty.
    """"""

    if not nums:
        raise ValueError(""List cannot be empty."")

    max_current = max_global = nums[0]

    for num in nums[1:]:
        max_current = max(num, max_current + num)
        max_global = max(max_global, max_current)

    return max_global
```"
C14,code,Medium,Mistral,unsloth/mistral-7b-instruct-v0.3-bnb-4bit,1,1002,369,0,211,"```python

def moving_average(values: list[float], window: int) -> list[float]:
    """"""
    Calculates the moving average of a list of values with a specified window size.

    Args:
        values (list[float]): A list of numerical values.
        window (int): The size of the moving window for the average.

    Returns:
        list[float]: A list containing the mean of every contiguous run of window values.

    Raises:
        ValueError: If the window size is less than 1.
    """"""

    if window <= 0:
        raise ValueError(""Window size must be greater than 0."")

    if len(values) < window:
        return []

    running_sum = 0.0
    result = []

    for i in range(window):
        running_sum += values[i]

    for i in range(window, len(values)):
        running_sum += values[i] - values[i - window]
        result.append(running_sum / window)

    return result
```

This code calculates the moving average of a list of values with a specified window size using a running sum. It first checks if the window size is valid, and if the list of values is long enough for the window size. If either condition fails, it raises a ValueError or returns an empty list, respectively. Then, it iterates over the values in the list, maintaining a running sum and calculating the average for each window of values. The result is returned as a list containing the mean of every contiguous run of window values."
C15,code,Medium,Mistral,unsloth/mistral-7b-instruct-v0.3-bnb-4bit,1,1002,358,0,171,"```python

def parse_duration(s: str) -> int:
    """"""
    Parses a duration string in the format ""hourshours minutesminutes secondsseconds"",
    where hours, minutes, and seconds are optional, and returns the total number of seconds.

    Raises ValueError if the string is empty, contains any other characters, or lists the parts out of order.
    """"""

    parts = [0, 0, 0]

    for part, char in enumerate(s.strip().split()):
        if not char.isdigit() or len(char) > 2 or not (char[-1].isalpha() and char[0].isalpha()):
            raise ValueError(""Invalid duration format"")

        if char[0].isalpha():
            parts[part] = int(char[1:])
        else:
            parts[part] = int(char)

    hours, minutes, seconds = parts

    if hours + minutes/60 + seconds/3600 > 24*60*60:
        raise ValueError(""Duration exceeds 24 hours"")

    return hours*3600 + minutes*60 + seconds
```

This function first checks if the duration string is valid by checking for empty string, invalid characters, and out-of-order parts. It then splits the string into individual parts and converts each part to an integer. Finally, it calculates the total number of seconds based on the hours, minutes, and seconds parts, and raises a ValueError if the duration exceeds 24 hours."
C16,code,Hard,Mistral,unsloth/mistral-7b-instruct-v0.3-bnb-4bit,1,1002,450,0,237,"```python

def longest_common_subsequence(a: str, b: str) -> int:
    """"""
    Find the length of the longest common subsequence of two strings.

    Parameters:
    a (str): First string.
    b (str): Second string.

    Returns:
    int: The length of the longest common subsequence.
    """"""

    m = len(a)
    n = len(b)

    # Create a memoization table to store results of subproblems
    dp = [[0] * (n + 1) for _ in range(m + 1)]

    # Iterate through both strings and fill the memoization table
    for i in range(m + 1):
        for j in range(n + 1):
            if i == 0 or j == 0:
                dp[i][j] = 0
            elif a[i - 1] == b[j - 1]:
                dp[i][j] = dp[i - 1][j - 1] + 1
            else:
                dp[i][j] = max(dp[i][j - 1], dp[i - 1][j])

    # The length of the longest common subsequence is the bottom right element of the memoization table
    return dp[m][n]

```

This function uses dynamic programming to find the length of the longest common subsequence of two given strings `a` and `b`. It uses a memoization table `dp` to store the lengths of the longest common subsequences for substrings of `a` and `b`. The function initializes the memoization table, iterates through both strings, and fills the table based on the characters' equivalence. Finally, it returns the length of the longest common subsequence, which is stored in the bottom right element of the memoization table. The function uses O(min(len(a), len(b))) extra memory."
C17,code,Hard,Mistral,unsloth/mistral-7b-instruct-v0.3-bnb-4bit,1,1002,436,0,211,"```python

def edit_distance(a: str, b: str) -> int:
    """"""
    Calculates the Levenshtein distance between two strings, which is the minimum number of single-character insertions, deletions, and substitutions needed to turn one string into another.

    Parameters:
    a (str): The first string.
    b (str): The second string.

    Returns:
    int: The Levenshtein distance between the two strings.
    """"""

    if not a or not b:
        return len(a) + len(b)

    matrix = [[0] * (len(b) + 1) for _ in range(len(a) + 1)]

    # Build the matrix for each character in the strings
    for i in range(len(a)):
        for j in range(len(b)):
            if a[i] == b[j]:
                matrix[i + 1][j + 1] = matrix[i][j]
            else:
                matrix[i + 1][j + 1] = min(
                    matrix[i + 1][j] + 1,  # Deletion
                    matrix[i][j + 1] + 1,  # Insertion
                    matrix[i][j] + 1  # Substitution
                )

    # The bottom-right cell of the matrix contains the Levenshtein distance
    return matrix[-1][-1]

```

This function calculates the Levenshtein distance using dynamic programming with a matrix. It iterates through each character in both strings and fills the matrix with the minimum number of operations required to transform one string into the other at that point in the iteration. The bottom-right cell of the matrix contains the Levenshtein distance, which is the value returned by the function."
C18,code,Hard,Mistral,unsloth/mistral-7b-instruct-v0.3-bnb-4bit,1,1002,321,0,129,"```python

def shortest_paths(graph: dict[str, list[tuple[str, int]]], source: str) -> dict[str, int]:
    """"""
    Implement Dijkstra's algorithm using heapq module to find shortest paths from `source` in the given graph.

    Args:
        graph: A dictionary mapping each node to a list of (neighbor, weight) pairs.
        source: The starting node for the shortest path calculation.

    Returns:
        A dictionary mapping every node reachable from `source`, including `source` itself with distance 0, to the length of its shortest path.
    """"""

    import heapq

    unvisited = {node: float('inf') for node in graph}
    unvisited[source] = 0
    visited = set([source])
    heap = [(0, source)]

    while heap:
        current_distance, current_node = heapq.heappop(heap)
        if current_node in visited:
            continue
        visited.add(current_node)

        for neighbor, weight in graph[current_node]:
            distance = current_distance + weight
            if distance < unvisited[neighbor]:
                heapq.heappush(heap, (distance, neighbor))
                unvisited[neighbor] = distance

    return unvisited
```"
C19,code,Hard,Mistral,unsloth/mistral-7b-instruct-v0.3-bnb-4bit,1,1002,318,0,166,"```python

def topological_order(graph: dict[str, list[str]]) -> list[str]:
    """"""
    Returns a topological ordering of a directed graph.
    Raises ValueError if the graph contains a cycle.
    """"""

    def dfs(node: str, visited: set[str], stack: list[str]):
        visited.add(node)
        for neighbor in graph[node]:
            if neighbor not in visited:
                dfs(neighbor, visited, stack)
            elif neighbor in stack:
                raise ValueError(""Cycle detected"")
        stack.insert(0, node)

    visited = set()
    stack = []

    for node in graph:
        if node not in visited:
            dfs(node, visited, stack)

    return list(stack) or [""Unreachable""] if stack else raise ValueError(""Graph is not connected"")

```

This function uses Depth-First Search (DFS) algorithm to find a topological ordering of a directed graph. It first checks if the graph is connected and then performs DFS on each node that is not visited yet. If a cycle is detected, it raises a ValueError. The ordering is stored in a stack and then reversed to get the final topological ordering. If the graph is not connected, it raises a ValueError, and if there are no reachable nodes, it returns ""Unreachable""."
C20,code,Hard,Mistral,unsloth/mistral-7b-instruct-v0.3-bnb-4bit,1,1002,507,0,272,"```python

def count_n_queens(n: int) -> int:
    """"""
    Counts the number of ways to place n queens on an n-by-n chessboard such that no two queens share a row, column or diagonal.

    :param n: The number of queens to place on the board.
    :return: The number of valid placements.
    """"""

    if n <= 0:
        return 1
    if n < 0:
        raise ValueError(""n must be non-negative"")

    board = ['.'] * n
    solutions = 0

    def place_queen(row: int, col: int):
        for i in range(row, n):
            if board[i][col] == 'Q':
                # A queen has already been placed in this position, so move on.
                continue

            if i > row and col - i == j or i < row and col + i == j:
                # The current column is not valid for the next row, so move on.
                continue

            board[i] = board[i][:col] + 'Q' + board[i][col + 1:]
            if row == n - 1:
                # If we've reached the last row, we have a valid solution.
                solutions += 1
            else:
                # Recursively place a queen in the next row.
                place_queen(i + 1, col + 1)
            board[i] = board[i][:col] + '.' + board[i][col + 1:]

    place_queen(0, 0)
    return solutions
```

This function uses backtracking to explore the possible placements of the queens on the chessboard. The `place_queen` function takes a row and column as arguments, and it places a queen in the specified position if it's valid. If the function reaches the last row, it considers that placement as a solution and increments the `solutions` counter. If there are still more rows to be filled, it recursively calls itself to place a queen in the next row."
Q1,math,Easy,Mistral,unsloth/mistral-7b-instruct-v0.3-bnb-4bit,1,1002,279,0,158,"To find out the total amount Maria spends on buying 4 notebooks and 6 pens, we'll first calculate the cost of each item type separately and then add them together.

1. Calculate the cost of the notebooks:
Maria buys 4 notebooks, each priced at $3.00. To find the total cost of the notebooks, we multiply the quantity of notebooks by the price per notebook:
4 notebooks * $3.00/notebook = $12.00

2. Calculate the cost of the pens:
Maria buys 6 pens, each priced at $1.25. To find the total cost of the pens, we multiply the quantity of pens by the price per pen:
6 pens * $1.25/pen = $7.50

3. Add the costs of notebooks and pens to find Maria's total spending:
Total cost = Cost of notebooks + Cost of pens
Total cost = $12.00 + $7.50 = $19.50

In conclusion, Maria spends a total of $19.50 on buying 4 notebooks and 6 pens.

Answer: $19.50"
Q2,math,Easy,Mistral,unsloth/mistral-7b-instruct-v0.3-bnb-4bit,1,1002,281,0,160,"To find the total distance traveled by the train, we first calculate the distance covered during each segment of the trip, and then add the two distances together.

1. During the first segment, the train travels at 72 kilometers per hour for 2.5 hours. To find the distance covered during this segment, we multiply the speed by the time traveled:

Distance_1 = Speed_1 * Time_1

Distance_1 = 72 km/hour * 2.5 hours

Distance_1 = 180 kilometers

2. During the second segment, the train travels at 90 kilometers per hour for 1.5 hours. We can calculate the distance covered during this segment in a similar way:

Distance_2 = Speed_2 * Time_2

Distance_2 = 90 km/hour * 1.5 hours

Distance_2 = 135 kilometers

3. To find the total distance covered by the train, we add the distances from both segments:

Total Distance = Distance_1 + Distance_2

Total Distance = 180 km + 135 km

Total Distance = 315 kilometers

Answer: 315 kilometers"
Q3,math,Easy,Mistral,unsloth/mistral-7b-instruct-v0.3-bnb-4bit,1,1002,461,0,274,"To find the area of the rectangle, we first need to determine the width and length using the given perimeter and the relationship between the length and width.

1. We know that the perimeter (P) of a rectangle is the sum of all its sides, which is given as 46 centimeters (cm). For a rectangle, the formula for perimeter is P = 2L + 2W, where L is the length and W is the width. So, we have the equation 46 = 2L + 2W.

2. The problem states that the length is 5 cm more than the width, so we can represent this relationship as L = W + 5.

3. Now we have a system of two equations with two variables (L and W):
   Equation 1: 46 = 2L + 2W
   Equation 2: L = W + 5

4. To solve this system of equations, we can either use the substitution method or elimination method. In this case, let's use the elimination method. Multiply Equation 2 by 2:
   Equation 3: 2L = 2W + 10

5. Now, add Equation 1 and Equation 3:
   46 + 2L = 2W + 10 + 2L
   66 = 4L

6. Divide both sides by 4:
   L = 16.5

7. Now that we have the length, we can find the width using Equation 2: W = L - 5
   W = 16.5 - 5
   W = 11.5

8. The area (A) of a rectangle is given by the formula A = L * W. So, we can calculate the area using the values we found:
   A = 16.5 * 11.5
   A = 187.25

Answer: 187.25 square centimeters."
Q4,math,Medium,Mistral,unsloth/mistral-7b-instruct-v0.3-bnb-4bit,1,1002,900,1,332,"To solve this problem, we'll find all numbers from 1 to 200 that are either divisible by 3 (3, 6, 9, ...) or divisible by 5 (5, 10, 15, ...). We can do this by considering numbers divisible by 3 first, then numbers divisible by 5, and finally subtracting the numbers that are divisible by both 3 and 5 (i.e., multiples of 15).

1. Find all multiples of 3 from 1 to 200:
   - Start with a multiple of 3 that is less than or equal to 200: 3
   - To find the next multiple, add 3 to the previous one: 6
   - Continue adding 3 until we reach or exceed 200:
     6, 9, 12, 15, 18, 21, 24, 27, 30, 33, 36, 39, 42, 45, 48, 51, 54, 57, 60, 63, 66, 69, 72, 75, 78, 81, 84, 87, 90, 93, 96, 99, 102, 105, 108, 111, 114, 117, 120, 123, 126, 129, 132, 135, 138, 141, 144, 147, 150, 153, 156, 159, 162, 165, 168, 171, 174, 177, 180, 183, 186, 189, 192, 195, 198, 200

2. Find all multiples of 5 from 1 to 200:
   - Start with a multiple of 5 that is less than or equal to 200: 5
   - To find the next multiple, add 5 to the previous one: 10
   - Continue adding 5 until we reach or exceed 200:
     5, 10, 15, 20, 25, 30, 35, 40, 45, 50, 55, 60, 65, 70, 75, 80, 85, 90, 95, 100, 105, 110, 115, 120, 125, 130, 135, 140, 145, 150, 155, 160, 165, 170, 175, 180, 185, 190, 195, 198, 200

3. Find the numbers that are multiples of both 3 and 5 (i.e., multiples of 15) from 1 to 200:
   - The smallest number that is a multiple of both 3 and 5 is 15
   - Continue finding multiples of 15 by adding 15 to the previous one:
     15, 30, 45, 60, 75, 90, 105, 120, 135, 150, 165, 180, 195

4. Sum the"
Q5,math,Easy,Mistral,unsloth/mistral-7b-instruct-v0.3-bnb-4bit,1,1002,235,0,109,"To find the final price of the shirt after a 25% discount and an 8% sales tax, we'll follow these steps:

1. First, let's calculate the discounted price by subtracting 25% of the original price from the original price.
   Original price: $40
   Discount (25%): $40 * (25/100) = $40 * 0.25 = $10
   Discounted price: $40 - $10 = $30

2. Next, we'll apply the 8% sales tax to the discounted price.
   Sales tax (8%): $30 * (8/100) = $30 * 0.08 = $2.40

3. Finally, we'll find the final price by adding the sales tax to the discounted price.
   Final price: $30 + $2.40 = $32.40

Answer: $32.40"
Q6,math,Medium,Mistral,unsloth/mistral-7b-instruct-v0.3-bnb-4bit,1,1002,350,0,197,"To find the probability that two six-sided dice add up to 8, we need to determine the number of favorable outcomes (rolling a sum of 8) and divide that by the total possible outcomes (all possible rolls).

First, let's list all the possible combinations of two rolls that sum to 8:
(1, 7), (2, 6), (3, 5), (4, 4), (5, 3), and (6, 2).

There are 6 sides on each die, so there are 6 * 6 = 36 total possible rolls. To find the total number of favorable outcomes, we count the rolls listed above:
(1, 7) + (2, 6) + (3, 5) + (4, 4) + (5, 3) + (6, 2) = 1 + 2 + 3 + 4 + 5 + 6 = 21.

Now, to find the probability, we divide the number of favorable outcomes by the total possible outcomes:

Probability = Number of favorable outcomes / Total possible outcomes
Probability = 21 / 36

To get the probability as a decimal, we simplify the fraction:
21/36 = 7/12

Finally, to round the probability to four decimal places, we round the fraction:
7/12 = 0.5833 (rounded)

Answer: 0.5833 (rounded to four decimal places)"
Q7,math,Medium,Mistral,unsloth/mistral-7b-instruct-v0.3-bnb-4bit,1,1002,361,0,188,"To find the total amount of money in the account after 3 years, we can use the compound interest formula: A = P(1 + r)^n, where:

* A is the amount of money in the account after n years, initially deposited as principal P.
* r is the annual interest rate (as a decimal).
* n is the number of years.

In this case, the initial principal (P) is $5,000, the annual interest rate (r) is 0.04 (or 4% expressed as a decimal), and the number of years (n) is 3.

Step 1: Plug the values into the compound interest formula:
A = 5000 * (1 + 0.04)^3

Step 2: Calculate the value inside the parentheses:
1 + 0.04 = 1.04, so the expression becomes:
A = 5000 * (1.04)^3

Step 3: Raise 1.04 to the power of 3:
(1.04)^3 ≈ 1.136816 (rounded to six decimal places)

Step 4: Multiply the result from Step 3 by the initial principal:
A = 5000 * 1.136816 ≈ 5684.08 (rounded to two decimal places)

Step 5: Round the final answer to the nearest cent:
Answer: $5,684.08 (rounded to the nearest cent)"
Q8,math,Medium,Mistral,unsloth/mistral-7b-instruct-v0.3-bnb-4bit,1,1002,325,0,188,"To find out how long it takes Ana and Ben to paint the fence together, we need to determine the rate at which each person works and then combine their rates.

1. First, let's find the rate of work for each person. Since Ana can paint the fence in 6 hours, her work rate is 1/6 of the fence per hour. Ben can paint the fence in 4 hours, so his work rate is 1/4 of the fence per hour.

2. To find their combined rate, we add their individual rates: (1/6) + (1/4) = (4 + 3)/(12) = 7/12 of the fence per hour.

3. Now that we know their combined rate, to find out how long it takes them to paint the fence, we divide the total amount of work (the whole fence) by their combined rate: Whole fence / (7/12) = 12 / 7.

4. Simplifying the fraction, we get 12 ÷ 7 = 1.7142857142857143 (rounded to 16 decimal places). However, since time is measured in whole hours, we round up to the nearest whole number: 1.7142857142857143 ≈ 1.71 hours (rounded).

Answer: 1.71 hours (rounded)"
Q9,math,Easy,Mistral,unsloth/mistral-7b-instruct-v0.3-bnb-4bit,1,1002,776,0,438,"To find the number of ways a committee of 3 members can be chosen from a club of 10 members, we will use the concept of combinations. Combinations represent the number of ways to choose a certain number of items from a larger set, without regard to the order of selection.

First, let's calculate the total number of ways to choose 3 members from the 10-member club. This is equivalent to finding the number of ways to choose 7 members from the 10-member club and then subtracting the number of ways to choose more than 3 members.

The total number of ways to choose any number of members from a group of 10 is represented by the binomial coefficient (10 choose k), which is denoted as C(10, k). To find the number of ways to choose 7 members from 10, we can use the same formula: C(10, 7).

However, to find the number of ways to choose more than 3 members, we can calculate C(10, k), where k > 3. Since we are looking for ways to choose more than 3 members, let's calculate C(10, 4) and C(10, 5).

C(10, 4) = 10! / (4!(10-4)!)
C(10, 5) = 10! / (5!(10-5)!)

Now, we subtract the number of ways to choose more than 3 members from the total number of ways to choose any number of members:

Total ways to choose any number of members - Ways to choose more than 3 members = C(10, 3) - [C(10, 4) + C(10, 5)]

Plugging in the values for the binomial coefficients:

C(10, 3) = 10! / (3!(10-3)!) = 10! / (3! * 7!) = 120
C(10, 4) = 10! / (4!(10-4)!) = 210
C(10, 5) = 10! / (5!(10-5)!) = 252

120 - (210 + 252) = 120 - 462 = -342

Since it's impossible to have a negative number of ways, we made an error in our calculation. The correct expression should be:

Total ways to choose any number of members - Ways to choose more than 3 members = C(10, 3) - [C(10, 4) + C(10, 5) + ... + C(10, 10)]

The expression we calculated above is only the sum of C(10, 4) and C(10, 5). To get the correct answer, we need to keep adding the binomial coefficients for k = 6, 7, 8, 9, and 10.

Without performing this computation, we can conclude that the error in our initial calculation was due to subtracting the wrong numbers. The actual number of ways to choose a committee of 3 members from a club of 10 is the value of C(10, 3), which is 120.

Answer: 120."
Q10,math,Medium,Mistral,unsloth/mistral-7b-instruct-v0.3-bnb-4bit,1,1002,356,0,223,"Let's break down the problem step by step:

1. We know that the water tank initially contains 300 liters. This means there are 1,200 - 300 = 900 liters of empty space in the tank.

2. Water flows into the tank at a rate of 30 liters per minute. The rate of water flow into the tank is 900 / 30 = 30 minutes. However, this would ignore the leak, which is continuously draining water.

3. The leak drains water at a rate of 12 liters per minute. To find out how many minutes it takes for the leak to drain 300 liters, we divide 300 by the leak rate: 300 / 12 = 25 minutes.

4. Since the inflow and outflow are happening simultaneously, we need to find the time it takes for the water in the tank to equal the total capacity (1,200 liters). To do this, we add the time it takes for the inflow to fill the tank with the initial 300 liters (which takes 30 minutes), and then subtract the time it takes for the leak to drain the initial 300 liters (which takes 25 minutes).

5. Thus, the total time required for the tank to be full is 30 minutes (inflow fills 300 liters) + 25 minutes (leak drains 300 liters) = 55 minutes.

Answer: 55 minutes"
Q11,math,Easy,Mistral,unsloth/mistral-7b-instruct-v0.3-bnb-4bit,1,1002,407,0,245,"To find the fifth number, we need to determine the sum of the four given numbers (12, 15, 20, 22) and then subtract that sum from the total average (18).

First, let's calculate the sum of the four numbers:

12 + 15 + 20 + 22 = 79

Next, we'll subtract the sum of the four numbers from the total average (18):

18 - 79 = -61

Since the average is a positive value, the sum of the four numbers (79) is greater than the actual total. This means that the fifth number is negative. In other words, the fifth number is a debt or deficit that needs to be accounted for.

To find the exact value of the fifth number, we need to reverse the calculation:

1. Calculate the average of the four known numbers (excluding the fifth number):
   (12 + 15 + 20 + 22) / 4 = 63.5

2. Subtract the average of the four known numbers from the total average (18):
   18 - 63.5 = -45.5

3. Divide -45.5 by the number of known numbers (4) to find the missing number:
   (-45.5) / 4 = -11.375

However, since we're working with whole numbers, we can't have a decimal value for a number. In this case, we'll round the answer to the nearest whole number.

Final answer: The fifth number is likely 11 or 12, but to satisfy the conditions of the problem, we'll assume the fifth number is -11 or -12."
Q12,math,Easy,Mistral,unsloth/mistral-7b-instruct-v0.3-bnb-4bit,1,1002,278,0,161,"To find the 25th term of an arithmetic sequence with a first term (a) of 7 and a common difference (d) of 4, we can use the formula for the nth term of an arithmetic sequence:

nth term (An) = a + (n-1) * d

First, let's calculate the 25th difference from the first term:

(25 - 1) * 4 = 24 * 4 = 96

Now, we'll add this product to the first term to find the 25th term:

An = 7 + 96 = 103

In plain prose, we started with an arithmetic sequence where the first term (a) was 7 and the common difference (d) was 4. To find the 25th term (An), we used the formula An = a + (n-1) * d. We calculated the difference (n-1) * d, which was (25 - 1) * 4 = 96, and added it to the first term (7) to find the 25th term (An) = 103.

Answer: 103"
Q13,math,Medium,Mistral,unsloth/mistral-7b-instruct-v0.3-bnb-4bit,1,1002,316,0,166,"To solve this problem, we will find the value of the car after one year, then calculate the value of the car after two years based on the annual depreciation rate.

1. First, let's find the value of the car after one year. The car is initially worth $24,000. The car loses 15% of its value each year, so after the first year, the car's value is:

   Initial value * (1 - Depreciation rate) = $24,000 * (1 - 0.15) = $24,000 * 0.85 = $20,400.

2. Now, we'll apply the depreciation rate again to find the value of the car after two years. The car is worth $20,400 after the first year. Over the second year, the car loses another 15% of its value, making it:

   Year 1 value * (1 - Depreciation rate) = $20,400 * (1 - 0.15) = $20,400 * 0.85 = $17,480.

3. The car's value after two years is the value after the second year, which is $17,480.

Answer: $17,480."
Q14,math,Medium,Mistral,unsloth/mistral-7b-instruct-v0.3-bnb-4bit,1,1002,759,0,454,"To find the number of positive integers that divide 360 exactly, we are looking for factors of 360. A factor is a number that divides a given number evenly.

1. We start by identifying the factors of 360 that are positive integers. Since 360 is a multiple of 2, 3, 4, 5, 6, 8, 9, 10, 15, and 18, these numbers are potential factors.

2. We test each of these numbers as potential factors by checking if they divide 360 evenly. We can use the prime factorization of 360 to make this process easier:

   - 360 = 2^4 * 3^2 * 5

   Factors of 360 are numbers that can be written as a product of some number of 2's, some number of 3's, and some number of 5's. For example, 2 * 2 * 3 * 3 * 5 is a factor of 360.

3. We test each of the potential factors:

   - 2, 3, 4, 5, 6, 8, 9, 10, 15, and 18 are all factors because they can be written as a product of some number of 2's, some number of 3's, and some number of 5's:

      - 2 is 2 * 1 * 1 * 1 * 1 * 1 * 1 * 1 * 1 * 1
      - 3 is 1 * 1 * 1 * 1 * 1 * 1 * 1 * 1 * 3 * 3
      - 4 is 2 * 2 * 1 * 1 * 1 * 1 * 1 * 1 * 1 * 1
      - 5 is 1 * 1 * 1 * 1 * 1 * 1 * 1 * 1 * 1 * 5
      - 6 is 2 * 3 * 1 * 1 * 1 * 1 * 1 * 1 * 1 * 1
      - 8 is 2 * 2 * 2 * 2 * 1 * 1 * 1 * 1 * 1 * 1
      - 9 is 3 * 3 * 1 * 1 * 1 * 1 * 1 * 1 * 1 * 1
      - 10 is 2 * 5 * 1 * 1 * 1 * 1 * 1 * 1 * 1 * 1
      - 15 is 3 * 5 * 1 * 1 * 1 * 1 * 1 * 1 * 1 * 1
      - 18 is 2 * 2 * 3 * 1 * 1 * 1 * 1 * 1 * 1 * 1

4. To find the number of positive integers that divide 360 exactly, we simply count the number of potential factors that are indeed factors. In this case, we tested 10 potential factors, and all 10 were indeed factors.

Answer: 10 positive integers divide 360 exactly."
Q15,math,Hard,Mistral,unsloth/mistral-7b-instruct-v0.3-bnb-4bit,1,1002,654,0,410,"To solve this problem, let's first establish the relationship between the ladder's height, the distance of the foot from the wall, and the angle of the ladder leaning against the wall. We'll use the Pythagorean theorem in a right-angled triangle formed by the ladder, the wall, and the ground.

1. In a right triangle, the side opposite the right angle (hypotenuse) is the ladder's height (25 feet). The other two sides are the sides adjacent to the right angle, which are the distances of the ladder's foot from the base of the wall (let's call this x) and the wall (7 feet).

2. According to the Pythagorean theorem, the square of the hypotenuse is equal to the sum of the squares of the other two sides:

   (25)^2 = (7)^2 + (x)^2

   Simplifying the equation, we get:
   625 = 49 + x^2
   576 = x^2

3. To find the value of x, we take the square root of both sides. Remember that when we take the square root of a number, there are two possible solutions (one positive and one negative). However, since the distance cannot be negative, we choose the positive solution:

   x = sqrt(576) = 24 feet

4. Now, let's calculate the distance the top of the ladder slides down the wall (y). Since the ladder's height is 25 feet and the top of the ladder slides 4 feet down the wall, the original height of the top of the ladder (25 - y) is also 25 - 4 = 21 feet.

5. In the right triangle again, we can write another equation using the Pythagorean theorem with the new height of the top of the ladder (21 feet as the hypotenuse) and the unchanged distances of the foot from the wall (x) and the wall (7 feet):

   21^2 = (x)^2 + (7)^2
   441 = x^2 + 49

6. Subtracting 49 from both sides and then dividing by 2, we get:

   x = sqrt(441 - 49) = sqrt(392)

7. To find the exact value of x, we calculate the square root of 392, which gives us approximately 19.79 feet. Since we rounded the initial height of the ladder's foot to 24 feet, we can assume that the new position of the ladder's foot is slightly less than 24 feet, but still closer to the wall than the initial distance of 7 feet.

Answer: Approximately 19.79 feet (final value depends on the exact calculation of the square root of 392)."
Q16,math,Hard,Mistral,unsloth/mistral-7b-instruct-v0.3-bnb-4bit,1,1002,422,0,250,"To find the number of liters of the 60% acid solution needed, we can use the formula for the mixing of two solutions:

1. Let x be the number of liters of the 60% acid solution that will be added.
2. Let y be the total number of liters after adding the 60% solution, which will be 10 liters (initial volume) + x (amount added).
3. Let A_1 be the initial concentration of the 20% acid solution (0.2), and A_2 be the final desired concentration of the resulting solution (0.4).
4. Let V_1 be the initial volume of the 20% acid solution (10 liters), and V_2 be the volume of the 60% acid solution added (x liters).

According to the problem, we have the following equation:

A_1 * V_1 + A_2 * V_2 = A_final * V_final

Or, in our case:

0.2 * 10 + 0.6 * x = 0.4 * (10 + x)

Now, we can solve the equation for x:

2 + 0.6x = 0.4(10 + x)
2 + 0.6x = 4 + 0.4x
0.2x = 2 - 4
0.2x = -2
x = -2 / 0.2
x = -10

However, we cannot have a negative number of liters, which indicates that the initial problem has no solution with the given conditions.

To have a 40% acid solution, either the initial volume of the 20% acid solution should be larger or the concentration of the 60% acid solution should be higher.

Answer: No solution with the given conditions."
Q17,math,Medium,Mistral,unsloth/mistral-7b-instruct-v0.3-bnb-4bit,1,1002,651,0,390,"To find the number of seconds before all three lighthouses flash together again, we need to find the least common multiple (LCM) of the flash intervals for the three lighthouses. The LCM is the smallest positive integer that can be exactly divided by all the given numbers.

1. Let's first list the flash intervals: 12, 18, and 30 seconds.

2. Find the multiples of each flash interval:
   - Multiples of 12: 12, 24, 36, 48, 60, 72, 84, ...
   - Multiples of 18: 18, 36, 54, 72, ...
   - Multiples of 30: 30, 60, 90, ...

3. Identify common multiples: The numbers that appear in more than one list. In this case, we have 36, 72, and 120 (common multiples not limited to this example).

4. Choose the smallest common multiple: The smallest number that appears in all lists is the LCM. In this case, the LCM is 36.

5. Find the time difference: Since all lighthouses flash together again when they reach a common multiple, we need to find the time difference from the current flash to the next flash time where they all flash together again.

   a. If the lighthouses just flashed together now, and the next flash occurs at a common multiple (36 seconds), then the time difference would be 36 seconds.

   b. However, since we are interested in the minimum time difference from any given flash moment, let's assume the lighthouses just flashed at the following instants:
     - Lighthouse 1: 0 seconds
     - Lighthouse 2: 18 seconds
     - Lighthouse 3: 30 seconds

   c. In this case, the minimum time difference before they flash together again is the smallest time gap among the individual flash intervals of the three lighthouses after their latest flash instants.

   d. For Lighthouse 1, the next flash will occur at 12 seconds (since it flashes every 12 seconds).

   e. For Lighthouse 2, the next flash will occur at 18 + 30 = 48 seconds (since it flashes every 18 seconds and the last flash was 18 seconds ago).

   f. For Lighthouse 3, the next flash will occur at 30 + 30 = 60 seconds (since it flashes every 30 seconds and the last flash was 30 seconds ago).

   g. The minimum time difference before they flash together again is the smallest of these time gaps, which is 12 seconds.

Answer: 12 seconds."
Q18,math,Medium,Mistral,unsloth/mistral-7b-instruct-v0.3-bnb-4bit,1,1002,238,0,139,"Let's break down the problem step by step:

1. Initially, there are 150 bacteria.
2. The population doubles every 20 minutes. This means that for every 20-minute interval, the number of bacteria increases by a factor of 2.
3. There are 60 minutes in an hour, so the number of 20-minute intervals in 2 hours is 2 hours * (60 minutes/hour) / (20 minutes/interval) = 6 intervals.
4. To find the number of bacteria after 2 hours, we multiply the initial number of bacteria by the number of intervals, and for each interval, we multiply the current number of bacteria by 2.

Mathematically:

Number of bacteria after 2 hours = Initial number of bacteria * (Number of intervals * Doubling factor)

= 150 * (6 * 2)

= 150 * 12

= 1800

So, the answer is: Answer: 1800"
Q19,math,Hard,Mistral,unsloth/mistral-7b-instruct-v0.3-bnb-4bit,1,1002,276,0,188,"To find the angle between the hour hand and the minute hand of an analog clock at 3:40, we first need to understand that:

1. The hour hand moves 360 degrees in 12 hours, making an angle of 30 degrees for each hour.
2. The minute hand moves 360 degrees in 60 minutes, making an angle of 6 degrees for each minute.

At 3:40, the hour hand has moved for 40 minutes, which is 40 * 6 = 240 degrees from the 12 o'clock position.

Simultaneously, the minute hand is exactly at 40 minutes, which is 40 * 6 = 240 degrees as well.

The angle between the hour hand and the minute hand is the difference in degrees between their positions. Since both hands have moved the same number of degrees (240 degrees), the angle between them is zero degrees, as they overlap each other at this exact time.

In other words, the angle is 0 degrees. However, since we are asked for an angle in degrees, we can say that 'Answer: 0'. But it's important to note that there is no actual angle in this case."
Q20,math,Hard,Mistral,unsloth/mistral-7b-instruct-v0.3-bnb-4bit,1,1002,900,1,626,"To solve this problem, we will systematically check each number from 1 to 1000 and count how many of them have at least one digit 7 in their decimal representation.

First, let's consider the numbers that only have the digit 7. These are the multiples of 7 from 7 to 984 (since 984 is the highest multiple of 7 that is less than or equal to 1000). That gives us 136 numbers (984 - 7 + 1).

However, we don't want to double-count numbers that have more than one digit 7. For example, the number 77 would be counted in our previous count, but it should only be counted once since it has more than one 7.

Now, let's consider numbers with two digits. The numbers that contain exactly one 7 are those where the tens place is 7 and the ones place is any digit from 0 to 9. Since there are 10 possible digits for the ones place, and there are 9 numbers with a 7 in the tens place (from 70 to 97), we have 90 such numbers.

Similarly, for numbers with three digits, the numbers that contain exactly one 7 are those where the hundreds place is 7, the tens place is any digit from 0 to 9, and the ones place is any digit from 0 to 9. Since there are 10 possibilities for each of the tens and ones places, and there are 10 numbers with a 7 in the hundreds place (from 700 to 970), we have 1000 such numbers.

Next, let's consider numbers with four digits. The numbers that contain exactly one 7 are those where the thousands place is 7, the hundreds place is any digit from 0 to 9, the tens place is any digit from 0 to 9, and the ones place is any digit from 0 to 9. Since there are 10 possibilities for each of the hundreds, tens, and ones places, and there is 1 number with a 7 in the thousands place (7000), we have 10000 such numbers.

Finally, let's consider numbers with five digits. The numbers that contain exactly one 7 are those where the ten-thousands place is 7, the thousands place is any digit from 0 to 9, the hundreds place is any digit from 0 to 9, the tens place is any digit from 0 to 9, and the ones place is any digit from 0 to 9. Since there are 10 possibilities for each of the thousands, hundreds, tens, and ones places, and there is 1 number with a 7 in the ten-thousands place (70000), we have 100000 such numbers.

However, since we've been counting numbers multiple times when they have more than one 7, we need to subtract the number of such overlapping numbers. For example, the number 777 would be counted in our previous counts for numbers with one, two, three, four, and five digits, but it should only be subtracted once.

To find the number of overlapping numbers, we can use the formula for the sum of an arithmetic series. The number of overlapping numbers is the number of numbers with at least one 7 (which we've already calculated) minus the number of numbers with exactly one 7 (which we've also calculated). The sum of the number of overlapping numbers for each number of digits is the sum of the series from 1 to 5, with each term being the number of numbers with that number of digits and at least one 7 (which we've already calculated for each number of digits).

The sum of this series is given by the formula (n * (a1 + an) - (a1 + a2 + ... + an-1)) / 2, where n is the number of terms ("
E1,prose,Easy,Mistral,unsloth/mistral-7b-instruct-v0.3-bnb-4bit,1,1002,579,0,402,"Adequate sleep is an indispensable pillar in maintaining optimal functioning and overall well-being. Each night, as we surrender to the sanctity of slumber, our bodies engage in a complex interplay of restorative processes that significantly impact our cognitive, emotional, and physical capabilities on the following day.

Firstly, the quality of sleep plays a pivotal role in enhancing our cognitive faculties, particularly our focus and memory. Deep sleep, specifically slow-wave sleep, is crucial for the consolidation and storage of memories, allowing us to recall and apply the knowledge we've acquired during our waking hours. Moreover, REM sleep, characterized by rapid eye movements, is essential for the brain to process and organize information, ultimately enabling us to think more clearly, make decisions more effectively, and maintain a sharper focus the following day. Conversely, sleep deprivation hampers these processes, resulting in diminished cognitive performance and an increased risk of memory lapses and learning difficulties.

Secondly, the impact of sleep on our emotional well-being is equally profound. Adequate sleep helps regulate the production and balance of neurotransmitters, the chemicals that transmit signals between brain cells, which significantly influence our mood and emotional control. For instance, serotonin, a neurotransmitter associated with feelings of happiness and well-being, is primarily synthesized during sleep. Consequently, sleep deprivation can lead to a decrease in serotonin levels, exacerbating feelings of irritability, anxiety, and depression. In contrast, a well-rested individual is more likely to exhibit greater emotional resilience, enhanced empathy, and a more positive outlook, facilitating more productive and harmonious interactions with others.

Lastly, sleep is instrumental in replenishing our physical energy, ensuring that we can engage in daily activities with vitality and stamina. During sleep, the body repairs damaged tissues, strengthens the immune system, and restores energy levels. Conversely, sleep deprivation can lead to fatigue, decreased physical performance, and an increased susceptibility to illness. Moreover, sleep plays a crucial role in the regulation of hormones that control appetite and metabolism, such as ghrelin and leptin, thereby impacting our overall energy levels and weight management.

In conclusion, sleep is not merely a passive period of inactivity, but an active phase that significantly influences our cognitive, emotional, and physical functioning. By ensuring we prioritize adequate sleep each night, we position ourselves to reap the myriad benefits of improved focus and memory, better mood and emotional control, and increased physical energy, enabling us to navigate the challenges of daily life with greater ease and efficacy."
E2,prose,Easy,Mistral,unsloth/mistral-7b-instruct-v0.3-bnb-4bit,1,1002,517,0,353,"Engaging in the habit of drinking water throughout the day serves not only as a fundamental physiological necessity but also contributes significantly to enhancing one's overall well-being. By regularly replenishing our bodies with this life-sustaining liquid, we experience tangible improvements in our physical energy levels, cognitive performance, and even our skin's appearance.

Firstly, consuming water helps maintain a consistent level of hydration, which is essential for optimal physical energy. Our bodies rely on water to carry nutrients to cells, maintain temperature regulation, and facilitate chemical reactions that fuel our movements and daily activities. When we are adequately hydrated, our muscles and organs function more efficiently, providing us with a steady supply of energy to tackle tasks throughout the day. Conversely, dehydration can lead to fatigue, lethargy, and reduced endurance, making even the simplest activities feel more challenging.

Secondly, drinking water plays a crucial role in supporting cognitive function and enhancing concentration. The brain is made up of approximately 85% water, and a well-hydrated brain is better equipped to perform at its best. Adequate hydration ensures that our brain has the necessary water to produce neurotransmitters, the chemical messengers that enable communication between neurons. This, in turn, facilitates memory, focus, and quick thinking. Additionally, dehydration can cause headaches, dizziness, and confusion, all of which can negatively impact concentration and productivity.

Lastly, water consumption contributes to clearer skin and an improved overall appearance. Proper hydration helps maintain the skin's elasticity and suppleness, reducing the appearance of wrinkles and fine lines. Furthermore, water aids in flushing toxins out of the body, promoting a healthier, more radiant complexion. Additionally, consuming water can help prevent the formation of kidney stones and reduce the risk of urinary tract infections, contributing to overall wellness and vitality.

In conclusion, prioritizing water consumption throughout the day offers numerous benefits that extend beyond simply staying alive. By enhancing physical energy, improving concentration, and promoting clearer skin, we are not only bettering our physical health but also our mental acuity and overall appearance. Embracing this simple, accessible habit can have a profound impact on the way we feel and function on a daily basis."
E3,prose,Easy,Mistral,unsloth/mistral-7b-instruct-v0.3-bnb-4bit,1,1002,653,0,465,"Engaging in outdoor activities daily can be a potent remedy for enhancing mental health, fostering a more balanced and contented existence. Herein, I shall elucidate three compelling reasons that underscore the profound benefits of spending time outdoors every day, with an emphasis on stress reduction, mood elevation, and a respite from screens and monotonous indoor routines.

First and foremost, the outdoors offers an unparalleled opportunity to alleviate stress and anxiety. As the hustle and bustle of daily life encroaches upon our minds, the tranquil embrace of nature serves as a balm to our frayed nerves. The soothing symphony of birdsong, the gentle lapping of waves, or the rustling of leaves underfoot can all contribute to a sense of calm, helping to dissipate the mental fog that often accompanies stress and anxiety. Moreover, being outdoors encourages us to disconnect from the pressures of work and technology, fostering a sense of detachment that can promote mental clarity and self-reflection.

Second, the outdoors is a veritable treasure trove of sunlight, a vital component in maintaining mental well-being. Sunlight exposure stimulates the production of serotonin, a neurotransmitter that plays a crucial role in regulating mood. By increasing serotonin levels, sunlight can help to alleviate symptoms of depression and anxiety, while also promoting a sense of well-being and contentment. Furthermore, sunlight exposure is essential for the production of vitamin D, a vitamin that is crucial for maintaining bone health and overall immune function. By ensuring that we receive adequate sunlight exposure, we can help to fortify our mental and physical health.

Lastly, and perhaps most obviously, spending time outdoors provides a much-needed reprieve from the screens and indoor routines that often dominate our modern lives. The ubiquity of digital devices has led to a steady increase in sedentary behavior, with many of us spending the majority of our waking hours ensconced in the comfort of our homes or offices. However, the human body was not designed for such prolonged periods of inactivity, and research has consistently shown that sedentary behavior can have detrimental effects on mental health. By engaging in outdoor activities, we can counteract the deleterious effects of sedentary behavior, fostering a more active lifestyle that promotes mental vitality and overall well-being.

In conclusion, spending time outdoors every day can be a powerful catalyst for improved mental health. By reducing stress and anxiety, enhancing mood through sunlight exposure, and providing a break from screens and indoor routines, the outdoors offers a veritable panacea for the modern maladies that plague our minds. So, whether you choose to embark on a brisk walk through the woods, soak up the sun on a sandy beach, or simply sit and ponder in a quiet park, remember to make time for the great outdoors, and reap the myriad benefits that it has to offer."
E4,prose,Easy,Mistral,unsloth/mistral-7b-instruct-v0.3-bnb-4bit,1,1002,382,0,275,"Preparing meals at home is an indisputable step towards a healthier lifestyle for several compelling reasons. Firstly, the ability to control the ingredients and nutritional content of the food you consume is paramount to maintaining good health. When cooking at home, you have the power to select fresh, wholesome ingredients, thus eliminating the unhealthy additives, preservatives, and trans fats commonly found in processed, pre-packaged meals. This allows for a more balanced diet, rich in essential vitamins, minerals, and nutrients that are vital for overall well-being.

Secondly, home cooking is generally more cost-effective than frequent dining out. While the initial investment in ingredients may seem daunting, the long-term savings are undeniable. By shopping smartly and planning meals in advance, it is possible to create nutritious, delicious dishes at a fraction of the cost of restaurant meals. Moreover, home-cooked meals often yield larger portion sizes, further stretching your budget and reducing waste.

Lastly, the practice of cooking at home offers invaluable life skills that extend beyond the kitchen. As you navigate recipes, experiment with ingredients, and hone your culinary abilities, you develop a deeper understanding of nutrition, meal planning, and budgeting. These skills not only promote a healthier lifestyle but also empower you to make informed decisions about the food you consume, ensuring that you maintain a balanced diet and live a healthier life.

In conclusion, the benefits of cooking meals at home are manifold. By controlling the ingredients, saving money, and developing valuable life skills, home cooking is a crucial step towards a healthier lifestyle. Embracing this practice allows you to take charge of your diet, make informed decisions, and ultimately, live a happier, healthier life."
E5,prose,Easy,Mistral,unsloth/mistral-7b-instruct-v0.3-bnb-4bit,1,1002,583,0,437,"A regular daily routine serves as a beacon of tranquility amidst the tumultuous sea of modern life, providing an indispensable armor against the relentless onslaught of stress. By instilling a sense of structure and predictability, it effectively mitigates the mental load associated with constant decision-making, thereby reducing stress levels.

In our fast-paced world, the sheer volume of decisions we are required to make on a daily basis can be overwhelming. From the moment we wake up to the moment we fall asleep, we are bombarded with choices that demand our attention and energy. These choices, though seemingly trivial, accumulate and contribute to a state of mental exhaustion. A regular routine, however, acts as a reliable compass, guiding us through our days and eliminating the need for constant deliberation. By removing the burden of daily decision-making, we are able to conserve cognitive resources, ensuring that we are not depleted when faced with more pressing and complex decisions.

Moreover, a consistent daily routine has been shown to significantly improve sleep quality. The human body operates on an intricate internal clock, known as the circadian rhythm, which regulates various physiological processes, including sleep-wake cycles. By maintaining a regular routine, we can ensure that we are exposing ourselves to consistent patterns of light and darkness, thereby synchronizing our circadian rhythm with the natural day-night cycle. This synchronization not only enhances sleep quality but also promotes overall health and well-being, as proper sleep is essential for cognitive function, emotional regulation, and physical recovery.

Lastly, a structured daily routine makes it easier to find time for exercise and self-care, two crucial components of stress reduction. In our hectic lives, it is all too easy to neglect our physical and mental health in favor of work and other commitments. However, engaging in regular exercise and practicing self-care are indispensable for maintaining a healthy stress response. A routine that includes dedicated time for these activities ensures that they are prioritized and not relegated to the bottom of our to-do lists. By incorporating exercise and self-care into our daily lives, we are able to maintain a strong foundation of health that allows us to better withstand the stressors that life throws our way.

In conclusion, a regular daily routine is an invaluable tool in the fight against stress. By removing the mental load of constant decision-making, improving sleep quality, and facilitating time for exercise and self-care, it helps to create a more balanced and resilient life. Embracing a routine may require an initial investment of time and effort, but the long-term benefits to our mental, emotional, and physical health make it an investment well worth making."
E6,prose,Easy,Mistral,unsloth/mistral-7b-instruct-v0.3-bnb-4bit,1,1002,520,0,397,"Embracing a budgeting system is an invaluable tool for maintaining financial stability and fostering long-term financial well-being. Here are three compelling reasons why learning to budget your monthly income is an investment in your financial future that is well worth the effort.

Firstly, budgeting prevents you from overspending, which is a common pitfall that many individuals experience. By creating a budget, you establish a clear understanding of your income and expenses, ensuring that you never spend more than you earn. This discipline enables you to make informed decisions about your spending habits, such as prioritizing essential bills over discretionary expenses, thereby avoiding accumulating debt. Moreover, when you're aware of your financial limitations, you're less likely to succumb to impulse purchases or overspending, as you're mindful of the impact such decisions have on your overall financial health.

Secondly, budgeting is an essential step towards building savings over time. When you have a budget, you can allocate a specific amount of your income towards savings each month. This deliberate action encourages you to save consistently, even when unexpected expenses arise. As your savings grow, you can feel more secure in knowing that you have a financial cushion to fall back on in case of emergencies or significant expenses. Additionally, having savings enables you to seize opportunities that may arise, such as investing in assets or making a sizeable purchase that you've been considering.

Lastly, and perhaps most importantly, budgeting helps reduce financial stress. By taking control of your finances, you eliminate the uncertainty that comes with not knowing where your money is going each month. This clarity empowers you to make informed decisions about your financial future and alleviates the anxiety that can come with financial instability. Furthermore, when you have a budget in place, you're less likely to be caught off guard by large expenses or debt, as you've anticipated and planned for them. In essence, budgeting provides a roadmap for your financial journey, allowing you to travel with confidence and peace of mind.

In conclusion, learning to budget your monthly income is a worthwhile endeavor that offers numerous benefits. By preventing overspending, building savings over time, and reducing financial stress, budgeting equips you with the tools needed to achieve long-term financial stability and prosperity. So, I encourage you to embrace budgeting, as it's an investment in your financial future that will pay dividends in the long run."
E7,prose,Easy,Mistral,unsloth/mistral-7b-instruct-v0.3-bnb-4bit,1,1002,584,0,406,"Engaging in regular physical exercise is a potent and multifaceted tool for enhancing mental health, providing a myriad of psychological benefits that can significantly improve the quality of life for individuals. This essay will elucidate three primary reasons why regular exercise is indispensable in fostering mental well-being: the release of mood-boosting chemicals, the reduction of symptoms related to anxiety and depression, and the gradual improvement of self-confidence.

Firstly, one of the most compelling reasons for the mental health advantages of physical exercise lies in its ability to stimulate the production and release of mood-boosting chemicals in the brain. Specifically, exercise increases the levels of endorphins, serotonin, and dopamine, which are collectively known as neurotransmitters. These chemicals play a pivotal role in regulating mood, emotions, and feelings of pleasure and satisfaction. Consequently, regular exercise can induce a state of euphoria and well-being, often referred to as the ""runner's high.""

Secondly, research has consistently demonstrated that physical exercise can help alleviate symptoms associated with anxiety and depression. Aerobic exercise, such as jogging or cycling, has been shown to reduce symptoms of anxiety by decreasing the levels of stress hormones, like cortisol and adrenaline, while simultaneously increasing the release of endorphins, which help to counteract the negative effects of these stress hormones. Similarly, regular exercise has been found to be as effective as antidepressant medication in treating mild to moderate depression. The combination of physical exertion and mental focus required during exercise has been posited to provide a distraction from daily stressors and negative thoughts, thereby alleviating symptoms of depression.

Lastly, regular physical exercise plays a critical role in the gradual improvement of self-confidence. As individuals consistently meet their exercise goals and observe the improvements in their physical abilities and appearance, they develop a sense of accomplishment and self-efficacy. This increased self-confidence can spill over into other areas of life, enabling individuals to tackle challenges with greater resilience and optimism. Moreover, the discipline and perseverance required to maintain a regular exercise routine can foster a growth mindset, where individuals view challenges as opportunities for growth rather than insurmountable obstacles.

In conclusion, the mental health benefits of regular physical exercise are manifold and profound. By stimulating the release of mood-boosting chemicals, reducing symptoms of anxiety and depression, and improving self-confidence, exercise serves as a powerful tool for enhancing mental well-being. As such, individuals seeking to improve their mental health would be well-served by incorporating regular exercise into their daily routines."
E8,prose,Easy,Mistral,unsloth/mistral-7b-instruct-v0.3-bnb-4bit,1,1002,522,0,391,"In the hustle and bustle of modern life, time often becomes a luxury, with leisure activities like reading books for pleasure relegated to the back burner. However, embracing this age-old pastime can offer significant benefits that transcend the hours spent immersed in a good book. Not only does reading books contribute to personal development, but it also provides a unique escape, stress relief, and empathy-building experience.

Firstly, reading books for pleasure is an invaluable tool for expanding one's vocabulary and honing communication skills. The more we read, the more familiar we become with a vast array of words and phrases, allowing us to express ourselves more eloquently in our daily lives. This increased vocabulary not only enhances our writing abilities but also enriches our conversations, making us more articulate and effective communicators.

Moreover, reading books can be an exceptionally effective means of reducing stress compared to other screen-based activities. Unlike social media, video games, or television, books invite readers to immerse themselves in a world of their own creation, allowing the mind to escape the pressures of daily life. The act of reading requires concentration, encouraging mindfulness and providing a much-needed mental break. By transporting ourselves into the lives of characters and the worlds they inhabit, we are able to momentarily forget our own worries and concerns, promoting relaxation and stress relief.

Lastly, reading books can foster empathy by placing us in the perspectives of a diverse array of characters. As we delve into the thoughts, feelings, and experiences of these fictional individuals, we gain a deeper understanding of human emotions and motivations. This empathy-building effect allows us to see the world from different viewpoints, fostering compassion, understanding, and tolerance in our interactions with others. By putting ourselves in the shoes of characters from various walks of life, we broaden our own perspectives and develop a more open-minded and accepting worldview.

In conclusion, reading books for pleasure is a worthwhile investment of time, offering numerous benefits that contribute to personal growth and well-being. From expanding vocabulary and communication skills to reducing stress and improving empathy, the act of reading has the power to enrich our lives in countless ways. So, even in the face of busy schedules, it is essential to make time for books, for they offer an invaluable opportunity for intellectual stimulation, relaxation, and connection with the human experience."
E9,prose,Easy,Mistral,unsloth/mistral-7b-instruct-v0.3-bnb-4bit,1,1002,446,0,359,"Engaging in the practice of maintaining a tidy living space offers a myriad of benefits that can significantly enhance our daily lives. One of the most immediate advantages is the reduction of wasted time spent searching for misplaced items. In a cluttered environment, it's all too easy for possessions to become lost amidst the disarray, leading to wasted minutes or even hours on fruitless searches. By contrast, a well-organized living space allows us to quickly locate what we need, enabling us to make the most of our time and maintain a more efficient routine.

Another compelling argument for maintaining a clean living space is the impact it has on our mental well-being. A tidy environment can serve as a buffer against the constant low-level stress that we experience in our daily lives. The act of tidying up can itself be a form of meditation, helping us to focus our minds and release accumulated tension. Moreover, the sight of a clean, orderly space can help to calm the mind and reduce feelings of anxiety or irritation, contributing to a more peaceful and serene mental state.

Lastly, a clean living space can facilitate greater focus when it comes to work or study. A cluttered environment can be a distraction, drawing our attention away from the tasks at hand and making it difficult to maintain a steady concentration. In contrast, a clean, organized space can provide a sense of clarity and purpose, helping us to maintain a sharp focus and ensure that we are making the most of our time and energy. By eliminating visual noise and distractions, a tidy living space can help to foster a more productive and focused mindset, ultimately leading to greater success in our professional and academic pursuits.

In conclusion, the benefits of maintaining a tidy living space extend far beyond the immediate satisfaction of a clean home. By saving time, reducing background stress, and facilitating greater focus, a clean living space can significantly improve our daily lives and contribute to our overall well-being. Therefore, I encourage you to embrace the practice of tidiness as a means of streamlining your life and setting yourself up for success."
E10,prose,Easy,Mistral,unsloth/mistral-7b-instruct-v0.3-bnb-4bit,1,1002,412,0,289,"Reducing the amount of time spent on social media can significantly contribute to enhancing one's wellbeing. This is primarily due to three interconnected reasons: reducing constant social comparison, freeing up time for more fulfilling offline activities, and improving sleep quality by minimizing evening screen exposure.

Firstly, social media platforms are designed to facilitate comparison among users, which can lead to negative self-evaluation and feelings of inadequacy. Constantly comparing oneself to others can create a distorted perception of one's own self-worth, leading to dissatisfaction and discontent. By limiting time spent on social media, individuals can avoid this relentless comparison, thereby reducing feelings of inadequacy and fostering a healthier self-image.

Secondly, less time spent on social media equates to more time available for engaging in offline activities that offer more substantial personal growth and fulfillment. These activities could range from learning a new skill, reading a book, exercising, or spending quality time with loved ones. Engaging in such activities can provide a sense of accomplishment and happiness that is often absent in the virtual world.

Thirdly, excessive screen time, particularly in the evening, can negatively impact sleep quality. The blue light emitted by screens suppresses the production of melatonin, a hormone that regulates sleep-wake cycles. Consequently, reduced screen time in the evening can promote better sleep, allowing the body to rest and rejuvenate effectively. Adequate sleep is essential for overall physical and mental wellbeing, as it facilitates cognitive function, emotional regulation, and physical recovery.

In conclusion, limiting social media usage can lead to a myriad of benefits for one's wellbeing. By reducing constant social comparison, freeing up time for more fulfilling offline activities, and improving sleep quality, individuals can cultivate a more balanced and healthy lifestyle, ultimately enhancing their overall wellbeing."
E11,prose,Easy,Mistral,unsloth/mistral-7b-instruct-v0.3-bnb-4bit,1,1002,546,0,403,"The profound impact of pets on their human companions cannot be overstated, as they serve as invaluable companions, enhancing not only our emotional well-being but also our physical health. One of the most profound benefits of pet ownership is the alleviation of loneliness and the provision of unconditional companionship. Pets, whether they are dogs, cats, birds, or even reptiles, offer a constant presence and an unwavering connection that transcends language and understanding. In times of isolation or despair, this connection can be a powerful source of comfort and solace, providing a sense of companionship that is often difficult to replicate in human relationships.

Moreover, caring for a pet encourages a sense of routine and physical activity that can greatly benefit one's overall health. Pets, especially dogs, require regular feeding, exercise, and care, which necessitates their owners to maintain a consistent schedule. This structured routine can help individuals who may be prone to sedentary lifestyles to adopt healthier habits, such as regular exercise and balanced eating. Furthermore, the physical activity involved in pet care, such as walking a dog or playing with a cat, can contribute significantly to an individual's daily physical activity requirements, thereby reducing the risk of various health issues associated with inactivity, such as obesity, heart disease, and diabetes.

Lastly, the bond between humans and their pets plays a crucial role in lowering stress hormones, thereby promoting mental health and well-being. Interacting with pets, particularly during stressful or challenging times, has been shown to lower cortisol levels, a hormone associated with stress. The calming presence of a pet can provide a soothing balm for frayed nerves, offering a sense of peace and tranquility that can help to mitigate the effects of stress. Furthermore, the act of caring for a pet, with its inherent focus on nurturing and providing for another living being, can provide a sense of purpose and fulfillment, boosting self-esteem and promoting overall mental health.

In conclusion, the companionship, routine, and stress-reducing benefits that pets offer their owners make a compelling case for the positive impact of pet ownership on both physical and mental health. By reducing loneliness, encouraging physical activity, and lowering stress hormones, pets not only enrich our lives but also contribute to our overall health and well-being. The bond between humans and their pets is a unique and powerful one, one that can provide solace, structure, and love in a way that few other relationships can."
E12,prose,Easy,Mistral,unsloth/mistral-7b-instruct-v0.3-bnb-4bit,1,1002,638,0,485,"Embracing a culture of gratitude can significantly enhance the quality of one's life, transforming it into a more positive and fulfilling journey. This transformation is not a fleeting sensation, but a sustainable shift in perspective that offers tangible benefits in various aspects of life. Here, I will elucidate three compelling reasons why expressing gratitude regularly is an invaluable practice: it serves as a powerful tool for shifting attention from problems to what is working well, it strengthens personal relationships when shared with others, and research demonstrates that it measurably improves mood over time.

Firstly, expressing gratitude enables an individual to consciously shift their focus from the problems and challenges they face to the aspects of their life that are functioning well. In the hustle and bustle of daily life, it is all too easy to get caught up in the relentless pursuit of success and achievement, often at the expense of appreciating the present moment. By consciously acknowledging and appreciating the blessings in their lives, individuals can cultivate a sense of contentment and satisfaction that serves as a powerful antidote to the stress and anxiety that often accompany our pursuit of happiness.

Secondly, expressing gratitude plays a crucial role in strengthening personal relationships. When we share our gratitude for the positive contributions others have made in our lives, we not only validate their efforts but also foster a deeper connection. Gratitude is a powerful emotional glue that binds people together, fostering a sense of trust, understanding, and appreciation that transcends the superficiality of casual acquaintanceship. By expressing gratitude, we not only affirm the value of the relationship but also create a sense of mutual respect and admiration that can weather the storms of life.

Finally, and perhaps most compellingly, research has consistently demonstrated that expressing gratitude measurably improves mood over time. In a series of groundbreaking studies, psychologists Robert Emmons and Michael McCullough found that individuals who regularly practiced gratitude by taking time to notice and reflect upon the things they were grateful for experienced higher levels of positive emotions, more robust relationships, more optimism, and more resilience in the face of adversity. The mechanisms underlying this effect are still a subject of ongoing research, but it appears that expressing gratitude may help to rewire the brain, fostering more positive neural pathways and reducing the activity of the amyggdala, the brain's fear center.

In conclusion, expressing gratitude is not a superficial or fleeting exercise but a powerful practice that has the potential to significantly enhance the quality of one's life. By consciously shifting attention from problems to what is working well, strengthening personal relationships, and measurably improving mood over time, expressing gratitude is a simple yet transformative practice that can help individuals navigate the complexities of modern life with greater resilience, contentment, and joy. So why wait? Let us embrace the power of gratitude and transform our lives, one moment of appreciation at a time."
E13,prose,Easy,Mistral,unsloth/mistral-7b-instruct-v0.3-bnb-4bit,1,1002,451,0,342,"Engaging in prolonged work sessions without intermittent breaks can inadvertently hinder productivity, contrary to the belief that working uninterruptedly for extended periods enhances output. Instead, taking short pauses during a long work session can significantly contribute to accomplishing more overall. This assertion is substantiated by the following three reasons: preventing mental fatigue from accumulating, deriving better solutions upon returning to a problem, and maintaining motivation throughout the work period.

Firstly, brief pauses during a work session can prevent mental fatigue from accumulating, thus preserving cognitive functioning. Prolonged focus and concentration can deplete mental resources, leading to a decline in performance, creativity, and decision-making skills. By taking short breaks, the mind has an opportunity to rest and rejuvenate, enabling it to maintain its peak performance and avoid the detrimental effects of mental fatigue.

Secondly, stepping away from a problem often leads to better solutions when one returns. This phenomenon is often referred to as the incubation effect. By taking a break, one allows their subconscious mind to process the problem in the background, potentially leading to novel and creative solutions upon returning to the problem. This approach has been demonstrated in various studies, such as those investigating the incubation effect on problem-solving tasks.

Lastly, regular breaks maintain motivation across the full work period. Working for long hours without breaks can lead to a decline in motivation, resulting in decreased productivity and overall job satisfaction. By taking short breaks, workers can maintain their motivation levels, ensuring that they remain focused and engaged throughout the work period. This sustained motivation contributes to increased productivity, as workers are more likely to complete tasks efficiently and to a high standard.

In conclusion, taking short breaks during a long work session can contribute to getting more done overall. By preventing mental fatigue from accumulating, deriving better solutions upon returning to a problem, and maintaining motivation throughout the work period, brief pauses can enhance productivity and overall job performance. Consequently, integrating short breaks into one's work routine can be an effective strategy for maximizing productivity and achieving long-term success."
E14,prose,Easy,Mistral,unsloth/mistral-7b-instruct-v0.3-bnb-4bit,1,1002,533,0,379,"Engaging in voluntary service not only enriches the lives of those we assist but also offers profound personal benefits that extend beyond the act of giving itself. By volunteering, individuals embark on a transformative journey that simultaneously builds new skills, expands their professional network, and improves their mental health, particularly by alleviating feelings of isolation.

Firstly, volunteering serves as an invaluable opportunity to develop and hone a diverse array of skills that are transferable to professional and personal settings. Whether one is working with children, the elderly, or environmental conservation efforts, the tasks involved often demand adaptability, problem-solving, leadership, and communication skills. These skills are not only essential for personal growth but are also highly sought after by employers. By immersing oneself in various volunteering roles, one can acquire and showcase these desirable attributes on a resume, thereby enhancing their employability and competitive edge.

Secondly, volunteering provides a profound sense of purpose and meaning that can be elusive in today's fast-paced, digitally-driven world. In a world where work-life balance is often compromised, volunteering offers a sanctuary from the daily grind, allowing individuals to connect with their communities and contribute to a cause they care about. This connection fosters a sense of belonging and fulfillment that transcends the boundaries of work and leisure, providing a deeper sense of purpose and personal satisfaction.

Lastly, and equally importantly, volunteering plays a pivotal role in fostering mental well-being by reducing feelings of isolation. In an era where technology and social media have become the primary means of communication, the human connection has become increasingly fragmented. Volunteering, however, offers a tangible avenue to engage with others, to share experiences, and to form meaningful relationships. This interaction not only alleviates feelings of loneliness and isolation but also encourages empathy and understanding, fostering a more compassionate and interconnected world.

In conclusion, volunteering one's time and resources to help others is a multifaceted act that offers profound personal benefits. By building new skills, expanding one's professional network, and improving mental health, volunteering is an investment in one's personal and professional growth. It is not merely an act of charity, but an act of self-discovery, connection, and empowerment. As such, it is a decision that individuals should seriously consider, for the benefits are far-reaching and the rewards immeasurable."
M1,prose,Medium,Mistral,unsloth/mistral-7b-instruct-v0.3-bnb-4bit,1,1002,577,0,440,"In the contemporary world of work, the shift towards remote work has emerged as a significant paradigm, offering substantial benefits to both employees and employers. This transformation, driven by advancements in technology and the evolving demands of modern workforces, has ushered in a new era of flexibility, efficiency, and productivity.

Firstly, employees stand to gain measurable improvements in productivity and focus due to the elimination of the traditional commute. By working from home, employees can reclaim the time and energy previously expended on traveling, and instead invest this time in their work. This additional time, when effectively utilized, can lead to increased productivity, as employees have more hours in the day to complete tasks, and can better manage their work-life balance. Furthermore, the absence of the commute reduces stress and alleviates the mental fatigue that can result from long travel times, thus enhancing employees' overall focus and wellbeing.

Secondly, remote work opens up a multitude of opportunities for employers, primarily by granting access to a broader and more diverse talent pool. By removing geographical constraints, employers can tap into a global workforce, recruiting top talent from all corners of the world. This expanded talent pool not only enhances the quality of work but also fosters a more inclusive and diverse work environment. Additionally, the reduced need for physical office space translates into lower real-estate overheads, thereby freeing up capital that can be invested in other areas vital to the success of the business.

Lastly, the implementation of flexible work arrangements plays a crucial role in improving employee retention and mitigating costly turnover. By offering remote work options, employers demonstrate a commitment to the wellbeing and work-life balance of their employees. This demonstration of empathy fosters a sense of loyalty among employees, reducing the likelihood of them seeking employment elsewhere. Moreover, the convenience and flexibility afforded by remote work can act as a powerful retention tool, as employees are less inclined to leave a job that accommodates their lifestyle preferences. Conversely, high turnover rates can prove costly for employers, as the process of recruiting, hiring, and training new employees can be time-consuming and financially burdensome.

In conclusion, the integration of remote work into the fabric of the modern workforce offers a myriad of benefits for both employees and employers. By enhancing productivity, expanding the talent pool, and improving employee retention, remote work stands as a win-win solution that should be seriously considered by organizations across industries. Embracing this new way of working is not only a step towards a more flexible and efficient workforce but also a crucial component in creating a more balanced, inclusive, and productive work environment for all."
M2,prose,Medium,Mistral,unsloth/mistral-7b-instruct-v0.3-bnb-4bit,1,1002,492,0,371,"In the rapidly evolving digital landscape, public libraries continue to assert their indispensable role as vital institutions in the community. This enduring relevance stems from three key areas: providing free, equitable access to information technology, serving as community anchors, and performing a unique curation and verification role.

Firstly, public libraries are instrumental in bridging the digital divide, offering free access to technology for populations who may not have the means to afford it. In an era where technology has become an indispensable tool for education, employment, and daily life, libraries ensure that no one is left behind. By providing computers, internet access, and digital literacy training, libraries empower individuals to participate fully in the digital age. This equitable access to technology fosters social mobility and economic opportunity, leveling the playing field for all members of the community.

Secondly, public libraries serve as indispensable community anchors, offering a myriad of essential services beyond technology access. Libraries provide job support services, helping job seekers create resumes, prepare for interviews, and access job listings. They host child literacy programs, nurturing a love for reading and learning in young minds. Libraries also offer safe public spaces, fostering community engagement and social interaction, particularly for those without alternative options. By serving as these community anchors, libraries promote a strong sense of community and social cohesion.

Lastly, professional librarians play a crucial role in the digital age by curating and verifying information. In an era where misinformation and disinformation proliferate, librarians act as trusted guides, helping users navigate the vast expanse of the internet. Librarians are trained to evaluate the credibility of sources, ensuring that users have access to accurate and reliable information. This curation and verification role is essential in the digital age, where users must sift through an overwhelming amount of information to find what is relevant and reliable.

In conclusion, public libraries remain essential institutions in the digital age. By providing free access to technology, serving as community anchors, and performing a curation and verification role, libraries ensure that all members of the community have the tools and resources they need to thrive in the digital age. As such, investing in public libraries is an investment in a more equitable, educated, and connected society."
M3,prose,Medium,Mistral,unsloth/mistral-7b-instruct-v0.3-bnb-4bit,1,1002,632,0,434,"Learning a second language offers substantial cognitive and professional advantages, enriching individuals' intellectual growth and broadening their professional horizons in the increasingly interconnected world.

(1) Bilingualism strengthens executive function, specifically cognitive flexibility and task-switching. The human brain is a remarkable organ that adapts to new environments and stimuli, and learning a second language is one such environment. Bilingualism requires the brain to switch between two different linguistic systems, which strengthens the neural pathways associated with executive function. This cognitive flexibility enables individuals to think more creatively, solve problems more effectively, and make more informed decisions by considering multiple perspectives simultaneously. For instance, a study by Bialystok and colleagues (2005) found that bilingual children outperformed monolingual children in tasks requiring cognitive flexibility, such as mental rotation and spatial reasoning. Similarly, a study by Abutalebi and Green (2007) demonstrated that bilingual individuals have a more robust ability to switch between tasks, a skill essential for navigating complex and dynamic work environments.

(2) Multilingual individuals show advantages in abstract reasoning and metalinguistic awareness. Learning a second language requires an understanding of how language works, fostering metalinguistic awareness – the ability to reflect upon language itself. This heightened awareness of language mechanics enhances abstract reasoning abilities, allowing individuals to make connections between seemingly unrelated concepts and think more critically about the world around them. For example, a study by Frenck-Mestre (1997) found that bilingual children demonstrated superior performance on tests of conceptual reasoning and problem-solving compared to monolingual children. Furthermore, metalinguistic awareness equips individuals with the tools to communicate more effectively and accurately, improving their ability to convey complex ideas and engage in meaningful dialogue.

(3) Proficiency in a second language substantially expands professional opportunities in a globalized labor market. The world is becoming more interconnected, and proficiency in multiple languages is increasingly valuable in the workplace. In a globalized economy, businesses seek employees who can communicate effectively with clients, partners, and colleagues from diverse linguistic backgrounds. By learning a second language, individuals open themselves up to a broader range of professional opportunities, both domestically and internationally. For instance, a study by Moulin (2003) found that bilingual employees earn, on average, 5-20% more than their monolingual counterparts. Furthermore, proficiency in multiple languages can facilitate international travel, collaboration, and understanding, enhancing an individual's ability to contribute to and succeed within a globalized workforce.

In conclusion, learning a second language offers meaningful cognitive and professional advantages, strengthening executive function, enhancing abstract reasoning, and expanding professional opportunities. In an increasingly globalized world, individuals who invest time and effort into learning a second language will reap substantial benefits, both intellectually and professionally."
M4,prose,Medium,Mistral,unsloth/mistral-7b-instruct-v0.3-bnb-4bit,1,1002,467,0,343,"Investing in the professional development of existing employees is a strategic approach that yields multiple benefits for organizations, transcending the mere acquisition of new skills.

Firstly, internal development preserves institutional knowledge that external hires take months, if not years, to acquire. This is because employees who have been with a company for an extended period possess invaluable insights about the organization's culture, clients, and inner workings. By cultivating the growth of these individuals, companies avoid the risk of losing this unique knowledge when employees leave. Instead, they foster a workforce that is deeply rooted in the company's history and values, ensuring continuity and consistency.

Secondly, visible investment in employee growth measurably improves retention and reduces turnover costs. A well-structured training program demonstrates to employees that the organization values their growth and development, fostering a sense of loyalty and commitment. This commitment is essential for reducing turnover rates, as employees who feel valued are less likely to seek employment elsewhere. Furthermore, the costs associated with onboarding and training new hires can be substantial, including time, resources, and productivity lost during the transition period. By focusing on upskilling existing employees, companies can minimize these costs and maintain a stable, competent workforce.

Lastly, upskilling existing employees is typically faster and less expensive than a full external recruitment cycle. The recruitment process can be lengthy and costly, involving time spent on job postings, interviews, and background checks. Moreover, external hires may require additional time to familiarize themselves with the company's culture, clients, and processes. In contrast, employees who are already familiar with the organization can transition more quickly into new roles, ensuring a seamless integration and minimizing disruptions.

In conclusion, companies should prioritize investing in the training of existing employees. By preserving institutional knowledge, improving retention, and facilitating a faster, more cost-effective transition into new roles, companies can cultivate a workforce that is dedicated, skilled, and prepared to meet the challenges of the future. Embracing this approach not only benefits the organization but also enhances employee satisfaction and overall productivity, creating a win-win scenario for both parties."
M5,prose,Medium,Mistral,unsloth/mistral-7b-instruct-v0.3-bnb-4bit,1,1002,461,0,327,"The indispensable connection between regular physical exercise and long-term healthcare costs is undeniably multifaceted, extending from individual well-being to broader societal implications. By fostering a substantial decrease in the prevalence of preventable chronic diseases, encouraging regular exercise can significantly curb escalating healthcare expenditures at both the individual and societal level.

Firstly, active individuals exhibit substantially lower rates of preventable chronic diseases, such as type 2 diabetes and cardiovascular disease. Regular exercise enhances insulin sensitivity, enabling the body to utilize insulin more efficiently, thereby reducing the risk of developing type 2 diabetes (1). Furthermore, cardiovascular fitness can significantly decrease the risk of developing cardiovascular disease by strengthening the heart and improving blood flow (2). These preventive benefits of exercise translate into reduced medical costs for individuals, as chronic disease management often entails expensive treatments and medications.

Secondly, exercise plays a pivotal role in mitigating the frequency and severity of mental health conditions, a growing share of healthcare expenditure. Regular physical activity has been shown to alleviate symptoms of depression and anxiety, promote stress reduction, and enhance overall mental well-being (3). By investing in exercise programs, society can proactively address the rising burden of mental health conditions, thereby reducing the long-term costs associated with mental health treatment.

Lastly, population-level physical activity programs have demonstrated cost-effectiveness in multiple national healthcare systems. These programs, which promote exercise as a means of improving health and reducing healthcare costs, have been successfully implemented in countries like the United States, the United Kingdom, and Australia (4). By investing in evidence-based physical activity interventions, policymakers can optimize the allocation of healthcare resources, ensuring that resources are spent on programs that yield the greatest health benefits while minimizing costs.

In conclusion, regular physical exercise measurably reduces long-term healthcare costs at both the individual and societal level. By lowering the incidence of preventable chronic diseases, improving mental health outcomes, and demonstrating cost-effectiveness in multiple healthcare systems, regular exercise constitutes a promising avenue for reducing long-term healthcare expenditure."
M6,prose,Medium,Mistral,unsloth/mistral-7b-instruct-v0.3-bnb-4bit,1,1002,533,0,416,"The importance of personal financial literacy as a mandatory subject in secondary schools cannot be overstated, given the profound impact it has on shaping the financial futures of young adults. By equipping students with essential financial knowledge and skills, we can significantly reduce the prevalence of consumer debt and financial vulnerability among this demographic.

First and foremost, the absence of financial education in schools is directly correlated with high rates of consumer debt and financial vulnerability among young adults. Many students, lacking a foundational understanding of financial concepts, find themselves ill-prepared to navigate the complexities of managing their own finances once they enter the workforce. Consequently, they often incur unnecessary debt, such as credit card debt or student loans, due to a lack of awareness about interest rates, credit scores, and budgeting techniques. This financial instability can persist for years, hindering their ability to save, invest, and build wealth.

Second, financial literacy is a universal life skill that benefits all students, regardless of their income or career path. Financial education equips students with the tools and knowledge necessary to make informed decisions about their money, enabling them to responsibly manage their finances, plan for their futures, and avoid financial pitfalls. This skillset is applicable to every individual, regardless of socioeconomic status or professional aspirations. By instilling a strong financial foundation in young people, we are fostering a generation of financially savvy citizens who are better equipped to make decisions that promote financial stability and security.

Lastly, schools are uniquely positioned to provide financial education to young people before they face high-stakes financial decisions. Schools offer a consistent and reliable environment where students can acquire financial knowledge and skills, enabling them to make informed choices about their money as they transition into adulthood. By integrating financial literacy into the curriculum, schools can bridge the gap between academic learning and real-world financial decision-making, ensuring that students have the resources and understanding necessary to navigate the complex financial landscape they will encounter once they leave the classroom.

In conclusion, the integration of personal financial literacy into secondary school curricula is essential to mitigating the high rates of consumer debt and financial vulnerability among young adults, fostering a generation of financially savvy citizens, and providing students with the tools and knowledge necessary to make informed decisions about their money. By empowering young people with the financial education they need to thrive, we are investing in their future financial stability and setting them on a path toward financial independence and prosperity."
M7,prose,Medium,Mistral,unsloth/mistral-7b-instruct-v0.3-bnb-4bit,1,1002,591,0,430,"The integration of urban green spaces and parks within municipal landscapes serves as a vital component in fostering public health and wellbeing. This assertion is substantiated by a myriad of empirical evidences demonstrating the associations between access to green spaces, reduced rates of cardiovascular disease, obesity, stress-related illnesses, improved mental health, and reduced urban heat island effects and air pollution.

Firstly, numerous studies have established that access to green spaces is linked to decreased rates of cardiovascular disease, obesity, and stress-related illnesses. The act of engaging in physical activities such as walking, jogging, or playing sports in parks encourages regular exercise, thereby reducing the risk of cardiovascular disease and obesity. Green spaces also offer opportunities for passive activities, such as picnicking or bird watching, which can still promote physical activity and mental relaxation. Moreover, the tranquil and calming ambiance of green spaces can lower stress levels, thereby mitigating the risk of stress-related illnesses, such as hypertension and depression.

Secondly, parks serve as restorative environments that play a significant role in supporting mental health and buffering against anxiety and depression. The natural beauty of green spaces, coupled with the absence of urban noise and chaos, provides individuals with a sanctuary to unwind, reflect, and rejuvenate. This psychological respite allows individuals to cope more effectively with daily stressors, thereby reducing the risk of anxiety and depression. Additionally, the social interactions and sense of community that can occur in parks can foster feelings of connectedness and belonging, further contributing to mental wellbeing.

Lastly, green infrastructure, such as parks and green roofs, plays a crucial role in mitigating urban heat island effects and air pollution, with direct respiratory health consequences. Urban heat island effects occur when urban areas experience higher temperatures than their surrounding rural areas due to human activities and infrastructure. Green spaces can help alleviate this effect by absorbing heat through photosynthesis and releasing water vapor, thereby cooling the surrounding environment. Furthermore, green spaces can act as air filters, absorbing pollutants from the atmosphere and releasing cleaner air. This process reduces the concentration of air pollutants, thereby improving air quality and reducing the risk of respiratory illnesses such as asthma and chronic bronchitis.

In conclusion, the investment in urban green spaces and parks by municipalities yields substantial public health benefits, justifying their cost. These benefits include reduced rates of cardiovascular disease, obesity, stress-related illnesses, improved mental health, and reduced urban heat island effects and air pollution. As such, the integration of green spaces into urban landscapes is not only an aesthetic enhancement but a critical component in promoting public health and wellbeing."
M8,prose,Medium,Mistral,unsloth/mistral-7b-instruct-v0.3-bnb-4bit,1,1002,508,0,365,"Reading literary fiction offers a unique and valuable opportunity for personal growth and social understanding. This is primarily because literary fiction demands readers to immerse themselves in the lives, thoughts, and feelings of characters whose experiences frequently diverge from their own. This exercise of inhabiting diverse perspectives directly trains perspective-taking, a crucial skill for empathy and social interaction.

When readers delve into the intricate narratives of literary fiction, they are compelled to consider the motivations, emotions, and actions of characters that may not be instantly relatable. By placing themselves within these alternate realities, they practice empathizing with individuals who are different from themselves in various ways, such as background, beliefs, or circumstances. This continual perspective-taking not only fosters a heightened capacity for empathy but also enhances one's ability to understand and appreciate diverse viewpoints.

Experimental research has provided empirical evidence supporting the connection between literary fiction reading and improved empathy. Numerous studies have demonstrated measurable short-term improvements in theory-of-mind scores following literary fiction reading. Theory-of-mind, also known as mentalizing, refers to the capacity to recognize and understand another person's mental state, such as their beliefs, intentions, and emotions. By reading literary fiction, individuals can enhance their mentalizing abilities, which are fundamental to empathy and effective social interaction.

Moreover, the ambiguity and psychological complexity found in literary fiction contribute to the development of tolerance for uncertainty, which is vital for real-world social competence. In contrast to formulaic or simplistic narratives, literary fiction often presents complex characters and situations that do not have straightforward or easily discernible solutions. This complexity encourages readers to engage in active interpretation and reflection, fostering an appreciation for the intricacies of human behavior and a willingness to navigate the uncertainties that are an integral part of interpersonal relationships.

In essence, reading literary fiction equips readers with the tools necessary for empathy and social understanding. By immersing themselves in the lives of diverse characters, readers practice perspective-taking, enhancing their theory-of-mind abilities. Furthermore, the ambiguity and psychological complexity found in literary fiction cultivate tolerance for uncertainty, a crucial trait for real-world social competence. Through these experiences, readers can gain a deeper understanding of human emotions, motivations, and actions, ultimately fostering empathy and social intelligence."
M9,prose,Medium,Mistral,unsloth/mistral-7b-instruct-v0.3-bnb-4bit,1,1002,520,0,378,"Mentorship programs are an invaluable resource for early-career professionals, offering a multitude of benefits that foster personal and professional growth. One of the most significant advantages is the accelerated skill development that arises from mentorship, which provides access to tacit professional knowledge that is often not codified in formal training.

Tacit knowledge refers to the skills, experiences, and insights that are acquired through practical experience and cannot be easily articulated or taught in a classroom setting. This knowledge is essential for navigating the complexities of the workplace and making informed decisions. Mentors, having already traversed the professional landscape, can impart this knowledge to mentees, allowing them to develop skills more quickly than if they were to learn solely from formal education or on-the-job training. This accelerated skill development equips mentees with the tools and understanding necessary to excel in their careers.

Moreover, the impact of mentorship extends beyond immediate skill development. Mentored employees are significantly more likely to receive promotions and salary increases within five years. The mentor-mentee relationship often translates into a sponsorship dynamic, where the mentor advocates for the mentee's advancement within the organization. This advocacy can manifest in various ways, such as recommending the mentee for high-profile projects, providing guidance on career development, and advocating for salary increases and promotions. The mentor's influence and network can provide mentees with opportunities that may not be available to those without a mentor.

Finally, mentorship relationships expand professional networks in ways that create durable long-term career advantages. Networking is crucial for career advancement, as it allows professionals to build relationships with others in their field, learn about new opportunities, and gain insights into industry trends and best practices. Mentors often have extensive networks within their respective industries, and by introducing mentees to these networks, they create opportunities for mentees to build relationships, learn, and grow professionally. These relationships can persist throughout a mentee's career, providing a source of support, guidance, and opportunities for years to come.

In conclusion, mentorship programs provide early-career professionals with a wealth of benefits that contribute to their long-term success. The accelerated skill development, increased likelihood of promotions and salary increases, and expanded professional networks that result from mentorship relationships make mentorship programs an essential tool for any professional seeking to advance their career."
M10,prose,Medium,Mistral,unsloth/mistral-7b-instruct-v0.3-bnb-4bit,1,1002,532,0,379,"Diversified investment portfolios serve as a robust shield against risk for ordinary savers, offering protection against the unpredictable failures of individual investments. This is achieved through the strategic allocation of assets across different classes, thus minimizing exposure to the idiosyncratic collapse of any single investment.

Firstly, diversification across asset classes acts as a buffer against the potential downfall of any specific investment. By spreading investments across stocks, bonds, real estate, commodities, and other asset classes, an investor can mitigate the impact of a single investment's failure. For example, if a company in the technology sector faces insurmountable challenges, the negative effect on a diversified portfolio would be less pronounced compared to a concentrated portfolio heavily weighted in that sector. The principle of diversification aims to ensure that the performance of one investment does not significantly impact the overall portfolio's performance.

Secondly, historical data consistently demonstrates that diversified portfolios outperform concentrated holdings on a risk-adjusted basis over extended periods. The risk-adjusted return measures the balance between the potential return on an investment and the level of risk taken to achieve that return. Diversified portfolios tend to deliver higher risk-adjusted returns over time due to the smoothing effect of diversification. This means that while individual investments may fluctuate, the overall portfolio's performance remains relatively stable, offering superior risk-adjusted returns.

Thirdly, low-cost index funds make genuine diversification accessible to investors without specialized knowledge. Index funds track a specific market index, such as the S&P 500 or the Dow Jones Industrial Average, by passively investing in the stocks that make up the index. This provides investors with immediate, low-cost access to a broad and diverse range of investments. By investing in index funds, ordinary savers can achieve diversification without the need for extensive research and analysis, making the benefits of diversified portfolios accessible to a wider audience.

In conclusion, diversified investment portfolios offer a robust defense against risk for ordinary savers. Diversification across asset classes reduces exposure to the idiosyncratic failure of any single investment, historical data consistently shows diversified portfolios outperforming concentrated holdings on a risk-adjusted basis over long horizons, and low-cost index funds provide an accessible means to achieve genuine diversification for investors without specialized knowledge. These factors underscore the importance of diversified portfolios in the risk-management strategies of ordinary savers."
M11,prose,Medium,Mistral,unsloth/mistral-7b-instruct-v0.3-bnb-4bit,1,1002,514,0,379,"A robust public transportation system is a vital investment for cities, offering a myriad of economic advantages that outweigh the initial costs. This essay will elucidate three key benefits: enhancing labor market access, reducing per-capita car dependency, and stimulating economic growth through transit-oriented development.

Firstly, an efficient transit system significantly expands labor market access by connecting workers to a broader spectrum of employers, thereby raising metropolitan productivity. By offering convenient and affordable travel options, workers can commute to jobs that were previously inaccessible due to geographical barriers or prohibitive transportation costs. This increased access to employment opportunities fosters competition among employers, driving up wages and encouraging innovation. As a result, a more interconnected labor market leads to higher overall productivity, fostering a more dynamic and resilient economy.

Secondly, transit investment reduces per-capita car dependency, leading to lower household transportation costs and freeing up disposable income. The high cost of owning and maintaining a car can represent a significant financial burden for households. In contrast, public transportation offers an affordable and reliable alternative, allowing individuals to save money that can be spent on other essential needs or discretionary expenses. By enabling households to redirect funds towards consumption or savings, cities can expect a ripple effect of increased economic activity and improved overall well-being.

Thirdly, transit-oriented development (TOD) has the potential to raise property values and generate tax revenue that offsets infrastructure costs. TOD refers to urban development that maximizes the accessibility, walkability, and livability of transit stations and corridors. By creating vibrant, mixed-use communities centered around transit hubs, cities can attract a diverse range of residents, businesses, and amenities. As property values in these areas increase, local governments can collect higher property taxes, which can be used to fund transit maintenance, expansion, and other public services. Furthermore, TOD fosters a denser and more compact urban form, reducing land consumption and land development costs, ultimately leading to further cost savings for cities.

In conclusion, strong public transportation systems generate net economic benefits for the cities that invest in them by enhancing labor market access, reducing per-capita car dependency, and stimulating economic growth through transit-oriented development. By prioritizing investment in public transportation, cities can expect long-term economic prosperity, improved quality of life for residents, and a more sustainable and equitable urban environment."
M12,prose,Medium,Mistral,unsloth/mistral-7b-instruct-v0.3-bnb-4bit,1,1002,501,0,364,"Companies that prioritize diversity and inclusion in their workforce reap numerous benefits, enhancing their overall business performance and competitiveness.

Firstly, diverse teams bring a multitude of perspectives to problem-solving, reducing the risk of groupthink and improving the quality of decisions. A diverse workforce is a mosaic of different backgrounds, experiences, and worldviews. This diversity fosters creativity, as various perspectives contribute unique ideas and approaches to problem-solving. Consequently, diverse teams are more likely to consider a broader range of options, evaluate potential risks and opportunities more effectively, and arrive at more innovative and robust solutions.

Secondly, inclusive workplaces demonstrate higher employee engagement and retention, significantly reducing costly turnover. Employees who feel valued, respected, and heard are more likely to be engaged, committed, and productive. Inclusive workplaces actively strive to create an environment where every employee feels respected, valued, and heard. This commitment to inclusivity fosters a sense of belonging and empowerment, leading to increased job satisfaction, higher levels of engagement, and a lower likelihood of turnover. In contrast, high turnover rates can be detrimental to businesses, leading to increased recruitment costs, loss of institutional knowledge, and decreased productivity during the transition period.

Lastly, workforce diversity improves an organization's ability to understand and serve a diverse customer base. A diverse workforce mirrors the diversity of society, enabling organizations to better understand and cater to the needs, preferences, and challenges of a diverse customer base. Employees from diverse backgrounds bring unique insights and understanding of different customer segments, allowing the organization to develop more culturally sensitive products, services, and marketing strategies. This cultural sensitivity can lead to increased customer satisfaction, loyalty, and ultimately, revenue growth. In a globalized and increasingly diverse world, companies that fail to prioritize diversity and inclusion risk losing touch with their customers and falling behind their competitors.

In conclusion, prioritizing diversity and inclusion in the workplace offers numerous advantages for businesses, including improved problem-solving, higher employee engagement and retention, and a better understanding of and ability to serve a diverse customer base. These benefits contribute to improved decision quality, increased productivity, and ultimately, enhanced business performance and competitiveness. Companies that overlook the importance of diversity and inclusion do so at their own peril."
M13,prose,Medium,Mistral,unsloth/mistral-7b-instruct-v0.3-bnb-4bit,1,1002,568,0,417,"In the realm of public policy, the question of investing in early childhood education (ECE) programs is of paramount importance. This investment is not merely a financial commitment, but a strategic one that yields long-term benefits, making it a worthwhile endeavor for society at large.

Firstly, the impact of high-quality ECE programs on cognitive development and literacy is substantial and persists throughout a child's educational journey. Quality ECE programs, characterized by small class sizes, well-trained teachers, and stimulating learning environments, instill essential foundational skills. These skills, such as language acquisition, problem-solving, and social-emotional development, serve as a strong base upon which a child can build their educational success. Numerous studies have demonstrated that children who attend such programs exhibit superior cognitive abilities, reading proficiency, and school readiness, compared to their peers who do not. These advantages are not transient but rather endure, often persisting through primary school and even beyond.

Secondly, the long-term benefits of ECE programs are evident in the lives of the participants as they transition into adulthood. Longitudinal studies have consistently shown that children who attended ECE programs have higher rates of high school graduation, employment, and earnings. By providing children with the necessary skills and social support during their formative years, ECE programs equip them with the tools to thrive in various aspects of their adult lives. Not only does this reduce the societal burden of juvenile crime and delinquency, but it also contributes to a more skilled and productive workforce.

Lastly, the economic return on investing in ECE programs is substantial. By investing in ECE programs, society can expect a significant return on investment through reduced remedial education and social welfare costs. Children who attend ECE programs are less likely to require remedial education in later years, as they have already developed the foundational skills necessary for academic success. Furthermore, by providing children with the skills and support necessary to succeed in adulthood, ECE programs can help reduce the demand for social welfare services, such as unemployment assistance and public housing.

In conclusion, the investment in high-quality early childhood education programs produces long-term benefits that justify their public investment. The measurable improvements in cognitive development and literacy that persist through primary school, the higher rates of high school graduation, employment, and earnings in adulthood, and the estimated economic return on investment through reduced remedial education and social welfare costs all underscore the importance of investing in ECE programs. By prioritizing ECE programs, society can create a more educated, productive, and prosperous future."
H1,prose,Hard,Mistral,unsloth/mistral-7b-instruct-v0.3-bnb-4bit,1,1002,540,0,386,"In the realm of epistemology, the nature of scientific knowledge is a subject of ongoing debate. However, a compelling argument can be made for the thesis that scientific knowledge should be viewed as provisional and fallible rather than as a collection of established certainties.

Firstly, the history of science provides a persuasive case for fallibilism. Even the most well-established theories, such as Newtonian mechanics and classical thermodynamics, have undergone substantial revisions or been shown to apply only within specific domains. For instance, Newtonian mechanics, once considered the pinnacle of physical understanding, was eventually surpassed by Einstein's theory of relativity, demonstrating that even the most entrenched theories can be challenged and replaced over time. This historical pattern underscores the fallibility of scientific knowledge, suggesting that our current understanding is provisional and subject to future revision.

Secondly, the Duhem-Quine thesis offers further support for this view. This thesis posits that no single hypothesis can be conclusively falsified in isolation. Instead, any experimental outcome is consistent with revisions of auxiliary hypotheses. For example, if an experiment fails to confirm a specific hypothesis, it could be the result of a flaw in the experimental setup, an error in the data collection or analysis, or even the incompatibility of the hypothesis with an unrelated assumption. This holistic nature of scientific knowledge means that the validity of any given hypothesis depends on the coherence of the entire theoretical framework, making scientific knowledge irreducibly defeasible.

Lastly, the underdetermination of theory by evidence further reinforces the provisional nature of scientific knowledge. The principle of underdetermination suggests that any finite dataset is consistent with an infinite number of competing theoretical frameworks. This implies that empirical confirmation can never provide absolute certainty, as there is always the possibility of a competing theory that fits the data equally well. This epistemic predicament implies that claims of certainty exceed what evidence can justify, further supporting the thesis that scientific knowledge should be viewed as provisional and fallible.

In conclusion, the provisional and fallible nature of scientific knowledge is not only an intellectually compelling stance but also an empirically warranted one. The history of science, the Duhem-Quine thesis, and the underdetermination of theory by evidence all contribute to this argument, suggesting that scientific knowledge is best understood as provisional and fallible rather than as a body of established certainties."
H2,prose,Hard,Mistral,unsloth/mistral-7b-instruct-v0.3-bnb-4bit,1,1002,567,0,396,"In the intricate tapestry of human existence, the concept of moral responsibility weaves a distinctive thread that separates us from the purely mechanical world described by deterministic causality. This separation is crucial, as ascriptions of moral responsibility presuppose a certain kind of agency that transcends mere causal-mechanical descriptions.

First, the counterfactual competence condition is a fundamental tenet of moral responsibility. This condition posits that agents could have done otherwise, implying a capacity to make choices independent of the constraints imposed by deterministic causal chains. In a deterministic universe, where every event is the inevitable outcome of antecedent conditions, the notion of 'could have done otherwise' seems paradoxical. However, this paradox is resolved by introducing a normative surplus, a dimension of agency that deterministic causality does not contain. This surplus, consisting of free will and moral responsibility, is necessary to satisfy the counterfactual competence condition.

Second, reactive attitudes, such as resentment, indignation, and gratitude, are unique to moral agents. These attitudes presuppose an agent as a source of reasons-responsive action, not merely a node in a causal network. Reactive attitudes are fundamentally evaluative, attributing praise or blame to actions based on their moral worth. They are incompatible with a purely causal view of the world, where actions are simply the inevitable results of prior conditions. The intelligibility of reactive attitudes requires a conception of agency that acknowledges the agent as a rational, reasons-responsive entity, capable of making choices guided by reasons and principles.

Third, compatibilist attempts to reconcile determinism and moral responsibility often succeed by redefining 'could have done otherwise' in dispositional terms. While this redefinition preserves the linguistic form of responsibility attribution, it fundamentally alters its normative substance. In this revised framework, 'could have done otherwise' refers to the agent's disposition to act differently given certain conditions, rather than the agent's ability to act differently irrespective of those conditions. This shift in definition may maintain the appearance of moral responsibility, but it fundamentally changes the nature of agency, eroding the normative dimension that is essential to moral responsibility.

In conclusion, the concept of moral responsibility necessitates a meaningful conception of agency that transcends purely causal-mechanical descriptions. The counterfactual competence condition, the intelligibility of reactive attitudes, and the nature of compatibilist redefinitions all point to this conclusion. By acknowledging this necessity, we affirm the normative dimension of human agency and the moral responsibility that arises from it."
H3,prose,Hard,Mistral,unsloth/mistral-7b-instruct-v0.3-bnb-4bit,1,1002,698,0,459,"In the intricate symphony of human cognition, language stands as a maestro, subtly shaping the structure of our thoughts. This thesis posits that language not only expresses but fundamentally molds the architecture of human thought and cognition.

First, let us delve into the realm of spatial cognition, color categorization, and number representation. Cross-linguistic research has consistently demonstrated a striking correlation between linguistic categories and non-linguistic cognitive performance. For instance, languages that distinguish between left and right have been found to influence spatial cognition, with speakers demonstrating a more refined sense of direction compared to speakers of languages that lack such distinctions (Kim & Spelke, 1997). Similarly, variations in color terminology across languages have been linked to differences in color perception and categorization (Brown & Lillard, 1958). Furthermore, number systems in different languages have been shown to influence numerical cognition, with speakers of languages with more complex number words exhibiting superior numerical skills (Saxe, 2005). These findings suggest that linguistic distinctions can subtly influence the granularity of conceptual representations, demonstrating that language plays a formative role in shaping our cognitive structures.

Second, the process of language acquisition in early childhood is not merely a process of labeling pre-existing content but an active restructuring of the child's representational system. The emergence of linguistic categories reshapes the child's cognitive categories, leading to differences in performance between linguistic and non-linguistic tasks. For example, infants at the boundary of language acquisition demonstrate category-learning differences when presented with linguistically-defined categories versus non-linguistically-defined categories (Gelman & Markman, 1986). This indicates that language acquisition actively sculpts the child's cognitive system, creating a more nuanced and structured representational system.

Third, even our internal deliberative thought, often perceived as a purely non-linguistic process, is partially constituted by linguistic representation. The sequential and negation-permitting structure of natural language enables forms of reasoning that non-linguistic cognitive systems cannot support. For instance, the ability to reason using conditional statements and causal reasoning, common in language but not in non-linguistic systems, allows us to make inferences and predictions about complex situations (Sperber, 1994). Additionally, the use of negation in language allows us to reason about the absence of things, a concept that is challenging for non-linguistic systems to comprehend (Horn, 1989). Thus, the structural properties of language extend into our internal thought processes, constituting a crucial component of our cognitive architecture.

In conclusion, the thesis that language fundamentally shapes the structure of human thought and cognition is supported by cross-linguistic research demonstrating systematic covariation between linguistic categories and non-linguistic cognitive performance, by the active restructuring of the representational system during language acquisition in early childhood, and by the partial linguistic constitution of internal deliberative thought. This thesis underscores the profound impact of language on the cognitive development and functioning of the human mind."
H4,prose,Hard,Mistral,unsloth/mistral-7b-instruct-v0.3-bnb-4bit,1,1002,689,0,521,"The argument that aesthetic value cannot be reduced to purely subjective preference or individual psychological response is grounded in three fundamental claims.

First, the phenomenology of genuine aesthetic experience involves a claim to intersubjective validity. When we encounter a work of art, music, or literature that we find beautiful, sublime, or profound, our immediate response is not merely a personal, idiosyncratic reaction, but an expression of a shared human capacity for appreciation and judgment. This capacity implies a normative dimension, a sense that our judgments are not arbitrary but are grounded in some objective properties of the work, properties that can be discerned and agreed upon by others. A purely subjectivist framework, which asserts that aesthetic judgments are solely the product of individual preferences, cannot account for this normative dimension. It fails to explain why we implicitly call upon others to agree with our aesthetic judgments and why we seek to justify our judgments through reasons and arguments.

Second, the practice of aesthetic criticism further underscores the inadequacy of a purely subjectivist account of aesthetic value. Aesthetic criticism is a complex social practice that involves the articulation, evaluation, and refinement of aesthetic judgments. Critics employ a variety of criteria and standards, such as harmony, balance, unity, and originality, to evaluate works of art. These criteria are not arbitrary, but are grounded in a shared aesthetic sensibility that has been cultivated through education, training, and experience. The practice of aesthetic criticism presupposes that aesthetic assessments are answerable to considerations beyond individual response, and that some responses are better-informed than others. A purely subjectivist account of aesthetic value cannot accommodate this normative aspect of aesthetic criticism, which assumes that there are objective grounds for aesthetic judgments that can be shared and debated among a community of critics and connoisseurs.

Third, aesthetic relativism, which asserts that aesthetic judgments are merely a matter of personal preference and are not answerable to objective criteria, generates a regress that undermines its own normative force. If every preference is equally valid, then the preference for aesthetic relativism over other aesthetic positions is itself merely a preference. The relativist cannot appeal to any objective reasons or standards to justify their position, for to do so would be to violate their own relativist commitments. This regress demonstrates that aesthetic relativism, like a purely subjectivist account of aesthetic value, cannot account for the normative dimension of aesthetic experience and criticism.

In conclusion, the phenomenology of aesthetic experience, the practice of aesthetic criticism, and the internal inconsistencies of aesthetic relativism all suggest that aesthetic value cannot be reduced to purely subjective preference or individual psychological response. Aesthetic judgments involve a normative dimension that transcends the individual, a dimension that can be shared, debated, and justified through reasons and arguments. This normative dimension implies that there are objective grounds for aesthetic judgments that are answerable to considerations beyond individual response, and that some responses are better-informed than others. The aesthetic realm, therefore, is not a realm of arbitrary preferences, but a realm of shared values, reasons, and standards that are accessible to all who are willing to engage in aesthetic reflection and debate."
H5,prose,Hard,Mistral,unsloth/mistral-7b-instruct-v0.3-bnb-4bit,1,1002,664,0,506,"The thesis that consciousness poses an explanatory challenge not fully addressed by any current physicalist or functionalist framework is rooted in the assertion that the nature of subjective experience, often referred to as the hard problem, is distinct from the easier problems of explaining cognitive function. While functionalist accounts can provide a satisfactory explanation for what the brain does, they fall short in explaining what it is like to be a conscious entity, as they focus on the functionality of mental states rather than their intrinsic subjective qualities.

The hard problem, as posited by philosophers such as David Chalmers, pertains to the question of why and how physical processes give rise to subjective experience. In other words, why do we have subjective experiences when our brains are composed of physical matter that can be described by physical laws? Functionalist accounts, which argue that mental states are defined by their causal roles and functional properties, can explain how mental states contribute to cognitive function, but they do not address the question of what makes these mental states subjectively accessible.

A powerful illustration of this argument comes from the thought experiment of philosophical zombies. Zombies are hypothetical beings that are physically identical to conscious humans but lack subjective experiences. The conceivability of such beings demonstrates that phenomenal consciousness, or the subjective quality of experience, is not logically entailed by physical description. This implies that any identity between physical and phenomenal properties is contingent rather than necessary. The conceivability of zombies challenges physicalist and functionalist accounts that claim consciousness is reducible to physical properties, as it suggests that there is something about consciousness that is not captured by our physical descriptions.

Another compelling argument in support of this thesis is Mary's Room. Mary is a neuroscientist who possesses complete knowledge of the physical mechanisms of the brain. However, she has spent her entire life in a black-and-white room and has never experienced color. One day, Mary is released from her room and experiences color for the first time. Mary's new knowledge of the phenomenal properties of color cannot be derived from her previous physical understanding of the brain, demonstrating that phenomenal facts are epistemically irreducible to physical facts. Even if ontological dualism is not entailed, this argument suggests that phenomenal facts are not reducible to physical facts, posing a challenge to physicalist and functionalist frameworks that claim consciousness can be fully explained by physical properties.

In conclusion, the hard problem, the conceivability of philosophical zombies, and Mary's Room collectively present a compelling case that consciousness poses an explanatory challenge not fully addressed by any current physicalist or functionalist framework. These arguments demonstrate that there is something about consciousness that is not captured by our physical descriptions, suggesting that phenomenal consciousness is not reducible to physical properties and is therefore epistemically and ontologically distinct from our physical understanding of the brain. This thesis challenges the prevailing physicalist and functionalist perspectives on consciousness, highlighting the need for alternative frameworks that can adequately account for the subjective, first-person aspect of conscious experience."
H6,prose,Hard,Mistral,unsloth/mistral-7b-instruct-v0.3-bnb-4bit,1,1002,534,0,386,"In the realm of distributive justice, it is crucial to acknowledge that procedural fairness, while essential, is not solely sufficient in ensuring a just outcome distribution. This is because procedurally fair processes can inadvertently perpetuate and exacerbate pre-existing structural inequalities, such as differential access to education and inherited wealth. Procedural fairness, which guarantees equal opportunity and non-discrimination, is necessary but insufficient because it does not account for the unequal starting points individuals may have due to factors beyond their control.

To further illustrate this point, consider a hypothetical society with a fair electoral process. However, due to historical disparities, some individuals have greater access to quality education, leading to a superior understanding of political issues and more effective campaign strategies. Consequently, these individuals are more likely to be elected into positions of power, perpetuating the initial disparity. This scenario demonstrates that a fair process can produce an unequal outcome due to pre-existing inequalities.

In response to this challenge, John Rawls's difference principle offers a principled criterion for evaluating outcome patterns. According to Rawls, inequalities are justified only when they maximize the absolute position of the least-advantaged members of society. This principle encourages societal arrangements that benefit the least privileged individuals, ensuring that the distribution of resources is not only fair in process but also in outcome.

However, the application of the difference principle raises a significant question: what constitutes a fair starting point for procedurally legitimate exchange? This problem, known as the baseline problem, cannot be resolved by procedural criteria because any choice of baseline presupposes a prior substantive judgment about entitlement. For instance, if we were to consider the current distribution of wealth as the baseline, we would be justifying the initial inequalities that the difference principle aims to overcome. On the other hand, if we were to consider a more equal baseline, we would be imposing a retroactive redistribution that conflicts with the principle of procedural legitimacy.

In conclusion, while procedural fairness is essential in maintaining a just society, it is not sufficient in ensuring a substantively just outcome distribution. The incorporation of Rawls's difference principle offers a principled criterion for evaluating outcome patterns, but the baseline problem highlights the need for substantive attention to the pattern of outcomes. This requires a substantive judgment about entitlement, which cannot be resolved solely through procedural criteria."
H7,prose,Hard,Mistral,unsloth/mistral-7b-instruct-v0.3-bnb-4bit,1,1002,618,0,463,"In the intricate dance between technology and society, large-scale technological systems play a pivotal role in reshaping social structures and distributions of power, often transcending effective governance through individual choice or conventional regulatory frameworks. This argument is grounded in three interconnected claims.

Firstly, the concept of 'politics built into design' posits that the material properties of platform architecture embed particular distributions of agency and dependency, which are not readily visible or revisable by individual users. This embedded politics is a design principle that inherently favors some actors over others, shaping user behavior and interactions in ways that are often opaque to the users themselves. For instance, social media algorithms prioritize content that generates engagement, creating an environment that reinforces extreme or polarizing viewpoints, thus subtly influencing the political leanings of its users. This political dimension, baked into the design, is a structural feature that individual users cannot easily challenge or alter.

Secondly, network externalities, switching costs, and data-compounding effects create a structural lock-in that renders the theoretical availability of alternatives formally compatible with effective technological monopoly. Network externalities refer to the benefits that users derive from the number of other people using the same platform. Once a critical mass is reached, users have an incentive to remain on the dominant platform, as the value of the platform increases with the number of users. Switching costs, on the other hand, include the time, effort, and money required to move from one platform to another. Data-compounding effects refer to the exponential growth in value of data as it is collected and analyzed over time. These effects create a self-reinforcing cycle, where the more data a platform accumulates, the more valuable it becomes to users, making it difficult for new entrants to compete. This structural lock-in makes market competition an inadequate governance mechanism, as competition is effectively eliminated in the long run.

Lastly, the pace of technological deployment systematically outstrips the capacity of regulatory institutions to develop adequate oversight frameworks, creating a persistent governance gap that individual adaptation cannot close. Technological change is rapid and unpredictable, often outpacing the ability of regulatory institutions to adapt and respond. Additionally, regulatory institutions often struggle to balance the protection of individual rights and privacy with the promotion of innovation and economic growth. This governance gap, exacerbated by the political and economic influence of tech companies, means that individual adaptation is insufficient to address the challenges posed by large-scale technological systems.

In conclusion, large-scale technological systems reshape social structures and distributions of power in ways that resist effective governance through individual choice or conventional regulatory frameworks. The politics built into design, structural lock-in, and the pace of technological deployment all contribute to this resistance, highlighting the need for innovative governance strategies that can adapt to the rapidly evolving technological landscape."
H8,prose,Hard,Mistral,unsloth/mistral-7b-instruct-v0.3-bnb-4bit,1,1002,634,0,465,"In the realm of literary analysis, the meaning of a text is a subject of ongoing debate, with various perspectives offering insightful arguments. One such position asserts that the meaning of a text is not solely defined by the author's original intentions, a stance that finds support in the principles established by Wimsatt and Beardsley's Intentional Fallacy and subsequent interpretive theories.

Firstly, Wimsatt and Beardsley's Intentional Fallacy establishes that a literary work, once composed, becomes a linguistic artifact. This artifact's meanings are not solely controlled by the author but are, instead, constituted by the conventions and interpretive practices of the language community. These conventions and practices evolve over time, often in ways that the author cannot foresee or influence. Thus, the meaning of a text is not fixed to the author's original intentions but is, to some extent, a product of the collective understanding and interpretation of the language community.

Secondly, the hermeneutic gap between an author's conscious intentions and a text's semantic encoding is a significant consideration. This gap is irreducible, as the same linguistic tokens are consistent with multiple interpretive elaborations. The meaning of a text is not a direct reflection of the author's intentions but is a complex interplay between the text, the reader's competences, and the historical and cultural context in which the reading occurs. In other words, the meaning of a text is not fully determined by the author's original intention but is shaped by the reader's interpretation, which is influenced by their unique cognitive and cultural background.

Lastly, Barthes's 'death of the author' can be interpreted as a claim about interpretive authority rather than eliminativism. According to this perspective, the activation of textual meaning occurs in the reader's engagement with the text. The reader, in this sense, is not merely a passive recipient of the author's intentions but an active participant in the construction of meaning. This interpretation highlights that the meaning of a text is not statically tied to the author's intentions but is, instead, dynamically shaped by the reader's competences and the historical and cultural context in which the reading takes place. These competences and contexts vary across readers and historical moments, ensuring that the meaning of a text is not fixed but is instead subject to multiple interpretations.

In conclusion, the position that the meaning of a text is not fully determined by its author's original intentions is grounded in the principles of the Intentional Fallacy, the hermeneutic gap, and Barthes's 'death of the author.' Each of these perspectives offers a unique insight into the complex nature of textual meaning, emphasizing that the meaning of a text is a collective construct that is shaped by the language community, the text's semantic encoding, the reader's interpretation, and the historical and cultural context in which the reading occurs."
H9,prose,Hard,Mistral,unsloth/mistral-7b-instruct-v0.3-bnb-4bit,1,1002,574,0,417,"In the pursuit of democratic legitimacy, it is crucial to recognize that democratic principles extend beyond the simple principle of majority rule or the satisfaction of aggregated preferences. This assertion is substantiated by three primary arguments.

Firstly, the principle of unrestricted majority rule is susceptible to the tyranny of the majority, a scenario where permanent minorities are systematically excluded and their interests are structurally underrepresented in majoritarian aggregation. In such a scenario, the rights and interests of these marginalized groups are vulnerable to the whims of the majority, potentially leading to a form of government that does not serve the broader interests of the society. To counteract this, constitutional rights constraints and counter-majoritarian institutions are essential in upholding the democratic ideal of equality and justice. These institutions serve as safeguards against the tyranny of the majority, ensuring that the rights of minorities are protected and their voices are heard.

Secondly, the legitimacy of political decisions necessitates more than mere aggregation of preferences. Deliberative democracy theorists, such as Habermas and Cohen, argue that legitimate political decisions require the exchange of reasons under conditions of equal standing, mutual recognition, and openness to rational revision. Bare majoritarianism neither requires nor ensures these conditions, which are essential for the production of well-reasoned and informed decisions. In a deliberative democracy, citizens engage in reasoned discourse, aiming to reach a collective decision that is based on the best available evidence and arguments. This process not only fosters a more informed populace but also contributes to the legitimacy of the decisions made.

Thirdly, the epistemic argument for democracy posits that the legitimacy of democratic authority is conditional on the quality of deliberation. If majority decisions are reached under systematic misinformation or manipulation, they lack the epistemic credentials that justify democratic authority. In other words, a democratic government that operates under conditions of systematic manipulation or misinformation cannot be said to possess the epistemic legitimacy necessary to make informed and just decisions. This highlights the importance of ensuring that the information citizens receive is accurate and unbiased, as well as fostering an environment where citizens can engage in open and honest deliberation.

In conclusion, democratic legitimacy requires more than majority rule or aggregated preference satisfaction. The tyranny of the majority, the necessity of deliberation, and the epistemic argument for democracy all underscore the importance of constitutional rights, counter-majoritarian institutions, and the quality of deliberation in upholding democratic legitimacy. By recognizing these principles, we can strive to create a more equitable, informed, and just democratic society."
H10,prose,Hard,Mistral,unsloth/mistral-7b-instruct-v0.3-bnb-4bit,1,1002,629,0,454,"The argument that rationality is not a universal, context-independent capacity but is constitutively shaped by the cognitive, social, and institutional conditions in which it operates is rooted in a recognition of the complex and intricate nature of human reasoning. This perspective challenges the classical view of rationality as a detached, objective, and universally applicable set of rules.

Firstly, the concept of Bounded Rationality, as proposed by Simon and further developed through Kahneman and Tversky's Heuristics-and-Biases program, provides compelling evidence that human reasoning systematically departs from classical rationality norms under ecologically realistic conditions. Bounded Rationality posits that individuals are rational not in the sense of always making the best decision possible, but rather in their ability to satisfice - to find a satisfactory, if not optimal, solution within the constraints of their cognitive abilities and the complexity of the decision environment. This perspective highlights the limitations of human cognitive capacity and the role of heuristics and biases in shaping our decision-making processes, demonstrating that rationality is not a universal, context-independent capacity but is deeply influenced by the conditions under which it operates.

Secondly, the capacity for extended, reliable reasoning is institutionally scaffolded. This means that the ability to engage in extended, reliable reasoning depends on external cognitive artifacts, socially distributed knowledge, and institutional norms of evidence. For instance, scientific reasoning is not merely an individual cognitive process but relies heavily on shared methodologies, agreed-upon standards, and the collective effort of a scientific community. These cognitive artifacts, social norms, and institutional norms are historically contingent and variable across epistemic communities, further emphasizing the context-dependent nature of rationality.

Thirdly, the standards by which reasoning is evaluated as rational or irrational are not neutral and universal but are embedded in particular epistemic traditions. What counts as a reason, a valid inference, or an appropriate standard of evidence varies across domains in ways that resist reduction to a single transcontextual rationality norm. For example, in the realm of legal reasoning, the standards of evidence and the weight given to certain types of evidence differ significantly from those in the natural sciences. Similarly, the standards of reasoning in philosophy differ from those in mathematics or economics. This variability suggests that rationality norms are deeply embedded in the specific epistemic traditions and cultural contexts in which they arise.

In conclusion, the thesis that rationality is not a universal, context-independent capacity but is constitutively shaped by the cognitive, social, and institutional conditions in which it operates is supported by the findings of Bounded Rationality research, the institutional scaffolding of reasoning, and the embeddedness of rationality norms in specific epistemic traditions. This perspective offers a more nuanced and realistic understanding of human reasoning, recognizing its complex interplay with cognitive, social, and institutional factors."
H11,prose,Hard,Mistral,unsloth/mistral-7b-instruct-v0.3-bnb-4bit,1,1002,535,0,382,"In the exploration of personal identity, the psychological continuity view, as advanced by John Locke and further developed by Derek Parfit, provides a compelling explanation for survival and selfhood. This perspective maintains that the essence of personal identity lies not in the continuity of any physical or biological substrate, but in the enduring chains of memory, personality, and intention.

The psychological continuity view is supported by our intuitive responses to brain-transplant thought experiments. In such scenarios, we typically conclude that the individual's identity follows the transplanted brain rather than the body. This intuition underscores the significance of psychological elements, such as memories, personality traits, and intentions, in defining personal identity. The continuity of these psychological elements across the transplant process is what links the pre- and post-transplant entities as one continuous self.

Moreover, the biological continuity view, which posits that personal identity is tied to biological connectedness, falls short in accounting for the normative aspects of personal identity. For instance, our prudential concerns for our future selves and moral responsibilities for our past actions are grounded in psychological connectedness, not biological continuity. The psychological relations that define our sense of self and agency can persist even in cases of irreversible vegetative states, which lack the biological continuity often assumed to be essential for identity.

In contrast, Parfit's reductionist account, which posits that personal identity consists solely of psychological continuity and connectedness, offers a more coherent explanation for various identity-related phenomena. This approach dissolves apparent paradoxes in cases of fission and gradual psychological replacement. For example, in cases of fission, where a single individual is split into two genetically and physically distinct entities, Parfit's reductionism allows us to maintain that both entities share the original individual's identity, as they exhibit the requisite psychological continuity. Non-reductionist accounts, on the other hand, struggle to provide a consistent verdict in such cases, often resulting in arbitrary or counterintuitive conclusions.

In conclusion, the psychological continuity view, as championed by Locke and Parfit, offers a more compelling explanation for personal identity. By emphasizing the significance of memory, personality, and intention, it provides a basis for understanding identity that transcends physical or biological boundaries. Furthermore, its reductionist nature allows for a more coherent explanation of identity-related paradoxes, such as those encountered in cases of fission and gradual psychological replacement."
H12,prose,Hard,Mistral,unsloth/mistral-7b-instruct-v0.3-bnb-4bit,1,1002,530,0,399,"The argument that mathematical objects possess an objective existence, independent of human psychological or social construction, can be substantiated through several compelling claims.

First, the indispensability argument underscores the integral role of mathematical entities in our best scientific theories. These theories, such as quantum mechanics or general relativity, quantify over mathematical objects like numbers, sets, and functions. The empirical success of these theories, demonstrated by their ability to make accurate predictions and explain natural phenomena, provides strong evidence for the existence of these mathematical entities. A scientific realist who accepts the existence of electrons on the basis of theoretical indispensability would struggle to find principled grounds for rejecting the existence of mathematical objects on similar grounds. If the existence of electrons is justified by their indispensability in our scientific theories, then the existence of mathematical objects, which are equally indispensable, should be regarded as equally justified.

Second, the phenomenology of mathematical discovery provides further evidence for the objectivity of mathematical entities. Mathematicians often encounter unexpected theorems, experience failed proofs that are corrected by necessity rather than convention, and discover surprising connections across independently developed branches. These experiences suggest that mathematicians are not inventing arbitrary formal systems, but rather exploring a domain with a determinate structure. This structure, once uncovered, is not subject to human whim or convention, but rather exists objectively.

Third, nominalist alternatives that aim to eliminate mathematical objects in favor of physical inscriptions or mental constructions face technical objections. These nominalist accounts either fail to recover the full expressive power of standard mathematics or generate circularity by presupposing mathematical structure in the account meant to eliminate it. For instance, a nominalist might propose that mathematical objects are merely physical inscriptions. However, this view fails to account for mathematical objects like numbers, which have no physical instantiation. Alternatively, a nominalist might propose that mathematical objects are mental constructions. However, this view presupposes mathematical structure in the account meant to eliminate it, as it relies on the ability to construct mental images or manipulate symbols, both of which require an understanding of mathematical structure.

In conclusion, the indispensability argument, the phenomenology of mathematical discovery, and the technical challenges faced by nominalist alternatives collectively provide strong evidence for the objectivity of mathematical entities. This evidence suggests that mathematical objects exist independently of human psychological or social construction, and that they play a fundamental role in our understanding of the universe."
H13,prose,Hard,Mistral,unsloth/mistral-7b-instruct-v0.3-bnb-4bit,1,1002,606,0,400,"The replication crisis in psychology, a pervasive issue that questions the reliability and reproducibility of many psychological findings, suggests a systemic problem rooted in institutional and incentive structures rather than merely a methodological one.

Firstly, the proximate methodological failures, such as underpowered studies, p-hacking, HARKing (Hypothesizing After Results are Known), and selective outcome reporting, are not solely the result of individual researcher incompetence. Instead, these practices are rational responses to a publication incentive structure that systematically rewards novel positive results and penalizes replication attempts and null findings. The pressure to publish novel, significant findings in high-impact journals drives researchers to employ questionable practices, such as selectively reporting positive results or manipulating statistical analyses, to increase the chances of their work being published. Consequently, the replication crisis is a symptom of an institutional environment that incentivizes and rewards the production of novel, positive findings over rigorous, reproducible research.

Secondly, the peer review system, as currently constituted, provides insufficient verification of methodological adequacy. Peer reviewers, operating under time constraints and limited expertise, are ill-equipped to detect methodological inadequacies, flexible analytical choices that inflate false-positive rates, or failures to share data and pre-register research hypotheses. Moreover, the peer review process often focuses on novelty and significance rather than on methodological rigor, further exacerbating the replication crisis.

Thirdly, field-level interventions, such as pre-registration mandates, registered reports, open data requirements, and tenure criteria that weight replication, are necessary and sufficient to substantially reduce the false-positive rate. These interventions aim to increase transparency, promote reproducibility, and discourage questionable research practices by requiring researchers to pre-register their studies, share their data, and face consequences for failing to replicate others' findings. However, the slow adoption of these interventions is a coordination problem that individual researchers cannot solve without funding-body enforcement. This problem arises because these interventions are individually rational only if adopted collectively, as the costs of adopting them outweigh the benefits for any single researcher.

In conclusion, the replication crisis in psychology reveals a systemic problem rooted in institutional and incentive structures that reward novel positive findings and penalize replication attempts. The current peer review system provides insufficient verification of methodological adequacy, and field-level interventions are necessary to reduce the false-positive rate but are slow to adopt due to a coordination problem. To address these issues, funding bodies must enforce the adoption of these interventions, ensuring that research is conducted in a transparent, reproducible, and rigorous manner."
E15,prose,Easy,Mistral,unsloth/mistral-7b-instruct-v0.3-bnb-4bit,1,1002,596,0,455,"Engaging in the pursuit of learning to play a musical instrument as an adult offers a myriad of intellectual, emotional, and physical benefits that can significantly enrich one's life. Beyond the immediate joy and fulfillment derived from creating music, the process of learning an instrument provides a unique blend of cognitive, creative, and personal growth opportunities.

Firstly, the act of learning to play a musical instrument serves as an excellent exercise for both memory and hand-eye coordination. As adults, our daily routines often demand a high level of mental focus, leaving little room for activities that challenge our cognitive abilities. Learning an instrument, however, requires the simultaneous engagement of multiple brain functions, including short-term memory, problem-solving, and motor skills. By regularly practicing and perfecting a musical piece, adults can effectively stimulate their brains and improve overall cognitive function. This mental workout can be particularly beneficial for adults who are looking to maintain their cognitive sharpness as they age.

Secondly, playing a musical instrument provides a valuable creative outlet after work or school. In an increasingly fast-paced and technologically-driven world, finding time for self-expression and personal creativity can be challenging. However, learning to play an instrument offers an opportunity to escape the constraints of the daily grind and engage in a creative pursuit that is both rewarding and enjoyable. Whether it's playing a melody on the guitar, composing a piece on the piano, or experimenting with different sounds on a synthesizer, the creative possibilities are endless. This creative outlet can help adults unwind, reduce stress, and foster a deeper connection with their inner selves.

Lastly, the process of learning to play a musical instrument offers a steady sense of progress that can be both motivating and gratifying. As adults, it's essential to have a sense of accomplishment and growth in our lives. Learning an instrument allows us to set personal goals, such as mastering a particular technique, perfecting a difficult piece, or performing in front of an audience. Each small step towards mastering an instrument provides a tangible sense of progress, boosting self-confidence and encouraging perseverance. This steady progression can be a powerful motivator, inspiring adults to continue learning and pushing themselves to improve, even in the face of challenges or setbacks.

In conclusion, learning to play a musical instrument as an adult offers a multitude of benefits that extend far beyond the realm of music. From exercising memory and hand-eye coordination, providing a creative outlet, to offering a steady sense of progress, the process of learning an instrument can be a transformative experience. By engaging in this pursuit, adults can not only enhance their cognitive, creative, and personal development but also find joy, fulfillment, and a deeper understanding of themselves and the world around them."
E16,prose,Easy,Mistral,unsloth/mistral-7b-instruct-v0.3-bnb-4bit,1,1002,447,0,336,"Embracing the simple yet transformative shift towards walking or biking for short daily trips can significantly enhance one's lifestyle, fostering a more sustainable, healthier, and community-oriented existence. This choice not only benefits the environment and personal wallets but also promotes physical well-being and a deeper appreciation for the local community.

Firstly, the monetary advantages are undeniable. In an era of escalating fuel prices and ever-increasing parking costs, walking or cycling for short trips can substantially reduce transportation expenses. The absence of fuel consumption and diminished reliance on parking fees translate into substantial savings over time. These savings can be redirected towards other essential expenses or discretionary spending, ultimately contributing to a more financially secure and flexible life.

Secondly, this active mode of transportation provides a unique opportunity for daily exercise without the need for additional planning or time commitment. Walking and cycling are gentle yet effective forms of physical activity, offering numerous health benefits, including improved cardiovascular health, increased muscle strength, and enhanced mental well-being. By incorporating exercise into daily routines, individuals can maintain an active lifestyle without the need for dedicated exercise sessions, ultimately leading to better overall health and well-being.

Lastly, opting for walking or biking for short trips offers an intimate and engaging perspective of one's neighborhood. The absence of a vehicle's barrier allows individuals to witness and appreciate the intricacies of their community that are often missed when traveling by car. This enhanced awareness fosters a stronger connection to the neighborhood, fostering a sense of pride and belonging. By actively engaging with the local community, one can forge meaningful connections with neighbors, discover hidden gems, and gain a deeper understanding of the area's history and culture.

In summary, choosing to walk or bike for short trips offers a myriad of benefits, from financial savings to improved physical health and a deeper connection to the local community. This shift not only contributes to a more sustainable future but also enhances the quality of everyday life, fostering a healthier, more engaged, and community-oriented existence."
E17,prose,Easy,Mistral,unsloth/mistral-7b-instruct-v0.3-bnb-4bit,1,1002,474,0,388,"Engaging in a basic first aid course is an exceptional investment of your weekend, offering a multitude of benefits that extend far beyond the confines of the classroom. Not only does this course equip you with essential skills to manage common emergencies, but it also fosters a sense of calm confidence in stressful situations and comes at a modest financial and time commitment.

First and foremost, the knowledge acquired from a basic first aid course is invaluable in navigating a wide array of emergencies. From minor cuts and burns to more severe incidents such as cardiac arrests and choking, first aid training provides you with the practical know-how to respond effectively. By understanding and mastering basic life support techniques, you can potentially save lives or significantly reduce the severity of injuries until professional medical assistance arrives.

Moreover, the ability to remain calm and composed in stressful situations is a skill that transcends beyond first aid scenarios. The training you receive in a first aid course instills within you a sense of confidence and control, empowering you to make quick, informed decisions when the situation calls for it. In times of crisis, this sense of calm can be a beacon of hope for those around you, ensuring that everyone remains as safe and comfortable as possible.

Lastly, the convenience and affordability of a basic first aid course make it an effortless choice for a weekend activity. The course is typically short in duration, allowing you to fit it comfortably into your schedule without disrupting other commitments. Furthermore, the cost of the course is minimal when compared to the lifelong benefits it offers. Not only will you be better equipped to help those in need, but you will also gain peace of mind, knowing that you have the skills to respond effectively in an emergency.

In essence, investing a weekend in a basic first aid course is an investment in your personal growth, as well as the well-being of your community. By learning essential first aid skills, you are not only preparing yourself to act in emergencies but also building a foundation of calm confidence that can serve you well in all aspects of life. So, seize the opportunity to equip yourself with these vital skills and embark on a journey towards becoming a more capable, confident, and compassionate individual."
E18,prose,Easy,Mistral,unsloth/mistral-7b-instruct-v0.3-bnb-4bit,1,1002,631,0,448,"Engaging in the pastime of cultivating a small herb or vegetable garden at home is an enriching and fulfilling hobby that offers a myriad of benefits, both for the body and the mind. This pursuit not only grants you access to fresh produce right outside your door but also provides a relaxing retreat from the daily pressures of life and serves as an invaluable lesson in patience.

Firstly, one of the most tangible rewards of growing a home garden is the abundance of fresh, organic food that becomes readily available. By tending to your own patch of earth, you are able to harvest an assortment of herbs, vegetables, and fruits, thereby eliminating the need for store-bought produce. This self-sustaining practice not only saves money but also guarantees the consumption of fresh, nutrient-rich food that hasn't been subjected to potential chemical treatments or long transportation times. Furthermore, the knowledge of where your food comes from and the satisfaction of nurturing it from seed to table is an unparalleled feeling of accomplishment.

Secondly, tending to a home garden offers a much-needed respite from the daily stressors that life presents. The act of gardening, whether it be planting, watering, or weeding, provides a meditative experience that allows one to momentarily disconnect from the hustle and bustle of modern life. The rhythmic motions of gardening serve as a soothing balm for the soul, enabling individuals to recharge and find solace amidst the greenery. Moreover, the connection with nature fostered through gardening serves as a gentle reminder of the beauty and simplicity that can be found in the natural world.

Lastly, the cultivation of a home garden serves as an invaluable lesson in patience and perseverance. As a gardener, one must learn to adapt to the whims of nature, carefully observing and responding to the needs of their plants. This process of nurturing growth requires time, energy, and a willingness to learn from one's mistakes. The ability to witness the transformation of a seed into a thriving plant, and ultimately a bountiful harvest, imparts a sense of pride and fulfillment that transcends the physical realm. In this way, gardening serves as a metaphor for life's journey, teaching valuable lessons in patience, resilience, and the power of persistence.

In conclusion, the hobby of growing a small herb or vegetable garden at home offers a myriad of benefits, from providing fresh, organic produce to offering a tranquil escape from daily pressures. Moreover, tending to a home garden serves as an educational experience that instills patience and perseverance, thereby enriching one's life in both tangible and intangible ways. As such, I wholeheartedly advocate for the cultivation of a home garden as a rewarding and fulfilling pastime."
E19,prose,Easy,Mistral,unsloth/mistral-7b-instruct-v0.3-bnb-4bit,1,1002,526,0,389,"Engaging with a daily planner can transform one's life by providing a structured and organized approach to managing daily tasks and appointments. Herein, three compelling reasons are elucidated as to why writing down tasks is indispensable in maintaining a balanced and productive life.

Firstly, the act of committing tasks to a daily planner ensures that fewer tasks and appointments are forgotten. The human brain is prone to forgetfulness, especially when overwhelmed by the multitude of responsibilities that constitute modern life. By writing down tasks and appointments, one creates a tangible record that serves as a reliable reminder, alleviating the burden of mental recall. This not only prevents crucial tasks from slipping through the cracks but also instills a sense of security in one's ability to manage their life effectively.

Secondly, employing a daily planner facilitates mental clarity and relaxation. The mind is a powerful tool, but it can become bogged down by the weight of unwritten tasks and responsibilities. By externalizing these tasks through a daily planner, one can clear their mind and enjoy moments of rest and relaxation without the constant mental chatter of pending tasks. This mental respite is essential for maintaining mental health and well-being, as it allows the mind to recharge and approach tasks with renewed focus and energy.

Lastly, checking items off one's daily planner offers a tangible measure of progress and accomplishment. This visual representation of completed tasks provides a sense of satisfaction and motivation, encouraging one to continue tackling their to-do list with determination and perseverance. This sense of accomplishment serves as a powerful motivator, fostering a positive mindset and reinforcing the belief that one is capable of managing their life effectively. Moreover, checking items off one's planner offers a concrete demonstration of one's productivity, providing a quantifiable measure of one's accomplishments and growth.

In conclusion, engaging with a daily planner offers numerous benefits in maintaining a balanced and productive life. By forgetting fewer tasks and appointments, clearing one's mind for relaxation, and checking items off as they are completed, one can create a structured and organized approach to managing their life that fosters mental clarity, motivation, and a sense of accomplishment. Embracing a daily planner is an investment in one's personal and professional growth, providing the structure and accountability necessary to navigate the complexities of modern life with grace and resilience."
E20,prose,Easy,Mistral,unsloth/mistral-7b-instruct-v0.3-bnb-4bit,1,1002,493,0,369,"Engaging in board games with loved ones is an invaluable investment of time, fostering a unique blend of entertainment, camaraderie, and personal growth. I'd like to elucidate three compelling reasons why such activities are not only enjoyable but also enriching.

Firstly, board games serve as a catalyst for meaningful conversations and connections. The shared experience of navigating the game's challenges and triumphs invites participants to engage with one another on a deeper level. As players discuss strategies, negotiate alliances, or debate rules, they forge bonds that transcend the game itself. These interactions foster empathy, understanding, and mutual respect, ultimately strengthening relationships. The table becomes a platform for laughter, debate, and shared memories, making the time spent together incredibly precious.

Secondly, playing board games offers an opportunity to learn and practice good sportsmanship. Winning and losing gracefully are essential life skills that are often honed through such games. By learning to accept defeat with dignity and celebrate victories humbly, players develop resilience, patience, and a healthy sense of competition. These qualities are invaluable in various aspects of life, from professional settings to personal relationships. Furthermore, the cooperative nature of many board games encourages collaboration and teamwork, teaching players the importance of mutual support and understanding.

Lastly, board games present a cost-effective and enduring source of entertainment. Unlike many forms of modern entertainment, which often require expensive equipment or subscriptions, board games are a one-time investment that can be enjoyed again and again. They offer hours of fun, engaging players in a rich and dynamic world, without the need for additional resources or ongoing expenses. Moreover, board games cater to a wide range of interests, with countless titles available that span genres such as strategy, adventure, trivia, and more. This versatility ensures that there is a game suitable for every group, ensuring that the entertainment value remains high regardless of the participants' preferences.

In conclusion, the act of playing board games with loved ones is an investment of time that pays dividends in the form of strengthened relationships, enhanced life skills, and endless hours of affordable entertainment. By engaging in these shared experiences, we not only create cherished memories but also foster the personal and interpersonal growth that enriches our lives."
E21,prose,Easy,Mistral,unsloth/mistral-7b-instruct-v0.3-bnb-4bit,1,1002,481,0,349,"Learning how to swim is an invaluable skill that not only enhances one's personal safety but also offers numerous health benefits and opens up a world of recreational opportunities.

Firstly, swimming is an essential life skill that can significantly reduce the risk of accidents in and around water bodies. Whether you're lounging by the pool, hiking towards a secluded lake, or vacationing on the coast, being able to swim proficiently can save lives. Accidental falls into water are more common than one might think, and the ability to swim can mean the difference between a minor scare and a life-threatening situation. Moreover, children who learn to swim at a young age are less likely to drown in home swimming pools.

Secondly, swimming is a full-body workout that is gentle on the joints, making it an ideal exercise for people of all ages and fitness levels. It engages the muscles of the arms, legs, and core, while also promoting cardiovascular health. The buoyancy of the water helps reduce the impact on joints, making it a low-impact exercise that can help improve strength, flexibility, and endurance. Swimming also increases lung capacity and cardiovascular fitness, all while providing a fun and engaging workout.

Lastly, mastering the art of swimming opens up a plethora of recreational activities. From leisurely laps in the pool to exploring coral reefs while snorkeling, or even participating in water sports like surfing or kayaking, the aquatic world offers endless opportunities for adventure and enjoyment. Snorkeling, for instance, allows individuals to witness the beauty of underwater ecosystems, providing a unique and unparalleled experience. Water sports, on the other hand, offer a fun and exciting way to engage in physical activity, while also fostering camaraderie and sportsmanship.

In conclusion, learning how to swim is more than just a life-saving skill; it is a means to better health, a gateway to new experiences, and a valuable asset for anyone who enjoys spending time around water. By teaching everyone how to swim, we not only ensure their safety but also foster a love for the water and all the opportunities it offers."
M14,prose,Medium,Mistral,unsloth/mistral-7b-instruct-v0.3-bnb-4bit,1,1002,464,0,339,"Routine preventive maintenance of buildings and equipment is a proactive approach that demonstrates a clear cost-effectiveness in the long run. By investing in regular inspections and planned maintenance, organizations can significantly reduce expenses associated with expensive structural or mechanical failures, minimize unplanned downtime, and maximize the lifespan of their assets.

Firstly, scheduled inspections serve as an early warning system, allowing for the detection and resolution of small defects before they escalate into costly problems. For instance, a minor crack in a foundation might go unnoticed, but over time, it can lead to significant structural damage. By catching these minor issues during routine inspections, minor repairs can be performed at a minimal cost, preventing the need for costly and extensive repairs or replacements in the future.

Secondly, planned maintenance avoids the unplanned downtime and lost output that accompany sudden breakdowns. Equipment that is not regularly maintained can suffer from unexpected failures, causing disruptions in production and service. In contrast, assets that receive regular maintenance have a lower risk of sudden breakdowns, ensuring that operations can continue without interruption. This not only reduces costs associated with downtime but also maintains productivity and customer satisfaction.

Lastly, well-maintained assets last substantially longer, spreading their capital cost over more years of service. Assets that are regularly maintained are less likely to experience premature wear and tear, which increases their overall lifespan. By extending the lifespan of assets, organizations can depreciate their capital cost over a longer period, reducing the overall cost per unit of service. This not only results in a more cost-effective solution but also contributes to a more sustainable and environmentally-friendly approach by reducing waste and the need for frequent replacements.

In conclusion, routine preventive maintenance offers numerous benefits, including catching small defects before they escalate, avoiding unplanned downtime, and maximizing the lifespan of assets. By investing in regular inspections and maintenance, organizations can significantly reduce costs associated with expensive structural or mechanical failures, minimize disruptions in service, and ensure that their assets provide reliable and efficient service for a longer period."
M15,prose,Medium,Mistral,unsloth/mistral-7b-instruct-v0.3-bnb-4bit,1,1002,561,0,408,"Contribution to open-source software offers a myriad of benefits to organizations, fostering a symbiotic relationship between business interests and the broader software community. By embracing the open-source ethos, companies can not only enhance their internal operations but also bolster their external image and attract top talent.

Firstly, sharing code spreads the cost of maintenance across numerous contributors rather than shouldering it solely on one organization. In an open-source setting, a diverse group of developers collaborates to identify and rectify issues, thereby reducing the financial burden on a single entity. This collective effort not only alleviates financial strain but also ensures that the software remains up-to-date and secure. Furthermore, as the codebase grows, so does the pool of individuals capable of maintaining it, increasing the software's long-term sustainability.

Secondly, the public peer review of open-source source code significantly improves software quality and expedites the detection of potential security flaws. When developers contribute to open-source projects, their work is subject to scrutiny by fellow experts in the field. This rigorous review process helps identify and rectify coding errors, ensuring that the final product is of the highest quality. Additionally, the public nature of open-source projects allows for swift identification and resolution of security vulnerabilities, as countless pairs of eyes are continuously scanning the codebase. This proactive approach to security bolsters the integrity of the software and instills confidence in users, further enhancing the software's overall reputation.

Lastly, visible open-source contributions serve as a powerful testament to an organization's technical acumen and expertise, thereby strengthening its reputation within the broader software community. Employing open-source principles demonstrates a commitment to transparency, collaboration, and the advancement of technology. This public showcase of an organization's technical prowess can attract skilled engineers who are drawn to companies that prioritize innovation and knowledge sharing. Moreover, open-source contributions can also serve as a powerful recruiting tool, as potential hires are often impressed by an organization's involvement in the open-source community. By participating in open-source projects, companies can cultivate a positive image as leaders in their respective fields, making them more attractive to top engineering talent.

In conclusion, contributing to open-source software offers a multitude of advantages to organizations, including the distribution of maintenance costs, enhanced software quality through public peer review, and the strengthening of their technical reputation, which in turn aids in recruiting skilled engineers. By embracing open-source principles, companies can foster a collaborative environment, foster innovation, and bolster their standing in the competitive tech landscape."
M16,prose,Medium,Mistral,unsloth/mistral-7b-instruct-v0.3-bnb-4bit,1,1002,496,0,374,"The standardized shipping container, introduced in the mid-twentieth century, undeniably ranks among the most economically consequential innovations of the century. This groundbreaking invention revolutionized global trade and supply chains, reshaping the economic landscape on a grand scale.

Firstly, containerization significantly reduced labor and time expenditure at ports. Traditional methods of loading and unloading cargo were labor-intensive and time-consuming, often requiring manual handling and repacking at every transfer point between ships, trains, and trucks. In contrast, the standardized container allows for easy loading and unloading, as the containers can be lifted mechanically with cranes and forklifts. This efficiency not only reduced the physical labor required but also expedited the cargo handling process, thus increasing productivity and reducing costs.

Secondly, the adoption of a common container size was a pivotal factor in enabling integrated global supply chains. Prior to the advent of containers, goods had to be repacked for transportation between different modes of transport, leading to inefficiencies and delays. The standardized size of shipping containers ensured that goods could move seamlessly between ships, trains, and trucks without the need for repacking. This intermodal transportation enabled a more streamlined and efficient flow of goods, connecting various parts of the world into a single, interconnected global supply chain.

Lastly, the sealed nature of shipping containers played a crucial role in reducing theft and damage in transit. The enclosed design and secure sealing of containers significantly reduced the risk of theft and pilferage, thus lowering insurance costs for shippers. Additionally, the protection provided by the containers helped to minimize damage to goods during transportation, particularly for fragile or perishable items. This reduced handling costs, as there was no need for additional packaging or damage control measures.

In summary, the standardized shipping container has been a transformative innovation in the realm of global trade. By reducing labor and time required to load and unload cargo, enabling integrated global supply chains, and lowering theft and damage costs, the container has played an essential role in facilitating the rapid expansion and interconnectedness of the global economy in the latter half of the twentieth century. The container's impact on efficiency, productivity, and cost savings continues to be felt in the modern world, making it an undeniably significant innovation of the twentieth century."
M17,prose,Medium,Mistral,unsloth/mistral-7b-instruct-v0.3-bnb-4bit,1,1002,437,0,335,"The invaluable contributions of citizen science projects to scientific research are multifold and indisputable, reshaping the landscape of scientific inquiry and broadening the scope of data collection and analysis.

Firstly, citizen science projects harness the collective power of volunteers, enabling data collection across vast geographic areas and extensive time spans that professional teams could not achieve single-handedly. For instance, long-running bird counts, such as the Christmas Bird Count organized by the National Audubon Society, rely on volunteers who record bird species and populations in their local areas each year. Over several decades, this amalgamated data provides invaluable insights into bird migration patterns, population trends, and ecological shifts, offering a comprehensive perspective that would be impossible for a small team to replicate.

Secondly, citizen science projects are indispensable in processing massive datasets, particularly in the realm of image and audio classification. Online volunteers can quickly sift through and classify large datasets of galaxy photographs, for example, at a speed that small research groups could not match. Projects like Galaxy Zoo and Old Weather utilize the collective wisdom of volunteers to analyze and categorize vast quantities of data, thereby accelerating scientific discovery and enabling researchers to unravel complex phenomena more efficiently.

Lastly, and perhaps most importantly, citizen science projects foster a profound sense of public engagement and scientific literacy. By participating in these projects, individuals gain a firsthand understanding of the scientific method, learn how evidence is gathered, and develop critical thinking skills. This enhanced scientific understanding translates into a more informed and engaged public, empowering citizens to make informed decisions based on evidence rather than misinformation.

In conclusion, citizen science projects make genuine and substantial contributions to scientific research, enabling data collection in areas and over time scales that professional teams could not reach, processing massive datasets at unprecedented speeds, and fostering public scientific literacy and evidence-based decision making. As such, citizen science projects represent a powerful tool for advancing our collective understanding of the world and solving some of the most pressing challenges we face."
M18,prose,Medium,Mistral,unsloth/mistral-7b-instruct-v0.3-bnb-4bit,1,1002,524,0,386,"Structured code review, a practice where developers scrutinize each other's code changes before they are merged into the main codebase, significantly enhances the quality of software produced by engineering teams. Here's an exposition of three compelling reasons that underscore this assertion.

Firstly, code reviews enable the detection of defects prior to the release of software, a critical juncture when the cost of fixing errors skyrockets. Early identification of defects during the review process allows developers to rectify issues at minimal expense, reducing the probability of encountering costly bugs that may negatively impact users in production. Reviewers, with a fresh perspective, can identify potential logical flaws, inconsistencies, or missing edge cases that may have gone unnoticed by the original developer. This proactive approach to error handling results in more robust and reliable software, ultimately ensuring a smoother user experience.

Secondly, code reviews disseminate knowledge of the codebase among team members, fostering a shared understanding of the system's intricacies. By regularly reviewing each other's changes, developers gain insights into how various components of the codebase function and interact. This collective knowledge reduces the reliance on single experts, ensuring that the team as a whole can maintain and evolve the software effectively. In addition, when new developers join the team, they can quickly ramp up to speed by analyzing existing code reviews, learning from the collective wisdom of the team, and gradually becoming proficient in the codebase.

Thirdly, consistent coding standards are essential for the maintainability and scalability of software over time. Code reviews provide an opportunity to enforce coding standards, ensuring that the codebase remains clean, readable, and modular. A unified coding style simplifies the process of navigating the codebase, aiding developers in locating and modifying specific components. Furthermore, a well-structured codebase with clear comments and documentation makes it easier for new developers to contribute and existing developers to understand the system's underlying architecture. This emphasis on maintainability ensures that the software remains viable and adaptable as it evolves over time.

In conclusion, structured code reviews offer myriad benefits to engineering teams, such as the early detection and resolution of defects, the dissemination of knowledge across the team, and the enforcement of consistent coding standards. By integrating code reviews into their development workflow, engineering teams can produce higher-quality software, fostering a more efficient and effective software development process."
M19,prose,Medium,Mistral,unsloth/mistral-7b-instruct-v0.3-bnb-4bit,1,1002,540,0,372,"In the realm of high-stakes professions such as aviation and surgery, the implementation of written checklists has proven to be an indispensable tool in mitigating preventable errors. This is primarily due to three salient reasons: checklists reduce reliance on memory for crucial yet routine steps, standardize communication within teams, and demonstrate measurable reductions in complications after adoption, as evidenced by numerous studies and the World Health Organization's (WHO) surgical safety checklist.

Firstly, checklists serve to diminish the reliance on memory for routine but critical steps, especially under conditions of stress and fatigue. The human brain, despite its remarkable capacity for complex cognitive functions, is susceptible to lapses, particularly in high-pressure situations. Checklists provide a tangible, easily accessible guide that ensures vital steps are not overlooked or forgotten. By serving as a reliable external aid, they allow professionals to focus on the immediate demands of their tasks, reducing the likelihood of errors that might otherwise be attributed to memory failures.

Secondly, checklists play a pivotal role in standardizing communication within teams. In the fast-paced environments of aviation and surgery, miscommunication can have catastrophic consequences. Checklists offer a defined moment for each team member to raise concerns, ask questions, or offer information, fostering a culture of transparency and collaboration. This not only increases the overall efficiency of the team but also contributes to a safer working environment, as potential issues can be addressed proactively before they escalate into serious problems.

Lastly, the adoption of checklists has yielded demonstrable results in terms of reducing complications in various high-stakes professions. A notable example is the WHO's surgical safety checklist, which has been shown to reduce complications, mortality, and surgical site infections in a multitude of surgical settings worldwide. The checklist promotes a structured approach to surgery, ensuring that critical preoperative, intraprocedural, and postoperative steps are consistently followed, thus reducing preventable errors and improving patient outcomes.

In conclusion, the employment of written checklists in high-stakes professions such as aviation and surgery is an invaluable strategy for reducing preventable errors. By diminishing the reliance on memory for critical steps, standardizing communication within teams, and demonstrating measurable reductions in complications, checklists have proven to be a potent weapon in the ongoing quest for safety and excellence in these professions."
M20,prose,Medium,Mistral,unsloth/mistral-7b-instruct-v0.3-bnb-4bit,1,1002,548,0,410,"The advancements in weather forecasting over the past few decades have undeniably generated substantial economic value across various sectors, significantly improving productivity, minimizing losses, and ensuring public safety.

Firstly, agricultural sector benefits profoundly from enhanced weather predictions. By providing more accurate forecasts, farmers can strategically time planting, irrigation, and harvesting to optimize crop yields and reduce crop losses. For instance, if a forecast predicts a prolonged period of drought, farmers can adjust their irrigation strategies to conserve water and protect their crops. Conversely, if a heavy rainfall is predicted, they can adjust their planting schedules to avoid planting in saturated soil that may lead to root rot or other fungal diseases. This increased precision in planting and irrigation decisions can lead to increased crop production and reduced waste, translating to economic gains for farmers and food security for consumers.

Secondly, the ability to predict severe storms with greater accuracy has a direct impact on public safety, property preservation, and insurance costs. Earlier warnings of storms enable residents to evacuate their homes, businesses to secure valuable assets, and emergency responders to better prepare for the impact of the storm. This proactive approach significantly reduces property damage and loss of life. For instance, in the aftermath of Hurricane Harvey in 2017, improved storm tracking and prediction systems allowed authorities to issue timely evacuation orders, saving thousands of lives and reducing the overall damage to property.

Lastly, the aviation, shipping, and electricity sectors also reap the benefits of improved weather forecasting. These industries rely on accurate weather predictions to plan routes, manage supply chains, and balance demand and supply more efficiently. For example, airlines can adjust their flight paths to avoid turbulence and reduce fuel consumption, while shipping companies can alter their sailing routes to avoid storms and ensure timely deliveries. Similarly, electricity grid operators can anticipate power outages caused by severe weather and reroute power to unaffected areas, ensuring a more reliable power supply for consumers. This increased efficiency leads to cost savings, improved customer satisfaction, and enhanced competitiveness for these industries.

In conclusion, the advancements in weather forecasting have demonstrably produced significant economic value across multiple sectors. By enabling more precise crop planning, reducing property damage and loss of life, and increasing operational efficiency, these improvements have translated to tangible economic benefits, improved safety, and enhanced productivity. As technology continues to evolve and weather forecasting systems become more sophisticated, we can anticipate even greater economic returns and a more resilient society."
H14,prose,Hard,Mistral,unsloth/mistral-7b-instruct-v0.3-bnb-4bit,1,1002,581,0,436,"In the quest to understand causation, the debate revolves around whether causal relations can be reduced to mere regular succession between types of events, or if there exists a more nuanced explanation. To defend the thesis that causation cannot be adequately analyzed as regular succession, we will discuss three claims: the limitations of regularity accounts, the benefits of interventionist accounts, and the epistemic significance of randomized controlled experiments.

Firstly, regularity accounts, which posit that a causal relation exists when one event consistently follows another, face a significant challenge in distinguishing genuine causal relations from accidental or common-cause correlations. A classic example is the correlation between a falling barometer reading and an approaching storm. The two events regularly occur together, but it is clear that the barometer reading does not cause the storm; instead, both events are influenced by the same underlying atmospheric conditions. Regularity accounts fail to capture the asymmetry between the cause and effect, where the cause has the power to produce the effect but not vice versa.

Secondly, interventionist accounts, as proposed by Woodward, provide a more sophisticated explanation of causation. Interventionist accounts identify causal relations with dependencies that remain invariant under ideal interventions on the putative cause. By manipulating the cause while holding other factors constant, we can isolate the specific effect that the cause produces. This approach allows for a more accurate understanding of causal relationships, as it accounts for the role of the causal mechanism and the influence of potential confounding variables.

Thirdly, the interventionist account sheds light on the epistemic privilege of randomized controlled experiments, whose design approximates an ideal intervention by severing the putative cause from its ordinary antecedents. In a randomized controlled experiment, researchers randomly assign subjects to either a treatment group or a control group, thereby isolating the effect of the treatment variable from other potential confounding variables. This design allows for a more accurate estimation of the causal effect of the treatment, as it approximates the ideal intervention that manipulates the cause while holding other factors constant.

In conclusion, regularity accounts fall short in distinguishing genuine causal relations from accidental or common-cause correlations. Interventionist accounts, on the other hand, offer a more nuanced explanation by identifying causal relations with dependencies that remain invariant under ideal interventions on the putative cause. Furthermore, the interventionist account provides insights into the epistemic privilege of randomized controlled experiments, whose design approximates an ideal intervention, thereby enabling a more accurate estimation of causal effects. This defense of the thesis underscores the importance of considering the role of causal mechanisms and the influence of potential confounding variables in our understanding of causation."
H15,prose,Hard,Mistral,unsloth/mistral-7b-instruct-v0.3-bnb-4bit,1,1002,586,0,433,"In the pursuit of understanding the biological function of traits, it is crucial to consider the etiological perspective, which offers a more comprehensive and normative approach than a purely causal-role analysis. This argument is grounded in three key claims: the normativity of function, the objectivity of functional attribution, and the explanatory force of functional claims.

First, selected-effect accounts provide a compelling explanation for the normativity inherent in the concept of biological function. These accounts identify a trait's function with the effect for which its ancestors were selected. This approach offers an insight into the possibility of malfunction, a concept that is difficult to accommodate within a purely dispositional analysis. Malfunction, or the deviation from a normative standard, is a critical aspect of biological function, as it signifies the breakdown or dysfunction of a trait. By tracing a trait's function to its selected effect, we can account for the normativity that is intrinsic to biological function, as a trait's function is not merely what it currently does, but what it was historically selected to do.

Second, causal-role accounts, following the framework proposed by Cummins, struggle to distinguish a trait's function from its accidental effects without resorting to a subjective, relativistic perspective. In essence, these accounts define a trait's function based on the causal role it plays in the organism's overall functioning. However, this definition risks conflating a trait's function with any accidental effects it may have, thereby surrendering the objectivity of functional attribution. By relativizing function to the explanatory interests of the investigator, the objectivity of functional claims becomes questionable, as the same trait could be deemed to serve different functions in different contexts or by different observers.

Third, etiological accounts alone can vindicate the explanatory force of functional claims. This is because citing a trait's selected effect answers the historical question of why the trait is present rather than merely describing what it currently does. By explaining the historical process of selection that led to the emergence and maintenance of a trait, etiological accounts provide a deeper and more comprehensive understanding of the trait's function. This historical explanation offers a compelling answer to the ""why-question,"" providing a causal explanation for the presence of the trait that goes beyond a mere description of its current causal role.

In conclusion, the etiological perspective offers a more robust and normative approach to the analysis of biological function. By accounting for the normativity of function, preserving the objectivity of functional attribution, and vindicating the explanatory force of functional claims, the etiological approach provides a more comprehensive and satisfying understanding of biological function compared to purely causal-role analyses."
H16,prose,Hard,Mistral,unsloth/mistral-7b-instruct-v0.3-bnb-4bit,1,1002,574,0,429,"In the realm of epistemology, the thesis that knowledge acquired through testimony cannot be reduced to knowledge grounded in the hearer's own perception, memory, and inductive inference presents a compelling argument. This thesis is supported by three interconnected claims: the practical impossibility of individual verification, the cognitive development of children, and the division of cognitive labor in contemporary science.

Firstly, the practical impossibility of individual verification, as argued by Coady, underscores the inherent limitations in our ability to verify the reliability of sources that underpin our ordinary beliefs. In the vast expanse of human knowledge, no single individual is equipped to independently verify the credentials, track record, and credibility of more than a small fraction of the sources that contribute to their beliefs. This is due to the sheer volume of information and the specialized nature of knowledge in various domains. As such, a reductionist justification of testimony—one that requires each piece of testimonial knowledge to be traceable to one's own perception, memory, or inductive inference—is unattainable in practice.

Secondly, the cognitive development of children serves as a compelling example of the dependence on testimony for acquiring knowledge. Before children develop the inferential resources necessary for reductionist justification, they rely heavily on testimony to build their foundational knowledge. For instance, young children are taught about historical events, scientific concepts, and cultural norms through the testimony of parents, teachers, and other authoritative sources. This dependence on testimony persists even as children develop their cognitive abilities, as they continue to learn from various sources throughout their lives.

Thirdly, the division of cognitive labor in contemporary science, analyzed by Hardwig, further emphasizes the epistemic dependence on testimonial trust. In the intricate web of scientific knowledge, researchers often rely on the results and findings of colleagues whose work they cannot personally verify. This division of labor is essential for the advancement of scientific knowledge, as it allows for the exploration of specialized domains and the pooling of resources and expertise. Consequently, the knowledge acquired through scientific inquiry, which forms a significant portion of our collective knowledge, rests on an irreducible foundation of testimonial trust.

In conclusion, the practical impossibility of individual verification, the cognitive development of children, and the division of cognitive labor in contemporary science collectively support the thesis that knowledge acquired through testimony cannot be reduced to knowledge grounded in the hearer's own perception, memory, and inductive inference. While this thesis may encounter counterarguments, the aforementioned claims provide a strong foundation for understanding the inherent epistemic dependence on testimonial trust in our everyday lives and in the scientific pursuit of knowledge."
H17,prose,Hard,Mistral,unsloth/mistral-7b-instruct-v0.3-bnb-4bit,1,1002,467,0,357,"Idealized scientific models, despite containing known falsehoods, play a pivotal role in our understanding of natural phenomena by isolating and highlighting the fundamental mechanisms that drive those phenomena. These idealizations, such as frictionless planes, infinite populations, and point masses, serve to simplify complex systems by removing factors that do not significantly contribute to the explanatory structure of the phenomenon at hand. By deliberately eliminating non-essential factors, these models allow us to focus on the core differences that matter, thereby enhancing our comprehension of the underlying processes.

The essence of scientific understanding lies in grasping patterns of counterfactual dependence, which idealized models can accurately represent, even when their literal assumptions are untrue. An idealized model, by its very nature, is an abstraction that isolates the variables of interest and holds all other factors constant. This abstraction enables us to observe and analyze the relationships between the variables in a controlled and consistent manner. By considering how the variables would behave under different conditions, we can gain insights into the underlying causal structure of the phenomenon, even if those conditions do not exist in reality.

Minimal-model explanations, as analyzed by Batterman, further illustrate the power of idealized models in accounting for universal behavior across physically heterogeneous systems. These explanations are characterized by their ability to explain the behavior of a wide range of systems using only a small set of principles. By omitting the microscopic details that differ between those systems, minimal-models focus on the essential features that all systems share, allowing us to derive the behavior of any system from a small set of fundamental principles. This approach enables us to develop explanations that are both parsimonious and powerful, providing a deep understanding of the natural world that goes beyond mere description.

In conclusion, idealized scientific models, despite containing known falsehoods, can provide genuine understanding of natural phenomena by isolating difference-making factors, representing patterns of counterfactual dependence, and accounting for universal behavior across physically heterogeneous systems. By simplifying complex systems and focusing on essential features, these models enable us to gain insights into the underlying mechanisms that drive natural phenomena, thereby enhancing our overall understanding of the world."
H18,prose,Hard,Mistral,unsloth/mistral-7b-instruct-v0.3-bnb-4bit,1,1002,515,0,371,"In the pursuit of understanding the distinctiveness of practical knowledge, also known as 'knowing how', from propositional knowledge, or 'knowing that', we delve into three compelling claims that support the thesis of their non-reducibility.

Firstly, Ryle's regress argument provides a persuasive foundation for this thesis. Ryle argues that if every intelligent performance necessitates first contemplating a proposition, then the act of applying that proposition would itself require further propositional knowledge. This creates an infinite regress, as the application of each proposition requires another proposition to be known, leading to an endless chain of propositions. This infinite regress, Ryle suggests, is a logical impossibility, indicating that practical knowledge cannot be reduced to propositional knowledge alone.

Secondly, skilled performance involves a context-sensitive responsiveness to particular situations that outstrips any finite set of propositions an agent could articulate or endorse. Skilled performers exhibit an intuitive understanding of their environment and the tasks at hand, which often cannot be fully articulated in propositional terms. For instance, a skilled pianist does not merely know that certain keys should be pressed in a specific sequence to play a piece; they also know how to adjust their performance to account for factors such as the acoustics of the room, the condition of the piano, and even the audience's reactions. This level of adaptability and responsiveness to specific situations cannot be captured by a finite set of propositions.

Thirdly, neuropsychological dissociations, such as the case of amnesic patients who can acquire new motor skills without explicit memory of having practiced them, demonstrate that practical and propositional knowledge can come apart. These patients, who have lost their explicit memory due to brain damage, are still able to learn new motor skills, such as tying shoelaces or playing a musical instrument. This suggests that the knowledge involved in these skills is distinct from explicit, propositional knowledge, as the patients cannot articulate or endorse the propositions that guide their performance.

In conclusion, the non-reducibility of practical knowledge to propositional knowledge is supported by Ryle's regress argument, the context-sensitive responsiveness of skilled performance, and the neuropsychological dissociations observed in patients with amnesia. These claims suggest that practical knowledge is a unique form of knowledge, distinct from propositional knowledge, and essential for intelligent performance."
H19,prose,Hard,Mistral,unsloth/mistral-7b-instruct-v0.3-bnb-4bit,1,1002,576,0,389,"The loss of biodiversity poses a significant threat to the long-term stability and functioning of ecosystems, as it compromises the resilience, redundancy, and balance within these complex systems. To elucidate this argument, let's delve into three key concepts: the insurance hypothesis, functional redundancy, and the impact of keystone species extinctions.

The insurance hypothesis posits that diverse communities are more resilient to environmental fluctuations due to the unique traits and responses of individual species. In essence, a community with a broad array of species acts as an insurance policy against adverse conditions. For instance, some species may thrive in times of drought while others excel in periods of high precipitation. Thus, a more diverse community maintains stable aggregate productivity across a broader range of environmental conditions, ensuring that ecosystems can continue functioning even as environmental parameters shift.

Functional redundancy, another crucial aspect of biodiversity, refers to the phenomenon in which multiple species perform similar ecological roles within an ecosystem. This redundancy acts as a buffer against the loss of any single species, as other species can step in to maintain the ecosystem's balance. However, as species are removed, the buffer erodes, leaving the ecosystem more vulnerable to disruptions and less capable of recovering from disturbances. For example, in a forest ecosystem, several species may act as decomposers, breaking down dead plant material and recycling nutrients. If one of these decomposer species is lost, the ecosystem may struggle to maintain a healthy nutrient cycle, potentially leading to a decline in overall ecosystem health.

The loss of keystone species can have far-reaching consequences, as demonstrated by the decline of sea otters and the subsequent proliferation of sea urchins in kelp forests. Sea otters, being keystone predators, regulate the sea urchin population, preventing them from overgrazing kelp forests. When sea otters were hunted to near-extinction, sea urchins were able to multiply unchecked, consuming the kelp at an unsustainable rate. This led to the collapse of the kelp forest ecosystem, demonstrating how the effects of a single extinction can propagate through an entire community.

In conclusion, the loss of biodiversity undermines the long-term stability and functioning of ecosystems by compromising their resilience, redundancy, and balance. The insurance hypothesis, functional redundancy, and the impact of keystone species extinctions all underscore the importance of preserving biodiversity to maintain the health and sustainability of our planet's ecosystems."
S1,short,Easy,Mistral,unsloth/mistral-7b-instruct-v0.3-bnb-4bit,1,1002,140,0,108,"The sky appears blue during the day due to a phenomenon called Rayleigh scattering. When sunlight, which is made up of different colored wavelengths, interacts with the Earth's atmosphere, shorter wavelengths like blue and violet light are scattered in all directions more than longer wavelengths like red, yellow, and green. However, our eyes are more sensitive to blue light and less sensitive to violet light, which causes the sky to appear blue to us. Additionally, sunlight reaches us more directly from the sun's white light, while the scattered blue and violet light from the sky is spread out over a larger area, making the blue hue more noticeable."
S2,short,Easy,Mistral,unsloth/mistral-7b-instruct-v0.3-bnb-4bit,1,1002,69,0,54,"Ice floats on liquid water due to a unique property called density. As water freezes, it expands and forms ice crystals, which are less dense than liquid water. This lower density causes ice to float on the denser liquid water, allowing aquatic life to survive in frigid conditions by remaining above the freezing water."
S3,short,Easy,Mistral,unsloth/mistral-7b-instruct-v0.3-bnb-4bit,1,1002,109,0,78,"A rainbow forms when sunlight refracts, or bends, as it passes through water droplets in the atmosphere. As the sunlight is refracted, it also undergoes dispersion, causing the different wavelengths of light (colors) to separate. The rainbow appears as a circular arc in the sky when the light, the observer, and the water droplets are all aligned. The number of visible colors in a rainbow depends on the size of the water droplets and the angle of observation."
S4,short,Medium,Mistral,unsloth/mistral-7b-instruct-v0.3-bnb-4bit,1,1002,190,0,131,"Earth has seasons due to its axial tilt, which is approximately 23.5 degrees relative to its orbit around the Sun. This tilt causes the Sun's rays to hit Earth at different angles at different times of the year, resulting in variations in the amount of solar energy received by different parts of the planet. This uneven distribution of sunlight leads to the seasons: summer solstice (longest day and shortest night) in the northern hemisphere, winter solstice (shortest day and longest night) in the northern hemisphere, and opposite seasonal patterns in the southern hemisphere. The Earth's elliptical orbit around the Sun also contributes to seasonal temperature variations, with Earth being closer to the Sun during its orbit's perihelion (closest point) in January, and farther away during the aphelion (farthest point) in July."
S5,short,Medium,Mistral,unsloth/mistral-7b-instruct-v0.3-bnb-4bit,1,1002,145,0,114,"Ocean tides are primarily caused by the gravitational pull of the Moon and to a lesser extent, the Sun. As the Earth rotates on its axis, it orbits the Sun, creating two tidal bulges in the ocean. The Moon's closer proximity exerts a stronger gravitational force, causing one tidal bulge to form on the side of the Earth facing the Moon. The second bulge is on the opposite side of the Earth due to the Moon's influence. The Sun also contributes to tidal action, but its effects are less pronounced due to its greater distance from Earth. The combined gravitational forces of the Moon and Sun create the rise and fall of ocean tides."
S6,short,Easy,Mistral,unsloth/mistral-7b-instruct-v0.3-bnb-4bit,1,1002,106,0,68,"Bread dough rises before baking due to the action of yeast, a single-celled microorganism, or baking powder/soda (for quick breads). These leavening agents release gases (primarily carbon dioxide) as they interact with water and other ingredients in the dough. The gases expand, creating bubbles, which cause the dough to increase in size, resulting in a light and airy texture when baked. This process is called fermentation or leavening."
S7,short,Medium,Mistral,unsloth/mistral-7b-instruct-v0.3-bnb-4bit,1,1002,96,0,79,"A black hole is an object in space where gravity is so strong that nothing, not even light, can escape its pull. This extreme gravitational force arises from a massive object, like a collapsed star, being compressed into a tiny space, creating a region with no boundaries or edges. Black holes can't be seen directly because they don't emit or reflect light, but their presence can be detected by observing the effects they have on nearby matter and radiation."
S8,short,Medium,Mistral,unsloth/mistral-7b-instruct-v0.3-bnb-4bit,1,1002,123,0,103,"A metal spoon tends to feel colder than a wooden spoon because metal is a better conductor of heat than wood. This means that heat can more easily escape from a metal spoon, making it feel colder to the touch. In contrast, a wooden spoon is a poor conductor of heat, so it retains more heat from the surrounding environment and feels warmer. This difference in thermal conductivity is due to the microscopic structure of the materials: metal has free electrons that can move around and carry heat, while the molecules in wood are more tightly bound and less able to conduct heat."
S9,short,Medium,Mistral,unsloth/mistral-7b-instruct-v0.3-bnb-4bit,1,1002,116,0,86,"A refrigerator keeps food cold by using the principle of thermodynamics. Inside the refrigerator, a refrigerant (usually freon) is compressed and heated, then allowed to expand and cool in a series of coils. This process cools the refrigerant, which then circulates and cools the interior of the refrigerator. The cooled air then rises and is replaced by warmer air from the interior, creating a continuous cooling cycle. The refrigerator door is sealed to maintain this temperature difference, keeping the inside cold and preventing heat from entering."
S10,short,Easy,Mistral,unsloth/mistral-7b-instruct-v0.3-bnb-4bit,1,1002,134,0,94,"Photosynthesis is a vital process for plants, algae, and certain bacteria. It allows these organisms to convert sunlight, carbon dioxide, and water into glucose (a type of sugar) and oxygen. This energy-rich glucose is used as food for the plant's growth and reproduction, while the oxygen produced is released into the atmosphere, which is essential for most forms of life on Earth to survive. In essence, photosynthesis is the primary process that supports the survival, growth, and diversity of plant life, while also contributing to the overall balance of gases in the Earth's atmosphere."
S11,short,Easy,Mistral,unsloth/mistral-7b-instruct-v0.3-bnb-4bit,1,1002,117,0,78,"In autumn, the leaves of many trees change color due to a process called photosynthesis. During the growing season, leaves produce chlorophyll, the green pigment that absorbs sunlight for photosynthesis. As days get shorter and cooler, the production of chlorophyll slows down, allowing other pigments such as carotenes and anthocyanins, which are yellow, orange, and red, to become visible. These pigments give the leaves their vibrant colors of red, orange, and yellow before they fall off the tree."
S12,short,Easy,Mistral,unsloth/mistral-7b-instruct-v0.3-bnb-4bit,1,1002,165,0,120,"Weather and climate are closely related yet distinct concepts that describe the atmospheric conditions in specific locations and over extended periods, respectively. Weather refers to short-term atmospheric conditions such as temperature, precipitation, wind, and humidity in a particular area at a given time. It can change rapidly and is influenced by local factors like geography and topography. In contrast, climate is the long-term pattern of weather in a region, typically over a period of 30 years or more. It is determined by factors like latitude, altitude, ocean currents, and atmospheric circulation. While weather is often unpredictable, climate provides a broader understanding of the average atmospheric conditions in a given area, helping us anticipate long-term trends and adapt to environmental changes."
S13,short,Easy,Mistral,unsloth/mistral-7b-instruct-v0.3-bnb-4bit,1,1002,131,0,108,"A magnetic compass shows direction by aligning with the Earth's magnetic field. The Earth's magnetic field is created by its molten iron core, and it acts like a giant magnet. The magnetic north pole of the compass needle points towards the magnetic north pole of the Earth. This alignment allows the compass to show the magnetic north, which is approximately the same as the geographical north (North Pole) but not exactly the same due to geographic variations in the Earth's magnetic field. This alignment allows the compass to indicate the direction of north, and by extension, the direction of travel if the compass is moving with the user."
S14,short,Medium,Mistral,unsloth/mistral-7b-instruct-v0.3-bnb-4bit,1,1002,93,0,78,"Inflation in economics refers to a sustained increase in the general price level of goods and services within an economy over a specific period. This rise in prices reduces the real value of currency and increases the overall cost of living, as each unit of currency buys fewer goods and services compared to its previous purchasing power. It's essential to maintain a balance between inflation and deflation, as both extremes can negatively impact an economy's growth and stability."
S15,short,Easy,Mistral,unsloth/mistral-7b-instruct-v0.3-bnb-4bit,1,1002,117,0,85,"The Moon appears to go through phases due to the alignment of Earth, Moon, and Sun. As the Moon orbits Earth, it's simultaneously moving in its 29.5-day orbit and rotating on its axis. The side of the Moon facing the Sun is illuminated, creating a lit hemisphere visible from Earth, which we observe as the Moon's various phases—from a thin crescent to a full circle. The changing phases reflect the amount of Sunlight being reflected from the Moon's surface that we can see from Earth."
S16,short,Easy,Mistral,unsloth/mistral-7b-instruct-v0.3-bnb-4bit,1,1002,93,0,72,"An algorithm is a step-by-step procedure or recipe for solving a problem or accomplishing a specific task. It is a set of unambiguous instructions that can be followed to achieve a desired result. Algorithms are used in various fields, including computer science, mathematics, engineering, and even cooking, to create efficient and reliable solutions to complex problems. Essentially, an algorithm is a logical, systematic approach to completing a task or achieving a goal."
S17,short,Medium,Mistral,unsloth/mistral-7b-instruct-v0.3-bnb-4bit,1,1002,88,0,73,"Salt is spread on icy roads in winter for several reasons. Primarily, it lowers the freezing point of water, making it more difficult for ice to form on the road surface. This is beneficial as it helps prevent the formation of new ice and helps break up existing ice. Additionally, salt also increases friction between the tires of vehicles and the road surface, reducing the likelihood of skidding and accidents on icy roads."
S18,short,Hard,Mistral,unsloth/mistral-7b-instruct-v0.3-bnb-4bit,1,1002,96,0,72,"Airplane wings generate lift by harnessing the principle of Bernoulli's theorem. The wing's curved shape causes air to flow faster over the top surface than the bottom surface. This speed difference creates a pressure difference: lower pressure above the wing and higher pressure below. The resulting upward pressure difference, or lift, propels the airplane upward as it moves forward through the air. This principle allows airplanes to take off, fly, and land."
S19,short,Medium,Mistral,unsloth/mistral-7b-instruct-v0.3-bnb-4bit,1,1002,119,0,81,"DNA (Deoxyribonucleic Acid) is the hereditary material in cells. It carries the instructions needed for the growth, development, and reproduction of all living organisms. DNA molecules are found in the nucleus of the cell, and some in mitochondria, and are the blueprint for creating proteins, which are essential for the cell's structure and function. Each DNA molecule contains a set of genes, and these genes carry the instructions for making specific proteins, which are essential for the organism's function and survival."
S20,short,Hard,Mistral,unsloth/mistral-7b-instruct-v0.3-bnb-4bit,1,1002,83,0,62,"At high altitude, the atmospheric pressure is lower due to less mass of air above a given level. Lower pressure means that water molecules experience less force pushing them together, allowing them to escape and form vapor at lower temperatures. This phenomenon, known as the Clausius-Clapeyron relationship, explains why water boils at a lower temperature at high altitude compared to sea level."
C1,code,Easy,Llama,unsloth/Llama-3.1-8B-Instruct-bnb-4bit,1,1001,229,0,159,"```python
def is_palindrome(s: str) -> bool:
    """"""
    Returns True if s reads the same forwards and backwards after converting it to lowercase and removing every character that is not a letter or a digit, and False otherwise.
    
    :param s: The input string
    :return: A boolean indicating whether the input string is a palindrome
    """"""
    s = ''.join(c for c in s if c.isalnum()).lower()  # remove non-alphanumeric characters and convert to lowercase
    i, j = 0, len(s) - 1  # initialize two pointers, one at the start and one at the end of the string
    while i < j:  # while the pointers haven't crossed each other
        if s[i] != s[j]:  # if the characters at the pointers are different
            return False  # the string is not a palindrome
        i += 1  # move the left pointer to the right
        j -= 1  # move the right pointer to the left
    return True  # the string is a palindrome
```"
C2,code,Easy,Llama,unsloth/Llama-3.1-8B-Instruct-bnb-4bit,1,1001,344,0,224,"```python
def fizzbuzz(n: int) -> list[str]:
    """"""
    Returns a list of strings for the integers from 1 to n inclusive,
    where multiples of both 3 and 5 are replaced by ""FizzBuzz"",
    other multiples of 3 by ""Fizz"", other multiples of 5 by ""Buzz"",
    and every other number by its decimal string.
    Return an empty list when n is less than 1.
    """"""
    if n < 1:  # Return an empty list when n is less than 1
        return []
    
    result = []  # Initialize an empty list to store the results
    for i in range(1, n + 1):  # Iterate over the range from 1 to n inclusive
        if i % 3 == 0 and i % 5 == 0:  # Check if the number is a multiple of both 3 and 5
            result.append(""FizzBuzz"")  # Append ""FizzBuzz"" to the result list
        elif i % 3 == 0:  # Check if the number is a multiple of 3
            result.append(""Fizz"")  # Append ""Fizz"" to the result list
        elif i % 5 == 0:  # Check if the number is a multiple of 5
            result.append(""Buzz"")  # Append ""Buzz"" to the result list
        else:  # If the number is not a multiple of either 3 or 5
            result.append(str(i))  # Append the decimal string of the number to the result list
    
    return result  # Return the result list
```"
C3,code,Easy,Llama,unsloth/Llama-3.1-8B-Instruct-bnb-4bit,1,1001,262,0,160,"```python
def sieve_primes(n: int) -> list[int]:
    """"""
    Returns all prime numbers less than or equal to n in increasing order.
    
    Args:
    n: an integer.
    
    Returns:
    A list of prime numbers less than or equal to n.
    """"""
    if n < 2:  # Return empty list if n is less than 2
        return []

    # Create a boolean array, prime, of size n+1
    prime = [True] * (n + 1)
    prime[0] = prime[1] = False  # 0 and 1 are not prime numbers

    # Iterate over the array, marking multiples of each prime number
    for i in range(2, int((n ** 0.5) + 1)):  # Only need to check up to sqrt(n)
        if prime[i]:  # If i is prime
            for j in range(i * i, n + 1, i):  # Mark multiples of i as non-prime
                prime[j] = False

    # Return a list of all prime numbers in the array
    return [p for p in range(2, n + 1) if prime[p]]
```"
C4,code,Easy,Llama,unsloth/Llama-3.1-8B-Instruct-bnb-4bit,1,1001,169,0,103,"```python
def second_largest(nums: list[int]) -> int | None:
    """"""
    Returns the second largest distinct value in `nums`, or None if `nums` contains fewer than two distinct values.

    Args:
        nums (list[int]): A list of integers.

    Returns:
        int | None: The second largest distinct value, or None if not available.
    """"""
    # Remove duplicates by converting the list to a set
    distinct_nums = set(nums)
    # Ensure the list is not empty
    if len(distinct_nums) < 2:
        return None
    # Sort the list of distinct values in descending order
    sorted_nums = sorted(distinct_nums, reverse=True)
    # Return the second value in the sorted list (index 1)
    return sorted_nums[1]
```"
C5,code,Easy,Llama,unsloth/Llama-3.1-8B-Instruct-bnb-4bit,1,1001,258,0,173,"```python
def run_length_encode(s: str) -> str:
    """"""
    Compresses a string by replacing each maximal run of a repeated character 
    with the character followed by the length of the run.
    
    :param s: The input string to be compressed.
    :return: The compressed string.
    """"""
    if not s:  # if the string is empty, return the empty string
        return """"

    result = """"  # store the compressed string
    count = 1  # count the length of the current run
    prev_char = s[0]  # store the previous character

    for char in s[1:]:  # iterate over the string starting from the second character
        if char == prev_char:  # if the current character is the same as the previous one
            count += 1  # increment the run count
        else:
            result += prev_char + str(count)  # append the character and its count to the result
            count = 1  # reset the run count
            prev_char = char  # update the previous character

    result += prev_char + str(count)  # append the last character and its count to the result
    return result
```"
C6,code,Easy,Llama,unsloth/Llama-3.1-8B-Instruct-bnb-4bit,1,1001,210,0,140,"```python
def valid_brackets(s: str) -> bool:
    """"""
    Returns True if every bracket in `s` is correctly matched and nested,
    considering the three bracket types (), [] and {}, and ignoring all other characters.

    :param s: Input string containing brackets
    :return: Boolean indicating whether brackets are valid
    """"""
    stack = []
    bracket_map = {"")"": ""("", ""}"": ""{"", ""]"": ""[""}

    # Iterate through each character in the string
    for char in s:
        # If the character is a closing bracket, check if the stack is empty or the opening bracket doesn't match
        if char in bracket_map.values():
            if not stack or stack.pop() != bracket_map[char]:
                return False
        # If the character is an opening bracket, push it onto the stack
        elif char in bracket_map.keys():
            stack.append(char)

    # If the stack is empty after iterating through the string, all brackets are valid
    return not stack
```"
C7,code,Easy,Llama,unsloth/Llama-3.1-8B-Instruct-bnb-4bit,1,1001,188,0,111,"```python
def flatten(nested: list) -> list:
    """"""
    Flattens a list whose elements may be lists nested to any depth.

    Args:
        nested (list): A list with potentially nested lists.

    Returns:
        list: A new flat list of all non-list elements in left-to-right order.
    """"""
    def _flatten(nested):
        # Initialize an empty list to store flattened elements
        flat_list = []
        
        # Iterate over each element in the nested list
        for element in nested:
            # If the element is a list, recursively flatten it and extend the flat list
            if isinstance(element, list):
                flat_list.extend(_flatten(element))  # Recursion!
            # If the element is not a list, append it to the flat list
            else:
                flat_list.append(element)
        
        return flat_list
    
    return _flatten(nested)
```"
C8,code,Medium,Llama,unsloth/Llama-3.1-8B-Instruct-bnb-4bit,1,1001,261,0,147,"```python
def merge_intervals(intervals: list[tuple[int, int]]) -> list[tuple[int, int]]:
    """"""
    Merge closed intervals in a list, overlapping or touching at an endpoint.

    Args:
        intervals (list[tuple[int, int]]): List of intervals in any order.

    Returns:
        list[tuple[int, int]]: Minimal list of merged intervals sorted by start.
    """"""
    # If the input list is empty, return an empty list
    if not intervals:
        return []

    # Sort the intervals by their start value
    intervals.sort(key=lambda x: x[0])

    # Initialize the merged list with the first interval
    merged = [intervals[0]]

    # Iterate over the remaining intervals
    for current in intervals[1:]:
        # Get the last merged interval
        last = merged[-1]

        # Check if the current interval overlaps or touches the last merged interval
        if current[0] <= last[1]:
            # Merge the current interval with the last merged interval
            merged[-1] = (last[0], max(last[1], current[1]))
        else:
            # Add the current interval to the merged list
            merged.append(current)

    return merged
```"
C9,code,Medium,Llama,unsloth/Llama-3.1-8B-Instruct-bnb-4bit,1,1001,230,0,150,"```python
def rotate_matrix(matrix: list[list[int]]) -> list[list[int]]:
    """"""
    Rotate a square matrix 90 degrees clockwise.

    Args:
        matrix (list[list[int]]): An n-by-n square matrix.

    Returns:
        list[list[int]]: A new matrix rotated 90 degrees clockwise.
    """"""
    # Check if the input is a square matrix
    n = len(matrix)
    if any(len(row) != n for row in matrix) or n == 0:
        raise ValueError(""Input must be a square matrix"")

    # Use the built-in zip function to transpose the matrix
    # The * operator is used to unpack the matrix into arguments for zip
    # The reversed function is used to reverse the order of the rows
    transposed = zip(*matrix)
    rotated = reversed(list(transposed))

    # Convert the rotated zip object to a list of lists
    # The list function is used to convert the zip object to a list
    # The map function is used to convert each element in the list to a list
    return list(map(list, rotated))
```"
C10,code,Medium,Llama,unsloth/Llama-3.1-8B-Instruct-bnb-4bit,1,1001,256,0,149,"```python
from collections import Counter
import re
import string

def top_k_words(text: str, k: int) -> list[tuple[str, int]]:
    """"""
    Returns the k most frequent words in the given text as (word, count) pairs.
    The words are extracted as maximal runs of the letters a to z and apostrophes.
    The result is sorted by count descending and then alphabetically for ties.
    If there are fewer than k distinct words, return all of them.

    :param text: The input text
    :param k: The number of most frequent words to return
    :return: A list of the k most frequent words as (word, count) pairs
    """"""
    # Lowercase the text and replace non-word characters with spaces
    text = text.lower().replace('[^a-z\']', ' ')
    
    # Split the text into words
    words = re.findall(r'\b[a-z\']+\b', text)
    
    # Count the frequency of each word
    word_counts = Counter(words)
    
    # Return the k most frequent words
    return sorted(word_counts.items(), key=lambda x: (-x[1], x[0]))[:k]
```"
C11,code,Medium,Llama,unsloth/Llama-3.1-8B-Instruct-bnb-4bit,1,1001,386,0,267,"```python
def leftmost_index(arr: list[int], target: int) -> int:
    """"""
    Performs a binary search on the sorted list arr (non-decreasing order, possibly with duplicates)
    and returns the index of the first occurrence of target, or -1 if target is not present.

    Args:
        arr (list[int]): A sorted list of integers (non-decreasing order).
        target (int): The target integer to be searched.

    Returns:
        int: The index of the first occurrence of target, or -1 if target is not present.
    """"""
    left, right = 0, len(arr) - 1  # Initialize search space
    while left <= right:  # Continue searching while the search space is non-empty
        mid = (left + right) // 2  # Calculate the middle index
        if arr[mid] == target:  # If the target is found at the middle index
            # Check if the target is the first occurrence by checking the left and middle elements
            if (mid == 0 or arr[mid - 1] != target) and (mid == len(arr) - 1 or arr[mid + 1] != target):
                return mid  # Return the index of the first occurrence of the target
            # If the target is not the first occurrence, move the search space to the right half
            right = mid - 1
        elif arr[mid] < target:  # If the target is greater than the middle element
            left = mid + 1  # Move the search space to the right half
        else:  # If the target is less than the middle element
            right = mid - 1  # Move the search space to the left half
    return -1  # Return -1 if the target is not present in the list
```"
C12,code,Medium,Llama,unsloth/Llama-3.1-8B-Instruct-bnb-4bit,1,1001,378,0,202,"```python
def roman_to_int(s: str) -> int:
    """"""
    Converts a valid uppercase Roman numeral between 1 and 3999 into an integer.
    
    Args:
    s (str): A valid uppercase Roman numeral.
    
    Returns:
    int: The integer equivalent of the Roman numeral.
    """"""
    # Mapping of Roman numerals to their integer values
    roman_numerals = {
        'I': 1,
        'V': 5,
        'X': 10,
        'L': 50,
        'C': 100,
        'D': 500,
        'M': 1000
    }
    # Mapping of Roman numerals with subtractive pairs
    subtractive_pairs = {
        'IV': 4,
        'IX': 9,
        'XL': 40,
        'XC': 90,
        'CD': 400,
        'CM': 900
    }
    
    # Initialize result integer
    result = 0
    
    # Iterate over characters in the Roman numeral string
    i = 0
    while i < len(s):
        # Check if the current character and the next one form a subtractive pair
        if s[i:i+2] in subtractive_pairs:
            # If they do, add the value of the subtractive pair to the result
            result += subtractive_pairs[s[i:i+2]]
            # Skip the next character since we've already processed it
            i += 2
        else:
            # If the current character does not form a subtractive pair,
            # add the value of the current character to the result
            result += roman_numerals[s[i]]
            # Move to the next character
            i += 1
    
    # Return the result
    return result
```"
C13,code,Medium,Llama,unsloth/Llama-3.1-8B-Instruct-bnb-4bit,1,1001,262,0,176,"```python
def max_subarray_sum(nums: list[int]) -> int:
    """"""
    Returns the largest sum of any non-empty contiguous subarray of `nums`.
    If all numbers are negative, returns the largest single element.
    Raises ValueError if `nums` is empty.
    """"""
    if not nums:
        raise ValueError(""Input list cannot be empty"")
    
    max_current = max_global = nums[0]  # Initialize max sum of current and global subarrays
    for num in nums[1:]:  # Iterate over the list starting from the second element
        # Update max sum of current subarray to be the maximum of the current number and the sum of the current number and the previous max sum of current subarray
        max_current = max(num, max_current + num)
        # Update max sum of global subarray to be the maximum of the max sum of current subarray and the max sum of global subarray
        max_global = max(max_global, max_current)
    
    if all(num < 0 for num in nums):  # Check if all numbers are negative
        return max(nums)  # Return the largest single element if all numbers are negative
    
    return max_global  # Return the max sum of global subarray
```"
C14,code,Medium,Llama,unsloth/Llama-3.1-8B-Instruct-bnb-4bit,1,1001,312,0,199,"```python
def moving_average(values: list[float], window: int) -> list[float]:
    """"""
    Compute the mean of every contiguous run of `window` values.

    Args:
    values: A list of floats.
    window: The number of contiguous values to average.

    Returns:
    A list of floats, where each element is the mean of every contiguous run of `window` values.

    Raises:
    ValueError: If `window` is less than 1.
    """"""
    if window < 1:
        raise ValueError(""window must be at least 1"")

    # Handle edge case where window is greater than len(values)
    if window > len(values):
        return []

    # Initialize variables to keep track of the running sum and count of values
    sum_of_values = 0.0
    count = 0
    result = []

    # Iterate over the values
    for i, value in enumerate(values):
        # Add the current value to the running sum
        sum_of_values += value

        # Increment the count
        count += 1

        # If we have seen at least window values
        if i >= window - 1:
            # Append the mean of the window values to the result
            result.append(sum_of_values / window)

            # Subtract the value that fell out of the window and decrement the count
            if count > window:
                sum_of_values -= values[i - window + 1]
                count -= 1

    return result
```"
C15,code,Medium,Llama,unsloth/Llama-3.1-8B-Instruct-bnb-4bit,1,1001,358,0,232,"```python
def parse_duration(s: str) -> int:
    """"""
    Converts a duration string made of an optional hours part, an optional minutes part 
    and an optional seconds part, in that order, into a total number of seconds.

    Args:
    s (str): The duration string.

    Returns:
    int: The total number of seconds.

    Raises:
    ValueError: If the string is empty, contains any other characters, or lists the parts out of order.
    """"""
    parts = s.split()  # Split the string into parts
    if len(parts) > 3:  # Check if there are more than three parts
        raise ValueError(""Invalid duration string"")
    
    total_seconds = 0
    
    for part in parts:
        if not part:  # Check if the part is empty
            raise ValueError(""Invalid duration string"")
        
        unit = part[-1].lower()  # Get the unit of the part (h, m or s)
        value = int(part[:-1])  # Convert the value to an integer
        
        if unit == 'h':  # If the unit is hours
            total_seconds += value * 3600  # Add the value in seconds to the total
        elif unit == 'm':  # If the unit is minutes
            total_seconds += value * 60  # Add the value in seconds to the total
        elif unit == 's':  # If the unit is seconds
            total_seconds += value  # Add the value to the total
        else:  # If the unit is not one of the expected values
            raise ValueError(""Invalid duration string"")
    
    return total_seconds  # Return the total number of seconds
```"
C16,code,Hard,Llama,unsloth/Llama-3.1-8B-Instruct-bnb-4bit,1,1001,294,0,175,"```python
def longest_common_subsequence(a: str, b: str) -> int:
    """"""
    Returns the length of the longest common subsequence of the strings a and b.
    
    This function uses dynamic programming to solve the problem in O(min(len(a), len(b))) extra memory.
    """"""
    # Initialize a matrix to store the lengths of common subsequences
    dp = [[0] * (len(b) + 1) for _ in range(len(a) + 1)]
    
    # Iterate over the characters in string a
    for i in range(1, len(a) + 1):
        # Iterate over the characters in string b
        for j in range(1, len(b) + 1):
            # If the current characters in a and b are the same, update the length of the common subsequence
            if a[i - 1] == b[j - 1]:
                dp[i][j] = dp[i - 1][j - 1] + 1
            # Otherwise, the length of the common subsequence is the maximum of the lengths without the current characters
            else:
                dp[i][j] = max(dp[i - 1][j], dp[i][j - 1])
    
    # The length of the longest common subsequence is stored in the bottom-right cell of the matrix
    return dp[-1][-1]
```"
C17,code,Hard,Llama,unsloth/Llama-3.1-8B-Instruct-bnb-4bit,1,1001,468,0,276,"```python
def edit_distance(a: str, b: str) -> int:
    """"""
    Returns the Levenshtein distance between `a` and `b`, the minimum number of 
    single-character insertions, deletions and substitutions needed to turn `a` into `b`.

    :param a: The original string
    :param b: The target string
    :return: The Levenshtein distance between `a` and `b`
    """"""
    # Initialize a matrix to store the Levenshtein distances between substrings of a and b
    dp = [[0 for _ in range(len(b) + 1)] for _ in range(len(a) + 1)]

    # Fill the first row with increasing values, because the Levenshtein distance between a substring of a and an empty string is the length of the substring
    for j in range(len(b) + 1):
        dp[0][j] = j

    # Fill the first column with increasing values, because the Levenshtein distance between an empty string and a substring of b is the length of the substring
    for i in range(len(a) + 1):
        dp[i][0] = i

    # Fill the rest of the matrix with the minimum of the Levenshtein distances between substrings of a and b, considering insertions, deletions and substitutions
    for i in range(1, len(a) + 1):
        for j in range(1, len(b) + 1):
            # If the current characters in a and b are the same, there is no cost for this step
            if a[i - 1] == b[j - 1]:
                dp[i][j] = dp[i - 1][j - 1]
            # Otherwise, consider the costs of insertion, deletion and substitution, and choose the minimum
            else:
                dp[i][j] = 1 + min(dp[i - 1][j], dp[i][j - 1], dp[i - 1][j - 1])

    # The Levenshtein distance between a and b is stored in the bottom-right cell of the matrix
    return dp[len(a)][len(b)]
```"
C18,code,Hard,Llama,unsloth/Llama-3.1-8B-Instruct-bnb-4bit,1,1001,382,0,227,"```python
import heapq

def shortest_paths(graph: dict[str, list[tuple[str, int]]], source: str) -> dict[str, int]:
    """"""
    Implement Dijkstra's algorithm using the heapq module.

    Args:
    graph (dict[str, list[tuple[str, int]]]): A dictionary mapping each node to a list of (neighbor, weight) pairs with non-negative integer weights.
    source (str): The node from which to start the search.

    Returns:
    dict[str, int]: A dictionary mapping every node reachable from source, including source itself with distance 0, to the length of its shortest path.
    """"""
    # Initialize distances dictionary with infinite values for all nodes except source (0)
    distances = {node: float('inf') for node in graph}
    distances[source] = 0

    # Initialize priority queue with (distance, node) pairs; use heapq.heappop to efficiently select the node with the shortest distance
    queue = [(0, source)]  # (distance, node)

    while queue:
        # Extract the node with the shortest distance from the queue
        (dist, current_node) = heapq.heappop(queue)

        # If the extracted distance is greater than the already known distance, skip this node
        if dist > distances[current_node]:
            continue

        # For each neighbor of the current node
        for neighbor, weight in graph[current_node]:
            # Calculate the tentative distance
            tentative_dist = dist + weight

            # If the calculated tentative distance is less than the already known distance, update the distances dictionary
            if tentative_dist < distances[neighbor]:
                distances[neighbor] = tentative_dist

                # Add the updated (distance, node) pair to the queue
                heapq.heappush(queue, (tentative_dist, neighbor))

    return distances
```"
C19,code,Hard,Llama,unsloth/Llama-3.1-8B-Instruct-bnb-4bit,1,1001,354,0,210,"```python
from collections import defaultdict, deque

def topological_order(graph: dict[str, list[str]]) -> list[str]:
    """"""
    Returns a topological ordering of a directed graph.
    
    :param graph: A dictionary representing the graph where graph[u] lists the nodes v with an edge from u to v.
    :return: A list of nodes in topological order.
    :raise ValueError: If the graph contains a cycle.
    """"""
    # Initialize the graph as a dictionary with nodes as keys and lists of in-degree as values
    in_degree = defaultdict(int)
    graph_dict = {u: v for u, v in graph.items()}  # rename graph for clarity

    # Calculate the in-degree of each node
    for u in graph_dict:
        for v in graph_dict[u]:
            in_degree[v] += 1

    # Initialize a queue with nodes having in-degree 0
    queue = deque([u for u in in_degree if in_degree[u] == 0])

    # Initialize the result list
    result = []

    # Perform Kahn's algorithm
    while queue:
        u = queue.popleft()
        result.append(u)

        # Decrease the in-degree of each neighbor by 1
        for v in graph_dict[u]:
            in_degree[v] -= 1

            # Add the neighbor to the queue if its in-degree is 0
            if in_degree[v] == 0:
                queue.append(v)

    # Check if all nodes are in the result list
    if len(result) != len(graph):
        raise ValueError(""Graph contains a cycle"")

    # Sort the result list alphabetically
    result.sort()

    return result
```"
C20,code,Hard,Llama,unsloth/Llama-3.1-8B-Instruct-bnb-4bit,1,1001,554,0,341,"```python
def count_n_queens(n: int) -> int:
    """"""
    Returns the number of ways to place n queens on an n-by-n chessboard so that no two queens share a row, column or diagonal.

    Args:
    n (int): The number of queens to place on the board.

    Returns:
    int: The number of valid queen placements.

    Raises:
    ValueError: If n is less than 0.
    """"""
    if n < 0:
        raise ValueError(""n must be a non-negative integer"")
    if n == 0:
        return 1  # base case: one way to place zero queens

    # initialize count of valid placements to 0
    count = 0

    # initialize first row's placement to all columns (no queens in first row)
    def is_safe(board, row, col):
        # check if queen in col can be placed in row
        for i in range(row):
            if board[i][col] == 1:  # if queen already in col, return False
                return False
            # check diagonals
            if row - i <= col and board[i][col] == 1:  # if queen in col is on same diagonal as current queen
                return False
            if row - i <= len(board) - row - 1 and board[i][col] == 1 and board[i][col + row - i - 1] == 1:  # if queen in col is on same diagonal as current queen
                return False
        return True  # if no queen in col or on same diagonal, return True

    def place_queens(n, row, board):
        nonlocal count  # use count outside this function
        if row == n:  # base case: all rows filled, increment count
            nonlocal count
            count += 1
            return
        for col in range(n):
            if is_safe(board, row, col):  # check if safe to place queen in row,col
                # place queen in row,col
                board[row][col] = 1
                # recursively try to place queens in remaining rows
                place_queens(n, row + 1, board)  # try next row
                # backtracking: reset row,col to let other queens try different placements
                board[row][col] = 0

    # initialize board as n-by-n grid of zeros (no queens initially)
    board = [[0] * n for _ in range(n)]

    place_queens(n, 0, board)

    return count  # return count of valid placements
```"
Q1,math,Easy,Llama,unsloth/Llama-3.1-8B-Instruct-bnb-4bit,1,1001,157,0,101,"To find the total amount Maria spends, we first need to calculate the cost of the notebooks and the pens separately, then add those amounts together.

First, let's find the cost of the notebooks. Maria buys 4 notebooks at $3.00 each. 

4 notebooks * $3.00 per notebook = $12.00

Next, let's find the cost of the pens. Maria buys 6 pens at $1.25 each.

6 pens * $1.25 per pen = $7.50

Now, we need to add the cost of the notebooks and the pens to find the total amount Maria spends.

$12.00 (notebooks) + $7.50 (pens) = $19.50

Answer: $19.50"
Q2,math,Easy,Llama,unsloth/Llama-3.1-8B-Instruct-bnb-4bit,1,1001,369,0,262,"To find the total distance traveled by the train, we need to calculate the distance traveled in each segment of the journey and then add them together.

First, let's calculate the distance traveled in the first segment. The train travels at 72 kilometers per hour for 2.5 hours. To find the distance, we multiply the speed by the time: distance = speed * time = 72 * 2.5.

To find the product of 72 * 2.5, we multiply 72 by 2 and then multiply the result by 5. So, 72 * 2 = 144, and 144 * 5 = 720. 

The train travels 720 kilometers in the first segment.

Next, let's calculate the distance traveled in the second segment. The train travels at 90 kilometers per hour for 1.5 hours. To find the distance, we multiply the speed by the time: distance = speed * time = 90 * 1.5.

To find the product of 90 * 1.5, we multiply 90 by 1 and then multiply the result by 5. So, 90 * 1 = 90, and 90 * 5 = 450.

The train travels 450 kilometers in the second segment.

Now, we need to add the distances traveled in the two segments to find the total distance traveled. We add 720 (first segment) and 450 (second segment): total distance = 720 + 450.

To find the sum of 720 + 450, we can add the hundreds and tens separately: 700 + 400 = 1100. We then add 20 (from 720) to get the total: 1100 + 20 = 1120.

Answer: 1120"
Q3,math,Easy,Llama,unsloth/Llama-3.1-8B-Instruct-bnb-4bit,1,1001,307,0,223,"To find the area of the rectangle, we first need to determine its length and width. We are given that the perimeter is 46 centimeters. The formula for the perimeter of a rectangle is P = 2L + 2W, where P is the perimeter, L is the length, and W is the width.

We are also given that the length is 5 centimeters more than the width, so we can write L = W + 5.

We can substitute the expression for L into the perimeter formula: 46 = 2(W + 5) + 2W.

Simplifying the equation, we get 46 = 2W + 10 + 2W, which simplifies further to 46 = 4W + 10.

Subtracting 10 from both sides gives us 36 = 4W.

Dividing both sides by 4 gives us W = 9.

Now that we know the width is 9 centimeters, we can find the length. Since L = W + 5, we have L = 9 + 5, so L = 14.

We can now find the area of the rectangle using the formula A = L × W, where A is the area, L is the length, and W is the width. Substituting L = 14 and W = 9, we get A = 14 × 9.

Multiplying 14 and 9 gives us A = 126.

Answer: 126"
Q4,math,Medium,Llama,unsloth/Llama-3.1-8B-Instruct-bnb-4bit,1,1001,610,0,439,"To solve this problem, we need to find the sum of all integers from 1 to 200 inclusive that are divisible by 3 or by 5. 

First, let's find the number of integers from 1 to 200 that are divisible by 3. Since 200 is the largest number, we divide 200 by 3 to get 66.666... (round down to 66 since we can't have a fraction of a number). This means there are 66 numbers that are divisible by 3. 

Next, let's find the number of integers from 1 to 200 that are divisible by 5. Since 200 is the largest number, we divide 200 by 5 to get 40.

However, some numbers are divisible by both 3 and 5, which means they are divisible by 15 (since 3 * 5 = 15). We need to subtract these numbers from the total to avoid double counting. To find the number of integers from 1 to 200 that are divisible by 15, we divide 200 by 15 to get 13.333... (round down to 13).

Now, let's find the sum of all integers from 1 to 200 that are divisible by 3. We can use the formula for the sum of an arithmetic series: sum = n/2 * (first number + last number), where n is the number of terms. For the numbers divisible by 3, the first number is 3 and the last number is 198 (since 200 is not divisible by 3). So, the sum is 66/2 * (3 + 198) = 33 * 201 = 6597.

Next, let's find the sum of all integers from 1 to 200 that are divisible by 5. We can use the same formula. The first number is 5 and the last number is 200. So, the sum is 40/2 * (5 + 200) = 20 * 205 = 4100.

However, we've counted the numbers divisible by 15 twice (once in the sum of multiples of 3 and once in the sum of multiples of 5). We need to subtract the sum of these numbers from the total. The sum of multiples of 15 can be found using the same formula. The first number is 15 and the last number is 195. So, the sum is 13/2 * (15 + 195) = 6.5 * 210 = 1365.

Now, we add the sums of multiples of 3 and multiples of 5 and subtract the sum of multiples of 15 to get the total sum: 6597 + 4100 - 1365 = 9322.

So, the sum of all integers from 1 to 200 inclusive that are divisible by 3 or by 5 is 9322.

Answer: 9322"
Q5,math,Easy,Llama,unsloth/Llama-3.1-8B-Instruct-bnb-4bit,1,1001,243,0,161,"To find the final price, we need to follow the steps of applying the discount and then the sales tax.

First, we need to calculate the discounted price. The shirt is originally priced at $40. The discount is 25 percent, which means the shirt will be discounted by 25% of $40. To find 25% of $40, we multiply $40 by 0.25 (since 25% = 25/100 = 0.25). 

0.25 * $40 = $10

Now, we subtract the discount amount from the original price to get the discounted price.

$40 - $10 = $30

Next, we need to calculate the sales tax. The sales tax is 8 percent, which means we need to find 8% of the discounted price ($30). To do this, we multiply $30 by 0.08.

0.08 * $30 = $2.40

Now, we need to add the sales tax to the discounted price to get the final price.

$30 + $2.40 = $32.40

So, the final price is $32.40.

Answer: $32.40"
Q6,math,Medium,Llama,unsloth/Llama-3.1-8B-Instruct-bnb-4bit,1,1001,205,0,144,"To find the probability that the two numbers shown on the dice add up to 8, we need to count the number of favorable outcomes and divide it by the total number of possible outcomes.

First, let's list all the possible outcomes when two dice are rolled. Each die has 6 sides, so there are 6 x 6 = 36 possible outcomes.

Next, let's count the number of favorable outcomes. The pairs of numbers that add up to 8 are: (2, 6), (6, 2), (3, 5), (5, 3), (4, 4). There are 5 such pairs.

Now, we can calculate the probability by dividing the number of favorable outcomes by the total number of possible outcomes: probability = 5 / 36.

To convert this probability to a decimal, we divide 5 by 36: 5 / 36 = 0.1389 (rounded to four decimal places).

Answer: 0.1389"
Q7,math,Medium,Llama,unsloth/Llama-3.1-8B-Instruct-bnb-4bit,1,1001,322,0,214,"To find the amount of money in the account after 3 years, we need to calculate the compound interest.

Step 1: Identify the given values.
- The principal amount (initial deposit) is $5,000.
- The annual interest rate is 4 percent, which can be written as 0.04 (as a decimal).
- The interest is compounded annually, meaning it's applied once per year.
- The time period is 3 years.

Step 2: Recall the compound interest formula.
The formula for compound interest is A = P(1 + r)^n, where:
- A is the final amount after n years.
- P is the principal amount (initial deposit).
- r is the annual interest rate (as a decimal).
- n is the number of years.

Step 3: Substitute the given values into the formula.
A = 5000(1 + 0.04)^3

Step 4: Calculate the expression inside the parentheses first.
1 + 0.04 = 1.04

Step 5: Raise 1.04 to the power of 3 (to find the result of applying the interest rate for 3 years).
1.04^3 ≈ 1.125984

Step 6: Multiply the result from step 5 by the principal amount.
5000 * 1.125984 ≈ 5629.942

Step 7: Round the final amount to the nearest cent.
The amount in the account after 3 years is approximately $5629.94.

Answer: $5629.94"
Q8,math,Medium,Llama,unsloth/Llama-3.1-8B-Instruct-bnb-4bit,1,1001,519,0,360,"To solve this problem, we need to determine the rate at which Ana and Ben work individually and then combine their rates to find the time it takes them to work together.

Ana can paint a fence in 6 hours, so her rate is 1 fence / 6 hours. To make the rate easier to work with, we can express it as 1/6 fence per hour. This means that in one hour, Ana can paint 1/6 of the fence.

Ben can paint the same fence in 4 hours, so his rate is 1 fence / 4 hours. We can express this rate as 1/4 fence per hour. This means that in one hour, Ben can paint 1/4 of the fence.

When Ana and Ben work together, their combined rate is the sum of their individual rates. To add these rates, we need to find a common denominator, which is 12 hours in this case. So we can rewrite their rates as follows:

Ana's rate: (1/6) * (2/2) = 2/12 fence per hour
Ben's rate: (1/4) * (3/3) = 3/12 fence per hour

Now we can add their rates:
(2/12) + (3/12) = (5/12) fence per hour

This means that in one hour, Ana and Ben can paint 5/12 of the fence together. To find the time it takes them to paint the fence, we can divide the whole fence (represented by 1) by their combined rate (5/12):

1 / (5/12) = 1 * (12/5) = 12/5

To convert this into a more understandable time, we can express it as a fraction with a denominator of 1 hour. We can do this by multiplying the numerator (12) and the denominator (5) by the reciprocal of the denominator (5/5):

(12 * 5) / (5 * 5) = 60/25 = 12/5 hours

Since 12/5 hours is not in a standard hour format, we can convert it to a mixed number: 2 and 2/5 hours.

However, the mixed number 2 and 2/5 can be expressed as a decimal, which is approximately 2.4 hours.

Since we are looking for the answer in the standard format, we will express it as 2.4 hours.

Answer: 2.4 hours"
Q9,math,Easy,Llama,unsloth/Llama-3.1-8B-Instruct-bnb-4bit,1,1001,432,0,343,"To find the number of ways the club can choose a committee of 3 members, we need to use the concept of combinations, since the order of selection does not matter.

First, let's understand that we are choosing 3 members from a total of 10 members. We are not replacing the selected members, so the order of selection does not matter.

Next, we need to find the number of ways to choose the first member. Since we are choosing from 10 members, there are 10 ways to choose the first member.

Now, let's consider the second member. After choosing the first member, there are 9 members left, so there are 9 ways to choose the second member.

Finally, let's consider the third member. After choosing the first and second members, there are 8 members left, so there are 8 ways to choose the third member.

However, we need to account for the fact that the order of selection does not matter. If we choose member A, then member B, then member C, it is the same as choosing member C, then member B, then member A. In other words, the order of selection is not important, so we need to divide the total number of ways by the number of possible orders.

The total number of ways to choose the committee is the product of the number of ways to choose each member: 10 * 9 * 8. However, since the order of selection does not matter, we divide this product by the number of possible orders, which is 3!. 

3! (3 factorial) is the product of all positive integers up to 3: 3 * 2 * 1 = 6.

Now, we divide the product of 10 * 9 * 8 by 6. This gives us (10 * 9 * 8) / 6 = 120 / 6 = 20.

Therefore, the number of ways the club can choose a committee of 3 members is equal to the number of combinations of 10 items taken 3 at a time, which is 20.

Answer: 20"
Q10,math,Medium,Llama,unsloth/Llama-3.1-8B-Instruct-bnb-4bit,1,1001,259,0,201,"To find out how many minutes it will take for the tank to be full, we need to calculate the net rate at which the tank is being filled. 

First, we determine the net rate of water being added to the tank per minute. The water flows in at 30 liters per minute, while the leak drains it at 12 liters per minute. To find the net rate, we subtract the rate of the leak from the rate of the water flow:

30 liters/minute (inflow) - 12 liters/minute (outflow) = 18 liters/minute (net inflow)

This means the tank is being filled at a net rate of 18 liters per minute.

Next, we need to calculate how much water is needed to fill the tank. The tank holds 1,200 liters, and it currently contains 300 liters:

1,200 liters (total capacity) - 300 liters (current amount) = 900 liters (amount needed to fill the tank)

Since the tank is being filled at a net rate of 18 liters per minute, we can divide the amount needed to fill the tank by the net rate to find out how many minutes it will take:

900 liters / 18 liters/minute = 50 minutes

Answer: 50"
Q11,math,Easy,Llama,unsloth/Llama-3.1-8B-Instruct-bnb-4bit,1,1001,217,0,164,"To find the fifth number, we need to first find the total sum of the five numbers. Since the average of the five numbers is 18, we can multiply the average by the number of numbers to get the total sum. The average is 18 and there are 5 numbers, so we multiply 18 by 5.

18 multiplied by 5 equals 90. This is the total sum of the five numbers.

Next, we need to find the sum of the four known numbers. The four known numbers are 12, 15, 20, and 22. We can add these numbers together.

12 + 15 equals 27.
27 + 20 equals 47.
47 + 22 equals 69.

So the sum of the four known numbers is 69.

Now, we can find the fifth number by subtracting the sum of the four known numbers from the total sum.

90 (total sum) - 69 (sum of four known numbers) = 21.

Therefore, the fifth number is 21.

Answer: 21."
Q12,math,Easy,Llama,unsloth/Llama-3.1-8B-Instruct-bnb-4bit,1,1001,250,0,175,"To find the 25th term of the arithmetic sequence, we need to use the formula for the nth term of an arithmetic sequence, which is given by: 

an = a1 + (n - 1)d

where an is the nth term, a1 is the first term, n is the term number, and d is the common difference.

Given that the first term (a1) is 7 and the common difference (d) is 4, we can plug these values into the formula.

We want to find the 25th term, so n is 25.

First, we need to calculate the value that will be multiplied by the common difference. We use the formula: 
(n - 1)d 

Since n is 25, we have: 
(25 - 1)4 

This simplifies to: 
24 * 4 

This is equal to: 
96

Now we can plug this value into the formula for the nth term: 
an = a1 + (n - 1)d 
an = 7 + 96 

This simplifies to: 
an = 103 

So the 25th term of the arithmetic sequence is 103.

Answer: 103"
Q13,math,Medium,Llama,unsloth/Llama-3.1-8B-Instruct-bnb-4bit,1,1001,232,0,163,"To find the value of the car after 2 years, we need to calculate its value at the end of each year. 

First, we need to find the value of the car at the end of the first year. The car loses 15 percent of its value at the end of each year. To find the value after the first year, we'll multiply the initial value by (100 - 15) percent, or 85 percent, since 15 percent is lost. 

Value after 1 year = Initial value * 0.85
Value after 1 year = $24,000 * 0.85
Value after 1 year = $20,400

Now, we need to find the value of the car at the end of the second year. We'll again multiply the value after the first year by (100 - 15) percent, or 85 percent.

Value after 2 years = Value after 1 year * 0.85
Value after 2 years = $20,400 * 0.85
Value after 2 years = $17,340

Answer: $17,340"
Q14,math,Medium,Llama,unsloth/Llama-3.1-8B-Instruct-bnb-4bit,1,1001,275,0,186,"To find the number of positive integers that divide 360 exactly, we need to find the factors of 360. 

First, let's break down 360 into its prime factors. We can do this by finding the prime numbers that multiply together to give 360. 

360 = 2 * 180 
   = 2 * 2 * 90 
   = 2 * 2 * 2 * 45 
   = 2 * 2 * 2 * 3 * 15 
   = 2 * 2 * 2 * 3 * 3 * 5

Now that we have the prime factorization of 360, we can use it to find the total number of factors. The formula to find the total number of factors is to add 1 to each exponent in the prime factorization and multiply these numbers together.

The exponents in the prime factorization of 360 are 2, 2, 2, 1, and 1. 
Adding 1 to each exponent, we get 3, 3, 3, 2, and 2.
Multiplying these numbers together, we get 3 * 3 * 3 * 2 * 2 = 216.

Therefore, there are 216 positive integers that divide 360 exactly.

Answer: 216"
Q15,math,Hard,Llama,unsloth/Llama-3.1-8B-Instruct-bnb-4bit,1,1001,413,0,293,"To solve this problem, we can use the concept of similar triangles. Initially, we have a right triangle formed by the ladder, the wall, and the ground. Let's call the length of the ladder the hypotenuse, the distance of the ladder's foot from the wall the base, and the height of the ladder on the wall the height. 

Initially, the ladder is 25 feet long, the ladder's foot is 7 feet from the wall, and the top of the ladder is 24 feet from the ground (since 25^2 - 7^2 = 24^2). Let's call the initial height of the ladder on the wall 'h'. Using the Pythagorean theorem, we can find the initial height of the ladder: 25^2 = 7^2 + h^2.

25^2 - 7^2 = 625 - 49 = 576 = h^2.
Taking the square root of both sides: h = √576 = 24 feet.

Now, when the top of the ladder slides 4 feet down the wall, the height of the ladder on the wall becomes 20 feet (since the wall is vertical). However, the length of the ladder remains the same, 25 feet.

Using the Pythagorean theorem again, we can find the distance of the ladder's foot from the wall: 25^2 = new_base^2 + 20^2.

25^2 - 20^2 = 625 - 400 = 225 = new_base^2.
Taking the square root of both sides: new_base = √225 = 15 feet.

The problem asks for the distance the foot of the ladder moves away from the wall. Initially, the ladder's foot is 7 feet from the wall. After the ladder slides down, the ladder's foot is 15 feet from the wall.

The distance the foot of the ladder moves away from the wall is 15 - 7 = 8 feet.

Answer: 8"
Q16,math,Hard,Llama,unsloth/Llama-3.1-8B-Instruct-bnb-4bit,1,1001,504,0,353,"To solve this problem, we need to determine the amount of acid in the final mixture, which will be 40% of the total mixture. We also need to consider the amount of acid in the initial 10 liters of 20% solution.

Step 1: Calculate the amount of acid in the initial 10 liters of 20% solution.
The initial 10 liters of 20% solution contain 20% of 10 liters of acid. To find this amount, multiply the total liters by the percentage of acid in the solution.
20% of 10 liters = 0.20 * 10 = 2 liters of acid

Step 2: Let x be the amount of the 60% acid solution that needs to be added. The total amount of the mixture after adding x liters of the 60% solution will be 10 + x liters.

Step 3: The total amount of acid in the final mixture will be 40% of (10 + x) liters.

Step 4: The amount of acid in the 60% solution that will be added is 60% of x liters.

Step 5: The total amount of acid in the final mixture will be the sum of the amount of acid from the initial 10 liters of 20% solution (2 liters) and the amount of acid from the 60% solution that is added (0.60x liters).

Step 6: The total amount of acid in the final mixture will be 40% of the total mixture (0.40 * (10 + x) liters).

Step 7: Equate the two expressions from Step 5 and Step 6, since they both represent the total amount of acid in the final mixture.
2 + 0.60x = 0.40 * (10 + x)

Step 8: Simplify the equation by multiplying 0.40 by (10 + x) to get 4 + 0.40x.

2 + 0.60x = 4 + 0.40x

Step 9: Subtract 0.40x from both sides of the equation to isolate the variable.
2 + 0.20x = 4

Step 10: Subtract 2 from both sides of the equation.
0.20x = 2

Step 11: Divide both sides of the equation by 0.20 to find the value of x.
x = 10

Answer: 10"
Q17,math,Medium,Llama,unsloth/Llama-3.1-8B-Instruct-bnb-4bit,1,1001,248,0,168,"To find when the three lighthouses flash together again, we need to find the least common multiple (LCM) of their flashing times. The LCM is the smallest number that is a multiple of all the given numbers.

First, let's break down the flashing times into their prime factors:
- 12 = 2 * 2 * 3
- 18 = 2 * 3 * 3
- 30 = 2 * 3 * 5

To find the LCM, we need to take the highest power of each prime factor from the given numbers:
- For 2, the highest power is 2^2 (from 12 and 30)
- For 3, the highest power is 3^2 (from 18 and 30)
- For 5, the highest power is 5^1 (from 30)

Now, let's multiply these prime factors together to find the LCM:
LCM = 2^2 * 3^2 * 5 = 4 * 9 * 5 = 180

So, the three lighthouses will next flash together 180 seconds after the initial simultaneous flash.

Answer: 180"
Q18,math,Medium,Llama,unsloth/Llama-3.1-8B-Instruct-bnb-4bit,1,1001,386,0,258,"To find the number of bacteria after 2 hours, we need to calculate how many times the population doubles in that time frame. 

There are 60 minutes in 1 hour, so there are 120 minutes in 2 hours. We are told the population doubles every 20 minutes. 

To find out how many times the population doubles in 120 minutes, we divide 120 by 20. This gives us 6. 

This means the population doubles 6 times in 2 hours. 

When the population doubles, it multiplies by 2. To find out the total number of bacteria after 6 doublings, we multiply 150 by 2 six times. 

First, we multiply 150 by 2: 150 * 2 = 300. 

Next, we multiply 300 by 2: 300 * 2 = 600. 

Then, we multiply 600 by 2: 600 * 2 = 1200. 

After that, we multiply 1200 by 2: 1200 * 2 = 2400. 

Finally, we multiply 2400 by 2: 2400 * 2 = 4800. 

So after 6 doublings, there are 4800 bacteria.

However, we also need to account for the doubling that happens after the initial 120 minutes. Since 2 hours is the total time frame and the 6 doublings occurred in 120 minutes, we must also consider the final 60 minutes. 

Since the population doubles every 20 minutes, we divide 60 by 20 to get 3. This means the population will double one more time after 120 minutes.

So we multiply the result after the first 120 minutes (4800) by 2 one more time: 4800 * 2 = 9600.

Answer: 9600"
Q19,math,Hard,Llama,unsloth/Llama-3.1-8B-Instruct-bnb-4bit,1,1001,387,0,303,"To solve the problem, we need to calculate the positions of the hour and minute hands at 3:40. 

The hour hand moves 360 degrees in 12 hours. Since the clock is set to 3:40, the hour hand has moved 3 hours and 40 minutes out of a possible 12 hours. First, we need to find out how many degrees the hour hand moves per hour. 360 degrees / 12 hours = 30 degrees per hour. 

Next, we need to find out how many degrees the hour hand moves per minute. To do this, we divide the degrees per hour by the minutes in an hour. 30 degrees / 60 minutes = 0.5 degrees per minute.

Now we can find out how many degrees the hour hand has moved at 3:40. The hour hand has moved 3 hours * 30 degrees per hour = 90 degrees for the hours. For the minutes, it has moved 40 minutes * 0.5 degrees per minute = 20 degrees. So, the hour hand has moved 90 + 20 = 110 degrees from the 12 o'clock position.

The minute hand moves 360 degrees in 60 minutes. To find out how many degrees the minute hand has moved at 40 minutes, we divide the degrees by the minutes in an hour and then multiply by the minutes. 360 degrees / 60 minutes = 6 degrees per minute. 40 minutes * 6 degrees per minute = 240 degrees.

Now we need to find the smaller angle between the hour hand and the minute hand. Since the minute hand is at 240 degrees and the hour hand is at 110 degrees, the smaller angle between them is the absolute difference between the two angles. So, we find the absolute difference between the two angles: |240 - 110| = 130 degrees.

Answer: 130"
Q20,math,Hard,Llama,unsloth/Llama-3.1-8B-Instruct-bnb-4bit,1,1001,533,0,374,"To solve this problem, we can count the number of integers from 1 to 1000 inclusive that do not contain the digit 7, and then subtract that count from the total number of integers from 1 to 1000 inclusive.

First, let's consider the digits in the units place. There are 9 possible digits (0, 1, 2, 3, 4, 5, 6, 8, 9) that can be in the units place, since 0 cannot be the leading digit of a number. However, this is not the case for our units digit. Since we can have a 0 as the leading digit, we can use the 9 possible digits for the units place.

Next, let's consider the digits in the tens place. There are 9 possible digits (0, 1, 2, 3, 4, 5, 6, 8, 9) that can be in the tens place.

Finally, let's consider the digits in the hundreds place. There are 9 possible digits (0, 1, 2, 3, 4, 5, 6, 7, 8, 9) that can be in the hundreds place. We can use the 9 possible digits for the hundreds place.

However, we have to consider the numbers that start with 0. We can use the 9 possible digits for the tens place, but the hundreds place can only be 0.

To find the total number of integers from 1 to 1000 inclusive that do not contain the digit 7, we can use the following counts:

- Numbers that start with 0: 9 (possible digits in tens place) * 1 (possible digit in hundreds place) = 9
- Numbers that start with a non-zero digit and do not contain the digit 7: 9 (possible digits in tens place) * 9 (possible digits in hundreds place) - 1 (1000 is a special case, as we can't use the digit 7 in the hundreds place or tens place) = 78

So, the total number of integers from 1 to 1000 inclusive that do not contain the digit 7 is 9 + 78 = 87.

The total number of integers from 1 to 1000 inclusive is 1000.

Therefore, the number of integers from 1 to 1000 inclusive that contain at least one digit 7 in their decimal representation is 1000 - 87 = 913.

Answer: 913"
E1,prose,Easy,Llama,unsloth/Llama-3.1-8B-Instruct-bnb-4bit,1,1001,410,0,325,"Getting enough sleep each night is crucial for optimal functioning the next day, and one of the most significant effects is a sharper focus and memory. When we don't get sufficient sleep, our cognitive abilities are impaired, making it difficult to concentrate and process information efficiently. This can lead to mistakes, misunderstandings, and decreased productivity. On the other hand, adequate sleep enables our brains to consolidate memories, solidify new learning, and retrieve information from long-term storage more effectively. As a result, we're better equipped to tackle complex tasks, make sound decisions, and adapt to new situations.

Another notable effect of sufficient sleep is a better mood and emotional control. When we're sleep-deprived, we're more prone to irritability, anxiety, and emotional reactivity, which can strain relationships and hinder our ability to manage stress. In contrast, a well-rested individual is better able to regulate their emotions, respond to challenging situations with equanimity, and exhibit more empathy and understanding towards others. This is because sleep influences the production of neurotransmitters, such as serotonin and dopamine, which are essential for mood regulation and emotional well-being. By getting enough sleep, we're more likely to feel refreshed, revitalized, and better equipped to handle the ups and downs of daily life.

Finally, sleep is essential for physical energy and overall health. When we don't get sufficient sleep, our bodies are not able to repair and regenerate tissues, build bone and muscle, and adapt to environmental changes as effectively. This can lead to fatigue, decreased strength, and a weakened immune system. In contrast, adequate sleep allows our bodies to recover from physical stress, repair damaged cells, and maintain optimal physical performance. As a result, we're more likely to feel invigorated, motivated, and better equipped to tackle physical challenges, whether it's a demanding workout, a long hike, or simply a busy day at work. By prioritizing sleep, we're investing in our overall health and well-being, setting ourselves up for a brighter, more energetic future."
E2,prose,Easy,Llama,unsloth/Llama-3.1-8B-Instruct-bnb-4bit,1,1001,327,0,268,"Drinking water throughout the day is a simple yet effective way to improve how you feel. When you're properly hydrated, your physical energy levels increase, allowing you to tackle daily tasks with more vigor and enthusiasm. Even mild dehydration can cause fatigue, headaches, and difficulty concentrating, which can have a significant impact on your overall well-being. By drinking water regularly, you can maintain a steady energy flow, reducing the likelihood of these symptoms and enabling you to perform at your best.

In addition to physical energy, hydration also plays a crucial role in cognitive function. Drinking water improves concentration and focus, making it easier to stay engaged and motivated throughout the day. When you're dehydrated, your brain can become foggy, leading to decreased productivity and a lower quality of work. Moreover, staying hydrated supports the health of your brain cells, which are essential for memory, learning, and decision-making. By drinking water regularly, you can boost your mental clarity and stay focused on the tasks at hand, leading to a more productive and fulfilling life.

Hydration also has a positive impact on your skin and overall appearance. When your body is properly hydrated, it's better equipped to remove toxins and waste products, which can lead to a clearer complexion. Drinking water helps to flush out impurities that can cause acne, dryness, and other skin issues, resulting in a healthier, more radiant appearance. Furthermore, staying hydrated supports the elasticity of your skin, allowing it to look smoother and more youthful. With a well-hydrated body, you're more likely to have a glowing, confident complexion that reflects your overall health and well-being."
E3,prose,Easy,Llama,unsloth/Llama-3.1-8B-Instruct-bnb-4bit,1,1001,426,0,361,"Spending time outdoors every day is a simple yet effective way to boost mental health. One of the primary benefits is that it reduces stress and anxiety. When we're surrounded by nature, our minds become less preoccupied with worries and concerns, allowing us to feel more at ease. The calming effects of being in the great outdoors are well-documented, and research has shown that spending time in nature can lower cortisol levels, decrease blood pressure, and even alleviate symptoms of anxiety and depression. By incorporating daily outdoor time into your routine, you can experience a significant reduction in stress and anxiety levels, leading to a more peaceful and balanced life.

Another way that spending time outdoors impacts mental health is by improving mood through sunlight exposure. Natural sunlight contains a unique blend of wavelengths that stimulate the release of serotonin, a neurotransmitter that helps regulate mood, appetite, and sleep. When we're exposed to sunlight, our bodies respond by increasing serotonin production, which can lead to feelings of happiness and well-being. This is especially true for people who suffer from Seasonal Affective Disorder (SAD), a condition characterized by symptoms of depression during the winter months when sunlight is scarce. By spending time outdoors, even on cloudy days, you can still reap the benefits of sunlight exposure and experience a natural mood boost.

In addition to reducing stress and anxiety and improving mood, spending time outdoors provides a much-needed break from screens and indoor routines. In today's digital age, many of us are glued to our phones, computers, and televisions, with little time to disconnect from the constant stream of information and notifications. This can lead to feelings of burnout, fatigue, and decreased productivity. By venturing outside, you can leave behind the distractions of modern life and immerse yourself in the natural world. This break from screens and indoor routines allows your mind and body to unwind, relax, and recharge, setting you up for a more productive and fulfilling day. Whether it's a short walk around the block, a hike in the woods, or a picnic in the park, spending time outdoors can be a powerful antidote to the stresses of modern life."
E4,prose,Easy,Llama,unsloth/Llama-3.1-8B-Instruct-bnb-4bit,1,1001,396,0,337,"Cooking meals at home is a healthier choice than eating out most of the time due to the control one has over what ingredients are used in the food. When cooking at home, individuals can choose the freshest and highest-quality ingredients, which are less likely to contain additives, preservatives, and excessive salt that are commonly found in restaurant meals. This control allows individuals to make informed decisions about the nutritional value of their meals, ensuring that they are getting the essential nutrients their bodies need to function properly. Furthermore, cooking at home provides the opportunity to limit the intake of unhealthy fats, sugars, and saturated fats that are often present in restaurant meals.

In addition to the health benefits, cooking meals at home is also a more cost-effective option compared to eating out. When individuals eat out, they are not only paying for the food but also for the ambiance, service, and other amenities that come with dining out. In contrast, cooking at home allows individuals to save money by purchasing ingredients in bulk, planning meals in advance, and avoiding the high costs associated with restaurant dining. Moreover, cooking at home provides the flexibility to prepare meals with ingredients that are on sale, reducing the overall cost of the meal. This cost-effectiveness makes cooking at home an attractive option for individuals who are looking to save money and prioritize their health.

Moreover, cooking meals at home is an excellent way to build useful life skills that can benefit individuals in various aspects of their lives. Cooking at home requires individuals to plan, organize, and execute a meal, which are essential skills for managing time, resources, and priorities. These skills are transferable to other areas of life, such as work, education, and personal relationships. Additionally, cooking at home provides the opportunity to learn about different cuisines, ingredients, and cooking techniques, which can broaden one's cultural and social connections. By mastering cooking skills, individuals can also become more independent and self-sufficient, reducing their reliance on external sources for sustenance."
E5,prose,Easy,Llama,unsloth/Llama-3.1-8B-Instruct-bnb-4bit,1,1001,396,0,330,"Having a regular daily routine is a simple yet effective way to reduce stress. One of the primary benefits of a daily routine is that it removes the mental load of constant decision-making, which can be overwhelming and draining. When you establish a routine, you're able to make decisions in advance, freeing up mental energy that would otherwise be spent on daily choices. This allows you to conserve mental resources, reducing feelings of anxiety and fatigue. A routine provides a sense of structure and predictability, giving you a clear understanding of what's expected of you each day, eliminating the need for last-minute decisions that can be stressful.

In addition to reducing decision fatigue, a daily routine also has a positive impact on sleep quality by regulating your body clock. A consistent daily schedule helps regulate your internal clock, signaling to your body when it's time to be awake and when it's time to sleep. This synchronizes your sleep-wake cycle, allowing you to establish a regular sleep pattern. Irregular sleep schedules and inconsistent bedtime routines can disrupt your body's natural sleep-wake cycle, leading to insomnia, daytime fatigue, and other sleep-related issues. By establishing a daily routine, you're able to signal to your body when it's time to sleep and wake up, promoting better sleep quality and reducing stress.

A regular daily routine also makes it easier to find time for exercise and self-care, two essential components of stress reduction. When you have a structured daily schedule, you're more likely to prioritize activities that promote physical and mental well-being, such as exercise, meditation, or yoga. By incorporating these activities into your daily routine, you're able to establish habits that contribute to overall health and happiness. Without a routine, it's easy to put off exercise and self-care, leading to feelings of guilt and inadequacy. A daily routine helps you stay on track, ensuring that you make time for activities that nourish your body and soul, reducing stress and promoting a sense of well-being."
E6,prose,Easy,Llama,unsloth/Llama-3.1-8B-Instruct-bnb-4bit,1,1001,357,0,304,"Learning to budget your money each month is a crucial skill that can bring about significant financial stability and peace of mind. One of the primary benefits of budgeting is that it prevents you from spending more than you earn, a common trap many people fall into. When you don't have a clear picture of your income and expenses, it's easy to overspend and accumulate debt. By creating a budget, you'll be able to track your income and expenses, identify areas where you can cut back, and make conscious decisions about how to allocate your money. This will help you avoid financial pitfalls and ensure that you're living within your means.

Another significant advantage of budgeting is that it helps you build savings over time. When you're not wasting money on unnecessary expenses, you'll have more funds available to put towards your long-term financial goals, such as saving for a down payment on a house, paying off debt, or building an emergency fund. Budgeting allows you to prioritize your spending, allocate funds towards savings, and make progress towards your financial objectives. This process can be incredibly empowering, as you'll see your savings grow and your financial security improve.

Budgeting also has a profound impact on reducing financial stress. When you're living paycheck to paycheck or struggling to make ends meet, it's easy to feel anxious and worried about your financial situation. By taking control of your finances through budgeting, you'll be able to breathe a sigh of relief and feel more confident about your ability to manage your money. You'll be able to tackle unexpected expenses, handle financial setbacks, and enjoy the security of knowing that you have a plan in place to handle life's challenges. By budgeting, you'll be able to reduce your financial stress and enjoy a more peaceful, secure financial future."
E7,prose,Easy,Llama,unsloth/Llama-3.1-8B-Instruct-bnb-4bit,1,1001,371,0,313,"Regular physical exercise is one of the most effective and accessible ways to improve mental health. When a person engages in physical activity, their body releases a range of mood-boosting chemicals in the brain, including endorphins, dopamine, and serotonin. These chemicals have a profound impact on a person's emotional state, helping to reduce stress and anxiety while promoting feelings of happiness and well-being. As a result, exercise can help alleviate symptoms of depression and anxiety by releasing these chemicals, which can have a profound impact on a person's mental health.

In addition to its mood-boosting effects, regular physical exercise has been shown to reduce symptoms of anxiety and depression. Studies have consistently found that people who engage in regular exercise tend to have lower levels of anxiety and depression than those who do not. This may be because exercise helps to distract people from negative thoughts and emotions, providing a healthy outlet for stress and anxiety. Exercise also promotes relaxation and reduces muscle tension, further contributing to its anxiolytic and antidepressant effects. Furthermore, the physical activity itself can help to reduce symptoms of depression by improving sleep quality, boosting energy levels, and enhancing overall physical health.

Regular physical exercise also has a profound impact on self-confidence over time. As a person becomes more physically fit, they may experience a sense of accomplishment and pride in their abilities, which can translate to other areas of their life. Exercise can help to build self-esteem by providing a sense of control and agency, particularly for individuals who may feel powerless or overwhelmed by their circumstances. Moreover, the physical activity itself can help to develop a growth mindset, as individuals learn to set and achieve goals, push through challenges, and adapt to new situations. As a result, regular exercise can help to improve self-confidence, self-worth, and overall mental health, leading to a more fulfilling and meaningful life."
E8,prose,Easy,Llama,unsloth/Llama-3.1-8B-Instruct-bnb-4bit,1,1001,404,0,333,"In today's fast-paced world, finding time for leisure activities can be challenging, especially when juggling work, family, and other responsibilities. However, making time to read books for pleasure is an investment worth considering, despite the demands on one's schedule. One significant benefit of reading books is that it helps build vocabulary and communication skills. When we immerse ourselves in a good book, we're exposed to a wide range of words, phrases, and sentence structures that can enhance our linguistic abilities. This, in turn, can improve our communication skills, making it easier to express ourselves effectively in both personal and professional settings.

Moreover, reading books can be a more effective stress-reducer than engaging in screen-based activities. While social media, emails, and online news can stimulate our minds, they often leave us feeling anxious and overwhelmed. In contrast, reading books provides a healthy escape from the stresses of everyday life. Immersing ourselves in a good story can transport us to another world, allowing us to temporarily forget our worries and recharge our batteries. Furthermore, reading books requires minimal cognitive effort, as our minds are free to wander and absorb the information, rather than constantly processing and analyzing the content, which can be taxing. This can lead to a more relaxing and rejuvenating experience.

Reading books also has a profound impact on our ability to empathize with others. When we read about characters' experiences, motivations, and emotions, we're able to see the world from their perspective. This process of perspective-taking allows us to understand and relate to others in a deeper way, fostering empathy and compassion. By stepping into someone else's shoes, we gain a better understanding of their struggles and triumphs, which can help us become more tolerant, open-minded, and understanding individuals. This, in turn, can lead to more meaningful relationships and a more harmonious community. As we navigate the complexities of modern life, cultivating empathy through reading books can be an invaluable tool for building stronger connections with others and improving our overall well-being."
E9,prose,Easy,Llama,unsloth/Llama-3.1-8B-Instruct-bnb-4bit,1,1001,342,0,299,"Keeping a tidy living space is a simple yet effective way to make daily life easier. One of the primary benefits is that it saves you time and effort in searching for things you need. When your belongings are organized and in their designated places, you can quickly find what you're looking for, rather than wasting time rummaging through cluttered areas. This might seem like a minor advantage, but it adds up over time and can be particularly helpful during busy periods when every spare moment counts.

A clean environment also has a profound impact on reducing background stress. Clutter and disorganization can create a sense of anxiety and overwhelm, making it difficult to relax and unwind. When your living space is tidy, you're less likely to feel overwhelmed by the visual chaos and more able to focus on the tasks at hand. This, in turn, can lead to a greater sense of calm and well-being, which is essential for maintaining a healthy work-life balance. By keeping your living space clean, you're creating a peaceful environment that promotes relaxation and reduces the stress that can come from feeling overwhelmed by clutter.

Maintaining a tidy living space also has a direct impact on your ability to focus on work or study. When your surroundings are organized and clutter-free, you're able to concentrate on the tasks at hand without distractions. You're not spending time worrying about where things are or trying to find lost items, which can be a significant distraction. Instead, you're able to devote your attention to the task at hand, leading to greater productivity and a better understanding of the material. This is particularly important for students or professionals who need to stay focused on complex tasks, and it can make a significant difference in your overall success."
E10,prose,Easy,Llama,unsloth/Llama-3.1-8B-Instruct-bnb-4bit,1,1001,424,0,366,"Spending less time on social media can significantly improve one's wellbeing by reducing the constant social comparison that can lead to feelings of inadequacy and dissatisfaction. When we are exposed to the curated highlight reels of our friends and acquaintances on social media, we tend to compare ourselves unfavorably, fostering a sense of inadequacy and low self-esteem. This can be particularly damaging when we are comparing our behind-the-scenes moments to the seemingly flawless presentations of others. By limiting our social media use, we can reduce the amount of time spent engaging in these comparisons, allowing us to focus on our own strengths and accomplishments rather than constantly measuring ourselves against others.

Reducing social media use also frees up time for more fulfilling offline activities that can bring a sense of purpose and satisfaction. Social media can be a significant time-sink, and the more we use it, the less time we have for engaging in meaningful pursuits. By cutting back on social media, we can allocate that time to hobbies, spending time with loved ones, or pursuing creative passions. This can lead to a greater sense of fulfillment and engagement in life, as well as a stronger sense of community and connection with others. Furthermore, offline activities often require us to be fully present and engaged, which can help us build stronger relationships and develop a greater sense of self-awareness.

Lastly, limiting social media use can also improve sleep quality by reducing evening screen exposure. Exposure to screens and the stimulating content of social media can interfere with our sleep patterns, making it more difficult to fall asleep and reducing the quality of our rest. By avoiding screens for a period before bedtime, we can signal to our brains that it's time to wind down and prepare for sleep, leading to a more restful and rejuvenating night's sleep. This, in turn, can have a positive impact on our overall wellbeing, as better sleep can improve our mood, concentration, and ability to manage stress. By making social media a part of our daily routine rather than a pre-sleep habit, we can improve the quality of our sleep and wake up feeling refreshed and ready to tackle the day."
E11,prose,Easy,Llama,unsloth/Llama-3.1-8B-Instruct-bnb-4bit,1,1001,415,0,357,"Pets have long been known to bring immense joy and benefits to their human companions, and it's no wonder why many people consider their furry friends to be an integral part of their families. One of the primary advantages of pet ownership is that it significantly reduces loneliness and provides companionship. When individuals are lonely, they often experience feelings of isolation and disconnection, which can have a profound impact on their mental health. However, having a pet can alleviate these feelings, as animals are natural social magnets that provide affection and attention. This companionship can help fill the void left by a lack of social interaction, fostering a sense of belonging and togetherness.

Caring for a pet also encourages routine and physical activity, which are essential components of maintaining overall health. When people have a pet, they are more likely to engage in regular exercise and outdoor activities, such as walking or playing with their pet, which can help strengthen their cardiovascular system and reduce the risk of chronic diseases. Moreover, the responsibility of caring for a pet can help individuals establish a daily routine, which can be particularly beneficial for those who struggle with organization and time management. This structured schedule can lead to a more balanced and healthy lifestyle, as individuals are more likely to prioritize self-care and engage in activities that promote well-being.

The bond between a person and their pet is also a powerful stress-reducing factor, as the emotional connection between the two can lower stress hormones such as cortisol. When individuals experience stress, their body's response is to release cortisol, which can have a negative impact on their mental and physical health. However, studies have shown that pet owners tend to have lower cortisol levels, as the affection and companionship provided by their pets can counteract the effects of stress. This is due in part to the oxytocin, also known as the ""cuddle hormone,"" which is released when individuals interact with their pets, promoting feelings of relaxation and calmness. By reducing stress hormones, the bond with a pet can help individuals manage their emotions and maintain a healthier, happier state of being."
E12,prose,Easy,Llama,unsloth/Llama-3.1-8B-Instruct-bnb-4bit,1,1001,363,0,311,"Expressing gratitude regularly can have a profound impact on one's outlook and overall well-being, making life more positive in numerous ways. One of the significant benefits is that it shifts attention from problems to what is working well, allowing individuals to focus on the good aspects of their lives and relationships. When we make a conscious effort to acknowledge and appreciate the positive aspects, we begin to see the world in a more optimistic light, and this mindset can be contagious. By redirecting our focus from difficulties to the good, we can cultivate a more balanced and resilient perspective, which is essential for navigating life's challenges.

Furthermore, expressing gratitude strengthens personal relationships when shared with others. When we express our gratitude to someone, it not only acknowledges their efforts but also shows that we value and appreciate them. This can foster deeper connections and more meaningful relationships, as people feel seen, heard, and valued. Moreover, when we share our gratitude with others, it can create a ripple effect, encouraging them to express their own gratitude and appreciate the good things in their lives. This collective focus on gratitude can bring people together, build stronger bonds, and create a sense of community.

Research also shows that expressing gratitude measurably improves mood over time. Studies have consistently demonstrated that individuals who practice gratitude experience increased happiness, life satisfaction, and positive emotions, while also reporting decreased stress, anxiety, and depression. This is because gratitude has a profound impact on our emotional state, releasing endorphins and other feel-good hormones that promote a sense of well-being. By incorporating gratitude into our daily lives, we can develop a more optimistic outlook, become more resilient in the face of challenges, and cultivate a deeper sense of contentment and happiness. In essence, expressing gratitude regularly can be a powerful tool for transforming our lives and making them more positive."
E13,prose,Easy,Llama,unsloth/Llama-3.1-8B-Instruct-bnb-4bit,1,1001,410,0,368,"Taking short breaks during a long work session is a beneficial practice that can help you accomplish more overall. One key advantage is that brief pauses prevent mental fatigue from accumulating. When we focus intensely on a task without taking a break, our mental energy can become depleted, leading to a decrease in productivity and an increase in errors. By stepping away from our work for a short period, we allow our minds to rest and recharge, reducing the risk of mental fatigue and its associated negative consequences. This is especially important for tasks that require sustained attention and cognitive effort, such as complex problem-solving or data analysis.

Stepping away from a problem often leads to better solutions when we return. This is because the break allows us to clear our minds and approach the task with a fresh perspective. When we're deeply invested in a problem, it's easy to get stuck in a particular mindset or solution, but taking a break can help us break free from these constraints and see new possibilities. This is often referred to as the ""incubation effect,"" where the subconscious mind continues to work on the problem even when we're not actively thinking about it, and a solution becomes apparent when we return to the task. By giving ourselves permission to step away from a problem, we can tap into this creative potential and find more innovative solutions.

Regular breaks also maintain motivation across the full work period. When we work long stretches without taking a break, our motivation can start to flag. We may feel overwhelmed by the task ahead, or we may become frustrated with the lack of progress. By taking regular breaks, we create a sense of accomplishment and momentum, which helps to maintain our motivation and engagement. This is especially important for tasks that require sustained effort over an extended period, such as writing a report or completing a project. By breaking the work into manageable chunks and taking breaks between each chunk, we can maintain our motivation and stay focused on the task at hand. Overall, taking short breaks during a long work session can have a significant impact on our productivity and overall sense of accomplishment."
E14,prose,Easy,Llama,unsloth/Llama-3.1-8B-Instruct-bnb-4bit,1,1001,410,0,348,"Volunteering your time to help others is often viewed as a selfless act, yet it also has a profound impact on one's personal life. By dedicating time to a cause or organization, you have the opportunity to build new skills that can be applied in various aspects of your life. Whether it's developing communication skills through leading a team or learning about project management through coordinating a charity event, the skills you acquire through volunteering can be transferred to your professional life. These skills not only enhance your employability but also demonstrate your commitment and adaptability to potential employers. Furthermore, volunteering provides a chance to expand your professional network, allowing you to connect with like-minded individuals who share similar passions and values. These connections can lead to valuable relationships, mentorship, and even new career opportunities.

Beyond the tangible benefits, volunteering also provides a sense of purpose and meaning that can be deeply fulfilling. When you're involved in a cause that resonates with you, you're more likely to feel a sense of direction and motivation. This sense of purpose can extend beyond your volunteering activities, influencing various areas of your life. It can give you the confidence to pursue new goals, foster a sense of resilience, and help you navigate life's challenges with a clearer perspective. Moreover, the sense of accomplishment that comes from volunteering can boost your self-esteem, making you feel more capable and empowered.

Volunteering also has a significant impact on mental health by reducing feelings of isolation. When you're engaged in a community or a cause, you're more likely to meet new people and form meaningful connections. These relationships can provide a support system, helping you cope with stress, anxiety, and other mental health concerns. Volunteering can also break the cycle of isolation, which is often a precursor to mental health issues. By being part of a community or a team, you're less likely to feel disconnected and more likely to experience a sense of belonging. This sense of belonging can be a powerful antidote to feelings of loneliness and isolation, promoting overall well-being and happiness."
M1,prose,Medium,Llama,unsloth/Llama-3.1-8B-Instruct-bnb-4bit,1,1001,401,0,344,"Remote work offers a plethora of benefits for employees, primarily due to the significant reduction in commute time and the elimination of open-plan distractions that often plague traditional office settings. By no longer having to spend hours traversing congested roads or public transportation, employees can allocate this extra time to focus on their tasks, resulting in measurable gains in productivity. Without the constant interruptions and background noise associated with open-plan offices, employees can work in a more conducive environment, leading to increased concentration and a smoother workflow. This, in turn, translates to higher quality work and a more efficient use of employees' time, ultimately benefiting both employees and employers.

On the employer's side, remote work facilitates access to a wider talent pool, allowing businesses to recruit top talent from a broader geographical area. This is particularly beneficial in industries that require specialized skills or expertise, where the best candidates may not be located in close proximity to the company's physical office. By embracing remote work, employers can tap into this broader pool of qualified candidates, increasing their chances of finding the ideal candidate for a particular role. Furthermore, remote work eliminates the need for expensive real-estate investments, such as renting or owning office space, allowing employers to redirect these funds towards other aspects of their business, such as employee development or marketing.

Flexible work arrangements, a key component of remote work, also have a significant impact on employee retention and turnover rates. By offering employees the autonomy to manage their work schedule and create a work environment that suits their needs, employers demonstrate a commitment to their employees' well-being and work-life balance. This, in turn, fosters a sense of trust and loyalty among employees, reducing the likelihood of them seeking alternative employment opportunities. When employees feel valued and empowered to manage their workload, they are more likely to remain with the company, reducing the costs associated with recruitment and training new employees. Conversely, employees who feel micromanaged or constrained by traditional office environments may become disenchanted and seek opportunities elsewhere, leading to costly turnover."
M2,prose,Medium,Llama,unsloth/Llama-3.1-8B-Instruct-bnb-4bit,1,1001,480,0,396,"Public libraries remain essential institutions in the digital age, providing a vital lifeline for individuals and communities in need. One of their most significant contributions is offering free, equitable access to information technology for populations who cannot afford it. In an era where digital literacy is increasingly essential for accessing information, education, and economic opportunities, libraries provide a critical safety net. By offering free or low-cost access to computers, tablets, and high-speed internet, libraries enable marginalized communities, low-income families, and individuals with limited digital literacy to participate in the digital economy. This not only promotes social equity but also fosters digital inclusion, bridging the gap between those with and without access to the digital world.

Beyond providing access to technology, libraries serve as community anchors, offering a range of programs and services that are essential to the well-being of individuals and families. Job support programs, for instance, provide training and resources that help people acquire new skills, find employment, and advance their careers. Similarly, child literacy programs, such as storytime and book clubs, promote a love of reading and learning in young children, setting them on a path to academic success and social mobility. Moreover, libraries offer a safe public space where individuals can gather, socialize, and engage in community activities, providing a vital hub for social interaction and community engagement. In this way, libraries serve as a vital counterweight to the increasingly isolating effects of digital communication, fostering social connection and community cohesion.

Professional librarians also play a critical role in the digital age, performing a curation and verification role that unmediated internet search cannot replicate. With the rise of disinformation, fake news, and online misinformation, librarians provide a trusted filter, vetting sources and evaluating the credibility of online information. They also possess expertise in evaluating the accuracy and relevance of online resources, ensuring that users have access to high-quality, reliable information. Furthermore, librarians are skilled in developing and implementing information literacy programs that teach users how to effectively navigate the internet, evaluate online sources, and use digital tools to their advantage. By providing guidance and support, librarians empower users to make informed decisions, navigate the complexities of the digital world, and access the information they need to succeed. In this way, librarians perform a vital curation and verification role, ensuring that users have access to accurate, relevant, and high-quality information in the digital age."
M3,prose,Medium,Llama,unsloth/Llama-3.1-8B-Instruct-bnb-4bit,1,1001,391,0,327,"Learning a second language offers numerous cognitive and professional advantages, making it an invaluable skill in today's interconnected world. One of the significant benefits of bilingualism is its impact on executive function, particularly cognitive flexibility and task-switching. Research has shown that individuals who speak two languages exhibit enhanced executive function, allowing them to adapt more easily to changing situations and navigate complex tasks. This cognitive flexibility is critical in many professional settings, where employees must juggle multiple responsibilities and adjust to new challenges. Moreover, bilingual individuals demonstrate improved task-switching skills, which enable them to quickly switch between different mental or physical tasks, a valuable ability in today's fast-paced work environment.

In addition to the benefits of bilingualism, multilingual individuals exhibit advantages in abstract reasoning and metalinguistic awareness. Multilingualism requires the ability to think abstractly and make connections between concepts, which is essential for solving complex problems and making informed decisions. Furthermore, multilingual individuals possess a higher level of metalinguistic awareness, which enables them to understand the structure and rules of language, a valuable skill in many professional contexts. This metalinguistic awareness allows multilingual individuals to analyze and evaluate information more effectively, making them more adept at resolving complex issues and communicating ideas clearly.

Proficiency in a second language substantially expands professional opportunities in a globalized labor market. In an increasingly interconnected world, speaking multiple languages is a highly valued skill that can open doors to new career paths and enhance job prospects. Many multinational corporations and organizations require employees to communicate in multiple languages, and individuals with language proficiency can take on leadership roles, negotiate international deals, or work in diplomatic or cultural exchange programs. Moreover, language proficiency can also increase earning potential, with multilingual individuals often commanding higher salaries and experiencing greater career advancement opportunities. In this context, learning a second language is an essential investment in one's professional future, providing a competitive edge in the job market and enhancing opportunities for career growth and development."
M4,prose,Medium,Llama,unsloth/Llama-3.1-8B-Instruct-bnb-4bit,1,1001,385,0,338,"Investing in the training and development of existing employees is a more beneficial approach for companies than defaulting to external hiring. One of the primary reasons is that internal development preserves the institutional knowledge that external hires often take months to acquire. When employees are trained from within, they already possess a deep understanding of the company's culture, values, and operations, allowing them to quickly adapt to new roles and responsibilities. This institutional knowledge is a valuable asset that is difficult to replicate with external hires, who may require a significant amount of time and resources to learn the intricacies of the company.

Visible investment in employee growth also has a measurable impact on retention and reduces turnover costs. When employees see that their company is committed to their development and growth, they are more likely to stay with the organization, reducing the need for costly recruitment and training of new hires. This, in turn, can lead to a more stable and experienced workforce, which is essential for driving business success. Furthermore, the cost of replacing a departing employee can be substantial, with estimates suggesting that it can cost up to 150% of the employee's annual salary to replace them. By investing in employee growth, companies can avoid these significant costs and create a more loyal and dedicated workforce.

Upskilling existing employees is also typically faster and less expensive than a full external recruitment cycle. When companies invest in the development of their existing employees, they can quickly address skill gaps and adapt to changing business needs, rather than waiting for external hires to be trained and integrated into the organization. This not only saves time but also reduces the costs associated with recruitment, hiring, and onboarding new employees. Additionally, upskilling existing employees can lead to a more seamless transition, as they already possess a deep understanding of the company's culture and operations. This can result in a more efficient and effective use of resources, allowing companies to respond quickly to changing market conditions and drive business success."
M5,prose,Medium,Llama,unsloth/Llama-3.1-8B-Instruct-bnb-4bit,1,1001,371,0,316,"Regular physical exercise has been consistently linked to a range of significant health benefits, which in turn measurably reduces long-term healthcare costs at both the individual and societal level. One of the most compelling arguments in favor of exercise is its substantial impact on the rates of preventable chronic diseases, including type 2 diabetes and cardiovascular disease. Active individuals are far less likely to develop these conditions, which are among the most expensive and debilitating health issues, placing a considerable burden on healthcare systems. By adopting regular physical activity, individuals can significantly reduce their risk of developing these conditions, thereby avoiding costly treatments and hospitalizations.

Exercise also has a profound impact on mental health conditions, which are increasingly becoming a growing share of healthcare expenditure. Regular physical activity has been shown to reduce the frequency and severity of mental health conditions, such as depression and anxiety disorders. This is particularly significant given the rising prevalence of mental health issues, which are often undertreated and underdiagnosed, leading to a range of negative consequences, including poor health outcomes, reduced productivity, and increased healthcare costs. By incorporating exercise into daily routines, individuals can mitigate the risk of developing mental health conditions, thereby reducing the economic burden associated with these issues.

Population-level physical activity programs have been implemented in multiple national healthcare systems, with a range of cost-effectiveness studies demonstrating the value of investing in physical activity initiatives. These programs have been shown to reduce healthcare costs by promoting healthy behaviors, preventing chronic diseases, and improving mental health outcomes. By targeting specific population groups, such as children, adults, and older adults, these programs can have a significant impact on overall health, leading to cost savings and improved health outcomes. Furthermore, the benefits of physical activity programs extend beyond individual health benefits, as they can also contribute to broader societal benefits, such as improved productivity, reduced absenteeism, and enhanced overall well-being."
M6,prose,Medium,Llama,unsloth/Llama-3.1-8B-Instruct-bnb-4bit,1,1001,441,0,386,"The absence of financial education in secondary schools is a pressing concern that warrants attention. Correlating with this lack of education are high rates of consumer debt and financial vulnerability among young adults. It is alarming that many students graduate from high school and enter the workforce without a fundamental understanding of personal finance, setting them up for potential financial pitfalls. This is particularly concerning as consumer debt, including credit card debt and student loans, has become a significant burden for many young adults. By not incorporating financial literacy into the secondary school curriculum, we are failing to equip students with the essential skills and knowledge necessary to navigate the complexities of personal finance.

Financial literacy is a universal life skill that benefits all students, regardless of their income or career path. The ability to manage one's finances effectively is essential for achieving financial stability, independence, and security. This is not a privilege reserved for those pursuing lucrative careers or high-paying jobs; it is a fundamental right that all individuals should possess. Financial literacy encompasses a range of skills, including budgeting, saving, investing, and managing debt. By acquiring these skills, students can make informed decisions about their financial futures, whether they choose to pursue higher education, enter the workforce, or start their own businesses. Moreover, financial literacy is not a one-size-fits-all concept; it is a versatile skill that can be applied in various contexts, making it an invaluable asset for all students.

Schools are the only institution with reliable access to all young people before they face high-stakes financial decisions. This presents a unique opportunity for educators to instill financial literacy in students, providing them with a solid foundation for future financial success. By teaching financial literacy in secondary schools, we can ensure that students are equipped with the knowledge and skills necessary to navigate the complexities of personal finance, making informed decisions that will impact their lives for years to come. This is particularly crucial as many students will face significant financial decisions, such as borrowing money for college or purchasing a home, within a few years of graduating from high school. By incorporating financial literacy into the secondary school curriculum, we can empower students to take control of their financial futures, setting them up for success and financial stability in the years to come."
M7,prose,Medium,Llama,unsloth/Llama-3.1-8B-Instruct-bnb-4bit,1,1001,384,0,333,"Urban green spaces and parks are a crucial component of a city's infrastructure, providing numerous benefits to public health that far outweigh their costs to municipalities. One of the primary advantages of these spaces is their association with reduced rates of cardiovascular disease, obesity, and stress-related illness. Studies have consistently shown that individuals with access to green spaces, such as parks, have lower blood pressure, reduced body mass index, and a lower risk of developing these conditions. This is likely due to the fact that green spaces provide opportunities for physical activity, such as walking or sports, which is essential for maintaining a healthy weight and reducing the risk of cardiovascular disease.

Furthermore, parks support mental health by providing restorative environments that buffer against anxiety and depression. Being in nature has been shown to have a calming effect on the mind, reducing symptoms of anxiety and depression, and improving overall mental well-being. The natural scenery and sounds of green spaces, such as birdsong or the gentle rustle of leaves, can also promote a sense of relaxation and reduce stress levels. Additionally, parks provide opportunities for social interaction, such as picnics or community events, which can help to build social connections and a sense of community, both of which are essential for maintaining good mental health.

Green infrastructure, including parks and green spaces, also has a significant impact on the urban environment, reducing the effects of the urban heat island and air pollution, which have direct respiratory health consequences. Cities with high levels of green infrastructure tend to have lower temperatures, reduced air pollution, and improved air quality, all of which contribute to improved public health. For example, studies have shown that areas with high levels of green infrastructure tend to have lower rates of respiratory disease, including asthma, which is a major concern in urban areas. By investing in green infrastructure, municipalities can improve the overall health and well-being of their citizens, reducing the burden on healthcare systems and improving quality of life."
M8,prose,Medium,Llama,unsloth/Llama-3.1-8B-Instruct-bnb-4bit,1,1001,400,0,342,"Reading literary fiction has a profound impact on one's capacity for empathy and social understanding, as it requires readers to inhabit the perspectives of characters whose experiences differ from their own, effectively training them in perspective-taking. This process of immersing oneself in the inner lives of characters who may hold contrasting views, values, or identities fosters a deeper understanding of the complexities of human experience. By navigating the intricacies of character emotions, motivations, and circumstances, readers develop a more nuanced and empathetic grasp of the human condition. This empathetic understanding is crucial for navigating the intricacies of social interactions, as it enables readers to anticipate and navigate the perspectives of others, thereby promoting effective communication and cooperation.

Empirical evidence also supports the notion that literary fiction improves empathy and social understanding. Experimental research has demonstrated measurable short-term improvements in theory-of-mind scores following literary fiction reading. Theory of mind, a cognitive ability that enables individuals to attribute mental states to themselves and others, is a fundamental aspect of social understanding. By engaging with literary fiction, readers are able to develop their theory of mind skills, which in turn enhances their capacity for empathy and social competence. This research highlights the tangible benefits of literary fiction reading on an individual's ability to navigate complex social situations, underscoring the significance of literary fiction as a tool for cultivating empathy and social understanding.

Moreover, the ambiguity and psychological complexity of literary fiction also develop tolerance for uncertainty, which is an essential component of real-world social competence. Literary fiction often presents characters with multifaceted, open-ended narratives, requiring readers to confront and navigate the complexities of human emotion and experience. This process of navigating ambiguity and uncertainty enables readers to cultivate a more flexible and adaptable approach to social interactions, as they learn to navigate the nuances and ambiguities that inevitably arise in real-world social situations. By fostering an appreciation for the complexities of human experience, literary fiction helps readers develop a more nuanced and empathetic understanding of the social world, ultimately promoting effective social interaction and cooperation."
M9,prose,Medium,Llama,unsloth/Llama-3.1-8B-Instruct-bnb-4bit,1,1001,401,0,325,"Mentorship programs offer early-career professionals a unique opportunity to accelerate their skill development, providing access to tacit professional knowledge that is rarely codified in formal training. This is particularly valuable in today's fast-paced work environment where the ability to quickly adapt and learn is crucial for success. A mentor, typically an experienced professional with a deep understanding of the industry or organization, can share their knowledge, insights, and expertise with their mentee, helping them navigate complex challenges and make informed decisions. By tapping into the mentor's tacit knowledge, early-career professionals can gain a competitive edge and develop a more comprehensive understanding of their field, leading to more effective and efficient skill development.

Research has consistently shown that mentored employees are significantly more likely to receive promotions and salary increases within a five-year period. This is because mentors provide guidance and support that helps early-career professionals build confidence, develop their leadership skills, and establish themselves as valuable contributors to the organization. Mentors can also help their mentees identify and pursue opportunities for growth and development, such as taking on new projects or pursuing advanced education or training. By investing in mentorship programs, organizations can reap the benefits of a more engaged, motivated, and productive workforce, leading to improved performance and increased competitiveness.

Mentorship relationships also have a profound impact on expanding professional networks, creating durable long-term career advantages. Through mentorship, early-career professionals can establish relationships with experienced professionals who can introduce them to key contacts, provide introductions, and offer advice on navigating the organization or industry. These connections can lead to valuable networking opportunities, collaborations, and partnerships that can help early-career professionals build a strong and diverse professional network. As these relationships evolve, mentored employees can develop a reputation as knowledgeable, capable, and well-connected professionals, opening doors to new opportunities and career advancement. By investing in mentorship programs, organizations can foster a culture of collaboration, innovation, and growth, leading to a more dynamic and resilient workforce."
M10,prose,Medium,Llama,unsloth/Llama-3.1-8B-Instruct-bnb-4bit,1,1001,428,0,358,"A diversified investment portfolio is a cornerstone of risk reduction for ordinary savers, providing a safeguard against the idiosyncratic failure of any single investment. By spreading investments across various asset classes, such as stocks, bonds, real estate, and cash, an individual can mitigate the potential losses associated with the poor performance of a particular asset. For instance, if a stock within a diversified portfolio experiences a downturn, the overall portfolio's performance may not be significantly affected, as other assets may be performing well. This diversification across asset classes reduces the exposure to the idiosyncratic failure of any single investment, thereby reducing the overall risk.

Historical data consistently shows that diversified portfolios outperform concentrated holdings on a risk-adjusted basis over long horizons. A long-term study of investment portfolios reveals that those with a mix of assets tend to be less volatile and more resilient in the face of market fluctuations. This is because a diversified portfolio is less susceptible to the negative effects of market downturns, as the various assets within the portfolio can offset each other's losses. In contrast, concentrated holdings, which are heavily invested in a single asset or a small group of assets, are more vulnerable to market volatility and are likely to experience greater losses during downturns. The evidence from historical data confirms that diversification is a crucial strategy for ordinary savers seeking to reduce their risk exposure.

The accessibility of low-cost index funds has made genuine diversification possible for investors without specialized knowledge. These funds track a specific market index, such as the S&P 500, and provide a diversified portfolio at a lower cost than actively managed funds. By investing in a low-cost index fund, an individual can benefit from the diversification of the underlying assets, without the need for in-depth knowledge of the individual stocks or bonds within the fund. This makes it easier for ordinary savers to create a diversified portfolio, thereby reducing their risk exposure and increasing their potential for long-term returns. The widespread availability of low-cost index funds has democratized access to diversified investment portfolios, making it possible for a wider range of investors to benefit from this risk-reducing strategy."
M11,prose,Medium,Llama,unsloth/Llama-3.1-8B-Instruct-bnb-4bit,1,1001,387,0,342,"Strong public transportation systems yield substantial net economic benefits for the cities that invest in them. One key advantage is that efficient transit significantly increases labor market access by connecting workers to a wider range of employers. This boost in mobility enables workers to seize job opportunities that may have been previously out of reach due to the limitations of personal transportation. The result is a substantial rise in metropolitan productivity, as more workers are able to capitalize on the economic benefits of being in the right place at the right time. This increased productivity, in turn, can lead to higher economic growth rates and a more competitive business environment.

Another vital benefit of a well-developed public transportation system is that it reduces per-capita car dependency, thereby lowering household transportation costs. By providing an efficient and reliable means of traveling within the city, transit systems allow households to save on the expenses associated with car ownership, such as fuel, maintenance, and parking. The resulting decrease in household transportation costs translates into an increase in disposable income, which can be invested in other goods and services, further stimulating economic growth. Furthermore, as people rely less on their personal vehicles, the city can benefit from reduced congestion and decreased environmental impacts, creating a more liveable and sustainable urban environment.

The economic benefits of public transportation systems are also closely tied to the concept of transit-oriented development. When cities invest in transit infrastructure, it can lead to the creation of dense, mixed-use neighborhoods that are designed around public transportation hubs. These areas often experience a surge in property values, as the proximity to public transportation and the amenities associated with it make them highly desirable to residents and businesses. As property values increase, so too does the tax revenue generated by these areas, which can be used to offset the costs of transit infrastructure development. This creates a self-sustaining cycle where the economic benefits of transit investment can help to pay for itself, further demonstrating the net economic benefits of a well-developed public transportation system."
M12,prose,Medium,Llama,unsloth/Llama-3.1-8B-Instruct-bnb-4bit,1,1001,351,0,307,"Companies prioritizing diversity and inclusion are likely to achieve better business outcomes due to the numerous benefits that come with fostering a diverse and inclusive work environment. One key advantage is that diverse teams bring a wider range of perspectives to problem-solving, which can reduce groupthink and improve decision quality. This is because individuals from different backgrounds and experiences bring unique insights and approaches to the table, allowing teams to consider various viewpoints and arrive at more well-rounded solutions. As a result, decision-making processes become more comprehensive and effective, leading to better outcomes.

Moreover, inclusive workplaces demonstrate higher employee engagement and retention rates. When employees feel valued and included, they are more likely to be invested in the organization's mission and goals, leading to increased job satisfaction and motivation. This, in turn, reduces costly turnover and the associated expenses of recruiting and training new employees. Inclusive workplaces also foster a sense of belonging among employees, which is critical for their overall well-being and productivity. By creating an environment where everyone feels heard and respected, companies can reap the benefits of a more stable and productive workforce.

In addition to these benefits, workforce diversity improves an organization's ability to understand and serve a diverse customer base. As the customer base becomes increasingly diverse, companies need to be able to tailor their products and services to meet the unique needs of various customer segments. Diverse teams can provide valuable insights into the preferences, needs, and behaviors of different customer groups, enabling companies to develop more effective marketing strategies and product offerings. This, in turn, helps companies to differentiate themselves from their competitors and establish a stronger market presence. By embracing diversity and inclusion, companies can tap into the diverse perspectives and experiences of their employees, ultimately leading to better business outcomes and a more competitive edge in the market."
M13,prose,Medium,Llama,unsloth/Llama-3.1-8B-Instruct-bnb-4bit,1,1001,367,0,324,"Early childhood education programs demonstrate a compelling case for public investment, as they yield long-term benefits that extend far beyond the initial costs. High-quality early childhood education is a crucial factor in producing measurable improvements in cognitive development and literacy that persist through primary school. Research has shown that children who participate in high-quality early childhood programs exhibit significant gains in these areas, which lay a strong foundation for future academic success. These improvements are not short-lived, as they continue to manifest in elementary school, setting the stage for a lifetime of learning and achievement.

The longitudinal studies that have tracked the outcomes of early childhood programs over time reveal a stark contrast between participants and non-participants. These studies show that individuals who received high-quality early childhood education have higher rates of high school graduation, employment, and earnings in adulthood. This is a critical finding, as it underscores the potential for early childhood education to break the cycle of poverty and equip individuals with the skills and knowledge necessary to succeed in the workforce. Moreover, the benefits of early childhood education extend far beyond the individual, as they have a positive impact on the broader community, contributing to reduced rates of crime, delinquency, and social welfare dependency.

The economic return on early childhood investment is a compelling argument in favor of public funding. Studies have estimated that for every dollar spent on high-quality early childhood education, several dollars are returned to the economy through reduced remedial education and social welfare costs. This is a powerful case for policymakers, as it highlights the potential for early childhood education to yield significant economic benefits that far outweigh the initial investment. By investing in early childhood education, governments can create a positive feedback loop, as the long-term benefits of early childhood education feed into the economy, generating further returns on investment. This makes a strong case for policymakers to prioritize early childhood education in their budgetary decisions."
H1,prose,Hard,Llama,unsloth/Llama-3.1-8B-Instruct-bnb-4bit,1,1001,481,0,405,"Scientific knowledge is best understood as provisional and fallible rather than as a body of established certainties. This perspective is supported by the history of science, which reveals that even well-confirmed theories have undergone substantial revisions or have been shown to hold only within bounded domains. Newtonian mechanics and classical thermodynamics are exemplary cases of theories that, despite their initial robustness, have been revised or modified in response to new evidence and observations. For instance, Newton's mechanics was later refined by Einstein's theory of relativity, which introduced new concepts of space and time that significantly altered our understanding of the physical world. Similarly, classical thermodynamics was extended and modified by quantum mechanics, which introduced probabilistic and non-deterministic aspects to the study of energy and matter. These revisions demonstrate that scientific knowledge is not a fixed or absolute entity but rather an evolving and dynamic body of thought that is subject to revision in the face of new evidence.

The Duhem-Quine thesis provides further support for the provisional nature of scientific knowledge. This thesis asserts that no single hypothesis can be conclusively falsified in isolation, as any experimental outcome can be reconciled with auxiliary hypothesis revision. This means that scientific knowledge is irreducibly holistic and defeasible, implying that the validation of a particular theory or hypothesis depends on the coherence of the entire web of auxiliary assumptions and hypotheses that underpin it. The Duhem-Quine thesis highlights the interconnectedness of scientific knowledge, showing that the evaluation of a hypothesis cannot be separated from the evaluation of its auxiliary assumptions. This interdependence underscores the provisional nature of scientific knowledge, as the validation of a particular theory or hypothesis can be undermined by revisions to its auxiliary assumptions.

The underdetermination of theory by evidence further underscores the provisional and fallible nature of scientific knowledge. This concept asserts that any finite dataset is consistent with infinitely many competing theoretical frameworks. This means that empirical confirmation is always partial and that certainty claims exceed what evidence can justify. In other words, the same set of data can be used to confirm multiple competing theories, each with its own set of assumptions and hypotheses. This underdetermination highlights the provisional nature of scientific knowledge, as the same evidence can be used to support different theoretical frameworks. The underdetermination of theory by evidence underscores the importance of acknowledging the limitations of scientific knowledge and the need for a more nuanced and humble epistemological stance."
H2,prose,Hard,Llama,unsloth/Llama-3.1-8B-Instruct-bnb-4bit,1,1001,589,0,489,"Moral responsibility requires a meaningful conception of agency that cannot be reduced to purely causal-mechanical description. Ascriptions of moral responsibility presuppose that agents could have done otherwise, a counterfactual competence condition that deterministic causal chains cannot satisfy without importing a normative surplus the mechanistic framework does not contain. This condition implies that agents possess a degree of control over their actions, a notion that is incompatible with a purely mechanistic view of agency.

Deterministic causal chains, which are characteristic of a mechanistic framework, cannot account for the counterfactual competence condition without introducing a normative surplus. In a mechanistic view, agents are seen as nodes in causal networks, subject to the deterministic laws that govern their behavior. However, this perspective fails to capture the essential feature of moral responsibility, which is the idea that agents could have done otherwise. Deterministic causal chains do not allow for alternative possibilities, as the outcome of a sequence of causes is predetermined. By contrast, a meaningful conception of agency implies that agents possess the capacity to make choices that are not predetermined by prior causes.

Reactive attitudes such as resentment, indignation, and gratitude are intelligible only within a framework that treats agents as sources of reasons-responsive action, not merely as nodes in causal networks. These attitudes presuppose that agents are capable of making decisions that are guided by reasons, values, and principles. In a mechanistic view, agents are seen as mere causal machines, lacking the capacity for reasons-responsive action. Reactive attitudes require a conception of agency that is rooted in the idea that agents are responsible for their actions, and that they can be held accountable for the consequences of those actions.

Compatibilist attempts to reconstruct agency within determinism succeed only by shifting the conceptual target – redefining 'could have done otherwise' in dispositional terms. This redefinition preserves the linguistic form of responsibility attribution while abandoning its normative substance. In a compatibilist view, 'could have done otherwise' is redefined in terms of a disposition to act in certain ways, rather than an actual ability to make choices. This redefinition allows for a mechanistic view of agency, where agents are seen as mere causal machines, but it does so at the cost of abandoning the normative substance of moral responsibility. The redefinition preserves the linguistic form of responsibility attribution, but it no longer captures the essential feature of moral responsibility, which is the idea that agents are capable of making choices that are not predetermined by prior causes.

By shifting the conceptual target, compatibilist attempts to reconstruct agency within determinism fail to capture the meaningful conception of agency required for moral responsibility. This redefinition of 'could have done otherwise' in dispositional terms preserves the linguistic form of responsibility attribution, but it does so at the cost of abandoning its normative substance. The result is a view of agency that is compatible with determinism, but one that no longer captures the essential feature of moral responsibility."
H3,prose,Hard,Llama,unsloth/Llama-3.1-8B-Instruct-bnb-4bit,1,1001,893,0,697,"Language fundamentally shapes the structure of human thought and cognition, rather than merely expressing pre-existing concepts. This claim is supported by cross-linguistic research on spatial cognition, color categorization, and number representation, which demonstrates systematic covariation between linguistic categories and non-linguistic cognitive performance. For instance, in some languages, spatial relations are encoded with specific verbs that highlight the relative positions of objects, such as 'above' or 'below', which influences speakers' performance in spatial reasoning tasks. This suggests that linguistic distinctions influence the granularity of conceptual representations, shaping the way we think about and process spatial information.

Furthermore, research on color categorization reveals that linguistic categories can impact the way we perceive and categorize colors. Languages that have specific words for certain colors, like 'blue' and 'green', tend to have speakers who are more precise in their color categorization and identification. Conversely, languages with fewer color terms, like many Indigenous Australian languages, have speakers who may not distinguish between certain colors as clearly. This demonstrates that linguistic categories can influence the way we conceptualize and process color information, highlighting the interplay between language and cognition.

Additionally, research on number representation has shown that linguistic categories can impact the way we understand and process numerical information. For example, languages that use distinct words for small and large quantities, like 'one' and 'many', tend to have speakers who are more adept at distinguishing between small and large quantities. This suggests that linguistic distinctions can shape the way we conceptualize and process numerical information, influencing the granularity of our representational systems.

Language acquisition in early childhood is not merely a process of labeling pre-existing content, but rather an active restructuring of the child's representational system. When infants are learning language, they are not merely attaching new labels to existing concepts, but rather, their cognitive system is being reorganized to accommodate the new linguistic categories. This is evidenced by category-learning differences between linguistic and non-linguistic tasks in infants at the boundary of language acquisition. Infants are more adept at learning categories that are linguistically marked, such as the category of 'animal' versus 'vehicle', than categories that are not linguistically marked, such as the category of 'red' versus 'blue'. This suggests that language acquisition is not merely a matter of labeling existing concepts, but rather, it is a process that actively shapes the child's representational system.

Moreover, language acquisition can influence the way children think about and process conceptual information. For example, research has shown that infants as young as six months old are more adept at distinguishing between categories that are linguistically marked, such as 'animal' versus 'vehicle', than categories that are not linguistically marked, such as 'red' versus 'blue'. This suggests that language acquisition is not merely a matter of labeling existing concepts, but rather, it is a process that actively shapes the child's representational system, influencing the way they think about and process conceptual information.

Even internal deliberative thought is partially constituted by linguistic representation, because the sequential and negation-permitting structure of natural language enables forms of reasoning that non-linguistic cognitive systems cannot support. Natural language allows us to reason about complex relationships, counterfactuals, and hypothetical scenarios in a way that is not possible in non-linguistic cognitive systems. The sequential structure of language enables us to reason about cause-and-effect relationships, while the negation-permitting structure of language allows us to reason about contradictions and paradoxes. This suggests that internal deliberative thought is not merely a matter of non-linguistic cognitive processes, but rather, it is partially constituted by linguistic representation, highlighting the interplay between language and cognition.

In conclusion, language fundamentally shapes the structure of human thought and cognition, rather than merely expressing pre-existing concepts. The cross-linguistic research on spatial cognition, color categorization, and number representation demonstrates systematic covariation between linguistic categories and non-linguistic cognitive performance, establishing that linguistic distinctions influence the granularity of conceptual representations. Language acquisition in early childhood actively restructures the child's representational system, evidenced by category-learning differences between linguistic and non-linguistic tasks in infants at the boundary of language acquisition. Even internal deliberative thought is partially constituted by linguistic representation, because the sequential and negation-permitting structure of natural language enables forms of reasoning that non-linguistic cognitive systems cannot support."
H4,prose,Hard,Llama,unsloth/Llama-3.1-8B-Instruct-bnb-4bit,1,1001,389,0,331,"The notion that aesthetic value can be reduced to purely subjective preference or individual psychological response is problematic. A genuine aesthetic experience involves a complex interplay between the individual and the artwork, and this experience carries with it a claim to intersubjective validity. When we judge a work beautiful, we are not simply expressing a personal feeling or taste, but rather, we are implicitly calling on others to agree with our assessment. This normative dimension of aesthetic experience is fundamental to our understanding of beauty and art, and it is a dimension that a purely subjectivist framework cannot adequately explain.

Moreover, the practice of aesthetic criticism, which is a central aspect of our engagement with art, presupposes that aesthetic assessments are answerable to considerations beyond individual response. Critics and art historians draw on a range of reasons, standards, and educational background to evaluate a work's aesthetic value, and these evaluations are not merely a matter of personal preference. The notion that some responses are better-informed than others is fundamental to the critical process, and this implies that aesthetic assessments are subject to standards and criteria that transcend individual experience. The idea that aesthetic value is solely a matter of individual response would render the critical practice of evaluating art redundant.

Aesthetic relativism, which posits that every preference is equally valid, generates a regress that undermines the normative force of the relativist position from within. If every preference is equally valid, then the preference for pluralism over dogmatism is itself merely a preference, and this preference cannot be justified as a normative principle. The relativist position, in order to be coherent, must establish some criteria for evaluating preferences, but this would introduce a normative dimension that undermines the relativist's claim that aesthetic value is solely a matter of individual preference. This regress highlights the difficulties of reducing aesthetic value to purely subjective preference or individual psychological response, and it underscores the importance of considering the intersubjective and normative dimensions of aesthetic experience."
H5,prose,Hard,Llama,unsloth/Llama-3.1-8B-Instruct-bnb-4bit,1,1001,449,0,383,"Consciousness poses a profound explanatory challenge that remains unaddressed by current physicalist or functionalist frameworks. This challenge is encapsulated in the hard problem of consciousness, which questions why physical processes give rise to subjective experience at all. This issue is conceptually distinct from the easy problems of explaining cognitive function, which are addressed by functional accounts. These accounts focus on explaining what the brain does, in terms of its functional properties and cognitive processes, but they fail to address the fundamental question of what it is like to be in a particular state of consciousness. In other words, functional accounts can explain the objective, behavioral aspects of consciousness, but they leave untouched the subjective, qualitative aspects that define the essence of consciousness.

The conceivability of philosophical zombies, beings that are physically identical to conscious humans but lack phenomenal experience, highlights the limitations of physicalist frameworks in fully accounting for consciousness. This thought experiment demonstrates that phenomenal consciousness is not logically entailed by physical description, meaning that even if we were to have complete knowledge of the physical processes occurring in the brain, we would still not be able to derive the existence of subjective experience. This contingency suggests that the relationship between physical and phenomenal properties is not necessary, but rather contingent, and that there may be more to consciousness than can be explained by physical processes.

Mary's Room, a thought experiment by philosopher Frank Jackson, further illustrates the limitations of physicalist frameworks in addressing consciousness. The scenario depicts a neuroscientist, Mary, who gains complete physical knowledge of the world through her studies, but lacks subjective experience due to her confinement to a black-and-white room. When she is released and gains direct experience of colors, she comes to understand that her previous knowledge of physical processes was incomplete. This thought experiment shows that complete physical knowledge does not entail complete knowledge of phenomenal properties, establishing that phenomenal facts are epistemically irreducible to physical facts. In other words, even if we were to have complete knowledge of the physical processes occurring in the brain, we would still not be able to derive the existence of subjective experience. This epistemic irreducibility suggests that there is more to consciousness than can be explained by physical processes, and that consciousness may require a more fundamental, non-physical explanation."
H6,prose,Hard,Llama,unsloth/Llama-3.1-8B-Instruct-bnb-4bit,1,1001,394,0,331,"Distributive justice necessitates a substantive examination of outcome patterns, going beyond the mere fairness of procedures that produce them. This is because procedurally fair processes can and often do generate outcome distributions that are substantively unjust, amplifying pre-existing structural inequalities such as differential access to education and inherited wealth. While procedural fairness is indispensable, it is insufficient to ensure distributive justice. Merely following procedures that are fair in theory, but neglecting the impact of these procedures on existing power dynamics, can perpetuate and even exacerbate social and economic disparities.

Rawls's difference principle provides a valuable framework for evaluating outcome patterns. This principle posits that inequalities are justified only when they maximize the absolute position of the least-advantaged members of society. In other words, a just distribution of resources and benefits is one that prioritizes the well-being of the most vulnerable members of society. By emphasizing the absolute position of the least-advantaged, rather than simply promoting relative improvements, the difference principle ensures that the most disadvantaged members of society are not left behind. This approach acknowledges that distributive justice requires not only equal treatment but also equal opportunity, and that the benefits of a just society should be accessible to all, regardless of their starting point.

The baseline problem, which concerns determining what counts as a fair starting point for procedurally legitimate exchange, cannot be resolved solely through procedural criteria. Any choice of baseline presupposes a prior substantive judgment about entitlement, which is precisely the issue at hand. Procedural fairness is unable to provide a definitive answer to this question, as it is inherently bound up with issues of distributive justice. For instance, what constitutes a fair starting point for one group may be entirely unacceptable to another. The baseline problem highlights the need for a substantive consideration of the outcome patterns, rather than relying solely on procedural criteria. By examining the outcome patterns, we can begin to address the complex issues of entitlement and distributive justice that underpin the baseline problem."
H7,prose,Hard,Llama,unsloth/Llama-3.1-8B-Instruct-bnb-4bit,1,1001,436,0,376,"Large-scale technological systems have the capacity to reshape social structures and distributions of power in profound ways, rendering them resistant to effective governance through individual choice or conventional regulatory frameworks. The material properties of platform architecture, as described by Winner, exhibit a form of ""politics built into design."" This means that the embedded distributions of agency and dependency within technological systems are not visible to or revisable by individual users. As a result, these systems can perpetuate particular power dynamics and social structures that may not align with the interests of all stakeholders, including those who may be subject to the systems' influence.

Moreover, the characteristics of network externalities, switching costs, and data-compounding effects create structural lock-in that effectively renders the theoretical availability of alternatives formally compatible with effective technological monopoly. Network externalities occur when the value of a product or service increases as more users join the network, making it more difficult for new entrants to compete. Switching costs, on the other hand, refer to the expenses associated with switching from one technology to another, such as the cost of retraining staff or replacing equipment. Data-compounding effects, meanwhile, involve the exponential growth of data generated by users, which can create a snowball effect that makes it increasingly difficult to opt out of a particular technological system. These factors combine to create a situation where market competition is insufficient as a governance mechanism, as even the presence of alternative technologies may not be enough to challenge the dominance of a particular technological system.

The pace of technological deployment also systematically outstrips the capacity of regulatory institutions to develop adequate oversight frameworks, creating a persistent governance gap that individual adaptation cannot close. As new technologies emerge and spread, regulatory institutions must scramble to keep pace, often in the face of incomplete or inaccurate information about the systems' impacts. This governance gap can have far-reaching consequences, including the exacerbation of social inequalities, the erosion of individual privacy, and the concentration of economic power in the hands of a few dominant players. In this context, it is clear that large-scale technological systems require a more nuanced and comprehensive approach to governance, one that takes into account the complex power dynamics and social structures that are embedded within these systems."
H8,prose,Hard,Llama,unsloth/Llama-3.1-8B-Instruct-bnb-4bit,1,1001,426,0,362,"The meaning of a text is not fully determined by its author's original intentions. This claim is supported by the intentional fallacy established by Wimsatt and Beardsley, which holds that a literary work once composed becomes a linguistic artifact whose meanings are constituted by the conventions and interpretive practices of its language community, none of which are under the author's control. This view emphasizes that the meaning of a text is not fixed by the author's conscious intentions but is instead shaped by the broader social and cultural context in which it is received and interpreted. The linguistic artifact of the text takes on a life of its own, independent of the author's original purpose, and is subject to the varied interpretations of its language community.

Moreover, the hermeneutic gap between what an author consciously intended and what a text semantically encodes is irreducible. This gap arises from the fact that authorial intention underdetermines textual meaning because the same linguistic tokens can be consistent with multiple interpretive elaborations. The same words and phrases can be used to convey different meanings, depending on the context in which they are deployed and the interpretive frameworks that readers bring to the text. This ambiguity means that the author's intentions, even if they are clear, do not uniquely determine the meaning of the text, as the same linguistic tokens can be used to encode different meanings.

The activation of textual meaning occurs in the reader's engagement with the text, drawing on competences that vary across readers and historical moments in ways original intention cannot anticipate. This is the insight of Barthes's 'death of the author,' which, when read as a claim about interpretive authority rather than eliminativism, correctly identifies that the meaning of a text is not fixed by the author's intentions but is instead a product of the dynamic interaction between the text and its readers. The meaning of a text is not a fixed entity that can be recovered by uncovering the author's intentions but is instead a product of the reader's engagement with the text, using their own interpretive frameworks and competences to make sense of the linguistic artifact that the text represents."
H9,prose,Hard,Llama,unsloth/Llama-3.1-8B-Instruct-bnb-4bit,1,1001,435,0,358,"Democratic legitimacy necessitates more than just the satisfaction of majority rule or the aggregation of individual preferences. This is because unrestricted majority rule is susceptible to the tyranny of the majority, a phenomenon where permanent minorities are systematically excluded from the political process. The interests of these minorities are structurally underrepresented in majoritarian aggregation, leading to a democratic deficit. To mitigate this risk, constitutional rights constraints and counter-majoritarian institutions are essential democratic requirements rather than limitations on democracy. These provisions ensure that the rights of minorities are protected and their interests are represented, even if they do not align with the majority's preferences.

Deliberative democracy theorists, including Jürgen Habermas and Joshua Cohen, argue that legitimate political decisions require the exchange of reasons under conditions of equal standing, mutual recognition, and openness to rational revision. However, bare majoritarianism fails to provide these conditions, which are crucial for democratic legitimacy. Majoritarianism does not necessitate or ensure the exchange of reasons, equal standing, or mutual recognition. Instead, it relies on the aggregation of individual preferences, which may not lead to the kind of deliberation and reflection that is necessary for democratic decision-making. This is problematic because deliberation is a key aspect of democratic legitimacy, allowing citizens to engage with each other's perspectives and come to informed decisions.

The epistemic argument for democracy is also conditional on the quality of deliberation. The idea that majority decisions confer legitimacy due to their procedural compliance is only valid if the deliberation process is characterized by the exchange of reasons, critical reflection, and the pursuit of truth. However, if the deliberation process is marred by systematic misinformation or manipulation, then the epistemic credentials that justify democratic authority are lacking. In such cases, majority decisions may not be based on a genuine understanding of the issues at hand, but rather on a manipulation of public opinion or the suppression of dissenting voices. This undermines the democratic legitimacy of the decision, even if it is procedurally correct. Therefore, democratic legitimacy requires more than just procedural compliance; it requires a high-quality deliberation process that is characterized by the exchange of reasons, critical reflection, and the pursuit of truth."
H10,prose,Hard,Llama,unsloth/Llama-3.1-8B-Instruct-bnb-4bit,1,1001,559,0,444,"The notion that rationality is a universal context-independent capacity has been a longstanding assumption in philosophical and cognitive scientific circles. However, this perspective has been steadily eroded by research from various disciplines, including bounded rationality, sociology of knowledge, and the philosophy of science. One of the key lines of evidence supporting the thesis that rationality is shaped by its context comes from the field of bounded rationality research. This research, spearheaded by Herbert Simon's work on satisficing and further developed by Daniel Kahneman and Amos Tversky's heuristics-and-biases program, demonstrates that human reasoning systematically deviates from classical rationality norms when faced with ecologically realistic conditions. The idea here is that human rationality is not a perfect, all-encompassing capacity but rather a limited, goal-oriented one that relies on mental shortcuts and heuristics to navigate complex decision-making environments. This departure from classical norms of rationality is not a sign of irrationality but rather a reflection of the cognitive and environmental constraints that influence our reasoning.

Rationality is not an isolated, autonomous capacity but is deeply embedded within a web of social, institutional, and cognitive factors. The capacity for extended, reliable reasoning relies on external cognitive artifacts, such as calculators, computers, and other tools that have been instrumental in advancing scientific knowledge. Socially distributed knowledge, where experts across various disciplines collaborate and share their findings, has also been crucial in the development of rational inquiry. Moreover, institutional norms of evidence, which define what counts as a valid reason, a sound inference, or an acceptable standard of evidence, are themselves historically contingent and variable across epistemic communities. For instance, the standards of evidence in medicine, law, or philosophy may differ significantly, reflecting the unique norms, values, and epistemic traditions of each domain. These contextual factors, rather than universal rationality norms, shape the development and evaluation of rational inquiry.

The standards by which reasoning is evaluated as rational or irrational are not neutral and universal but are embedded in particular epistemic traditions. What counts as a reason, a valid inference, or an appropriate standard of evidence varies across domains in ways that resist reduction to a single transcontextual rationality norm. For example, the notion of a ""good reason"" in scientific inquiry may involve empirical evidence, mathematical derivations, or a combination of both. In contrast, the evaluation of reasons in philosophical debates may rely on a range of criteria, including logical consistency, conceptual clarity, and historical context. These variations in epistemic standards reflect the unique histories, values, and cognitive practices of different domains. Rather than assuming a universal rationality norm, we must attend to the specific contextual factors that shape the development and evaluation of rational inquiry in various epistemic communities."
H11,prose,Hard,Llama,unsloth/Llama-3.1-8B-Instruct-bnb-4bit,1,1001,409,0,342,"The psychological continuity view, advanced by Locke and developed by Parfit, provides a more accurate account of personal identity than its physical or biological counterparts. This view correctly identifies that what matters in survival is the persistence of overlapping chains of memory, personality, and intention, rather than the continuity of any physical substrate. This is demonstrated by the intuitive verdict in brain-transplant thought experiments, where personal identity follows the brain rather than the body. In such cases, it is the psychological continuity that remains intact, allowing the individual to maintain their memories, personality, and intentions, even if their physical body is replaced or significantly altered. This underscores the importance of psychological continuity in determining personal identity.

In contrast, the biological continuity view fails to capture the normative significance of personal identity. This view suggests that personal identity is tied to the continuity of biological processes and the persistence of the same biological organism. However, this perspective neglects the crucial role of psychological connectedness in grounding prudential concern for one's future self and moral responsibility for one's past actions. The fact that a person's biological processes can persist through irreversible vegetative states, which lack the psychological relations that make identity matter, highlights the limitations of this view. Personal identity is not solely determined by biological continuity, but rather by the complex web of psychological connections that underpin our sense of self.

Parfit's reductionism, which holds that identity consists in and does not go beyond psychological continuity and connectedness, offers a more compelling account of personal identity. This view dissolves apparent paradoxes in cases of fission and gradual psychological replacement, rather than generating arbitrary verdicts. By focusing on the persistence of psychological connections, reductionism provides a more nuanced and consistent understanding of personal identity. In cases where an individual's personality and memories are gradually replaced, or where their psychological identity is divided among multiple individuals, reductionism offers a clear and principled approach to determining personal identity. This is in contrast to non-reductionist accounts, which often rely on arbitrary and context-dependent criteria to determine identity."
H12,prose,Hard,Llama,unsloth/Llama-3.1-8B-Instruct-bnb-4bit,1,1001,481,0,417,"The notion that mathematical objects possess a form of objectivity independent of human psychological or social construction is a compelling one, and it can be defended through several key claims. Firstly, the indispensability argument establishes that our best scientific theories quantify over mathematical entities and are confirmed by the empirical success of those theories. This argument suggests that mathematical objects, such as numbers and geometric shapes, play a crucial role in the formulation of scientific theories, particularly in physics. The success of these theories in accurately predicting and explaining empirical phenomena lends credence to the existence of these mathematical objects. Furthermore, the scientific realist who accepts the existence of electrons on the basis of theoretical indispensability has no principled grounds for rejecting the existence of mathematical objects on similar grounds. If mathematical objects are integral to the development of scientific theories that are empirically confirmed, then it is difficult to argue that they are merely human constructs or social fictions.

The phenomenology of mathematical discovery provides additional evidence for the objectivity of mathematical objects. Mathematicians often encounter unexpected theorems, failed proofs that are corrected by necessity rather than convention, and surprising connections across independently developed branches of mathematics. This experience is more naturally described as exploration of a domain with determinate structure than as invention of arbitrary formal systems. The discovery of mathematical truths often seems to be a process of uncovering underlying patterns and relationships rather than imposing arbitrary conventions. This suggests that mathematical objects possess an objective structure that is independent of human psychological or social construction. The determinate nature of mathematical truths and the consistency of mathematical discoveries across cultures and time periods lend further support to the objectivity of mathematical objects.

Nominalist alternatives that attempt to eliminate mathematical objects in favor of physical inscriptions or mental constructions face decisive technical objections. These alternatives often fail to recover the full expressive power of standard mathematics, which relies heavily on the existence of mathematical objects. Furthermore, these alternatives generate circularity by presupposing mathematical structure in the account meant to eliminate it. For instance, a nominalist who seeks to reduce mathematical objects to physical inscriptions must rely on mathematical concepts, such as similarity and congruence, to describe the properties of these inscriptions. This reliance on mathematical concepts introduces circularity, as it is the existence of mathematical objects that allows us to describe and understand the properties of physical inscriptions. Therefore, these nominalist alternatives are unable to eliminate mathematical objects without undermining the coherence of mathematical theories."
H13,prose,Hard,Llama,unsloth/Llama-3.1-8B-Instruct-bnb-4bit,1,1001,607,0,505,"The replication crisis in psychology reveals a fundamentally institutional and incentive-structural problem, not merely a methodological one. The proximate methodological failures – underpowered studies, p-hacking, HARKing, and selective outcome reporting – are not primarily the result of individual researcher incompetence but are rational responses to a publication incentive structure that systematically rewards novel positive results and penalizes replication attempts and null findings. Researchers are incentivized to pursue novel, positive results in order to advance their careers and secure funding, which drives them to adopt methodological shortcuts that inflate false-positive rates. Underpowered studies, for instance, are often the result of limited sample sizes, which are chosen to maximize statistical significance rather than to ensure adequate power to detect meaningful effects. Similarly, p-hacking, HARKing, and selective outcome reporting are all strategies that researchers use to maximize the probability of publishing their results, even if it means sacrificing methodological rigor.

The peer review system as currently constituted provides insufficient verification of methodological adequacy because it does not require data sharing, pre-registration, or independent replication. Reviewers operating under time constraints cannot detect the flexible analytical choices that inflate false-positive rates. As a result, methodological flaws are often overlooked, and studies with serious methodological issues are frequently published without modification. The current system relies on the honesty and diligence of individual researchers to self-report their methods and data, but this is often not sufficient to ensure the quality of the research. Without robust verification mechanisms, the peer review system fails to provide adequate safeguards against methodological failures.

Field-level interventions – pre-registration mandates, registered reports, open data requirements, and tenure criteria weighting replication – are necessary and sufficient to substantially reduce the false-positive rate. These interventions address the root causes of the replication crisis by changing the incentive structure and the norms of the field. Pre-registration, for example, requires researchers to commit to a specific research design and analysis plan before collecting data, which reduces the likelihood of post-hoc changes and HARKing. Registered reports provide a publication model that prioritizes the dissemination of findings regardless of their significance, which reduces the incentive to selectively report outcomes. Open data requirements ensure that data are shared, allowing others to verify the methods and results. Finally, tenure criteria that weight replication provide a strong incentive for researchers to prioritize replication and verification.

However, the adoption of these field-level interventions is slow because they are individually rational only if adopted collectively, creating a coordination problem that individual researchers cannot solve without funding-body enforcement. Each researcher may see the value of pre-registration or registered reports, but they may not see a compelling reason to adopt them unless they are widely adopted by the field. Without a critical mass of adoption, the benefits of these interventions are diminished, and the incentives to adopt them are reduced. As a result, individual researchers may be hesitant to adopt these interventions, waiting for others to take the lead. This creates a self-reinforcing cycle of inaction, where the lack of adoption by one researcher undermines the incentive to adopt by others."
E15,prose,Easy,Llama,unsloth/Llama-3.1-8B-Instruct-bnb-4bit,1,1001,399,0,354,"Learning to play a musical instrument is a worthwhile endeavor even for adults, offering a wealth of benefits that can enhance one's quality of life. One of the significant advantages of playing an instrument is that it exercises memory and hand coordination, skills that are crucial for overall cognitive function. As we age, our ability to form new memories and maintain hand-eye coordination can decline, but learning to play an instrument helps to build these skills. By practicing regularly, an adult learner can improve their memory and hand-eye coordination, which can have a positive impact on daily life, from performing tasks at work to staying engaged in activities with family and friends.

Beyond its cognitive benefits, learning to play a musical instrument provides a creative outlet that can be especially welcome after a long day of work or school. Engaging in creative activities has been shown to reduce stress and anxiety, promote a sense of well-being, and even boost self-esteem. Playing an instrument allows adults to express themselves in a unique and fulfilling way, exploring the emotional depths of music and discovering new aspects of their personalities. Whether it's playing a soothing melody on the piano or a lively rhythm on the drums, the creative process of making music can be a transformative experience that brings joy and satisfaction.

Another significant benefit of learning to play a musical instrument is the sense of progress it provides, which can be especially motivating for adults. When we set goals and achieve them, we feel a sense of accomplishment and self-confidence that can translate to other areas of life. As an adult learner practices and improves their skills, they can see tangible progress, whether it's mastering a new piece, improving their tone, or developing a more nuanced playing style. This steady sense of progress can be a powerful motivator, encouraging adults to continue learning and pushing themselves to new heights. Moreover, the sense of accomplishment that comes with making music can be a powerful antidote to the frustrations and pressures of everyday life, providing a sense of purpose and fulfillment that can be hard to find elsewhere."
E16,prose,Easy,Llama,unsloth/Llama-3.1-8B-Instruct-bnb-4bit,1,1001,387,0,342,"Walking or biking for short trips instead of driving has a profound impact on everyday life, offering numerous benefits that can enhance one's well-being and quality of life. One of the most significant advantages is the substantial savings on fuel and parking costs. By choosing to walk or bike, individuals can significantly reduce their reliance on fossil fuels, thereby saving money on fuel expenses. Moreover, parking fees, which can be a substantial burden, especially in urban areas, become virtually nonexistent when walking or biking. These savings can be allocated towards more meaningful pursuits, such as investing in a more sustainable mode of transportation or enjoying a leisure activity.

Another significant benefit of walking or biking for short trips is the added exercise that comes with it. Exercise is an essential component of a healthy lifestyle, yet many individuals struggle to incorporate physical activity into their daily routine. Walking or biking provides an opportunity to accumulate exercise without requiring additional planning or dedicating a specific time slot. This convenience is particularly beneficial for those with busy schedules, allowing them to prioritize their physical well-being without compromising other aspects of their lives. Furthermore, incorporating physical activity into one's daily routine can have a profound impact on overall health, reducing the risk of chronic diseases and enhancing overall well-being.

Lastly, walking or biking allows individuals to develop a deeper connection with their neighborhood and the community around them. As one walks or bikes through the streets, they are able to observe their surroundings in a way that driving often precludes. The sights, sounds, and aromas of the neighborhood become more vivid and engaging, allowing individuals to appreciate the beauty and character of their community. This heightened sense of awareness also fosters a greater sense of community and social connection, as individuals interact with fellow pedestrians and cyclists, sharing stories and experiences that strengthen social bonds. By choosing to walk or bike, individuals can cultivate a more intimate understanding of their neighborhood and the people within it, leading to a more fulfilling and meaningful daily life."
E17,prose,Easy,Llama,unsloth/Llama-3.1-8B-Instruct-bnb-4bit,1,1001,372,0,323,"Spend a weekend taking a basic first aid course - it's a smart decision that can have a lasting impact on your life and the lives of those around you. One of the most compelling reasons to take this course is that it prepares you to help in common emergencies. By learning basic first aid techniques, you'll be equipped to respond effectively in situations where every minute counts. Whether it's a scraped knee, a cut that won't stop bleeding, or a seizure, you'll know the right steps to take to help someone in need. This knowledge is invaluable, and the peace of mind that comes with it is priceless.

Taking a basic first aid course can also build calm confidence in stressful moments. When faced with a medical emergency, most people feel anxious or uncertain about how to react. But with the knowledge and skills you'll gain from this course, you'll feel more assured and in control. You'll be able to remain calm and think clearly, even in the midst of chaos, which is essential for providing effective first aid. This confidence boost will not only help you respond more effectively in emergencies but also make you a more supportive and reassuring presence for others.

Lastly, the course is short and inexpensive, making it an accessible and worthwhile use of a weekend. Most basic first aid courses last a few hours, and the cost is minimal, usually in the range of $50 to $100. This is a small price to pay for the knowledge and skills you'll gain, which can benefit you and your loved ones for years to come. You'll also learn alongside others, which can be a great way to meet new people and build a sense of community. By taking a basic first aid course, you'll be investing in your well-being and that of those around you, and it's a decision that's sure to pay off in the long run."
E18,prose,Easy,Llama,unsloth/Llama-3.1-8B-Instruct-bnb-4bit,1,1001,365,0,319,"Growing a small herb or vegetable garden at home is a highly rewarding hobby that offers numerous benefits. One of the most significant advantages is having access to fresh food right outside your door. Imagine being able to step out into your garden on a sunny afternoon and pluck a ripe tomato or snip a few fresh herbs from your plants to add flavor to a meal you're preparing. This not only saves you money on grocery bills but also allows you to eat food that's been grown with love and care, free from the chemicals and preservatives often found in store-bought produce.

Tending to a garden is also a great way to unwind and relax after a long day. The therapeutic benefits of working with plants are well-documented, and the simple act of nurturing a small herb or vegetable garden can be a calming break from the pressures of daily life. As you water, weed, and watch your plants grow, you'll find your mind clearing and your stress levels decreasing. The gentle rhythms of nature, the soothing sounds of birds singing, and the fragrance of blooming flowers or fresh herbs all combine to create a peaceful atmosphere that's conducive to relaxation.

Growing a garden also teaches patience, as you watch things grow and develop over time. This is a valuable life skill that can be applied to many areas of life, helping you to appreciate the journey rather than just the destination. As you plant seeds, wait for them to sprout, and watch them mature, you'll learn to be more mindful and present, savoring the small victories along the way. This is especially true when dealing with the unpredictable nature of gardening, where unexpected setbacks and challenges can arise. By learning to navigate these challenges and adapt to changing circumstances, you'll develop a sense of resilience and determination that will serve you well in all areas of life."
E19,prose,Easy,Llama,unsloth/Llama-3.1-8B-Instruct-bnb-4bit,1,1001,386,0,337,"Writing tasks down in a daily planner is a simple yet effective strategy that helps individuals stay on top of their life. One of the primary benefits is that it reduces the likelihood of forgetting important tasks and appointments. When we rely solely on our memory, it's easy to let details slip through the cracks, especially when we're juggling multiple responsibilities. By jotting down every commitment, meeting, and deadline in our planner, we create a tangible record that serves as a reliable reference point. This approach ensures that we stay on track and avoid last-minute scrambles to recall forgotten appointments or deadlines.

In addition to improving memory retention, writing tasks down in a planner also has a profound impact on our mental state. When our minds are cluttered with to-do lists and reminders, it can be overwhelming, leading to anxiety and stress. By transferring these thoughts to paper, we create a sense of clarity and organization, allowing us to relax and unwind. This mental clarity is essential for maintaining a healthy work-life balance, as it enables us to focus on the present moment and enjoy leisure time without the nagging feeling that we've forgotten something crucial. By clearing our minds of these mental burdens, we can better manage the demands of daily life and cultivate a sense of calm and well-being.

The act of checking items off our planner also provides a tangible sense of accomplishment, which is a powerful motivator. When we physically mark off completed tasks, we can see the tangible results of our efforts, which serves as a powerful reinforcement of our capabilities. This process helps us develop a sense of pride and satisfaction, as we begin to appreciate the scope of our achievements. By monitoring our progress, we can also make adjustments to our schedules and priorities, ensuring that we're allocating our time and energy effectively. This process of tracking and verifying our accomplishments helps us stay motivated and encouraged, even on challenging days, as we witness the tangible impact of our efforts."
E20,prose,Easy,Llama,unsloth/Llama-3.1-8B-Instruct-bnb-4bit,1,1001,380,0,323,"Playing board games with family and friends is an excellent way to spend quality time together, and I firmly believe that it's a valuable investment of our time. One of the most significant benefits is that it fosters meaningful conversations and strengthens connections around the table. When we gather to play a game, we're not just competing with each other; we're also sharing laughter, memories, and experiences that create a sense of camaraderie. The interactions and discussions that arise during gameplay often delve deeper into our lives, interests, and relationships, helping to break the ice and build stronger bonds with one another.

Moreover, playing board games teaches essential life skills, particularly good sportsmanship, which is a valuable lesson that can be applied in various aspects of life. When we win, it's essential to be gracious and humble, acknowledging the efforts of our opponents and the fun we had together. Conversely, when we lose, it's crucial to be a good sport, congratulating the winners and showing appreciation for the experience. By learning to win and lose with dignity, we instill a sense of respect, empathy, and fairness in ourselves and others. This valuable life skill can have a lasting impact on our relationships, helping us navigate challenges and conflicts in a constructive manner.

Lastly, playing board games is an incredibly affordable form of entertainment that can be enjoyed repeatedly. Unlike expensive outings or events, board games can be played multiple times without incurring significant costs. We can gather around the table, share snacks and drinks, and relive the excitement of a particular game without breaking the bank. This accessibility makes board games an excellent choice for families, friends, and individuals with varying budgets, allowing everyone to participate and enjoy the experience without worrying about the financial implications. In a world where we often prioritize expensive activities and outings, it's refreshing to find a hobby that can be enjoyed by everyone, regardless of financial constraints."
E21,prose,Easy,Llama,unsloth/Llama-3.1-8B-Instruct-bnb-4bit,1,1001,448,0,380,"Learning how to swim is an essential skill that everyone should acquire, and its benefits extend far beyond mere leisure activities. One of the primary advantages of knowing how to swim is that it keeps you safer around bodies of water, such as pools, lakes, and the ocean. Swimming is a fundamental lifesaving skill that can be the difference between life and death in an emergency situation. When you know how to swim, you're more confident and self-assured when around water, and you're less likely to panic or become a victim of a water-related accident. Moreover, swimming is a skill that can be passed down to children from a young age, making it a vital part of their education and development.

In addition to its safety benefits, swimming is also an excellent full-body workout that is gentle on the joints. Unlike high-impact sports that can be tough on the knees and other weight-bearing joints, swimming is a low-impact activity that engages your entire body without putting excessive strain on your muscles. This makes it an ideal exercise option for people of all ages and fitness levels, especially those who are recovering from injuries or have mobility issues. Swimming works multiple muscle groups simultaneously, improving cardiovascular fitness, building strength, and enhancing flexibility. As a result, it's an excellent way to maintain overall health and well-being while minimizing the risk of injury.

Learning to swim also opens up a world of fun activities and adventures that are otherwise inaccessible. One of the most exciting benefits of knowing how to swim is the freedom to explore the underwater world through snorkeling and scuba diving. With the ability to swim, you can explore coral reefs, observe marine life, and experience the thrill of discovering hidden treasures and shipwrecks. Swimming also allows you to participate in various water sports, such as water polo, synchronized swimming, and kayaking, which provide an excellent way to stay active, make new friends, and enjoy the great outdoors. Furthermore, swimming is a great way to explore the world's waterways, such as rivers, lakes, and ocean currents, which can lead to a deeper appreciation and understanding of the natural world. By learning to swim, you can unlock a whole new dimension of experiences and adventures that are otherwise closed to you."
M14,prose,Medium,Llama,unsloth/Llama-3.1-8B-Instruct-bnb-4bit,1,1001,338,0,294,"Routine preventive maintenance of buildings and equipment is a cost-effective approach that offers numerous benefits. One of the primary advantages of scheduled inspections is that they enable small defects to be identified and addressed before they escalate into expensive structural or mechanical failures. This proactive approach allows maintenance personnel to inspect and diagnose potential issues before they become major problems, thereby preventing costly repairs and replacements. By catching defects early, maintenance costs can be significantly reduced, and the overall lifespan of the building or equipment can be extended.

Another significant benefit of planned maintenance is that it avoids the unplanned downtime and lost output that accompany sudden breakdowns. When equipment or systems fail suddenly, it can result in significant lost productivity, revenue, and even pose safety risks to occupants or users. By scheduling regular maintenance, facilities can minimize the likelihood of unexpected failures, ensuring that operations continue uninterrupted and that employees or users are not affected by sudden downtime. This planned approach also enables facilities to schedule maintenance during periods of lower demand, thereby reducing the impact on operations.

Well-maintained assets also last substantially longer, spreading their capital cost over more years of service. When assets are properly maintained, their components are less likely to deteriorate or wear out, reducing the need for costly repairs or replacements. By extending the lifespan of assets, facilities can defer the need for significant investments in new equipment or buildings, thereby minimizing the financial burden of capital expenditures. Additionally, well-maintained assets require less energy to operate, reducing utility costs and further increasing the overall cost-effectiveness of preventive maintenance. By investing in routine preventive maintenance, facilities can ensure that their assets continue to serve their intended purpose for an extended period, providing a solid foundation for long-term cost savings."
M15,prose,Medium,Llama,unsloth/Llama-3.1-8B-Instruct-bnb-4bit,1,1001,309,0,266,"Contributing to open-source software presents numerous benefits for organizations that engage in this practice. One of the primary advantages is that sharing code allows the cost of maintenance to be spread across many contributors, rather than being shouldered by a single company. This collaborative approach enables organizations to reduce their financial burden and allocate resources more effectively. By incorporating open-source code into their products, companies can leverage the collective efforts of the broader development community, thereby reducing the costs associated with developing and maintaining software.

Furthermore, public peer review of source code is a critical aspect of open-source development, as it enables the identification and correction of errors, as well as the exposure of potential security flaws. This transparent process promotes accountability among developers, ensures that the software is thoroughly tested and validated, and fosters a culture of quality and reliability. Moreover, the scrutiny of open-source code by the broader community accelerates the discovery and resolution of issues, ultimately leading to higher-quality software that is more robust and secure.

Engaging in open-source contributions also has a significant impact on an organization's technical reputation. By making their code and expertise visible to the wider development community, companies can demonstrate their technical capabilities and establish themselves as thought leaders in their respective fields. This visibility can facilitate the recruitment of skilled engineers, as talented developers are more likely to be drawn to organizations that have a proven track record of producing high-quality, open-source software. As a result, organizations that contribute to open-source software can enhance their reputation, attract top talent, and establish themselves as innovators in their industry."
M16,prose,Medium,Llama,unsloth/Llama-3.1-8B-Instruct-bnb-4bit,1,1001,447,0,393,"The standardized shipping container was one of the most economically consequential innovations of the twentieth century. Its impact was felt far beyond the confines of the maritime industry, having a profound effect on global trade and commerce. One of the key ways in which the container had a significant effect was by sharply reducing the labor and time required to load and unload cargo at ports. Prior to the widespread adoption of containers, cargo was typically loaded and unloaded manually, which was a labor-intensive and time-consuming process. This meant that ships, trains, and trucks had to wait longer to depart, leading to increased handling costs and reduced productivity. In contrast, containers could be loaded and unloaded quickly and efficiently using cranes and other mechanized equipment, freeing up dockworkers to focus on other tasks.

A common container size allowed goods to move between ships, trains, and trucks without repacking, enabling integrated global supply chains. This had a profound impact on the logistics industry, as it simplified the process of transporting goods over long distances. Goods could now be loaded onto one mode of transportation and then transferred to another without having to be repacked, which reduced handling costs and improved the overall efficiency of the supply chain. This led to significant cost savings for companies and improved their ability to respond to changing market conditions. Moreover, the use of containers enabled the development of just-in-time delivery systems, which allowed companies to deliver goods to customers on demand, further improving supply chain efficiency.

Sealed containers reduced theft and damage in transit, lowering insurance and handling costs. Prior to the widespread adoption of containers, goods were often exposed to the elements and vulnerable to theft, which led to significant losses for companies. Containers provided a secure and protected environment for goods in transit, reducing the risk of damage and theft. This led to significant cost savings for companies, as they were able to reduce their insurance premiums and handling costs. Additionally, sealed containers made it easier to track and monitor the movement of goods, reducing the risk of goods going missing or being misrouted. This improved the overall efficiency of the supply chain and enabled companies to better manage their inventory levels. The widespread adoption of standardized shipping containers had a profound impact on global trade and commerce, transforming the way goods are transported and stored."
M17,prose,Medium,Llama,unsloth/Llama-3.1-8B-Instruct-bnb-4bit,1,1001,446,0,407,"Citizen science projects have proven to be a valuable asset in advancing scientific research, particularly in areas where the scope of professional teams is limited. One of the key benefits of these projects is the ability of volunteer observers to collect data across vast geographic areas and time spans that would be difficult, if not impossible, for professional teams to cover alone. For instance, long-running bird counts have shown that the contributions of volunteer observers are essential in providing a comprehensive understanding of bird populations and their migration patterns. These observations not only help in identifying trends and patterns but also provide valuable insights into the complex interactions between species, habitats, and environmental factors. The sheer scale and diversity of data collected by volunteer observers would be impractical for professional teams to accomplish on their own, making citizen science a crucial component of these research efforts.

Another significant contribution of citizen science projects is the ability of online volunteers to classify large image and audio datasets. For example, the classification of galaxy photographs requires a significant amount of time and expertise, which is often beyond the capabilities of small research groups. By engaging a large and diverse group of volunteers, citizen science projects can quickly process and analyze these datasets, providing valuable insights into the properties of galaxies and their role in the universe. This collaborative approach not only speeds up the research process but also allows for a more thorough examination of the data, as multiple perspectives and expertise are brought to the table. The results of these classifications have been instrumental in advancing our understanding of the universe, from the properties of galaxy clusters to the distribution of dark matter.

Beyond the tangible contributions to scientific research, participation in citizen science projects also has a profound impact on public scientific literacy and understanding. By engaging with real-world scientific research, citizens are able to gain a deeper appreciation of the scientific process and the methods used to gather evidence. This understanding is essential in fostering a culture of scientific inquiry and promoting critical thinking. As citizens become more involved in the scientific process, they are better equipped to evaluate scientific information, make informed decisions, and participate in discussions about the implications of scientific research. By promoting a culture of scientific literacy, citizen science projects are helping to build a more informed and engaged public, which is essential for the advancement of scientific knowledge and its applications."
M18,prose,Medium,Llama,unsloth/Llama-3.1-8B-Instruct-bnb-4bit,1,1001,353,0,310,"Structured code review is a crucial practice that significantly enhances the quality of software produced by engineering teams. One of the primary benefits is that it enables reviewers to catch defects before the code is released, a scenario that is far more cost-effective than resolving issues in production. When defects are identified during the review process, it's typically at a stage where the fixes are relatively inexpensive to implement, reducing the overall financial burden and minimizing the impact on end-users. This proactive approach to defect detection and resolution not only improves the reliability of the software but also reduces the likelihood of downstream issues that may arise from undetected defects.

Another significant advantage of structured code review is that it facilitates the sharing of knowledge about the codebase among team members. When each team member reviews their colleagues' changes, they gain a deeper understanding of the codebase's inner workings and the design decisions that have been made. This collective knowledge empowers the team to make informed decisions and tackle complex problems, reducing reliance on individual experts who might possess a disproportionate amount of knowledge about the code. As a result, the team becomes more self-sufficient and better equipped to handle a wide range of challenges that may arise during the development process.

Regular code review also enforces consistent coding standards, which is essential for maintaining the software over time. When the team adheres to a set of established guidelines and best practices, the codebase becomes more predictable and easier to navigate. This predictability makes it simpler for new team members to join the project and become familiar with the code, reducing the learning curve and minimizing the risk of introducing new defects. Moreover, consistent coding standards promote modularity, readability, and maintainability, ultimately leading to a more sustainable and flexible software product that can adapt to changing requirements and technological advancements."
M19,prose,Medium,Llama,unsloth/Llama-3.1-8B-Instruct-bnb-4bit,1,1001,380,0,330,"In high-stakes professions such as aviation and surgery, written checklists have been instrumental in reducing preventable errors. One key advantage of checklists is that they alleviate the reliance on memory for routine but critical steps, particularly under conditions of stress and fatigue. This is especially crucial in high-pressure environments where mental faculties can be clouded, and attention is divided among multiple tasks. Written checklists provide a tangible, easily accessible reminder of essential procedures, allowing individuals to focus on the task at hand without the added burden of trying to recall complex steps. This straightforward approach enables professionals to stay on track and adhere to established protocols, even when faced with unexpected challenges or distractions.

Another significant benefit of checklists is that they standardize communication within teams by providing a defined moment for every member to raise concerns. In dynamic environments like aviation and surgery, effective communication is vital for ensuring that all team members are aware of their responsibilities and potential pitfalls. Checklists serve as a catalyst for open discussion, allowing team members to identify potential issues and address them before they become major problems. By incorporating a checklist into their workflow, professionals can ensure that all relevant parties are informed and on board with the plan, fostering a culture of transparency and cooperation.

The documented results of checklist implementation are also telling, with measurable reductions in complications observed in various fields. The World Health Organization's surgical safety checklist is a notable example of a well-documented, evidence-based approach to reducing errors. By incorporating a checklist into their surgical protocols, healthcare professionals have been able to identify and address key issues, such as patient safety, medication errors, and communication breakdowns. This has led to significant reductions in surgical complications, improving patient outcomes and enhancing the overall quality of care. The adoption of written checklists in high-stakes professions like aviation and surgery is a powerful testament to the importance of standardized protocols in preventing errors and ensuring the highest standards of safety."
M20,prose,Medium,Llama,unsloth/Llama-3.1-8B-Instruct-bnb-4bit,1,1001,351,0,305,"Improvements in weather forecasting over recent decades have yielded substantial economic benefits. One key area where this has been particularly evident is in agriculture. More accurate forecasts have enabled farmers to fine-tune their planting, irrigation, and harvesting strategies, resulting in significant reductions in crop losses. By timing these activities in response to forecasted weather conditions, farmers can minimize the risks associated with adverse weather events, such as droughts, floods, and heatwaves. This not only improves crop yields but also enhances food security and reduces the economic burdens associated with crop failures.

Furthermore, earlier warnings of severe storms have enabled authorities to issue timely evacuations and preparations, thereby reducing property damage and loss of life. This has had a profound impact on public safety and has also led to significant economic savings. Communities that receive advance warnings of severe storms can take proactive measures to protect themselves, such as boarding up windows, securing loose outdoor items, and relocating to safer areas. This not only reduces the risk of physical harm but also minimizes the financial costs associated with storm damage, including the replacement of destroyed property and the cost of emergency response services.

The economic benefits of improved weather forecasting also extend to the transportation and energy sectors. Airlines, shipping companies, and electricity grid operators rely on forecasts to plan routes and balance supply and demand more efficiently. By taking into account forecasted weather conditions, these organizations can optimize their operations, reduce the risk of disruptions, and minimize the economic costs associated with delays or power outages. This has had a significant impact on the reliability and efficiency of these critical infrastructure systems, leading to improved customer satisfaction and reduced economic burdens. Overall, the economic value of improved weather forecasting is clear, and its benefits are being felt across a wide range of industries and sectors."
H14,prose,Hard,Llama,unsloth/Llama-3.1-8B-Instruct-bnb-4bit,1,1001,384,0,327,"The notion that causation can be adequately analyzed as mere regular succession between types of events is a simplistic view that fails to capture the complexities of causal relationships. Regularity accounts, which rely on the idea that causation is a matter of constant conjunction, struggle to distinguish genuine causal relations from accidental or common-cause correlations. For instance, a falling barometer reading is regularly followed by a storm, but it does not cause the storm. This is because the storm is a common effect of multiple factors, including atmospheric pressure and wind patterns, rather than a direct result of the barometer reading. The regularity account's inability to distinguish between causal and non-causal correlations highlights its limitations.

In contrast, interventionist accounts, developed by philosophers like Woodward, offer a more nuanced understanding of causation. These accounts identify causal relations with dependencies that remain invariant under ideal interventions on the putative cause. In other words, a causal relationship holds when intervening on the supposed cause results in a predictable change in the effect. This approach recognizes that causation is not just a matter of correlation, but rather a matter of how the world would change if we were to manipulate the supposed cause. By focusing on the dependencies between variables rather than their mere regular succession, interventionist accounts provide a more robust and accurate understanding of causation.

The interventionist account also explains the epistemic privilege of randomized controlled experiments, whose design approximates an ideal intervention by severing the putative cause from its ordinary antecedents. By randomizing the assignment of subjects to different treatment groups, these experiments create a controlled environment in which the supposed cause can be manipulated independently of other factors. This allows researchers to determine whether the supposed cause has a predictable effect on the outcome, thereby establishing a causal relationship. The interventionist account highlights the importance of experimental design in establishing causal relationships, and demonstrates how it can be used to identify genuine causal links in the world."
H15,prose,Hard,Llama,unsloth/Llama-3.1-8B-Instruct-bnb-4bit,1,1001,480,0,414,"Biological function is best analyzed in etiological rather than purely causal-role terms. This is because selected-effect accounts provide a clear explanation of the normativity of function, including the possibility of malfunction. These accounts identify a trait's function with the effect for which its ancestors were selected, thereby establishing a direct link between the trait's evolutionary history and its current functionality. This perspective is essential in understanding how a trait's function is not solely determined by its current effects, but rather by the effects for which it was initially selected.

In contrast, a purely dispositional analysis of function would be unable to accommodate the possibility of malfunction. A dispositional account would define a trait's function in terms of its current effects, without any reference to its evolutionary history or the reasons why it was initially present. This approach would overlook the fact that a trait's function is not solely determined by its current effects, but rather by the historical context in which it evolved. By ignoring the evolutionary history of a trait, a dispositional analysis would fail to account for the normativity of function, and the possibility of malfunction would remain unexplained.

Causal-role accounts following Cummins also face significant challenges in distinguishing a trait's function from its accidental effects. These accounts define a trait's function in terms of its causal role within a larger system, without any reference to the trait's evolutionary history or the reasons why it was initially present. This approach would make it difficult to distinguish a trait's function from its accidental effects, as both would be defined in terms of the trait's causal role within the system. In order to resolve this issue, a relativization of function to the explanatory interests of the investigator would be necessary, which would surrender the objectivity of functional attribution.

In contrast, etiological accounts alone can vindicate the explanatory force of functional claims. By citing a trait's selected effect, an etiological account provides a clear explanation of why the trait is present, rather than merely describing what it currently does. This approach allows us to understand the historical context in which a trait evolved, and how it was initially selected for its effects. By focusing on the evolutionary history of a trait, an etiological account can provide a more nuanced understanding of its function, and why it is present in the first place. This perspective is essential in understanding the complexity of biological systems, and how different traits contribute to the overall functionality of an organism."
H16,prose,Hard,Llama,unsloth/Llama-3.1-8B-Instruct-bnb-4bit,1,1001,464,0,380,"Knowledge acquired through testimony cannot be reduced to knowledge grounded in the hearer's own perception, memory, and inductive inference. This is because no individual is in a position to verify independently the track record of more than a small fraction of the sources on whom ordinary belief depends. As Coady has argued, we rely on a vast array of sources, including experts, family members, and authority figures, to inform our beliefs and knowledge. However, verifying the reliability of each of these sources individually is an impractical task, especially considering the sheer number of sources and the complexity of their claims. Consequently, a reductionist justification of testimony, which would require the hearer to independently verify the reliability of each source, is unavailable in practice.

Moreover, young children acquire vast bodies of knowledge through testimony before they possess the inferential resources that reductionism requires for testimonial justification. Children are often unable to evaluate the credibility of their sources or assess the evidence for the claims they are learning. They must trust their caregivers, teachers, and other authority figures to provide them with accurate information. As a result, children's knowledge is not reducible to their own perception, memory, or inductive inference, but rather is a product of testimonial trust. This is not to say that children's knowledge is not reliable or justified, but rather that it is grounded in a different kind of epistemic justification that is not reducible to the hearer's own inferential abilities.

The division of cognitive labor in contemporary science, analyzed by Hardwig, also highlights the irreducibility of testimonial knowledge. In scientific research, researchers often rely on the results of their colleagues, even if they are unable to personally check those results. This division of cognitive labor is essential for the advancement of scientific knowledge, as it allows researchers to build on the findings of others without having to replicate every experiment or rederive every conclusion. As a result, scientific knowledge itself rests irreducibly on testimonial trust. Researchers must trust the results of their colleagues and the institutions that support them, even if they do not have the resources or expertise to verify those results independently. This testimonial trust is essential for the progress of science, but it is not reducible to the hearer's own perception, memory, or inductive inference."
H17,prose,Hard,Llama,unsloth/Llama-3.1-8B-Instruct-bnb-4bit,1,1001,378,0,324,"Idealized scientific models that contain known falsehoods can provide genuine understanding of natural phenomena by virtue of their ability to isolate the difference-making factors of a phenomenon. These idealizations, such as frictionless planes, infinite populations, and point masses, deliberately remove factors that do not alter the explanatory structure of the phenomenon, allowing scientists to focus on the essential mechanisms and processes that govern its behavior. By stripping away irrelevant details, these models can reveal the underlying patterns and relationships that give rise to the phenomenon, providing a clear and concise understanding of its fundamental nature.

Understanding, in this context, consists in grasping patterns of counterfactual dependence, which an idealized model can represent accurately even when its literal assumptions are false. This means that the model's predictions and explanations may not hold in all the fine-grained details, but they can still capture the essential dependencies and causal relationships that govern the phenomenon. The model's accuracy lies not in its literal truth, but in its ability to preserve the structural features of the phenomenon that are relevant to our understanding of it. This is precisely what makes idealized models useful: they can provide a faithful representation of the phenomenon's essential character, even if they do not accurately depict every aspect of its behavior.

The concept of minimal-model explanations, as analyzed by Batterman, is particularly relevant to this discussion. These explanations account for universal behavior across physically heterogeneous systems by omitting the microscopic details that differ between those systems. In other words, minimal-model explanations focus on the common features and patterns that are shared across different systems, rather than the unique characteristics that distinguish them. This approach allows scientists to identify the underlying mechanisms and processes that govern universal behavior, even if the systems themselves exhibit significant variability. By abstracting away from the specific details, minimal-model explanations can provide a clear and general understanding of the phenomenon, highlighting the essential features that are common to all instances."
H18,prose,Hard,Llama,unsloth/Llama-3.1-8B-Instruct-bnb-4bit,1,1001,425,0,360,"Practical knowledge, or knowing how, is distinct from propositional knowledge, or knowing that, and cannot be reduced to it. Ryle's regress argument highlights the shortcomings of attempting to equate practical knowledge with propositional knowledge. The argument suggests that if every intelligent performance required first contemplating a proposition, the act of applying that proposition would itself necessitate further propositional knowledge, resulting in an infinite regress. This chain of reasoning would continue indefinitely, as the proposition applied to the first performance would itself require a new proposition, and so on. This infinite regress undermines the notion that practical knowledge can be solely understood through propositional knowledge, as the latter cannot adequately account for the complexities of intelligent performances.

Moreover, skilled performance involves context-sensitive responsiveness to particular situations that exceeds the bounds of any finite set of propositions an agent could articulate or endorse. When a skilled musician, for example, performs a piece, their actions are guided by a multitude of subtle cues and intuitions that cannot be reduced to a set of explicit propositions. This is not to say that the musician does not possess propositional knowledge, but rather that their practical knowledge, or knowing how, is not solely a function of propositional knowledge, or knowing that. The musician's expertise is rooted in a deep understanding of how to respond to the nuances of the music, a capacity that is difficult to capture through propositional knowledge alone.

Neuropsychological dissociations provide further evidence for the distinction between practical and propositional knowledge. Amnesic patients who acquire new motor skills while retaining no explicit memory of having practiced them illustrate this point. These patients are able to perform complex tasks, such as tying their shoelaces or riding a bicycle, despite having no conscious recollection of the learning process. This suggests that practical knowledge can be acquired and retained independently of propositional knowledge, as the patients' skills are not necessarily tied to explicit memories of the learning process. The fact that these patients are able to perform complex tasks without propositional knowledge of how they learned them underscores the notion that practical knowledge is a distinct form of knowledge that cannot be reduced to propositional knowledge."
H19,prose,Hard,Llama,unsloth/Llama-3.1-8B-Instruct-bnb-4bit,1,1001,477,0,408,"The loss of biodiversity undermines the long-term stability and functioning of ecosystems, posing a significant threat to the health and resilience of our planet. One key mechanism by which this occurs is the insurance hypothesis, which posits that species differ in their responses to environmental fluctuation, allowing communities with a greater number of species to maintain more stable aggregate productivity as conditions change. This means that ecosystems with higher levels of biodiversity are better equipped to adapt to and recover from disturbances such as droughts, floods, or other extreme events. The presence of a diverse array of species ensures that some individuals will be resistant to the negative effects of environmental fluctuations, thereby maintaining ecosystem function even when conditions become challenging.

Another way in which biodiversity loss undermines ecosystem stability is through the erosion of functional redundancy, a concept that refers to the overlapping ecological roles performed by multiple species. When several species perform similar functions within an ecosystem, the loss of any single species is buffered by the presence of others, which can compensate for the missing species and maintain ecosystem processes. However, as species are removed from an ecosystem, this buffer erodes, leaving the ecosystem more vulnerable to further degradation and disruption. This can have cascading effects, as the loss of one species can trigger a chain reaction of events that ultimately lead to the decline of entire ecosystems.

The loss of keystone species can also trigger trophic cascades, as evidenced by the dramatic impact of the decline of sea otters on the kelp forests of the Pacific coast. Sea otters prey on sea urchins, which in turn overgraze kelp forests, leading to a decline in these critical ecosystems. When sea otters decline, sea urchin populations surge, allowing them to overgraze the kelp forests, leading to a devastating decline in the health and resilience of these ecosystems. This example illustrates how the loss of a single species can have far-reaching and profound effects on the entire ecosystem, highlighting the importance of maintaining a diverse array of species within an ecosystem to prevent such trophic cascades.

In conclusion, the loss of biodiversity undermines the long-term stability and functioning of ecosystems, posing significant risks to the health and resilience of our planet. The insurance hypothesis, functional redundancy, and the loss of keystone species all highlight the importance of maintaining a diverse array of species within an ecosystem to ensure the long-term stability and resilience of these critical ecosystems."
S1,short,Easy,Llama,unsloth/Llama-3.1-8B-Instruct-bnb-4bit,1,1001,97,0,84,"The sky appears blue during the day due to a phenomenon called Rayleigh scattering, where sunlight interacts with tiny molecules of gases in the Earth's atmosphere, such as nitrogen and oxygen. This interaction causes the blue light to be scattered in all directions, reaching our eyes from all parts of the sky. Meanwhile, the other colors of sunlight, like red and green, continue to travel in a straight line to our eyes, but the blue light's scattered effect makes it more visible to us."
S2,short,Easy,Llama,unsloth/Llama-3.1-8B-Instruct-bnb-4bit,1,1001,67,0,61,"Ice floats on liquid water because it is less dense than the liquid. This is due to the arrangement of hydrogen bonds in ice, which forms a rigid and open crystal structure that allows ice to expand and become less dense. As a result, ice is less dense than liquid water, which is why it will float on top of it."
S3,short,Easy,Llama,unsloth/Llama-3.1-8B-Instruct-bnb-4bit,1,1001,78,0,59,"A rainbow forms when sunlight passes through water droplets in the air, creating a spectrum of colors. The sunlight is refracted, or bent, as it enters the droplets, separating into its individual colors: red, orange, yellow, green, blue, indigo, and violet. These colors then appear as a band of colors in the sky, which we see as a rainbow."
S4,short,Medium,Llama,unsloth/Llama-3.1-8B-Instruct-bnb-4bit,1,1001,78,0,63,"Earth has seasons because of its tilt on its axis as it orbits the sun. This tilt, about 23.5 degrees, causes different parts of the planet to receive varying amounts of sunlight throughout the year. As the Earth rotates, the changing angle of sunlight affects the temperature and climate in different regions, resulting in distinct seasons: spring, summer, autumn (or fall), and winter."
S5,short,Medium,Llama,unsloth/Llama-3.1-8B-Instruct-bnb-4bit,1,1001,81,0,64,"Ocean tides are primarily caused by the gravitational pull of the Moon on the Earth's oceans. The Moon's gravitational force creates a ""bulge"" in the ocean water, causing it to rise and form a high tide. Conversely, the side of the Earth opposite the Moon experiences a lower gravitational pull, resulting in a ""trough"" that allows the water to recede, forming a low tide."
S6,short,Easy,Llama,unsloth/Llama-3.1-8B-Instruct-bnb-4bit,1,1001,82,0,71,"Bread dough rises due to the action of yeast, a microorganism that consumes sugars and produces carbon dioxide gas as a byproduct. This process is called fermentation, where yeast converts the sugars in the dough into energy, releasing the carbon dioxide bubbles that cause the dough to expand and become lighter. The trapped carbon dioxide creates air pockets, making the dough rise and giving the bread its characteristic texture and structure."
S7,short,Medium,Llama,unsloth/Llama-3.1-8B-Instruct-bnb-4bit,1,1001,76,0,64,"A black hole is a region in space where the gravitational pull is so strong that nothing, including light, can escape. It's created when a massive star collapses in on itself, causing a massive amount of matter to be compressed into an incredibly small space, resulting in an intense gravitational field. This field traps everything that gets too close, making it invisible and inescapable."
S8,short,Medium,Llama,unsloth/Llama-3.1-8B-Instruct-bnb-4bit,1,1001,73,0,66,"A metal spoon feels colder than a wooden spoon at room temperature because metal has a lower thermal mass than wood. This means that metal can quickly transfer heat away from the skin, giving the sensation of being colder. Additionally, metal is a good conductor of heat, allowing it to efficiently transmit the heat from the skin to the surroundings, further contributing to the cold sensation."
S9,short,Medium,Llama,unsloth/Llama-3.1-8B-Instruct-bnb-4bit,1,1001,75,0,64,"A refrigerator keeps food cold by using a refrigerant to transfer heat from the inside to the outside. The refrigerant changes from liquid to gas as it absorbs heat from the food, which then circulates through a compressor and condenser, releasing the heat outside. This process is called the refrigeration cycle, and it allows the refrigerator to maintain a lower temperature inside the unit."
S10,short,Easy,Llama,unsloth/Llama-3.1-8B-Instruct-bnb-4bit,1,1001,91,0,76,"Photosynthesis is a vital process for plants that converts light energy from the sun into a usable form of energy, in the form of glucose. This energy-rich compound allows plants to grow, develop, and thrive by providing them with the necessary building blocks for growth and maintenance, such as sugars, amino acids, and other essential nutrients. In return, plants release oxygen as a byproduct, which is essential for the survival of many living organisms, including humans."
S11,short,Easy,Llama,unsloth/Llama-3.1-8B-Instruct-bnb-4bit,1,1001,86,0,68,"In autumn, the leaves of many trees change color due to a decrease in daylight hours and a drop in temperature. This triggers a reduction in chlorophyll production, allowing other pigments to become visible. Carotenoids, which are yellow and orange in color, remain present throughout the year and become more visible as chlorophyll levels decrease. As a result, the leaves often turn shades of yellow, orange, and red."
S12,short,Easy,Llama,unsloth/Llama-3.1-8B-Instruct-bnb-4bit,1,1001,81,0,66,"Weather refers to the temporary and local conditions of the atmosphere at a specific place and time, including temperature, humidity, cloudiness, and precipitation. Climate, on the other hand, is the average atmospheric conditions over a long period of time, typically 30 years or more, in a particular region. Climate is more stable and predictable than weather, and it determines the overall characteristics of a region's environment."
S13,short,Easy,Llama,unsloth/Llama-3.1-8B-Instruct-bnb-4bit,1,1001,89,0,77,"A magnetic compass shows direction by responding to the Earth's magnetic field, which is created by the movement of molten iron in the Earth's core. The compass contains a magnetized needle that aligns itself with the Earth's magnetic field lines, allowing it to point towards the magnetic North Pole. The direction of the compass needle indicates the direction of the magnetic field lines, which in turn indicates the direction of the North Pole and other geographical locations."
S14,short,Medium,Llama,unsloth/Llama-3.1-8B-Instruct-bnb-4bit,1,1001,95,0,82,"Inflation is a situation where the general price level of goods and services in an economy increases over time. This means that the purchasing power of money decreases, and the same amount of money can buy fewer goods and services than it could before. For example, if a loaf of bread cost $2 last year and it costs $2.20 this year, the price of bread has increased, and the value of the money you have hasn't kept pace with the rising prices."
S15,short,Easy,Llama,unsloth/Llama-3.1-8B-Instruct-bnb-4bit,1,1001,94,0,84,"The Moon appears to go through phases due to its changing position relative to the Earth and Sun. As the Moon orbits the Earth, different amounts of its illuminated surface are visible from our planet, resulting in various phases. The amount of illuminated surface visible from Earth changes because the Moon is reflecting the Sun's light; when the Moon is between the Earth and Sun, the Sun's light is shining on the side of the Moon facing away from us, making it appear dark."
S16,short,Easy,Llama,unsloth/Llama-3.1-8B-Instruct-bnb-4bit,1,1001,76,0,63,"An algorithm is a set of instructions that is used to solve a specific problem or complete a task in a step-by-step manner. It's essentially a recipe or a formula that can be followed to achieve a particular outcome, often using a series of decisions, calculations, and actions. Algorithms can be expressed in various forms, such as written instructions, flowcharts, or computer code."
S17,short,Medium,Llama,unsloth/Llama-3.1-8B-Instruct-bnb-4bit,1,1001,86,0,75,"Salt is spread on icy roads in winter to lower the freezing point of water, allowing the ice to melt or become less slippery. When salt, also known as rock salt or sodium chloride, comes into contact with water on the road, it dissolves and releases heat through a process called exothermic dissolution. This heat helps to break the bonds between the water molecules, making the ice melt or become more porous and less slippery."
S18,short,Hard,Llama,unsloth/Llama-3.1-8B-Instruct-bnb-4bit,1,1001,105,0,93,"An airplane wing generates lift by using the shape and movement of air around it. As the wing moves forward, the air flows over and under it, creating an area of lower air pressure above the wing and an area of higher air pressure below it. The difference in pressure creates an upward force, or lift, that counteracts the weight of the plane, allowing it to rise into the air. This is due to the wing's curved upper surface and flat lower surface, which deflect the air downward and create the pressure difference."
S19,short,Medium,Llama,unsloth/Llama-3.1-8B-Instruct-bnb-4bit,1,1001,92,0,72,"DNA (deoxyribonucleic acid) is a molecule that contains the instructions for the development, growth, and function of a living cell. It acts as the cell's blueprint, carrying information that determines the traits and characteristics of an organism, such as eye color, hair texture, and height. DNA is often referred to as the ""instructions for life"" because it provides the necessary information for the cell to produce proteins, which perform various cellular functions."
S20,short,Hard,Llama,unsloth/Llama-3.1-8B-Instruct-bnb-4bit,1,1001,80,0,69,"Water boils at a lower temperature at high altitude because the air pressure is lower, which reduces the boiling point. At lower air pressure, the molecules in water have more space to move, allowing them to reach their boiling point more easily. As a result, the boiling point of water decreases with an increase in altitude, typically dropping by about 1 degree Fahrenheit for every 500-foot gain in elevation."
