prompt_id,genre,tier,model,model_version,source,word_count,text
E1,prose,Easy,DeepSeek,deepseek/deepseek-chat,api_v1,307,"Getting enough sleep each night is essential for improving how well you function the next day, and one of the most noticeable benefits is sharper focus and memory. Sleep plays a critical role in cognitive processes, including attention, problem-solving, and information retention. During sleep, the brain consolidates memories, transferring information from short-term to long-term storage, which enhances recall and learning. When well-rested, individuals are better equipped to concentrate on tasks, avoid distractions, and process complex information efficiently. In contrast, sleep deprivation can lead to mental fog, slower reaction times, and difficulty retaining new information, significantly impairing daily productivity and decision-making.

Another key benefit of adequate sleep is improved mood and emotional control. Sleep deprivation disrupts the brain’s ability to regulate emotions, often leading to irritability, anxiety, and heightened stress levels. A well-rested brain is better equipped to manage emotional responses, fostering a more positive and stable mood. Additionally, sleep helps regulate the production of neurotransmitters like serotonin and dopamine, which are crucial for feelings of happiness and well-being. When sleep is prioritized, individuals are more likely to approach challenges with resilience and maintain healthier interactions with others, contributing to overall emotional balance and mental health.

Finally, getting enough sleep directly impacts physical energy levels, which are vital for daily functioning. During sleep, the body repairs and rejuvenates itself, restoring energy reserves and promoting muscle recovery. This process is particularly important for individuals who engage in physical activities, as sleep supports muscle repair and growth. Even for those with sedentary lifestyles, adequate sleep ensures that the body’s systems operate optimally, reducing feelings of fatigue and lethargy. With sufficient rest, individuals wake up feeling refreshed and ready to tackle the day’s demands, whether it involves physical exertion or simply maintaining focus during routine tasks. In this way, sleep serves as the foundation for sustained physical vitality and overall well-being."
E10,prose,Easy,DeepSeek,deepseek/deepseek-chat,api_v1,297,"Spending less time on social media can significantly improve overall wellbeing by addressing several key aspects of daily life. One of the most immediate benefits is the reduction of constant social comparison, which often leads to feelings of inadequacy or dissatisfaction. Social media platforms are designed to showcase curated highlights of others’ lives, creating an unrealistic benchmark for personal success or happiness. By stepping away from these platforms, individuals can focus more on their own progress and achievements, fostering a healthier sense of self-worth and reducing the negative emotional toll of perpetual comparison.  

Another advantage of reducing social media use is the liberation of time for more meaningful offline activities. Scrolling through feeds often consumes hours that could otherwise be spent on hobbies, exercise, or face-to-face interactions with loved ones. These real-world engagements are far more fulfilling, as they provide genuine connection, personal growth, and a sense of accomplishment. Whether it’s reading a book, learning a new skill, or simply enjoying nature, these activities contribute to a more balanced and satisfying life, free from the passive consumption that dominates social media use.  

Finally, cutting back on social media, particularly in the evening, can lead to better sleep quality. The blue light emitted by screens disrupts the production of melatonin, the hormone responsible for regulating sleep, making it harder to fall asleep and reducing overall sleep quality. Additionally, the stimulating nature of social media content—whether it’s engaging in debates or absorbing emotionally charged posts—can keep the mind active when it should be winding down. By reducing screen time before bed, individuals create a calmer nighttime routine, leading to more restful sleep and improved mental and physical health the following day. Together, these benefits highlight how limiting social media use can create a happier, healthier, and more balanced life."
E11,prose,Easy,DeepSeek,deepseek/deepseek-chat,api_v1,402,"Pets have long been cherished members of households worldwide, and their presence has been shown to significantly enhance the happiness and health of their owners. One of the most profound benefits of pet ownership is its ability to reduce loneliness and provide companionship. For many people, especially those living alone or experiencing social isolation, pets offer unconditional love and a sense of connection. The simple act of having a pet nearby can alleviate feelings of emptiness, as pets are always there to listen, comfort, and engage. This companionship fosters emotional well-being, creating a bond that helps individuals feel valued and less alone in their daily lives.

In addition to emotional support, caring for a pet encourages the development of routine and physical activity, which are essential for maintaining a healthy lifestyle. Pets, particularly dogs, require regular walks, feeding, and playtime, which naturally integrate structure into an owner’s day. This routine can be especially beneficial for individuals struggling with motivation or mental health challenges, as it provides a sense of purpose and responsibility. Furthermore, the physical activity involved in pet care, such as walking or playing with a dog, promotes cardiovascular health, improves fitness levels, and can even help with weight management. These activities not only benefit the pet but also contribute to the owner’s overall physical health and vitality.

Another critical advantage of pet ownership is the reduction of stress hormones, which directly impacts mental and physical health. Studies have shown that interacting with pets, such as petting a cat or playing with a dog, triggers the release of oxytocin, often referred to as the “love hormone,” while simultaneously lowering cortisol levels, the hormone associated with stress. This biochemical response helps create a calming effect, reducing anxiety and promoting relaxation. The bond between a pet and its owner fosters a safe and nurturing environment where stress is alleviated, allowing individuals to feel more at ease and better equipped to handle life’s challenges. This reduction in stress not only enhances mental clarity but also supports long-term health by lowering the risk of stress-related illnesses.

In summary, pets play a vital role in improving the happiness and health of their owners by providing companionship that alleviates loneliness, encouraging routines and physical activity that promote well-being, and fostering bonds that reduce stress hormones. These benefits highlight the profound impact pets can have on both emotional and physical health, making them invaluable additions to our lives."
E12,prose,Easy,DeepSeek,deepseek/deepseek-chat,api_v1,452,"Expressing gratitude regularly has the profound ability to transform our outlook on life, making it more positive and fulfilling. One of the most significant ways it achieves this is by shifting our attention from problems to what is working well. In the hustle and bustle of daily life, it’s easy to become consumed by challenges, setbacks, and stressors. Gratitude acts as a mental pivot, encouraging us to focus on the good—whether it’s a supportive friend, a beautiful sunset, or a small accomplishment. This shift in perspective doesn’t erase difficulties, but it helps balance them, allowing us to appreciate the abundance that coexists with life’s struggles. By training our minds to notice and acknowledge the positives, we cultivate a sense of contentment and resilience that can carry us through tough times.

Another powerful benefit of gratitude is its ability to strengthen personal relationships when shared with others. Expressing gratitude to those around us fosters connection and deepens bonds. When we take the time to thank someone sincerely, we communicate that we value and appreciate them, which can enhance trust and mutual respect. This act of acknowledgment not only uplifts the recipient but also reinforces our own feelings of warmth and connection. Over time, this practice can create a positive feedback loop in relationships, where gratitude becomes a cornerstone of interaction, leading to greater harmony and emotional support. In a world where relationships are often taken for granted, gratitude serves as a reminder of their importance and nurtures their growth.

Moreover, research underscores the tangible impact of gratitude on our mood and overall well-being. Studies have shown that regularly practicing gratitude can lead to measurable improvements in happiness and life satisfaction over time. By focusing on what we are thankful for, we activate neural pathways associated with positive emotions, reducing stress and fostering a sense of calm. Gratitude has also been linked to lower levels of depression and anxiety, as it encourages a mindset of abundance rather than scarcity. This isn’t just a fleeting boost in mood; it’s a lasting shift that can enhance our mental and emotional health. The science behind gratitude reinforces what many intuitively understand—that acknowledging the good in our lives has a profound and positive effect on how we feel.

In essence, expressing gratitude regularly is a simple yet powerful practice that can make life more positive in meaningful ways. It redirects our focus from what’s wrong to what’s right, enriching our perspective. It strengthens our relationships by fostering connection and appreciation. And it measurably improves our mood and well-being, supported by scientific research. By integrating gratitude into our daily lives, we cultivate a mindset that not only enhances our own happiness but also radiates positivity to those around us."
E13,prose,Easy,DeepSeek,deepseek/deepseek-chat,api_v1,307,"Taking short breaks during a long work session can significantly enhance overall productivity by addressing key challenges that arise during extended periods of focus. First, brief pauses prevent mental fatigue from accumulating, which is essential for sustaining high-quality work. When the mind is engaged in continuous effort without rest, cognitive resources deplete over time, leading to slower processing, increased errors, and diminished creativity. By stepping away for even a few minutes, the brain has a chance to reset, reducing strain and allowing for sharper, more efficient thinking when work resumes. This interruption of fatigue helps maintain a consistent level of performance throughout the entire session.

Second, stepping away from a problem often leads to better solutions upon returning. When stuck on a challenging task, persistent focus can sometimes narrow thinking, making it harder to see alternative approaches. A short break provides mental distance, allowing the subconscious to process the problem in the background. Many people find that insights or new perspectives emerge spontaneously after stepping back, as the mind refreshes and reorganizes information. This phenomenon, sometimes called the ""incubation effect,"" demonstrates how breaks can indirectly contribute to problem-solving by fostering clearer and more innovative thinking.

Finally, regular breaks help sustain motivation across the full work period. Long stretches of uninterrupted work can feel overwhelming, leading to procrastination or a decline in engagement. By breaking the session into manageable intervals with planned pauses, the task becomes less daunting, and the promise of a brief respite provides a psychological boost. This rhythm of work and rest creates a sense of progress, preventing burnout and keeping energy levels stable. Over time, this approach not only makes the work session more enjoyable but also ensures that motivation remains high, enabling more to be accomplished overall. By balancing effort with recovery, short breaks transform prolonged work into a sustainable and productive process."
E2,prose,Easy,DeepSeek,deepseek/deepseek-chat,api_v1,359,"Drinking water throughout the day is one of the simplest yet most effective ways to improve how you feel, both physically and mentally. When it comes to physical energy, staying hydrated ensures that your body functions optimally. Water plays a crucial role in maintaining blood volume, which allows oxygen and nutrients to be transported efficiently to your muscles and organs. Dehydration, even in mild forms, can lead to fatigue, sluggishness, and a noticeable drop in energy levels. By consistently sipping water, you help your body maintain its natural rhythm, keeping you feeling alert and active throughout the day. This is particularly important during physical activities or long workdays, where dehydration can quickly sap your strength and leave you feeling drained.

In addition to boosting physical energy, drinking water significantly enhances concentration and cognitive function. The brain is highly sensitive to hydration levels, and even slight dehydration can impair focus, memory, and decision-making abilities. When you drink enough water, you support the brain’s ability to process information efficiently, leading to sharper mental clarity and improved productivity. Studies have shown that dehydration can negatively affect mood and increase feelings of stress and anxiety, further hindering your ability to concentrate. By keeping a water bottle handy and sipping regularly, you create an environment where your mind can thrive, allowing you to tackle tasks with greater precision and creativity.

Finally, staying hydrated has a profound impact on your skin and overall appearance. Water helps to flush out toxins from the body, promoting a clearer complexion and reducing the likelihood of breakouts. It also aids in maintaining the skin’s elasticity and moisture, giving it a more youthful and radiant glow. Dehydration, on the other hand, can lead to dryness, dullness, and the appearance of fine lines and wrinkles. By drinking water consistently, you support your skin’s natural processes, helping it look healthier and more vibrant. Beyond skin, hydration also contributes to a fresher overall appearance, as it reduces puffiness and helps maintain a balanced, energized look. In essence, drinking water is a holistic practice that enhances how you feel inside and out, making it an essential habit for anyone looking to improve their well-being."
E3,prose,Easy,DeepSeek,deepseek/deepseek-chat,api_v1,376,"Spending time outdoors every day is one of the simplest yet most effective ways to improve mental health, and its benefits extend far beyond just physical well-being. One of the most compelling reasons to step outside is its ability to reduce stress and anxiety. Nature has a calming effect on the mind, helping to lower cortisol levels, the hormone associated with stress. Whether it’s a walk in the park, sitting by a lake, or simply breathing in fresh air, the natural environment provides a sense of tranquility that can help quiet racing thoughts and ease tension. Studies have shown that even short periods spent in green spaces can significantly reduce feelings of anxiety, making it an accessible and powerful tool for managing daily stressors.

Another significant benefit of spending time outdoors is the positive impact of sunlight on mood. Exposure to natural light triggers the release of serotonin, a neurotransmitter that promotes feelings of happiness and well-being. Sunlight also helps regulate the body’s circadian rhythm, which improves sleep quality—a crucial factor for mental health. On days when sunlight is limited, many people experience a dip in mood, often referred to as seasonal affective disorder (SAD). By making it a habit to spend time outside, especially during daylight hours, you can combat these mood fluctuations and maintain a more balanced emotional state. The simple act of feeling the sun on your skin can uplift your spirits and provide a natural boost to your mental health.

Finally, spending time outdoors offers a much-needed break from the constant stimulation of screens and the monotony of indoor routines. In today’s digitally driven world, many people spend hours glued to computers, phones, or televisions, which can lead to mental fatigue and a sense of detachment from the real world. Stepping outside provides an opportunity to disconnect from technology and reconnect with the physical environment. Whether it’s noticing the rustling of leaves, feeling the breeze on your face, or observing the changing colors of the sky, these sensory experiences ground you in the present moment and foster mindfulness. This break from screens not only reduces eye strain and mental clutter but also encourages a healthier balance between virtual and real-world interactions, ultimately contributing to a more peaceful and focused state of mind."
E4,prose,Easy,DeepSeek,deepseek/deepseek-chat,api_v1,340,"Cooking meals at home is undeniably healthier than eating out most of the time, primarily because it allows you to control exactly what goes into your food. When preparing meals at home, you have the power to choose fresh, high-quality ingredients and avoid excessive amounts of salt, sugar, unhealthy fats, and artificial additives that are often found in restaurant dishes. This level of control is particularly important for those managing dietary restrictions or health conditions, as it ensures meals align with specific nutritional needs. Additionally, home-cooked meals often involve simpler, more wholesome recipes, which can contribute to better overall health and well-being compared to the calorie-dense, nutrient-poor options frequently served in restaurants.

Another compelling reason to cook at home is that it is significantly cheaper than eating out regularly. Dining at restaurants or ordering takeout can quickly add up, especially when considering the costs of service charges, tips, and premium pricing for convenience. In contrast, cooking at home allows you to purchase ingredients in bulk, plan meals around seasonal produce, and minimize food waste, all of which contribute to substantial savings over time. This financial benefit not only makes healthy eating more accessible but also encourages a more sustainable approach to food consumption. By allocating the money saved toward other priorities, cooking at home becomes an economically savvy and health-conscious choice.

Beyond the immediate health and financial advantages, cooking at home also builds useful life skills that can have lasting benefits. Learning to prepare meals fosters independence, creativity, and a deeper understanding of nutrition, which can positively impact one’s lifestyle in the long term. It encourages mindfulness about food choices and promotes a sense of accomplishment and self-sufficiency. Moreover, cooking can be a social activity, bringing family and friends together to share meals and create meaningful connections. These skills are not only practical but also enriching, contributing to a more balanced and fulfilling life. In summary, cooking at home offers a trifecta of benefits: it ensures healthier meals, saves money, and cultivates valuable skills that extend far beyond the kitchen."
E5,prose,Easy,DeepSeek,deepseek/deepseek-chat,api_v1,386,"Maintaining a regular daily routine is one of the most effective ways to reduce stress, as it provides structure and predictability in an otherwise chaotic world. One of the key benefits is that it removes the mental load of constant decision-making. Every day, we are bombarded with countless small choices, from what to eat for breakfast to when to schedule a workout. These decisions, though seemingly minor, accumulate and drain mental energy, leading to decision fatigue and increased stress. A set routine eliminates much of this burden by automating habits, allowing the mind to focus on more important tasks rather than wasting energy on trivial daily choices. By reducing the number of decisions we need to make, a routine frees up cognitive resources, making life feel more manageable and less overwhelming.

Another significant advantage of a consistent daily routine is its positive impact on sleep quality. Our bodies thrive on regularity, particularly when it comes to sleep-wake cycles. Going to bed and waking up at the same time each day helps regulate the body’s internal clock, or circadian rhythm, which in turn promotes deeper, more restorative sleep. Poor sleep is a major contributor to stress, as it impairs mood, concentration, and overall resilience. A stable routine ensures that the body knows when to wind down and when to prepare for activity, reducing the tossing and turning that often comes with irregular schedules. Over time, this consistency leads to better sleep hygiene, leaving individuals feeling more refreshed and better equipped to handle daily stressors.

Finally, a structured routine makes it easier to carve out time for exercise and self-care, both of which are essential for stress management. When daily activities follow a predictable pattern, it becomes simpler to allocate specific slots for physical activity, relaxation, or hobbies. Exercise, for instance, can be scheduled at the same time each day, turning it into a non-negotiable part of the routine rather than an afterthought. Similarly, self-care practices like meditation or reading can be woven into the day without the guilt or time pressure that often accompanies an unplanned schedule. By prioritizing these activities within a routine, individuals ensure they consistently engage in behaviors that counteract stress, leading to long-term emotional and physical well-being. In this way, a daily routine acts as a foundation for a healthier, more balanced life."
E6,prose,Easy,DeepSeek,deepseek/deepseek-chat,api_v1,332,"Learning to budget your money each month is undoubtedly worth the effort because it provides a clear roadmap for managing your finances responsibly. One of the most immediate benefits of budgeting is that it prevents you from spending more than you earn. Without a budget, it’s easy to lose track of expenses and fall into the trap of overspending, which can lead to debt and financial instability. A budget acts as a safeguard, ensuring that you allocate your income to essential expenses first, leaving little room for impulsive purchases that can derail your financial health. By keeping your spending in check, you maintain control over your money rather than letting it control you.

Another compelling reason to budget is that it helps you build savings over time. When you create a budget, you can prioritize setting aside a portion of your income for savings goals, whether it’s an emergency fund, a down payment on a house, or a dream vacation. Without a budget, saving often becomes an afterthought, and you may find yourself wondering where your money went at the end of the month. Budgeting transforms saving from a vague aspiration into a concrete habit, allowing you to steadily grow your financial cushion and work toward long-term aspirations. This sense of progress can be incredibly motivating and rewarding.

Finally, budgeting significantly reduces financial stress by providing clarity and predictability. Money-related anxiety often stems from uncertainty—not knowing how much you’re spending, whether you’ll have enough to cover bills, or how to handle unexpected expenses. A budget eliminates this uncertainty by giving you a clear picture of your income, expenses, and savings. When you know exactly where your money is going, you can make informed decisions and feel more confident about your financial situation. This peace of mind allows you to focus on other aspects of your life without the constant worry of financial instability. In short, budgeting is a small investment of time and effort that pays off in security, stability, and confidence."
E7,prose,Easy,DeepSeek,deepseek/deepseek-chat,api_v1,360,"Regular physical exercise is one of the most effective ways to support and improve mental health, offering benefits that extend far beyond physical fitness. One of the most immediate advantages is the release of mood-boosting chemicals in the brain, such as endorphins, serotonin, and dopamine. These natural compounds act as the body’s built-in stress relievers, creating feelings of happiness and relaxation. Even a short workout can trigger this chemical response, helping to alleviate stress and elevate mood, which is why many people report feeling more positive and energized after physical activity. Over time, this consistent release of feel-good chemicals can contribute to a more stable and resilient emotional state, making exercise a powerful tool for maintaining mental well-being.

Another significant benefit of regular exercise is its ability to reduce symptoms of anxiety and depression. Physical activity helps regulate the body’s stress response by lowering cortisol levels, the hormone associated with chronic stress. It also promotes neural growth and reduces inflammation in the brain, which are factors linked to improved mental health. Studies have shown that individuals who engage in consistent exercise often experience fewer symptoms of anxiety and depression, with some finding it as effective as medication or therapy in mild to moderate cases. The rhythmic and repetitive nature of activities like running, swimming, or cycling can also have a meditative effect, calming the mind and providing a mental break from negative thought patterns.

Beyond its direct impact on brain chemistry and emotional regulation, exercise also fosters long-term improvements in self-confidence. As individuals stick to a workout routine, they often notice physical changes, such as increased strength, endurance, or weight loss, which can enhance body image and self-esteem. More importantly, the discipline and perseverance required to maintain regular exercise translate into a sense of accomplishment and self-efficacy. Overcoming challenges in fitness—whether it’s running a little farther or lifting heavier weights—builds confidence that spills over into other areas of life. This growing self-assurance can help combat feelings of inadequacy and empower individuals to approach life’s difficulties with greater resilience. Together, these mental health benefits make regular physical exercise one of the best investments a person can make for their overall well-being."
E8,prose,Easy,DeepSeek,deepseek/deepseek-chat,api_v1,422,"In a world where busy schedules often leave little room for leisure, reading books for pleasure might seem like a luxury few can afford. Yet, the benefits of making time for this activity far outweigh the perceived cost of lost productivity. One of the most immediate advantages is the way reading builds vocabulary and refines communication skills. Unlike passive forms of entertainment, books expose readers to a rich tapestry of language, introducing them to new words, phrases, and ways of structuring thoughts. This linguistic enrichment translates directly into clearer, more articulate communication in both professional and personal settings. Whether drafting an email, engaging in a debate, or simply expressing ideas more persuasively, the habitual reader enjoys a distinct advantage over those who rely solely on conversational or digital language.

Beyond the intellectual gains, reading offers a uniquely effective form of stress relief—one that surpasses the benefits of screen-based activities like scrolling through social media or watching television. The immersive nature of a good book allows the mind to detach from daily pressures, creating a mental escape that is both calming and restorative. Studies have shown that reading for just six minutes can reduce stress levels by up to 68%, outperforming other relaxation methods such as listening to music or walking. Unlike screens, which often overstimulate the brain with rapid-fire content and blue light, reading encourages a slower, more deliberate engagement that fosters mental tranquility. This makes it not just a pastime but a practical tool for maintaining emotional balance in a hectic world.

Perhaps the most profound benefit of reading for pleasure is its ability to cultivate empathy. By stepping into the lives of characters—whether fictional or real in the case of memoirs and biographies—readers gain firsthand insight into perspectives vastly different from their own. This exercise in emotional imagination helps bridge gaps in understanding, fostering a deeper connection to the experiences of others. In an increasingly polarized society, this skill is invaluable. It equips individuals to navigate conflicts with greater compassion, appreciate diverse viewpoints, and build more meaningful relationships. Unlike passive media consumption, which often reinforces existing biases, reading challenges readers to see the world through another’s eyes, making it a powerful antidote to isolation and misunderstanding.

Given these benefits—sharpening communication, offering unparalleled stress relief, and nurturing empathy—reading for pleasure is far from a frivolous indulgence. It is an investment in personal growth, emotional well-being, and social connectedness. Even in the busiest of schedules, carving out time for books is not just worthwhile; it’s essential for a richer, more balanced life."
E9,prose,Easy,DeepSeek,deepseek/deepseek-chat,api_v1,318,"Maintaining a tidy living space significantly enhances daily life by streamlining routines and reducing unnecessary stress. One of the most immediate benefits is the reduction in time wasted searching for misplaced items. When everything has a designated place and clutter is minimized, locating essentials becomes effortless. Whether it’s finding your keys before heading out, locating a specific document for work, or grabbing a clean pair of socks, a well-organized environment ensures you spend less time rummaging and more time being productive. This efficiency not only saves valuable minutes but also eliminates the frustration that often accompanies disorganization, making your day run more smoothly.

Beyond the practical advantages, a clean and tidy space has a profound impact on mental well-being. Clutter can create a subtle but persistent sense of background stress, as it constantly signals unfinished tasks or visual chaos. By contrast, a neat environment fosters a sense of calm and control, allowing you to feel more relaxed and at ease in your own home. This reduction in stress can improve your overall mood, making it easier to unwind after a long day or approach daily challenges with a clearer mind. The psychological benefits of tidiness extend beyond mere aesthetics, contributing to a more positive and balanced mindset.

Finally, a tidy space enhances your ability to focus on work or study, which is essential for productivity. Clutter can be distracting, pulling your attention away from the task at hand and making it harder to concentrate. A clean and organized workspace, however, minimizes visual distractions and creates a conducive environment for deep focus. When your surroundings are orderly, your mind is free to direct its energy toward the work or study you need to accomplish, leading to greater efficiency and better results. In this way, keeping your living space tidy isn’t just about cleanliness—it’s about creating an environment that supports your goals and helps you thrive in your daily life."
H1,prose,Hard,DeepSeek,deepseek/deepseek-chat,api_v1,439,"The provisional and fallible nature of scientific knowledge is best demonstrated by its historical trajectory, which reveals even the most robust theories as contingent and subject to revision. Newtonian mechanics, once regarded as an unassailable description of the physical world, was revealed to be a limited approximation valid only at macroscopic scales and low velocities, superseded by Einstein’s relativity in regimes involving high speeds or strong gravitational fields. Similarly, classical thermodynamics, though remarkably successful in predicting the behavior of gases and heat engines, was later reinterpreted through statistical mechanics, which exposed its macroscopic laws as emergent properties of microscopic randomness. These paradigm shifts illustrate that scientific theories are not eternal truths but provisional models, refined or replaced as new evidence and conceptual frameworks emerge. The historical record thus empirically supports fallibilism: even the most well-confirmed theories may later be shown to hold only within bounded domains or as approximations to more comprehensive systems.  

Further reinforcing this view is the Duhem-Quine thesis, which underscores the holistic and defeasible character of scientific testing. No hypothesis can be conclusively falsified in isolation because any experimental outcome depends on a network of auxiliary assumptions—about instrumentation, background conditions, or theoretical presuppositions—any of which might be revised to salvage a challenged hypothesis. For instance, discrepancies in astronomical observations might be resolved by adjusting orbital models rather than abandoning gravitational theory, highlighting how empirical tests implicate entire systems of belief rather than isolated claims. This interdependence means that scientific knowledge is inherently open to revision, as alternative adjustments to the web of beliefs can always reconcile theory with evidence. The Duhem-Quine thesis thus demonstrates that scientific claims are not decisively verified or falsified but are instead evaluated as part of a coherent, evolving network of ideas.  

Finally, the underdetermination of theory by evidence ensures that empirical confirmation is always partial and that certainty claims are unjustified. Any finite set of observations can, in principle, be explained by infinitely many distinct theoretical frameworks, none of which can be uniquely determined by the data alone. For example, the motion of celestial bodies could once be equally described by Ptolemaic epicycles or Copernican orbits, with the choice between them depending on broader considerations like simplicity or explanatory scope. This underdetermination reveals that scientific theories are underconstrained by evidence, relying on pragmatic and theoretical virtues—such as elegance, generality, or consistency—to guide selection among viable alternatives. Since no dataset can exhaustively eliminate all competing explanations, scientific knowledge remains provisional, perpetually vulnerable to reinterpretation or replacement by equally empirically adequate but conceptually distinct systems. Together, these three pillars—historical revisability, holistic testing, and underdetermination—establish fallibilism as the epistemically rigorous stance toward scientific knowledge."
H10,prose,Hard,DeepSeek,deepseek/deepseek-chat,api_v1,428,"The thesis that rationality is not a universal, context-independent capacity but is constitutively shaped by cognitive, social, and institutional conditions finds robust support across multiple lines of inquiry. First, research on bounded rationality—from Herbert Simon’s satisficing framework to Kahneman and Tversky’s heuristics-and-biases program—demonstrates that human reasoning systematically diverges from classical rationality norms under ecologically realistic conditions. Rather than adhering to idealized standards of optimization or perfect Bayesian updating, cognitive agents rely on frugal heuristics tailored to specific environmental constraints. These heuristics often lead to predictable biases, not as failures of individual competence but as adaptive responses to limited time, information, and computational resources. The very structure of human cognition ensures that rationality is always situated within the bounds of ecological and cognitive affordances, rendering abstract, decontextualized norms of rationality descriptively inadequate and prescriptively misleading.

Second, rationality is institutionally scaffolded: the capacity for extended, reliable reasoning depends on external cognitive artifacts, socially distributed knowledge, and institutional norms of evidence. Scientific reasoning, for example, is not the product of isolated genius but is enabled by technologies of measurement, peer review, and communal validation that are historically contingent and culturally variable. Legal rationality, similarly, relies on procedural frameworks, precedents, and documentary practices that evolve over time. Even everyday reasoning is embedded in material and social infrastructures, from writing systems to digital tools, that extend cognitive capacities beyond biological limits. These scaffolds are not neutral platforms but actively shape what counts as a reasoned conclusion, making rationality inseparable from the institutional and technological conditions that sustain it.

Third, the standards by which reasoning is evaluated as rational or irrational are themselves embedded in particular epistemic traditions and resist reduction to a single transcontextual norm. What constitutes a valid inference in formal logic differs from the standards of evidence in historical scholarship or the pragmatic reasoning of courtroom deliberation. Epistemic communities develop domain-specific criteria for justification, often incommensurate across fields. For instance, the probabilistic reasoning of a statistician operates under different constraints than the narrative coherence prized in legal storytelling. Even within science, the norms of evidence in particle physics diverge from those in evolutionary biology. These variations are not mere surface distortions of a deeper universal rationality but reflect the constitutive role of context in defining what rationality entails. The very concept of a reason—what counts as one, how it is weighed, and when it is decisive—is contingent on the practices and values of the epistemic community in question. Rationality, therefore, is not a monolithic faculty but a pluralistic achievement, shaped by the cognitive, social, and institutional contexts in which it unfolds."
H11,prose,Hard,DeepSeek,deepseek/deepseek-chat,api_v1,430,"The psychological continuity view, advanced by Locke and developed by Parfit, provides the most compelling account of personal identity by emphasizing the persistence of overlapping chains of memory, personality, and intention. This view correctly identifies that what matters in survival is not the continuity of a physical substrate but the preservation of psychological connectedness. Thought experiments, such as brain transplants, illustrate this intuition: if a brain were transplanted into a new body, the recipient would intuitively be regarded as the same person, even though the body has changed. This suggests that personal identity follows the psychological continuity carried by the brain rather than the biological continuity of the body. The persistence of memories, intentions, and personality traits creates the sense of being the same person over time, even in the absence of physical continuity. This view aligns with our ordinary understanding of identity, which prioritizes psychological factors over mere bodily continuity.

Moreover, the biological continuity view fails to capture the normative significance of personal identity. What grounds prudential concern for one’s future self and moral responsibility for one’s past actions is psychological connectedness, not biological continuity. For example, a person in an irreversible vegetative state may retain biological continuity with their past self, but they lack the psychological relations that make identity matter. Without the capacity for memory, intention, or self-awareness, there is no basis for prudential concern or moral responsibility. Psychological continuity, by contrast, provides the necessary framework for these normative concerns. It is the continuity of mental states that allows us to care about our future selves and hold ourselves accountable for our past actions. The biological continuity view, while descriptively accurate in some cases, cannot explain why identity carries moral and practical significance.

Parfit’s reductionism further strengthens the psychological continuity view by dissolving apparent paradoxes in cases of fission and gradual psychological replacement. Reductionism holds that personal identity consists in and does not go beyond psychological continuity and connectedness. This approach avoids the arbitrary verdicts generated by non-reductionist accounts, which posit a mysterious further fact of identity beyond psychological relations. For example, in cases of fission, where one person’s psychological continuity splits into two distinct streams, reductionism provides a coherent explanation: identity is not a matter of all-or-nothing survival but of degrees of psychological connectedness. Similarly, in cases of gradual psychological replacement, reductionism acknowledges that identity can persist even as psychological traits evolve over time, without resorting to arbitrary distinctions. By reducing identity to psychological continuity, Parfit’s view offers a clear and consistent framework for understanding personal identity, avoiding the metaphysical complexities and inconsistencies of non-reductionist accounts."
H12,prose,Hard,DeepSeek,deepseek/deepseek-chat,api_v1,466,"The indispensability argument provides a robust foundation for asserting the objectivity of mathematical objects by aligning their existence with the empirical success of scientific theories. Scientific realism, which posits the existence of entities like electrons based on their indispensable role in our best theories, logically extends to mathematical objects. If electrons are accepted as real because they are indispensable to explaining observable phenomena, then mathematical entities—equally indispensable to formulating and confirming scientific theories—must also be granted a similar ontological status. The empirical success of theories that quantify over mathematical objects, such as the use of differential equations in physics or statistical models in biology, underscores their objective reality. To reject the existence of mathematical objects while accepting electrons would require an arbitrary distinction that the scientific realist cannot consistently uphold. Thus, the indispensability argument establishes that mathematical objects are not mere human constructs but are as objectively real as the entities described by our most successful scientific theories.

The phenomenology of mathematical discovery further supports the objectivity of mathematical objects by revealing a domain with determinate structure. Mathematicians often describe their work as uncovering truths rather than inventing arbitrary formal systems. Unexpected theorems, such as the discovery of non-Euclidean geometries or the proof of Fermat’s Last Theorem, emerge not from human convention but from the inherent properties of mathematical structures. Failed proofs are corrected not by arbitrary adjustments but by necessity, as mathematicians strive to align their reasoning with the underlying logic of the mathematical domain. Moreover, surprising connections between independently developed branches of mathematics, such as the links between number theory and algebraic geometry, suggest a unified and objective structure that transcends human invention. This phenomenology is more naturally explained by the exploration of an independent domain than by the creation of arbitrary formal systems, reinforcing the view that mathematical objects possess an objective reality.

Nominalist alternatives, which seek to eliminate mathematical objects in favor of physical inscriptions or mental constructions, face decisive technical objections that undermine their plausibility. Attempts to reduce mathematics to physical inscriptions, such as marks on paper, fail to capture the full expressive power of standard mathematics, particularly its infinite and abstract structures. Similarly, mental constructions cannot account for the objectivity of mathematical truths, as they reduce mathematics to subjective psychological processes. Moreover, such nominalist accounts often presuppose the very mathematical structure they aim to eliminate, creating circularity. For example, any attempt to describe physical inscriptions or mental constructions in precise terms inevitably relies on mathematical concepts like set theory or logic. These technical difficulties highlight the inadequacy of nominalist approaches and further support the claim that mathematical objects possess an objective existence independent of human psychological or social construction. Together, these arguments establish that mathematical objects are not mere human inventions but are part of an objective and independent domain."
H13,prose,Hard,DeepSeek,deepseek/deepseek-chat,api_v1,443,"The replication crisis in psychology underscores a deeper institutional and incentive-structural problem rather than merely a methodological one. The proximate methodological failures, such as underpowered studies, p-hacking, HARKing, and selective outcome reporting, are not primarily due to individual incompetence but are rational adaptations to a publication incentive structure that disproportionately rewards novel, statistically significant findings while marginalizing replication attempts and null results. Researchers operate within a system where career advancement, funding, and professional recognition hinge on frequent publication in high-impact journals, which favor flashy, positive outcomes over rigorous but less glamorous work. This creates a perverse incentive to exploit methodological flexibility to produce publishable results, even at the cost of reliability. The problem is not that researchers are unaware of best practices but that the institutional reward system makes suboptimal methods individually rational, as the costs of rigorous research—such as larger sample sizes or pre-registration—are borne by the individual, while the benefits of questionable practices are immediately rewarded.  

The peer review system, as currently structured, fails to adequately verify methodological soundness because it lacks mechanisms to ensure transparency and reproducibility. Reviewers typically do not have access to raw data, pre-registered hypotheses, or the ability to independently replicate analyses, leaving them unable to detect the subtle but pervasive analytical flexibility that inflates false-positive rates. Moreover, reviewers operate under time constraints and cognitive biases that favor exciting findings over methodological rigor, further entrenching the problem. The system’s reliance on post-hoc scrutiny rather than pre-commitment to methods means that questionable research practices often go undetected, as reviewers cannot feasibly audit every analytical decision. This institutional blind spot allows false positives to proliferate, not because reviewers are negligent, but because the system does not provide them with the tools or incentives to enforce rigor.  

Field-level interventions, such as pre-registration mandates, registered reports, open data requirements, and tenure criteria that value replication, are necessary and sufficient to meaningfully reduce false-positive rates. These reforms align individual incentives with collective epistemic goals by making transparency and reproducibility prerequisites for publication and career advancement. However, their adoption has been slow because they present a collective action problem: no individual researcher or journal can unilaterally impose higher standards without risking competitive disadvantage. Pre-registration, for instance, reduces analytical flexibility but may also decrease a study’s chances of producing publishable results, placing early adopters at a disadvantage. Similarly, journals that prioritize replications may lose submissions to competitors that favor novelty. Thus, systemic change requires coordination—funding bodies, journals, and universities must enforce these standards simultaneously to eliminate free-riding and ensure that the benefits of rigor are universally shared. Without such top-down enforcement, the incentive structure will continue to favor questionable practices, perpetuating the replication crisis."
H2,prose,Hard,DeepSeek,deepseek/deepseek-chat,api_v1,468,"Moral responsibility hinges on a robust conception of agency that transcends purely causal-mechanical descriptions. At its core, ascriptions of responsibility presuppose that agents could have done otherwise, a counterfactual competence condition that deterministic frameworks inherently fail to satisfy. Determinism posits that every event, including human actions, is necessitated by antecedent conditions and natural laws, leaving no room for genuine alternatives. Yet, moral responsibility relies on the idea that agents possess the capacity to choose differently under the same circumstances, a notion that introduces a normative surplus incompatible with mechanistic causality. This surplus entails a form of agency that is not merely a passive conduit of causal forces but an active participant capable of self-determination. Without this counterfactual possibility, accountability dissolves into an empty formalism, as agents are reduced to cogs in a deterministic machine, devoid of the autonomy that moral judgment requires.

Furthermore, reactive attitudes like resentment, indignation, and gratitude are intelligible only within a framework that treats agents as sources of reasons-responsive action rather than mere nodes in causal networks. These emotions presuppose that agents act for reasons, that their choices reflect an understanding of normative considerations, and that they are capable of responding to moral demands. In a purely mechanistic worldview, actions are stripped of their intentional and normative dimensions, rendering reactive attitudes incoherent. Resentment, for instance, loses its meaning if the offending act is seen as the inevitable outcome of prior causes rather than a deliberate choice made by a reasoning agent. Similarly, gratitude becomes nonsensical if the benefactor’s action is viewed as a predetermined event rather than a freely undertaken gesture of goodwill. Reactive attitudes thus rely on a conception of agency that is inherently normative, one that cannot be reduced to the impersonal workings of cause and effect.

Compatibilist attempts to reconcile agency with determinism ultimately falter by redefining the conceptual target of moral responsibility. Proponents of compatibilism often argue that “could have done otherwise” can be understood in dispositional terms, such as an agent’s capacity to act differently if their desires or circumstances had been different. While this reinterpretation preserves the linguistic form of responsibility attribution, it abandons its normative substance. The compatibilist account shifts the focus from genuine alternative possibilities to hypothetical scenarios, effectively diluting the robust sense of agency that moral responsibility demands. By reducing agency to a set of dispositions shaped by prior causes, compatibilism fails to capture the moral gravity of holding agents accountable for their actions. Responsibility, in its fullest sense, requires more than a mechanistic account of behavior; it necessitates a conception of agency that is intrinsically linked to the capacity for self-directed, reasons-responsive action, a capacity that deterministic frameworks cannot accommodate without sacrificing their explanatory neutrality. Thus, moral responsibility remains inextricably tied to a meaningful conception of agency that resists reduction to purely causal-mechanical descriptions."
H3,prose,Hard,DeepSeek,deepseek/deepseek-chat,api_v1,468,"The thesis that language fundamentally shapes human thought and cognition finds robust support in cross-linguistic research, developmental psychology, and cognitive theory. First, empirical studies across diverse languages reveal systematic covariation between linguistic categories and non-linguistic cognitive performance, demonstrating that linguistic distinctions influence the granularity of conceptual representations. For instance, research on spatial cognition shows that speakers of languages with distinct directional terms, such as Guugu Yimithirr, which uses cardinal directions rather than egocentric terms like ""left"" and ""right,"" exhibit heightened sensitivity to absolute spatial orientation. Similarly, studies of color categorization reveal that speakers of languages with fewer basic color terms, such as Himba, perceive color boundaries differently than speakers of languages with more developed color lexicons, such as English. These findings extend to number representation, where speakers of languages with limited counting systems, like Pirahã, struggle with tasks requiring exact numerosity, unlike speakers of languages with extensive number vocabularies. Such evidence underscores that linguistic categories do not merely reflect pre-existing cognitive distinctions but actively shape the precision and organization of mental representations.

Second, language acquisition in early childhood does not merely label pre-existing content but actively restructures the child’s representational system. Infants at the boundary of language acquisition exhibit striking differences in category-learning performance between linguistic and non-linguistic tasks. For example, pre-linguistic infants can discriminate between subtle perceptual contrasts, such as different shades of blue, but once they acquire linguistic labels for these distinctions, their ability to categorize and remember such differences becomes more refined and systematic. This restructuring is not a passive process of attaching labels to pre-formed concepts but an active reorganization of cognitive frameworks. Language acts as a scaffold, transforming the child’s cognitive architecture by introducing new boundaries and hierarchies in their conceptual system. This developmental evidence highlights the formative role of language in shaping thought, as it redefines the very categories through which children perceive and interpret the world.

Finally, even internal deliberative thought is partially constituted by linguistic representation, as the sequential and negation-permitting structure of natural language enables forms of reasoning that non-linguistic cognitive systems cannot support. The linear, syntactic nature of language allows for the construction of complex propositions, facilitating logical operations such as hypothetical reasoning and counterfactual thinking. For instance, the ability to negate propositions—a feature inherent to linguistic syntax—enables individuals to consider alternative scenarios and evaluate possibilities that diverge from immediate perceptual reality. Non-linguistic cognitive systems, such as those found in non-human animals, lack this capacity for negation and sequential reasoning, limiting their ability to engage in abstract, hypothetical thought. Thus, the internalized use of language serves as a cognitive tool, enabling forms of reasoning and deliberation that would be inaccessible without the structural affordances of linguistic representation. This intimate relationship between language and thought underscores the constitutive role of language in shaping the very fabric of human cognition."
H4,prose,Hard,DeepSeek,deepseek/deepseek-chat,api_v1,477,"The phenomenology of genuine aesthetic experience reveals an inherent claim to intersubjective validity, a feature that undermines purely subjectivist accounts of aesthetic value. When we judge a work of art beautiful, we do not merely report a private sensation; we implicitly demand that others ought to recognize its beauty as well. This normative dimension—the expectation of shared agreement—cannot be explained if aesthetic judgment is reduced to arbitrary personal preference. The very act of making an aesthetic claim carries an appeal to a standard beyond the self, suggesting that beauty is not merely ""in the eye of the beholder"" but involves a recognition of qualities that transcend individual psychology. If aesthetic value were wholly subjective, the disappointment we feel when others fail to appreciate what we find beautiful would be unintelligible, yet such disappointment is a common and meaningful feature of aesthetic engagement. The intersubjective pull of aesthetic judgment points to a shared realm of value that cannot be collapsed into isolated subjective responses.

The practice of aesthetic criticism further demonstrates that assessments of art are not reducible to individual taste alone. Criticism operates within a framework of reasons, standards, and cultivated discernment, presupposing that some interpretations and evaluations are more defensible than others. Critics do not merely catalogue personal reactions; they appeal to principles of composition, historical context, technical skill, and imaginative depth, arguing that certain works reward attention more richly than others. This discursive practice would be incoherent if all aesthetic responses were equally valid, since the very act of offering justification implies that some judgments are better grounded. Moreover, the tradition of aesthetic education—the belief that exposure to great art refines perception—relies on the assumption that discernment can be developed and that some ways of engaging with art are more informed than others. If aesthetic value were purely subjective, the notion of ""better-informed"" responses would be meaningless, yet the entire enterprise of criticism and education depends on this possibility.

Aesthetic relativism, taken to its logical conclusion, undermines itself through a regress that exposes its normative emptiness. If all aesthetic preferences are equally valid, then the relativist's own preference for pluralism over dogmatism is itself just another arbitrary stance, lacking any special authority. The relativist cannot consistently claim that tolerance is superior to intolerance without appealing to a standard that transcends individual preference, yet such an appeal contradicts the core premise of relativism. This internal contradiction reveals that the relativist position cannot sustain its own normative aspirations—it cannot defend the value of openness without implicitly appealing to a criterion that relativism explicitly denies. The regress demonstrates that any attempt to assert the universal validity of relativism collapses into self-refutation, leaving no coherent way to privilege one aesthetic stance over another. The very act of advocating for relativism presupposes a normative framework that relativism itself cannot accommodate, exposing its inadequacy as a comprehensive account of aesthetic value."
H5,prose,Hard,DeepSeek,deepseek/deepseek-chat,api_v1,370,"Consciousness presents a profound explanatory challenge that current physicalist and functionalist frameworks fail to fully address. This challenge is crystallized in what has been termed the ""hard problem"" of consciousness, which asks why and how physical processes in the brain give rise to subjective experience. While functionalist accounts excel at explaining the ""easy problems"" of cognition—such as perception, memory, and decision-making—they do not account for the qualitative, first-person nature of experience itself. Functional explanations describe what the brain does and how it processes information, but they leave untouched the question of why these processes should be accompanied by the felt, inner life of consciousness. This gap underscores a conceptual distinction between explaining cognitive functions and explaining the subjective character of experience, a distinction that physicalist and functionalist frameworks cannot bridge.

The conceivability of philosophical zombies further highlights the explanatory inadequacy of physicalist accounts. Philosophical zombies are hypothetical beings that are physically identical to conscious humans but entirely lack phenomenal experience. The fact that such beings are conceivable—even if not empirically possible—demonstrates that phenomenal consciousness is not logically entailed by physical descriptions alone. If consciousness were necessarily tied to physical properties, the idea of zombies would be incoherent. Their conceivability suggests that any identity between physical and phenomenal properties is contingent rather than necessary, raising doubts about whether physicalism can fully account for the nature of consciousness. This logical gap indicates that physicalist explanations, while valuable, are incomplete in addressing the essence of subjective experience.

Mary's Room, a thought experiment involving a neuroscientist who knows all the physical facts about color perception but has never experienced color herself, further illustrates the epistemic irreducibility of phenomenal properties. Even with complete physical knowledge, Mary learns something new when she first sees color: she gains knowledge of what it is like to experience color. This thought experiment shows that phenomenal facts are not entailed by physical facts, even if ontological dualism is not necessarily implied. The epistemic gap revealed by Mary's Room suggests that consciousness involves properties or dimensions of reality that transcend purely physical descriptions. Together, these arguments demonstrate that consciousness poses a unique challenge to physicalist and functionalist frameworks, one that remains unresolved despite significant advances in understanding the brain and cognition."
H6,prose,Hard,DeepSeek,deepseek/deepseek-chat,api_v1,389,"Distributive justice demands substantive attention to the pattern of outcomes, not merely the fairness of the procedures that produce them, because procedurally fair processes alone cannot guarantee just distributions. Even when rules are applied impartially, the outcomes they generate often reflect and exacerbate pre-existing structural inequalities. For example, a labor market governed by formally fair hiring practices may still perpetuate disparities rooted in unequal access to quality education or inherited wealth, as those with greater initial advantages consistently secure better opportunities. Procedural fairness is necessary to prevent overt discrimination, but it is insufficient to ensure that outcomes are substantively just. Without examining the actual distribution of resources and opportunities, a society may mistake the absence of explicit bias for genuine fairness, overlooking how historical and systemic inequities distort outcomes despite procedurally neutral rules.

A principled criterion for evaluating outcome patterns is provided by Rawls’s difference principle, which holds that social and economic inequalities are justified only if they maximize the absolute position of the least-advantaged members of society. This principle shifts the focus from the fairness of procedures to the justice of the resulting distribution, insisting that inequalities are permissible only when they benefit those at the bottom of the social hierarchy. By prioritizing the welfare of the worst-off, the difference principle ensures that economic arrangements are evaluated by their concrete effects rather than by the abstract fairness of the processes that produce them. This substantive standard challenges the assumption that procedural fairness alone can legitimize any distribution, no matter how unequal, by demanding that the pattern of outcomes itself meet a criterion of justice.

The baseline problem further illustrates why procedural fairness alone cannot suffice for distributive justice. Determining what constitutes a fair starting point for voluntary exchanges—such as initial holdings of wealth or access to opportunities—cannot be resolved by procedural criteria, because any choice of baseline presupposes a prior substantive judgment about entitlement. For instance, whether an unregulated market starting from current wealth distributions is fair depends on whether those initial holdings are themselves just, a question that procedures alone cannot answer. Since historical injustices often shape present distributions, a purely procedural approach risks entrenching past inequities. Thus, substantive judgments are unavoidable in defining the baseline from which procedurally fair interactions begin, underscoring the necessity of evaluating outcomes rather than relying solely on the fairness of processes."
H7,prose,Hard,DeepSeek,deepseek/deepseek-chat,api_v1,422,"Large-scale technological systems reshape social structures and distributions of power in ways that evade traditional governance mechanisms, precisely because their influence operates through material and structural dynamics that are irreducible to individual choice or conventional regulation. One critical mechanism of this evasion is what Langdon Winner terms the ""politics built into design""—the subtle but consequential ways in which the architecture of technological platforms embeds particular distributions of agency and dependency. The design of these systems often prescribes how users interact with them, constraining certain behaviors while enabling others, yet these constraints are rarely legible to the individuals affected. For instance, algorithmic content curation on social media platforms dictates visibility and engagement in ways that prioritize certain voices while marginalizing others, yet users cannot meaningfully interrogate or revise these underlying mechanisms. The politics of design thus operates beneath the surface of user experience, shaping social outcomes without appearing as an explicit object of governance or contestation.

Beyond the politics of design, the structural dynamics of technological systems create forms of lock-in that render market competition ineffective as a regulatory force. Network externalities ensure that the value of a platform increases with the number of users, creating a self-reinforcing cycle where dominant platforms become indispensable even if alternatives exist in theory. High switching costs—whether in terms of data portability, relearning interfaces, or abandoning established social networks—further entrench these monopolies. Meanwhile, the compounding effects of data accumulation allow incumbent platforms to refine their services in ways that newcomers cannot match, reinforcing their dominance. These dynamics mean that the mere existence of alternative platforms does not translate into meaningful competition, as the structural advantages of incumbents effectively neutralize the possibility of user choice redistributing power or influence.

Finally, the rapid pace of technological deployment ensures that regulatory institutions are perpetually outpaced, creating a governance gap that individual adaptation cannot bridge. Technological systems evolve at a speed that dwarfs the deliberative processes of legislatures and regulatory agencies, leaving oversight frameworks either obsolete by the time they are implemented or designed to address yesterday's problems rather than emerging risks. This lag is not incidental but systematic, as the iterative, experimental nature of technological development inherently outpaces the cautious, precedent-bound nature of legal and regulatory systems. Individual users, lacking both the collective coordination and the technical literacy to adapt meaningfully, are left to navigate these systems on terms they cannot shape. The result is a persistent governance vacuum, where the transformative effects of technology on social structures and power distributions unfold without corresponding mechanisms of democratic accountability or control."
H8,prose,Hard,DeepSeek,deepseek/deepseek-chat,api_v1,367,"The meaning of a text is not fully determined by its author's original intentions, a position supported by three compelling claims. First, Wimsatt and Beardsley's concept of the intentional fallacy establishes that a literary work, once composed, becomes a linguistic artifact whose meanings are shaped by the conventions and interpretive practices of its language community. These conventions operate independently of the author's control, as the text enters a public domain where its significance is negotiated by readers and critics. The author's intentions, whether explicit or implicit, cannot constrain the interpretive possibilities that emerge from the interplay of linguistic structures and cultural norms. Thus, the text's meaning is not a private possession of the author but a communal construct shaped by the interpretive frameworks of its audience.

Second, the hermeneutic gap between what an author consciously intended and what a text semantically encodes is irreducible. Authorial intention underdetermines textual meaning because linguistic tokens are inherently polysemous, capable of supporting multiple interpretive elaborations. Even when an author has a specific purpose in mind, the language they employ carries connotations, ambiguities, and associations that extend beyond their conscious awareness. This semantic richness ensures that the text's potential meanings exceed the limits of the author's original intent. The same words can evoke different resonances in different contexts, making it impossible to reduce the text's significance to a single, authorially determined interpretation. The text, as a linguistic artifact, thus becomes a site of interpretive plurality.

Third, Roland Barthes's notion of the 'death of the author,' understood as a claim about interpretive authority rather than eliminativism, correctly identifies that the activation of textual meaning occurs in the reader's engagement with the text. Barthes argues that the reader, not the author, is the locus of meaning, as interpretation draws on the reader's competences, experiences, and historical situatedness. These factors vary across individuals and moments, ensuring that the text's meaning is continually renegotiated in ways the author could not anticipate. The author's intentions, while potentially illuminating, cannot predetermine the interpretive practices that emerge in different cultural and historical contexts. The text, therefore, exists not as a fixed entity with a singular meaning but as a dynamic field of possibilities activated by the reader's interpretive agency."
H9,prose,Hard,DeepSeek,deepseek/deepseek-chat,api_v1,390,"Democratic legitimacy cannot be reduced to mere majority rule or the aggregation of preferences, as such a narrow conception fails to account for the deeper normative and procedural conditions necessary for just and reasoned governance. First, unrestricted majority rule risks entrenching the tyranny of the majority, where permanent minorities face systematic exclusion because their interests are structurally marginalized in purely majoritarian decision-making. This flaw reveals why constitutional rights and counter-majoritarian institutions—such as judicial review or federalism—are not undemocratic impositions but rather essential safeguards against domination. By protecting minority rights and ensuring that no group can permanently monopolize power, these constraints preserve the pluralistic foundations of democracy itself, preventing majoritarian procedures from degenerating into oppressive rule. A democracy that fails to institutionalize such protections lacks legitimacy, as it allows procedural majoritarianism to override substantive justice.

Second, deliberative democracy theorists like Jürgen Habermas and Joshua Cohen demonstrate that legitimate political decisions depend on more than the mere tallying of preferences; they require reasoned exchange under conditions of equality, mutual recognition, and openness to revision. Bare majoritarianism, by contrast, operates without any obligation to justify outcomes through public reasoning or to ensure that all affected parties have equitable influence. Deliberative democracy insists that legitimacy arises from the quality of discursive participation—where arguments are evaluated on their merits rather than their numerical support—and this process cultivates outcomes that are more inclusive and rationally defensible. The absence of such deliberative conditions in mere majority rule means that decisions may reflect power imbalances or unexamined prejudices rather than collective reasoning, undermining their claim to democratic legitimacy.

Third, the epistemic justification for democracy—that it produces better or more legitimate decisions because of collective wisdom—depends crucially on the quality of deliberation preceding those decisions. If majority outcomes emerge under conditions of systematic misinformation, manipulation, or unequal access to reasoned debate, they lack the epistemic credentials that would justify deference to democratic authority. Legitimacy is not automatically secured by adherence to procedural majoritarianism; rather, it hinges on whether the process facilitates informed, critical engagement among citizens. When public discourse is distorted by propaganda, inequality, or exclusion, the resulting decisions cannot be said to reflect the collective judgment necessary for democratic legitimacy. Thus, democratic authority derives its normative force not from the mere fact of aggregation but from the deliberative conditions under which preferences are formed and decisions are made."
M1,prose,Medium,DeepSeek,deepseek/deepseek-chat,api_v1,345,"Remote work offers significant advantages for both employees and employers, creating a mutually beneficial arrangement that enhances productivity, efficiency, and job satisfaction. Employees experience measurable gains in productivity and focus when working remotely, primarily due to the elimination of daily commutes and the distractions inherent in traditional office environments. Commuting not only consumes valuable time but also contributes to stress and fatigue, which can diminish overall performance. By working from home, employees reclaim those lost hours, allowing them to dedicate more energy to their tasks. Additionally, remote work minimizes disruptions from open-plan offices, where noise and frequent interruptions can hinder deep concentration. Studies have shown that employees in remote settings often complete tasks more efficiently, with fewer errors, as they can structure their workday to align with their natural productivity rhythms.  

Employers also reap substantial benefits from remote work, particularly in terms of talent acquisition and cost savings. By embracing remote arrangements, companies are no longer geographically constrained when hiring, granting them access to a global talent pool. This expanded reach enables organizations to recruit highly skilled professionals regardless of location, fostering a more diverse and capable workforce. Furthermore, remote work reduces the need for large physical office spaces, leading to significant savings on real estate, utilities, and maintenance. These financial advantages allow companies to redirect resources toward strategic initiatives, employee development, or competitive compensation packages, ultimately strengthening their market position.  

Flexible work arrangements also play a crucial role in improving employee retention and reducing costly turnover. Employees who are granted the autonomy to work remotely often report higher job satisfaction, as they can better balance professional and personal responsibilities. This increased satisfaction translates into greater loyalty, reducing the likelihood of employees seeking opportunities elsewhere. High turnover is not only expensive due to recruitment and training costs but also disruptive to team dynamics and productivity. By offering remote work options, employers demonstrate trust and respect for their workforce, fostering a more engaged and committed team. The resulting stability benefits both individual employees and the organization as a whole, creating a sustainable and productive work environment."
M10,prose,Medium,DeepSeek,deepseek/deepseek-chat,api_v1,350,"Diversified investment portfolios play a critical role in reducing risk for ordinary savers by mitigating the impact of unpredictable events and market fluctuations. One of the primary benefits of diversification lies in spreading investments across different asset classes, such as stocks, bonds, and real estate. This approach ensures that the failure or underperformance of any single investment does not disproportionately affect the overall portfolio. For instance, while a particular stock might suffer due to company-specific issues, other asset classes may remain stable or even appreciate, thereby cushioning the portfolio against significant losses. By reducing exposure to idiosyncratic risks, diversification provides a more stable financial foundation for savers who cannot afford to gamble on the fortunes of a single investment.

Historical data consistently demonstrates that diversified portfolios outperform concentrated holdings on a risk-adjusted basis over extended periods. While concentrated investments might occasionally yield higher returns in the short term, they are inherently more volatile and susceptible to market downturns. Over long horizons, diversified portfolios tend to deliver more consistent returns with lower levels of risk. This is because the performance of different asset classes often correlates inversely or weakly, meaning losses in one area can be offset by gains in another. For ordinary savers, this consistency is invaluable, as it reduces the likelihood of severe financial setbacks and provides a smoother path toward achieving long-term financial goals, such as retirement or funding major life expenses.

The accessibility of low-cost index funds has democratized diversification, making it feasible for investors without specialized knowledge or significant resources to build well-rounded portfolios. Index funds track broad market indices, offering exposure to a wide range of assets within a single investment vehicle. This eliminates the need for savers to engage in complex stock-picking or market-timing strategies, which often require expertise and carry higher risks. Additionally, the low fees associated with index funds ensure that a larger portion of returns remains in the hands of investors, compounding over time to enhance wealth accumulation. By simplifying the process of diversification and minimizing costs, index funds empower ordinary savers to manage risk effectively while pursuing their financial objectives."
M11,prose,Medium,DeepSeek,deepseek/deepseek-chat,api_v1,282,"Strong public transportation systems generate significant net economic benefits for cities by enhancing labor market efficiency, reducing household costs, and stimulating property value growth. Efficient transit expands labor market access by connecting workers to a broader range of employers, reducing mismatches between job opportunities and skills. When employees can reliably commute to more workplaces, businesses gain access to a larger and more diverse talent pool, raising metropolitan productivity. This effect is particularly pronounced in dense urban areas where congestion might otherwise limit job mobility, allowing cities to harness their full economic potential. Additionally, reliable transit reduces absenteeism and tardiness, further boosting workplace efficiency and regional competitiveness.  

Investments in public transportation also reduce per-capita car dependency, lowering household transportation costs and freeing disposable income for other expenditures. Car ownership imposes substantial financial burdens, including fuel, maintenance, insurance, and parking expenses, which disproportionately affect lower-income households. By providing a viable alternative to private vehicles, transit systems help families redirect these savings toward essential needs or discretionary spending, stimulating local economies. Reduced car reliance also alleviates traffic congestion, shortening commute times for all road users and diminishing the economic losses associated with delays.  

Finally, transit-oriented development (TOD) enhances property values near transit hubs, generating increased tax revenues that offset infrastructure costs. Proximity to reliable transit makes neighborhoods more attractive to residents and businesses, driving up demand for housing and commercial space. Higher property values translate into greater municipal tax receipts, which can be reinvested in further transit improvements or other public services. This self-reinforcing cycle promotes sustainable urban growth while alleviating fiscal pressures on city budgets. By fostering denser, mixed-use development, transit systems also reduce sprawl-related infrastructure expenses, ensuring long-term fiscal efficiency alongside economic growth."
M12,prose,Medium,DeepSeek,deepseek/deepseek-chat,api_v1,335,"Companies that prioritize diversity and inclusion consistently achieve better business outcomes because they leverage the full potential of their workforce in ways that homogenous organizations cannot. Diverse teams bring a wider range of perspectives to problem-solving, which helps mitigate the risks of groupthink—a phenomenon where uniformity of thought leads to poor decision-making. When individuals with different backgrounds, experiences, and cognitive approaches collaborate, they challenge assumptions, identify blind spots, and arrive at more innovative solutions. Research supports this, showing that diverse teams outperform homogenous ones in complex tasks, as varied viewpoints foster creativity and thorough analysis. This dynamic leads to higher-quality decisions, giving diverse companies a competitive edge in adapting to market changes and seizing new opportunities.  

Inclusive workplaces also see higher levels of employee engagement and retention, directly benefiting the bottom line. Employees who feel valued and respected for their unique contributions are more likely to be motivated, productive, and committed to their organization. Inclusion fosters a sense of belonging, which reduces turnover—a costly issue for businesses, as replacing talent requires significant time and financial resources. Studies have found that companies with strong inclusion practices report lower attrition rates, particularly among underrepresented groups, and higher job satisfaction scores. When employees believe their voices matter and their growth is supported, they stay longer, reducing disruption and preserving institutional knowledge.  

Finally, workforce diversity enhances an organization’s ability to understand and serve a diverse customer base, driving revenue growth. A team that reflects the demographics, cultures, and needs of its clientele can more effectively anticipate market demands, tailor products and services, and build stronger customer relationships. For example, companies with gender-diverse leadership are better at recognizing unmet needs in women-dominated markets, while ethnically diverse teams can identify cultural nuances that might otherwise be overlooked. This alignment between workforce and customer demographics leads to more relevant marketing, improved customer satisfaction, and expanded market share. In an increasingly globalized economy, businesses that embrace diversity are better positioned to connect with diverse audiences and outperform competitors who lack this strategic advantage."
M13,prose,Medium,DeepSeek,deepseek/deepseek-chat,api_v1,299,"High-quality early childhood education programs have been shown to produce significant and lasting improvements in cognitive development and literacy, which persist well into primary school. Research consistently demonstrates that children who participate in such programs exhibit stronger language skills, better problem-solving abilities, and improved academic readiness compared to their peers who do not receive similar opportunities. These early gains in foundational skills create a positive trajectory for learning, enabling children to excel in later educational stages. The persistence of these benefits underscores the critical role of early education in shaping long-term academic success and highlights its value as a public investment.

Longitudinal studies further reinforce the profound impact of early childhood education by revealing that participants are more likely to graduate from high school, secure stable employment, and achieve higher earnings in adulthood. These outcomes suggest that early education not only enhances immediate academic performance but also fosters the development of essential life skills, such as perseverance, collaboration, and adaptability, which are crucial for long-term success. By equipping children with the tools to navigate educational and professional challenges, early childhood programs contribute to a more skilled and productive workforce, benefiting society as a whole.

The economic return on investment in early childhood education is substantial, with estimates indicating that every dollar spent yields several dollars in savings through reduced remedial education costs, lower reliance on social welfare programs, and decreased crime rates. These savings stem from the long-term benefits participants experience, including higher educational attainment and greater economic self-sufficiency. By addressing educational disparities and breaking cycles of poverty, early childhood programs not only improve individual lives but also generate significant societal gains. The evidence supporting their economic efficiency underscores the wisdom of prioritizing public investment in these programs as a means of fostering both immediate and enduring positive outcomes."
M2,prose,Medium,DeepSeek,deepseek/deepseek-chat,api_v1,401,"Public libraries remain indispensable institutions in the digital age precisely because they fulfill critical roles that neither the private sector nor unmediated internet access can replicate. First and foremost, libraries provide free and equitable access to information technology for populations who would otherwise be excluded from the digital world. While internet access and personal computing devices are often taken for granted, millions of people—particularly low-income families, seniors, and rural residents—cannot afford reliable broadband service or up-to-date hardware. Libraries bridge this gap by offering public computers, Wi-Fi, and even lending programs for laptops and tablets, ensuring that no one is denied the ability to search for jobs, complete school assignments, or connect with essential services simply because of economic disadvantage. This democratizing function is irreplaceable in an era where digital literacy is a prerequisite for full participation in society.

Beyond technology access, libraries serve as vital community anchors that foster social cohesion and upward mobility. They are more than just repositories of books; they are dynamic spaces where people gather for job training workshops, résumé assistance, and career counseling—services that are especially crucial in economically disadvantaged areas. Libraries also play a key role in early childhood development through storytime programs, summer reading initiatives, and partnerships with schools, helping to close the literacy gap before it widens. Additionally, libraries offer a rare commodity in modern life: safe, welcoming, and free public space where people can study, collaborate, or simply exist without the expectation of spending money. In an increasingly privatized and fragmented society, this role as a communal hub reinforces the library’s enduring relevance.

Finally, professional librarians provide an essential service that search engines and algorithm-driven platforms cannot match: expert curation and verification of information. The internet is a vast, often chaotic landscape where misinformation spreads unchecked, and distinguishing credible sources from unreliable ones requires skill and training. Librarians not only guide patrons to accurate, high-quality resources but also teach critical research skills that empower individuals to navigate the digital world with discernment. Unlike a search engine’s opaque ranking system, a librarian’s recommendations are grounded in ethical standards, subject expertise, and a commitment to the public good. In an age of information overload and declining trust in media, this human intermediation is more valuable than ever. Far from being obsolete, libraries are adapting to meet 21st-century needs while preserving their foundational mission: to ensure equal access to knowledge, opportunity, and community for all."
M3,prose,Medium,DeepSeek,deepseek/deepseek-chat,api_v1,312,"Learning a second language offers significant cognitive and professional benefits, starting with its positive impact on executive function. Bilingualism strengthens cognitive flexibility and task-switching, as individuals who juggle multiple languages must constantly suppress one language while activating another. This mental exercise enhances the brain’s ability to shift attention efficiently between tasks, a skill that extends beyond language use. Research shows that bilingual individuals often outperform monolinguals in tasks requiring selective attention and conflict resolution, demonstrating the broader advantages of this cognitive training. The need to navigate between linguistic systems fine-tunes the brain’s executive control mechanisms, leading to improved problem-solving and adaptability in dynamic environments.

Beyond executive function, multilingual individuals exhibit enhanced abstract reasoning and metalinguistic awareness. The process of learning and using multiple languages fosters a deeper understanding of language as a system, allowing speakers to analyze linguistic structures more objectively. This heightened awareness translates into stronger analytical skills, as multilinguals often excel in recognizing patterns, interpreting metaphors, and grasping complex concepts. Additionally, the constant comparison between languages sharpens abstract thinking, enabling individuals to approach problems from multiple perspectives. These cognitive benefits are particularly valuable in academic and professional settings where logical reasoning and creativity are prized.

Professionally, proficiency in a second language opens doors to expanded opportunities in an increasingly globalized labor market. Employers highly value multilingual employees, particularly in industries such as international business, diplomacy, and technology, where cross-cultural communication is essential. Fluency in another language not only facilitates direct communication with clients and partners but also signals cultural competence and adaptability—traits that are critical in diverse workplaces. Furthermore, as companies operate across borders, bilingual individuals often qualify for roles that require translation, negotiation, or localization, giving them a competitive edge. The ability to navigate multiple linguistic and cultural contexts is no longer a niche skill but a significant asset in a world where collaboration across nations is the norm."
M4,prose,Medium,DeepSeek,deepseek/deepseek-chat,api_v1,311,"Companies should prioritize investing in training existing employees over defaulting to external hiring because it preserves institutional knowledge that external hires take months to acquire. When employees are promoted or upskilled internally, they already understand the company’s culture, processes, and historical context, allowing them to hit the ground running. External hires, by contrast, often require lengthy onboarding periods to reach the same level of fluency, during which productivity can suffer. This institutional knowledge is not easily replicated and represents a significant competitive advantage. By developing internal talent, companies avoid the costly lag time associated with bringing outsiders up to speed, ensuring continuity and efficiency in operations.  

Visible investment in employee growth also measurably improves retention and reduces turnover costs. Employees who see clear pathways for advancement within their organization are more likely to remain committed, reducing the attrition that drains resources and disrupts workflows. High turnover is expensive, involving recruitment fees, lost productivity during vacancies, and the hidden costs of onboarding new hires. Training programs signal to employees that their development is valued, fostering loyalty and engagement. This not only stabilizes the workforce but also creates a culture of continuous improvement, where employees are motivated to grow alongside the company rather than seeking opportunities elsewhere.  

Finally, upskilling existing employees is typically faster and less expensive than a full external recruitment cycle. The process of recruiting, interviewing, and onboarding external candidates can take months, with no guarantee of a perfect fit. Internal training, on the other hand, leverages employees who are already vetted and familiar with the organization’s expectations. Tailored development programs can quickly address skill gaps without the unpredictability of external hiring. Additionally, the costs associated with training—such as workshops, certifications, or mentorship—are often lower than the fees and overheads of recruiting. By focusing on internal development, companies can achieve their talent needs more efficiently while minimizing financial and operational risks."
M5,prose,Medium,DeepSeek,deepseek/deepseek-chat,api_v1,324,"Regular physical exercise has been proven to significantly reduce long-term healthcare costs at both the individual and societal levels, primarily by addressing three critical areas of health expenditure. Firstly, active individuals exhibit substantially lower rates of preventable chronic diseases, such as type 2 diabetes and cardiovascular disease. These conditions are among the leading drivers of healthcare costs globally, often requiring lifelong medication, frequent medical visits, and, in severe cases, hospitalization or surgery. By engaging in regular physical activity, individuals can improve insulin sensitivity, maintain healthy blood pressure, and reduce cholesterol levels, thereby mitigating the risk of these chronic illnesses. This preventive effect not only enhances individual well-being but also alleviates the financial burden on healthcare systems by reducing the need for costly interventions.

Secondly, exercise plays a pivotal role in reducing the frequency and severity of mental health conditions, which are increasingly contributing to healthcare expenditure. Conditions such as depression, anxiety, and stress-related disorders are associated with significant costs due to therapy, medication, and lost productivity. Physical activity has been shown to release endorphins, reduce stress hormones, and improve sleep quality, all of which contribute to better mental health outcomes. By incorporating regular exercise into their routines, individuals can lower their reliance on mental health services and improve their overall quality of life, ultimately reducing the economic strain on healthcare systems.

Finally, population-level physical activity programs have demonstrated cost-effectiveness across multiple national healthcare systems. Initiatives such as community fitness classes, subsidized gym memberships, and public health campaigns encouraging active lifestyles have been shown to yield substantial returns on investment. These programs not only increase overall physical activity rates but also foster a culture of prevention, reducing the prevalence of chronic diseases and mental health issues at scale. By prioritizing such interventions, governments and healthcare providers can achieve significant cost savings while promoting healthier, more productive populations. Thus, regular physical exercise emerges as a powerful tool for reducing healthcare costs, benefiting individuals and societies alike."
M6,prose,Medium,DeepSeek,deepseek/deepseek-chat,api_v1,304,"Personal financial literacy should be a required subject in secondary schools because its absence has been shown to correlate with high rates of consumer debt and financial vulnerability among young adults. Many young people enter adulthood without a basic understanding of budgeting, saving, or managing credit, leaving them susceptible to poor financial decisions. This lack of knowledge often leads to accumulating debt, struggling with loan repayments, and facing long-term financial instability. By equipping students with financial literacy before they encounter these challenges, schools can help mitigate the risks associated with financial illiteracy and foster a generation of informed, responsible consumers. Financial literacy is a universal life skill that benefits all students, regardless of their income or career path. Whether pursuing higher education, entering the workforce, or starting a business, every individual will encounter financial decisions that impact their livelihood. Understanding concepts like interest rates, taxes, investments, and retirement planning is essential for navigating adulthood successfully. Moreover, financial literacy empowers students from diverse backgrounds to break cycles of poverty, make informed choices, and achieve financial independence. By teaching these skills, schools can level the playing field and ensure that all students have the tools they need to thrive in a complex economic landscape. Schools are uniquely positioned to provide this education because they are the only institution with reliable access to all young people before they face high-stakes financial decisions. Unlike other organizations or community programs, schools reach nearly every student, regardless of socioeconomic status or geographic location. This universal access ensures that financial literacy education is not limited to those who actively seek it out or can afford specialized courses. By integrating financial literacy into the secondary school curriculum, educators can proactively prepare students for the financial realities they will encounter as adults, reducing the likelihood of costly mistakes and fostering long-term financial well-being."
M7,prose,Medium,DeepSeek,deepseek/deepseek-chat,api_v1,387,"Urban green spaces and parks provide measurable public health benefits that justify their cost to municipalities by addressing critical physical, mental, and environmental health challenges. First, access to green space is strongly associated with reduced rates of cardiovascular disease, obesity, and stress-related illness. Studies consistently show that individuals who regularly engage in physical activities such as walking, jogging, or cycling in parks exhibit lower blood pressure, improved cardiovascular fitness, and healthier body weight. These spaces encourage active lifestyles, which are essential in combating sedentary behaviors linked to chronic conditions like obesity and heart disease. Additionally, exposure to natural environments has been shown to lower cortisol levels, a biomarker of stress, thereby reducing the risk of stress-related illnesses such as hypertension and immune dysfunction. By promoting physical activity and stress reduction, urban green spaces directly contribute to the prevention of costly chronic diseases.

Second, parks play a vital role in supporting mental health by providing restorative environments that buffer against anxiety and depression. Natural settings offer a respite from the sensory overload of urban life, allowing individuals to experience mental clarity and emotional calm. Research demonstrates that spending time in green spaces can reduce symptoms of anxiety and depression, improve mood, and enhance overall psychological well-being. The presence of trees, water features, and open landscapes fosters a sense of tranquility and connection to nature, which is particularly beneficial for individuals experiencing mental health challenges. In an era where mental health disorders impose significant economic and social burdens, parks serve as accessible, low-cost interventions that improve quality of life and reduce healthcare expenditures.

Third, green infrastructure in urban areas mitigates environmental hazards such as the urban heat island effect and air pollution, with direct implications for respiratory health. Trees and vegetation absorb carbon dioxide and other pollutants, improving air quality and reducing the prevalence of respiratory conditions like asthma and chronic obstructive pulmonary disease. Moreover, green spaces cool urban environments by providing shade and evaporative cooling, counteracting the heat island effect that exacerbates heat-related illnesses during extreme weather events. These environmental benefits not only enhance public health but also reduce the strain on healthcare systems by preventing hospitalizations and emergency room visits linked to respiratory and heat-related conditions. By addressing these environmental health risks, urban green spaces deliver tangible health benefits that justify their investment as essential public infrastructure."
M8,prose,Medium,DeepSeek,deepseek/deepseek-chat,api_v1,346,"Reading literary fiction enhances empathy and social understanding by immersing readers in the lives of characters whose experiences often diverge from their own. Unlike other genres, literary fiction demands a deeper engagement with characters’ inner worlds, requiring readers to navigate their thoughts, emotions, and motivations. This process directly trains perspective-taking, a core component of empathy, as readers must step outside their own experiences to understand those of others. By repeatedly inhabiting diverse perspectives, readers develop a more nuanced understanding of human behavior and the complexities of social interactions. This practice translates into real-world skills, enabling individuals to better interpret and respond to the emotions and viewpoints of others in their daily lives.

Experimental research provides empirical support for the claim that literary fiction improves social cognition. Studies have shown that reading literary fiction leads to measurable short-term improvements in theory-of-mind scores, which assess an individual’s ability to understand and attribute mental states to others. For example, participants who read literary fiction performed better on tasks requiring them to infer others’ thoughts and feelings compared to those who read non-fiction or popular fiction. This suggests that the immersive nature of literary fiction primes readers to engage more deeply with the social and emotional dimensions of human experience, fostering a heightened awareness of others’ perspectives. These findings underscore the tangible impact of literary fiction on social understanding and its potential to cultivate empathy.

Moreover, the ambiguity and psychological complexity inherent in literary fiction contribute to the development of tolerance for uncertainty, a critical aspect of social competence. Literary fiction often presents multifaceted characters and situations that resist simple interpretations, challenging readers to grapple with moral dilemmas, conflicting emotions, and unresolved narratives. This engagement with uncertainty mirrors the complexities of real-world social interactions, where intentions and outcomes are rarely clear-cut. By navigating these ambiguities, readers learn to approach social situations with greater flexibility and openness, fostering a deeper capacity for empathy and understanding. This ability to tolerate and navigate uncertainty is essential for effective communication, conflict resolution, and building meaningful relationships, all of which are hallmarks of social competence."
M9,prose,Medium,DeepSeek,deepseek/deepseek-chat,api_v1,467,"Mentorship programs offer early-career professionals a structured pathway to accelerate their skill development, often bridging the gap between theoretical knowledge and practical application. While formal training equips individuals with foundational competencies, tacit professional knowledge—such as navigating workplace dynamics, decision-making nuances, and industry-specific best practices—is rarely codified in textbooks or courses. Mentors, drawing from their own experiences, can impart this invaluable wisdom in a way that accelerates the mentee’s learning curve. For instance, a mentor might share insights on managing high-stakes projects or negotiating effectively with stakeholders, skills that are critical for success but seldom taught in academic settings. This transfer of tacit knowledge enables mentees to perform at a higher level more quickly, giving them a competitive edge in their roles and fostering confidence in their abilities.

Beyond skill development, mentorship programs have a measurable impact on career advancement, particularly in terms of promotions and salary increases. Studies consistently show that mentored employees are significantly more likely to achieve these milestones within the first five years of their careers compared to their non-mentored peers. This advantage stems from the mentor’s ability to provide tailored guidance on career planning, performance improvement, and visibility within the organization. For example, mentors often advocate for their mentees during promotion discussions, ensuring their accomplishments are recognized by decision-makers. Additionally, mentors can help mentees identify and pursue opportunities for growth, such as leadership roles or specialized training, that align with organizational needs. This proactive support not only enhances the mentee’s professional trajectory but also reinforces their value to the organization, making them more likely to be rewarded with career advancement and financial incentives.

Finally, mentorship relationships serve as a gateway to expanding professional networks, creating durable long-term career advantages. Mentors typically introduce mentees to key contacts within their industry, opening doors to collaborations, partnerships, and opportunities that might otherwise be inaccessible. These expanded networks provide mentees with a broader perspective on their field, access to diverse resources, and a support system that can be leveraged throughout their careers. For example, a mentor might connect a mentee with industry leaders at a conference or recommend them for a high-profile project, enhancing their professional reputation and visibility. Over time, these connections evolve into a robust network that can facilitate career transitions, entrepreneurial ventures, or leadership roles. By fostering these relationships early on, mentorship programs equip mentees with a foundation of professional connections that continue to yield benefits long after the formal mentorship has ended.

In summary, mentorship programs deliver measurable benefits for early-career professionals by accelerating skill development through the transfer of tacit knowledge, enhancing career advancement through targeted guidance and advocacy, and expanding professional networks in ways that create lasting career advantages. These outcomes not only empower mentees to achieve their immediate goals but also position them for sustained success in their chosen fields."
